team_id,team_name,window,position,history_len,episode_id,sub,create_time
16621799,Artem The Farmer 🍅,F,0,1679,94540857,55625586,2026-08-19 14:41:53.395000+00:00
16621799,Artem The Farmer 🍅,F,1,1679,94541740,55625586,2026-08-19 14:45:55.248000+00:00
16621799,Artem The Farmer 🍅,F,2,1679,94542618,55625586,2026-08-19 14:49:53.494000+00:00
16621799,Artem The Farmer 🍅,F,3,1679,94543491,55625586,2026-08-19 14:53:54.069000+00:00
16621799,Artem The Farmer 🍅,F,4,1679,94544362,55625586,2026-08-19 14:57:57.235000+00:00
16621799,Artem The Farmer 🍅,F,5,1679,94545275,55625586,2026-08-19 15:01:54.344000+00:00
16621799,Artem The Farmer 🍅,F,6,1679,94546174,55625586,2026-08-19 15:05:54.494000+00:00
16621799,Artem The Farmer 🍅,F,7,1679,94547065,55625586,2026-08-19 15:09:53.949000+00:00
16621799,Artem The Farmer 🍅,F,8,1679,94547966,55625586,2026-08-19 15:13:53.732000+00:00
16621799,Artem The Farmer 🍅,F,9,1679,94548868,55625586,2026-08-19 15:17:59.131000+00:00
16621799,Artem The Farmer 🍅,F,10,1679,94549767,55625586,2026-08-19 15:21:54.132000+00:00
16621799,Artem The Farmer 🍅,F,11,1679,94550651,55625586,2026-08-19 15:25:54.793000+00:00
16621799,Artem The Farmer 🍅,F,12,1679,94551536,55625586,2026-08-19 15:29:53.836000+00:00
16621799,Artem The Farmer 🍅,F,13,1679,94552418,55625586,2026-08-19 15:34:01.029000+00:00
16621799,Artem The Farmer 🍅,F,14,1679,94553299,55625586,2026-08-19 15:37:59.747000+00:00
16621799,Artem The Farmer 🍅,F,15,1679,94554182,55625586,2026-08-19 15:41:53.822000+00:00
16621799,Artem The Farmer 🍅,F,16,1679,94555064,55625586,2026-08-19 15:45:57.100000+00:00
16621799,Artem The Farmer 🍅,F,17,1679,94555951,55625586,2026-08-19 15:49:53.138000+00:00
16621799,Artem The Farmer 🍅,F,18,1679,94556845,55625586,2026-08-19 15:53:55.485000+00:00
16621799,Artem The Farmer 🍅,F,19,1679,94557746,55625586,2026-08-19 15:57:58.213000+00:00
16621799,Artem The Farmer 🍅,F,20,1679,94558647,55625586,2026-08-19 16:01:57.908000+00:00
16621799,Artem The Farmer 🍅,F,21,1679,94559542,55625586,2026-08-19 16:08:26.592000+00:00
16621799,Artem The Farmer 🍅,F,22,1679,94560433,55625586,2026-08-19 16:12:10.520000+00:00
16621799,Artem The Farmer 🍅,F,23,1679,94561328,55625586,2026-08-19 16:16:09.304000+00:00
16621799,Artem The Farmer 🍅,F,24,1679,94562217,55625586,2026-08-19 16:20:08.718000+00:00
16621799,Artem The Farmer 🍅,F,25,1679,94563119,55625586,2026-08-19 16:24:09.547000+00:00
16621799,Artem The Farmer 🍅,F,26,1679,94564015,55625586,2026-08-19 16:28:10.628000+00:00
16621799,Artem The Farmer 🍅,F,27,1679,94564905,55625586,2026-08-19 16:32:08.209000+00:00
16621799,Artem The Farmer 🍅,F,28,1679,94565798,55625586,2026-08-19 16:36:07.628000+00:00
16621799,Artem The Farmer 🍅,F,29,1679,94566688,55625586,2026-08-19 16:40:08.129000+00:00
16621799,Artem The Farmer 🍅,F,30,1679,94567321,55625586,2026-08-19 16:44:08.014000+00:00
16621799,Artem The Farmer 🍅,F,31,1679,94567568,55625586,2026-08-19 16:44:08.361000+00:00
16621799,Artem The Farmer 🍅,F,32,1679,94568463,55625586,2026-08-19 16:48:11.119000+00:00
16621799,Artem The Farmer 🍅,F,33,1679,94569351,55625586,2026-08-19 16:52:08.394000+00:00
16621799,Artem The Farmer 🍅,F,34,1679,94570246,55625586,2026-08-19 16:56:07.832000+00:00
16621799,Artem The Farmer 🍅,F,35,1679,94571136,55625586,2026-08-19 17:00:08.412000+00:00
16621799,Artem The Farmer 🍅,F,36,1679,94572033,55625586,2026-08-19 17:04:08.062000+00:00
16621799,Artem The Farmer 🍅,F,37,1679,94572925,55625586,2026-08-19 17:08:11.006000+00:00
16621799,Artem The Farmer 🍅,F,38,1679,94573834,55625586,2026-08-19 17:12:10.956000+00:00
16621799,Artem The Farmer 🍅,F,39,1679,94585652,55625586,2026-08-19 18:01:20.618000+00:00
16621799,Artem The Farmer 🍅,F,40,1679,94612791,55625586,2026-08-19 19:05:41.474000+00:00
16621799,Artem The Farmer 🍅,F,41,1679,94632799,55625586,2026-08-19 19:53:43.357000+00:00
16621799,Artem The Farmer 🍅,F,42,1679,94632912,55625586,2026-08-19 19:53:43.567000+00:00
16621799,Artem The Farmer 🍅,F,43,1679,94654714,55625586,2026-08-19 20:47:10.530000+00:00
16621799,Artem The Farmer 🍅,F,44,1679,94673146,55625586,2026-08-19 21:31:14.066000+00:00
16621799,Artem The Farmer 🍅,F,45,1679,94674589,55625586,2026-08-19 21:35:12.994000+00:00
16621799,Artem The Farmer 🍅,F,46,1679,94698329,55625586,2026-08-19 22:31:41.844000+00:00
16621799,Artem The Farmer 🍅,F,47,1679,94725127,55625586,2026-08-19 23:37:58.659000+00:00
16621799,Artem The Farmer 🍅,F,48,1679,94755749,55625586,2026-08-20 00:41:59.425000+00:00
16621799,Artem The Farmer 🍅,F,49,1679,94801382,55625586,2026-08-20 02:02:03.006000+00:00
16621799,Artem The Farmer 🍅,Q1,395,1679,106411741,56071513,2026-09-07 09:40:19.916000+00:00
16621799,Artem The Farmer 🍅,Q1,396,1679,106412665,56071513,2026-09-07 09:44:21.702000+00:00
16621799,Artem The Farmer 🍅,Q1,397,1679,106413574,56071513,2026-09-07 09:48:20.630000+00:00
16621799,Artem The Farmer 🍅,Q1,398,1679,106414519,56071513,2026-09-07 09:52:20.510000+00:00
16621799,Artem The Farmer 🍅,Q1,399,1679,106415461,56071513,2026-09-07 09:56:20.472000+00:00
16621799,Artem The Farmer 🍅,Q1,400,1679,106416399,56071513,2026-09-07 10:00:21.760000+00:00
16621799,Artem The Farmer 🍅,Q1,401,1679,106417310,56071513,2026-09-07 10:04:28.466000+00:00
16621799,Artem The Farmer 🍅,Q1,402,1679,106418231,56071513,2026-09-07 10:08:23.814000+00:00
16621799,Artem The Farmer 🍅,Q1,403,1679,106419145,56071513,2026-09-07 10:12:20.717000+00:00
16621799,Artem The Farmer 🍅,Q1,404,1679,106420076,56071513,2026-09-07 10:16:20.973000+00:00
16621799,Artem The Farmer 🍅,Q1,405,1679,106421010,56071513,2026-09-07 10:20:20.531000+00:00
16621799,Artem The Farmer 🍅,Q1,406,1679,106421935,56071513,2026-09-07 10:24:21.687000+00:00
16621799,Artem The Farmer 🍅,Q1,407,1679,106422855,56071513,2026-09-07 10:28:20.557000+00:00
16621799,Artem The Farmer 🍅,Q1,408,1679,106423770,56071513,2026-09-07 10:32:21.699000+00:00
16621799,Artem The Farmer 🍅,Q1,409,1679,106424714,56071513,2026-09-07 10:36:21.495000+00:00
16621799,Artem The Farmer 🍅,Q1,410,1679,106425645,56071513,2026-09-07 10:40:20.302000+00:00
16621799,Artem The Farmer 🍅,Q1,411,1679,106426571,56071513,2026-09-07 10:44:23.304000+00:00
16621799,Artem The Farmer 🍅,Q1,412,1679,106427498,56071513,2026-09-07 10:48:19.788000+00:00
16621799,Artem The Farmer 🍅,Q1,413,1679,106428433,56071513,2026-09-07 10:52:20.084000+00:00
16621799,Artem The Farmer 🍅,Q1,414,1679,106429356,56071513,2026-09-07 10:56:19.867000+00:00
16621799,Artem The Farmer 🍅,Q1,415,1679,106430307,56071513,2026-09-07 11:00:20.177000+00:00
16621799,Artem The Farmer 🍅,Q1,416,1679,106431241,56071513,2026-09-07 11:04:23.957000+00:00
16621799,Artem The Farmer 🍅,Q1,417,1679,106438461,56071513,2026-09-07 11:36:25.365000+00:00
16621799,Artem The Farmer 🍅,Q1,418,1679,106447782,56071513,2026-09-07 12:16:26.295000+00:00
16621799,Artem The Farmer 🍅,Q1,419,1679,106451500,56071513,2026-09-07 12:32:26.930000+00:00
16621799,Artem The Farmer 🍅,Q1,420,1679,106453969,56071513,2026-09-07 12:44:29.111000+00:00
16621799,Artem The Farmer 🍅,Q1,421,1679,106460718,56071513,2026-09-07 13:12:27.217000+00:00
16621799,Artem The Farmer 🍅,Q1,422,1679,106481099,56071513,2026-09-07 14:40:26.511000+00:00
16621799,Artem The Farmer 🍅,Q1,423,1679,106502310,56071513,2026-09-07 16:12:31.222000+00:00
16621799,Artem The Farmer 🍅,Q1,424,1679,106505615,56071513,2026-09-07 16:28:27.093000+00:00
16621799,Artem The Farmer 🍅,Q1,425,1679,106529295,56071513,2026-09-07 18:08:27.134000+00:00
16621799,Artem The Farmer 🍅,Q1,426,1679,106539890,56071513,2026-09-07 18:56:26.762000+00:00
16621799,Artem The Farmer 🍅,Q1,427,1679,106545368,56071513,2026-09-07 19:20:25.323000+00:00
16621799,Artem The Farmer 🍅,Q1,428,1679,106570559,56071513,2026-09-07 21:10:06.330000+00:00
16621799,Artem The Farmer 🍅,Q1,429,1679,106576690,56071513,2026-09-07 21:38:05.505000+00:00
16621799,Artem The Farmer 🍅,Q1,430,1679,106601948,56071513,2026-09-07 23:26:12.412000+00:00
16621799,Artem The Farmer 🍅,Q1,431,1679,106606253,56071513,2026-09-07 23:46:12.087000+00:00
16621799,Artem The Farmer 🍅,Q1,432,1679,106608929,56071513,2026-09-07 23:58:11.439000+00:00
16621799,Artem The Farmer 🍅,Q1,433,1679,106613814,56071513,2026-09-08 00:18:11.814000+00:00
16621799,Artem The Farmer 🍅,Q1,434,1679,106640201,56071513,2026-09-08 02:10:12.004000+00:00
16621799,Artem The Farmer 🍅,Q1,435,1679,106648655,56071513,2026-09-08 02:46:19.118000+00:00
16621799,Artem The Farmer 🍅,Q1,436,1679,106653809,56071513,2026-09-08 03:10:17.399000+00:00
16621799,Artem The Farmer 🍅,Q1,437,1679,106665038,56071513,2026-09-08 03:58:17.313000+00:00
16621799,Artem The Farmer 🍅,Q1,438,1679,106665970,56071513,2026-09-08 04:02:17.031000+00:00
16621799,Artem The Farmer 🍅,Q1,439,1679,106687637,56071513,2026-09-08 05:34:17.480000+00:00
16621799,Artem The Farmer 🍅,Q1,440,1679,106714923,56071513,2026-09-08 07:30:17.689000+00:00
16621799,Artem The Farmer 🍅,Q1,441,1679,106718746,56071513,2026-09-08 07:46:20.487000+00:00
16621799,Artem The Farmer 🍅,Q1,442,1679,106724007,56071513,2026-09-08 08:10:18.102000+00:00
16621799,Artem The Farmer 🍅,Q1,443,1679,106732154,56071513,2026-09-08 08:46:19.024000+00:00
16621799,Artem The Farmer 🍅,Q1,444,1679,106751778,56071513,2026-09-08 10:10:17.299000+00:00
16621799,Artem The Farmer 🍅,Q2,815,1679,107648894,56145462,2026-09-11 00:44:44.314000+00:00
16621799,Artem The Farmer 🍅,Q2,816,1679,107652158,56142482,2026-09-11 00:56:44.739000+00:00
16621799,Artem The Farmer 🍅,Q2,817,1679,107652240,56145462,2026-09-11 00:56:44.893000+00:00
16621799,Artem The Farmer 🍅,Q2,818,1679,107655178,56142482,2026-09-11 01:08:45.092000+00:00
16621799,Artem The Farmer 🍅,Q2,819,1679,107656999,56145462,2026-09-11 01:16:44.589000+00:00
16621799,Artem The Farmer 🍅,Q2,820,1679,107659949,56142482,2026-09-11 01:28:45.631000+00:00
16621799,Artem The Farmer 🍅,Q2,821,1679,107661055,56145462,2026-09-11 01:32:47.137000+00:00
16621799,Artem The Farmer 🍅,Q2,822,1679,107661180,56145462,2026-09-11 01:32:47.408000+00:00
16621799,Artem The Farmer 🍅,Q2,823,1679,107664213,56142482,2026-09-11 01:44:52.234000+00:00
16621799,Artem The Farmer 🍅,Q2,824,1679,107666002,56145462,2026-09-11 01:52:51.102000+00:00
16621799,Artem The Farmer 🍅,Q2,825,1679,107666638,56142482,2026-09-11 01:56:45.821000+00:00
16621799,Artem The Farmer 🍅,Q2,826,1679,107666732,56145462,2026-09-11 01:56:46.021000+00:00
16621799,Artem The Farmer 🍅,Q2,827,1679,107667006,56142482,2026-09-11 01:56:46.516000+00:00
16621799,Artem The Farmer 🍅,Q2,828,1679,107667731,56142482,2026-09-11 02:00:44.211000+00:00
16621799,Artem The Farmer 🍅,Q2,829,1679,107669583,56142482,2026-09-11 02:08:44.591000+00:00
16621799,Artem The Farmer 🍅,Q2,830,1679,107670412,56142482,2026-09-11 02:12:44.212000+00:00
16621799,Artem The Farmer 🍅,Q2,831,1679,107670979,56145462,2026-09-11 02:12:45.399000+00:00
16621799,Artem The Farmer 🍅,Q2,832,1679,107671153,56145462,2026-09-11 02:12:45.671000+00:00
16621799,Artem The Farmer 🍅,Q2,833,1679,107673053,56145462,2026-09-11 02:20:47.297000+00:00
16621799,Artem The Farmer 🍅,Q2,834,1679,107674351,56145462,2026-09-11 02:28:55.783000+00:00
16621799,Artem The Farmer 🍅,Q2,835,1679,107675092,56142482,2026-09-11 02:28:56.991000+00:00
16621799,Artem The Farmer 🍅,Q2,836,1679,107675372,56145462,2026-09-11 02:32:53.154000+00:00
16621799,Artem The Farmer 🍅,Q2,837,1679,107677963,56145462,2026-09-11 02:40:53.575000+00:00
16621799,Artem The Farmer 🍅,Q2,838,1679,107677972,56145462,2026-09-11 02:40:53.576000+00:00
16621799,Artem The Farmer 🍅,Q2,839,1679,107679955,56142482,2026-09-11 02:49:00.111000+00:00
16621799,Artem The Farmer 🍅,Q2,840,1679,107680561,56142482,2026-09-11 02:52:56.791000+00:00
16621799,Artem The Farmer 🍅,Q2,841,1679,107682919,56145462,2026-09-11 03:01:05.681000+00:00
16621799,Artem The Farmer 🍅,Q2,842,1679,107683458,56145462,2026-09-11 03:05:02.400000+00:00
16621799,Artem The Farmer 🍅,Q2,843,1679,107685710,56142482,2026-09-11 03:12:53.170000+00:00
16621799,Artem The Farmer 🍅,Q2,844,1679,107686745,56145462,2026-09-11 03:16:53.194000+00:00
16621799,Artem The Farmer 🍅,Q2,845,1679,107690786,56142482,2026-09-11 03:32:54.175000+00:00
16621799,Artem The Farmer 🍅,Q2,846,1679,107691781,56145462,2026-09-11 03:36:56.325000+00:00
16621799,Artem The Farmer 🍅,Q2,847,1679,107695570,56142482,2026-09-11 03:52:53.194000+00:00
16621799,Artem The Farmer 🍅,Q2,848,1679,107696463,56142482,2026-09-11 03:56:54.024000+00:00
16621799,Artem The Farmer 🍅,Q2,849,1679,107697088,56145462,2026-09-11 04:00:52.233000+00:00
16621799,Artem The Farmer 🍅,Q2,850,1679,107697495,56145462,2026-09-11 04:00:52.820000+00:00
16621799,Artem The Farmer 🍅,Q2,851,1679,107698169,56145462,2026-09-11 04:04:52.818000+00:00
16621799,Artem The Farmer 🍅,Q2,852,1679,107701612,56142482,2026-09-11 04:16:52.975000+00:00
16621799,Artem The Farmer 🍅,Q2,853,1679,107703578,56145462,2026-09-11 04:24:52.923000+00:00
16621799,Artem The Farmer 🍅,Q2,854,1679,107703653,56142482,2026-09-11 04:24:53.073000+00:00
16621799,Artem The Farmer 🍅,Q2,855,1679,107704224,56142482,2026-09-11 04:28:53.201000+00:00
16621799,Artem The Farmer 🍅,Q2,856,1679,107704598,56145462,2026-09-11 04:28:53.790000+00:00
16621799,Artem The Farmer 🍅,Q2,857,1679,107705207,56142482,2026-09-11 04:32:53.081000+00:00
16621799,Artem The Farmer 🍅,Q2,858,1679,107705386,56145462,2026-09-11 04:32:53.319000+00:00
16621799,Artem The Farmer 🍅,Q2,859,1679,107705822,56158444,2026-09-11 04:36:51.976000+00:00
16621799,Artem The Farmer 🍅,Q2,860,1679,107706786,56158444,2026-09-11 04:40:57.718000+00:00
16621799,Artem The Farmer 🍅,Q2,861,1679,107707792,56158444,2026-09-11 04:44:54.336000+00:00
16621799,Artem The Farmer 🍅,Q2,862,1679,107708499,56145462,2026-09-11 04:44:55.387000+00:00
16621799,Artem The Farmer 🍅,Q2,863,1679,107708760,56158444,2026-09-11 04:48:52.729000+00:00
16621799,Artem The Farmer 🍅,Q2,864,1679,107709747,56158444,2026-09-11 04:52:53.591000+00:00
16621799,Artem The Farmer 🍅,Q3,1234,1679,108478280,56201964,2026-09-13 08:30:39.408000+00:00
16621799,Artem The Farmer 🍅,Q3,1235,1679,108478491,56201964,2026-09-13 08:34:38.686000+00:00
16621799,Artem The Farmer 🍅,Q3,1236,1679,108479522,56201964,2026-09-13 08:38:44.017000+00:00
16621799,Artem The Farmer 🍅,Q3,1237,1679,108480545,56201964,2026-09-13 08:42:39.843000+00:00
16621799,Artem The Farmer 🍅,Q3,1238,1679,108481578,56201964,2026-09-13 08:46:39.527000+00:00
16621799,Artem The Farmer 🍅,Q3,1239,1679,108482215,56193798,2026-09-13 08:46:40.600000+00:00
16621799,Artem The Farmer 🍅,Q3,1240,1679,108482610,56201964,2026-09-13 08:50:41.086000+00:00
16621799,Artem The Farmer 🍅,Q3,1241,1679,108483151,56193798,2026-09-13 08:50:42.034000+00:00
16621799,Artem The Farmer 🍅,Q3,1242,1679,108483630,56201964,2026-09-13 08:54:45.844000+00:00
16621799,Artem The Farmer 🍅,Q3,1243,1679,108484660,56201964,2026-09-13 08:58:50.632000+00:00
16621799,Artem The Farmer 🍅,Q3,1244,1679,108484798,56201964,2026-09-13 08:58:50.920000+00:00
16621799,Artem The Farmer 🍅,Q3,1245,1679,108485668,56201964,2026-09-13 09:02:46.674000+00:00
16621799,Artem The Farmer 🍅,Q3,1246,1679,108485982,56201964,2026-09-13 09:02:47.283000+00:00
16621799,Artem The Farmer 🍅,Q3,1247,1679,108486694,56201964,2026-09-13 09:06:44+00:00
16621799,Artem The Farmer 🍅,Q3,1248,1679,108487738,56201964,2026-09-13 09:10:45.032000+00:00
16621799,Artem The Farmer 🍅,Q3,1249,1679,108488228,56193798,2026-09-13 09:10:45.895000+00:00
16621799,Artem The Farmer 🍅,Q3,1250,1679,108488493,56193798,2026-09-13 09:10:46.395000+00:00
16621799,Artem The Farmer 🍅,Q3,1251,1679,108488497,56193798,2026-09-13 09:10:46.404000+00:00
16621799,Artem The Farmer 🍅,Q3,1252,1679,108488501,56193798,2026-09-13 09:10:46.407000+00:00
16621799,Artem The Farmer 🍅,Q3,1253,1679,108488766,56201964,2026-09-13 09:14:50.013000+00:00
16621799,Artem The Farmer 🍅,Q3,1254,1679,108489805,56201964,2026-09-13 09:19:00.035000+00:00
16621799,Artem The Farmer 🍅,Q3,1255,1679,108490824,56201964,2026-09-13 09:22:39.940000+00:00
16621799,Artem The Farmer 🍅,Q3,1256,1679,108491853,56201964,2026-09-13 09:26:39.644000+00:00
16621799,Artem The Farmer 🍅,Q3,1257,1679,108491860,56201964,2026-09-13 09:26:39.673000+00:00
16621799,Artem The Farmer 🍅,Q3,1258,1679,108492875,56201964,2026-09-13 09:30:39.681000+00:00
16621799,Artem The Farmer 🍅,Q3,1259,1679,108493930,56201964,2026-09-13 09:34:39.806000+00:00
16621799,Artem The Farmer 🍅,Q3,1260,1679,108494525,56193798,2026-09-13 09:34:40.783000+00:00
16621799,Artem The Farmer 🍅,Q3,1261,1679,108494533,56193798,2026-09-13 09:34:40.786000+00:00
16621799,Artem The Farmer 🍅,Q3,1262,1679,108494929,56201964,2026-09-13 09:38:46.512000+00:00
16621799,Artem The Farmer 🍅,Q3,1263,1679,108495960,56201964,2026-09-13 09:42:39.931000+00:00
16621799,Artem The Farmer 🍅,Q3,1264,1679,108496983,56201964,2026-09-13 09:46:41.032000+00:00
16621799,Artem The Farmer 🍅,Q3,1265,1679,108497992,56201964,2026-09-13 09:50:45.490000+00:00
16621799,Artem The Farmer 🍅,Q3,1266,1679,108499036,56201964,2026-09-13 09:54:43.875000+00:00
16621799,Artem The Farmer 🍅,Q3,1267,1679,108500059,56201964,2026-09-13 09:58:41.340000+00:00
16621799,Artem The Farmer 🍅,Q3,1268,1679,108500554,56193798,2026-09-13 09:58:42.190000+00:00
16621799,Artem The Farmer 🍅,Q3,1269,1679,108500559,56193798,2026-09-13 09:58:42.197000+00:00
16621799,Artem The Farmer 🍅,Q3,1270,1679,108501079,56201964,2026-09-13 10:02:42.822000+00:00
16621799,Artem The Farmer 🍅,Q3,1271,1679,108502094,56201964,2026-09-13 10:06:43.509000+00:00
16621799,Artem The Farmer 🍅,Q3,1272,1679,108503132,56201964,2026-09-13 10:10:41.731000+00:00
16621799,Artem The Farmer 🍅,Q3,1273,1679,108504149,56201964,2026-09-13 10:14:38.994000+00:00
16621799,Artem The Farmer 🍅,Q3,1274,1679,108505175,56201964,2026-09-13 10:18:41.083000+00:00
16621799,Artem The Farmer 🍅,Q3,1275,1679,108505522,56201964,2026-09-13 10:18:41.689000+00:00
16621799,Artem The Farmer 🍅,Q3,1276,1679,108506196,56201964,2026-09-13 10:22:39.080000+00:00
16621799,Artem The Farmer 🍅,Q3,1277,1679,108506603,56193798,2026-09-13 10:22:39.681000+00:00
16621799,Artem The Farmer 🍅,Q3,1278,1679,108507233,56201964,2026-09-13 10:26:39.406000+00:00
16621799,Artem The Farmer 🍅,Q3,1279,1679,108508265,56201964,2026-09-13 10:30:45.184000+00:00
16621799,Artem The Farmer 🍅,Q3,1280,1679,108509295,56201964,2026-09-13 10:34:44.026000+00:00
16621799,Artem The Farmer 🍅,Q3,1281,1679,108510335,56201964,2026-09-13 10:38:42.084000+00:00
16621799,Artem The Farmer 🍅,Q3,1282,1679,108511359,56201964,2026-09-13 10:42:38.848000+00:00
16621799,Artem The Farmer 🍅,Q3,1283,1679,108512293,56201964,2026-09-13 10:46:39.132000+00:00
16621799,Artem The Farmer 🍅,L,1629,1679,108960653,56232364,2026-09-14 15:58:58.255000+00:00
16621799,Artem The Farmer 🍅,L,1630,1679,108961432,56232364,2026-09-14 16:02:57.228000+00:00
16621799,Artem The Farmer 🍅,L,1631,1679,108962535,56232364,2026-09-14 16:06:52.591000+00:00
16621799,Artem The Farmer 🍅,L,1632,1679,108962952,56232364,2026-09-14 16:06:52.849000+00:00
16621799,Artem The Farmer 🍅,L,1633,1679,108963508,56232364,2026-09-14 16:10:52.873000+00:00
16621799,Artem The Farmer 🍅,L,1634,1679,108964749,56232364,2026-09-14 16:14:50.311000+00:00
16621799,Artem The Farmer 🍅,L,1635,1679,108965454,56232364,2026-09-14 16:18:55.823000+00:00
16621799,Artem The Farmer 🍅,L,1636,1679,108966602,56232364,2026-09-14 16:22:54.501000+00:00
16621799,Artem The Farmer 🍅,L,1637,1679,108967645,56232364,2026-09-14 16:26:58.289000+00:00
16621799,Artem The Farmer 🍅,L,1638,1679,108968700,56232364,2026-09-14 16:30:50.114000+00:00
16621799,Artem The Farmer 🍅,L,1639,1679,108969264,56232364,2026-09-14 16:30:51.176000+00:00
16621799,Artem The Farmer 🍅,L,1640,1679,108969815,56232364,2026-09-14 16:34:50.699000+00:00
16621799,Artem The Farmer 🍅,L,1641,1679,108970860,56232364,2026-09-14 16:38:55.532000+00:00
16621799,Artem The Farmer 🍅,L,1642,1679,108971787,56232364,2026-09-14 16:42:53.445000+00:00
16621799,Artem The Farmer 🍅,L,1643,1679,108972855,56232364,2026-09-14 16:46:50.094000+00:00
16621799,Artem The Farmer 🍅,L,1644,1679,108973896,56232364,2026-09-14 16:50:50.899000+00:00
16621799,Artem The Farmer 🍅,L,1645,1679,108974927,56232364,2026-09-14 16:54:50.313000+00:00
16621799,Artem The Farmer 🍅,L,1646,1679,108976022,56232364,2026-09-14 16:58:52.730000+00:00
16621799,Artem The Farmer 🍅,L,1647,1679,108977149,56232364,2026-09-14 17:02:50.603000+00:00
16621799,Artem The Farmer 🍅,L,1648,1679,108978058,56232364,2026-09-14 17:08:56.234000+00:00
16621799,Artem The Farmer 🍅,L,1649,1679,108979097,56232364,2026-09-14 17:12:42.239000+00:00
16621799,Artem The Farmer 🍅,L,1650,1679,108979168,56232364,2026-09-14 17:12:42.348000+00:00
16621799,Artem The Farmer 🍅,L,1651,1679,108980145,56232364,2026-09-14 17:16:43.759000+00:00
16621799,Artem The Farmer 🍅,L,1652,1679,108981173,56232364,2026-09-14 17:20:42.980000+00:00
16621799,Artem The Farmer 🍅,L,1653,1679,108982210,56232364,2026-09-14 17:24:42.090000+00:00
16621799,Artem The Farmer 🍅,L,1654,1679,108983231,56232364,2026-09-14 17:28:45.257000+00:00
16621799,Artem The Farmer 🍅,L,1655,1679,108984273,56232364,2026-09-14 17:32:41.347000+00:00
16621799,Artem The Farmer 🍅,L,1656,1679,108985309,56232364,2026-09-14 17:36:42.415000+00:00
16621799,Artem The Farmer 🍅,L,1657,1679,108986339,56232364,2026-09-14 17:40:40.986000+00:00
16621799,Artem The Farmer 🍅,L,1658,1679,108987349,56232364,2026-09-14 17:44:41.339000+00:00
16621799,Artem The Farmer 🍅,L,1659,1679,108988371,56232364,2026-09-14 17:48:42.085000+00:00
16621799,Artem The Farmer 🍅,L,1660,1679,108989555,56232364,2026-09-14 17:52:41.347000+00:00
16621799,Artem The Farmer 🍅,L,1661,1679,108990513,56232364,2026-09-14 17:56:40.861000+00:00
16621799,Artem The Farmer 🍅,L,1662,1679,108991556,56232364,2026-09-14 18:00:42.494000+00:00
16621799,Artem The Farmer 🍅,L,1663,1679,108992600,56232364,2026-09-14 18:04:41.673000+00:00
16621799,Artem The Farmer 🍅,L,1664,1679,108993640,56232364,2026-09-14 18:08:41.879000+00:00
16621799,Artem The Farmer 🍅,L,1665,1679,108994663,56232364,2026-09-14 18:12:40.449000+00:00
16621799,Artem The Farmer 🍅,L,1666,1679,108995702,56232364,2026-09-14 18:16:40.573000+00:00
16621799,Artem The Farmer 🍅,L,1667,1679,108996738,56232364,2026-09-14 18:20:44.398000+00:00
16621799,Artem The Farmer 🍅,L,1668,1679,108997779,56232364,2026-09-14 18:24:40.677000+00:00
16621799,Artem The Farmer 🍅,L,1669,1679,108998821,56232364,2026-09-14 18:28:42.890000+00:00
16621799,Artem The Farmer 🍅,L,1670,1679,108999849,56232364,2026-09-14 18:32:40.682000+00:00
16621799,Artem The Farmer 🍅,L,1671,1679,109000897,56232364,2026-09-14 18:36:45.544000+00:00
16621799,Artem The Farmer 🍅,L,1672,1679,109001918,56232364,2026-09-14 18:40:41.179000+00:00
16621799,Artem The Farmer 🍅,L,1673,1679,109002961,56232364,2026-09-14 18:44:40.870000+00:00
16621799,Artem The Farmer 🍅,L,1674,1679,109004245,56232364,2026-09-14 18:48:41.953000+00:00
16621799,Artem The Farmer 🍅,L,1675,1679,109004973,56232364,2026-09-14 18:52:41.034000+00:00
16621799,Artem The Farmer 🍅,L,1676,1679,109005291,56232364,2026-09-14 18:52:41.556000+00:00
16621799,Artem The Farmer 🍅,L,1677,1679,109007507,56232364,2026-09-14 19:00:42.037000+00:00
16621799,Artem The Farmer 🍅,L,1678,1679,109013351,56232364,2026-09-14 19:24:42.196000+00:00
16621799,Artem The Farmer 🍅,C0,0,86,108928050,56232364,2026-09-14 13:54:48.974000+00:00
16621799,Artem The Farmer 🍅,C0,1,86,108929094,56232364,2026-09-14 13:58:56.980000+00:00
16621799,Artem The Farmer 🍅,C0,2,86,108930098,56232364,2026-09-14 14:02:48.826000+00:00
16621799,Artem The Farmer 🍅,C0,3,86,108931137,56232364,2026-09-14 14:06:48.851000+00:00
16621799,Artem The Farmer 🍅,C0,4,86,108932162,56232364,2026-09-14 14:10:49.192000+00:00
16621799,Artem The Farmer 🍅,C0,5,86,108933189,56232364,2026-09-14 14:14:50.527000+00:00
16621799,Artem The Farmer 🍅,C0,6,86,108934198,56232364,2026-09-14 14:18:51.280000+00:00
16621799,Artem The Farmer 🍅,C0,7,86,108935243,56232364,2026-09-14 14:22:51.572000+00:00
16621799,Artem The Farmer 🍅,C0,8,86,108936257,56232364,2026-09-14 14:26:50.814000+00:00
16621799,Artem The Farmer 🍅,C0,9,86,108937289,56232364,2026-09-14 14:30:49.421000+00:00
16621799,Artem The Farmer 🍅,C0,10,86,108938308,56232364,2026-09-14 14:34:54.829000+00:00
16621799,Artem The Farmer 🍅,C0,11,86,108939330,56232364,2026-09-14 14:38:54.349000+00:00
16621799,Artem The Farmer 🍅,C0,12,86,108940369,56232364,2026-09-14 14:42:49.091000+00:00
16621799,Artem The Farmer 🍅,C0,13,86,108941390,56232364,2026-09-14 14:46:48.576000+00:00
16621799,Artem The Farmer 🍅,C0,14,86,108942421,56232364,2026-09-14 14:50:49.159000+00:00
16621799,Artem The Farmer 🍅,C0,15,86,108943439,56232364,2026-09-14 14:54:49.043000+00:00
16621799,Artem The Farmer 🍅,C0,16,86,108943991,56232364,2026-09-14 14:54:50.083000+00:00
16621799,Artem The Farmer 🍅,C0,17,86,108944476,56232364,2026-09-14 14:58:49.463000+00:00
16621799,Artem The Farmer 🍅,C0,18,86,108945527,56232364,2026-09-14 15:02:51.071000+00:00
16621799,Artem The Farmer 🍅,C0,19,86,108946586,56232364,2026-09-14 15:06:53.299000+00:00
16621799,Artem The Farmer 🍅,C0,20,86,108946607,56232364,2026-09-14 15:06:53.325000+00:00
16621799,Artem The Farmer 🍅,C0,21,86,108947648,56232364,2026-09-14 15:10:49.134000+00:00
16621799,Artem The Farmer 🍅,C0,22,86,108948740,56232364,2026-09-14 15:14:51.178000+00:00
16621799,Artem The Farmer 🍅,C0,23,86,108949917,56232364,2026-09-14 15:18:53.528000+00:00
16621799,Artem The Farmer 🍅,C0,24,86,108949893,56232364,2026-09-14 15:18:53.531000+00:00
16621799,Artem The Farmer 🍅,C0,25,86,108950859,56232364,2026-09-14 15:22:53.595000+00:00
16621799,Artem The Farmer 🍅,C0,26,86,108952042,56232364,2026-09-14 15:26:56.692000+00:00
16621799,Artem The Farmer 🍅,C0,27,86,108952973,56232364,2026-09-14 15:30:51.795000+00:00
16621799,Artem The Farmer 🍅,C0,28,86,108954043,56232364,2026-09-14 15:34:52.472000+00:00
16621799,Artem The Farmer 🍅,C0,29,86,108955051,56232364,2026-09-14 15:38:54.265000+00:00
16621799,Artem The Farmer 🍅,C0,30,86,108956161,56232364,2026-09-14 15:42:54.274000+00:00
16621799,Artem The Farmer 🍅,C0,31,86,108957272,56232364,2026-09-14 15:46:55.246000+00:00
16621799,Artem The Farmer 🍅,C0,32,86,108958206,56232364,2026-09-14 15:50:57.177000+00:00
16621799,Artem The Farmer 🍅,C0,33,86,108959276,56232364,2026-09-14 15:54:55.696000+00:00
16621799,Artem The Farmer 🍅,C0,34,86,108959558,56232364,2026-09-14 15:54:56.173000+00:00
16621799,Artem The Farmer 🍅,C0,35,86,108960215,56232364,2026-09-14 15:58:57.061000+00:00
16621799,Artem The Farmer 🍅,C0,36,86,108960653,56232364,2026-09-14 15:58:58.255000+00:00
16621799,Artem The Farmer 🍅,C0,37,86,108961432,56232364,2026-09-14 16:02:57.228000+00:00
16621799,Artem The Farmer 🍅,C0,38,86,108962535,56232364,2026-09-14 16:06:52.591000+00:00
16621799,Artem The Farmer 🍅,C0,39,86,108962952,56232364,2026-09-14 16:06:52.849000+00:00
16621799,Artem The Farmer 🍅,C0,40,86,108963508,56232364,2026-09-14 16:10:52.873000+00:00
16621799,Artem The Farmer 🍅,C0,41,86,108964749,56232364,2026-09-14 16:14:50.311000+00:00
16621799,Artem The Farmer 🍅,C0,42,86,108965454,56232364,2026-09-14 16:18:55.823000+00:00
16621799,Artem The Farmer 🍅,C0,43,86,108966602,56232364,2026-09-14 16:22:54.501000+00:00
16621799,Artem The Farmer 🍅,C0,44,86,108967645,56232364,2026-09-14 16:26:58.289000+00:00
16621799,Artem The Farmer 🍅,C0,45,86,108968700,56232364,2026-09-14 16:30:50.114000+00:00
16621799,Artem The Farmer 🍅,C0,46,86,108969264,56232364,2026-09-14 16:30:51.176000+00:00
16621799,Artem The Farmer 🍅,C0,47,86,108969815,56232364,2026-09-14 16:34:50.699000+00:00
16621799,Artem The Farmer 🍅,C0,48,86,108970860,56232364,2026-09-14 16:38:55.532000+00:00
16621799,Artem The Farmer 🍅,C0,49,86,108971787,56232364,2026-09-14 16:42:53.445000+00:00
16718819,Majkel1337,F,0,1417,101884378,55851210,2026-08-28 18:33:32.218271900+00:00
16718819,Majkel1337,F,1,1417,101884379,55851213,2026-08-28 18:33:32.219676400+00:00
16718819,Majkel1337,F,2,1417,101886618,55851210,2026-08-28 18:37:32.857685600+00:00
16718819,Majkel1337,F,3,1417,101886619,55851213,2026-08-28 18:37:32.858696200+00:00
16718819,Majkel1337,F,4,1417,101888834,55851210,2026-08-28 18:41:31.680932+00:00
16718819,Majkel1337,F,5,1417,101888836,55851213,2026-08-28 18:41:31.683141800+00:00
16718819,Majkel1337,F,6,1417,101889085,55851213,2026-08-28 18:41:32.010752300+00:00
16718819,Majkel1337,F,7,1417,101889089,55851213,2026-08-28 18:41:32.015748200+00:00
16718819,Majkel1337,F,8,1417,101891049,55851213,2026-08-28 18:45:31.503363100+00:00
16718819,Majkel1337,F,9,1417,101891064,55851210,2026-08-28 18:45:31.517300700+00:00
16718819,Majkel1337,F,10,1417,101893279,55851210,2026-08-28 18:49:34.025997100+00:00
16718819,Majkel1337,F,11,1417,101893305,55851213,2026-08-28 18:49:34.046904800+00:00
16718819,Majkel1337,F,12,1417,101895516,55851210,2026-08-28 18:53:31.347883200+00:00
16718819,Majkel1337,F,13,1417,101895536,55851213,2026-08-28 18:53:31.368416900+00:00
16718819,Majkel1337,F,14,1417,101897743,55851210,2026-08-28 18:57:31.217319600+00:00
16718819,Majkel1337,F,15,1417,101897776,55851213,2026-08-28 18:57:31.258489100+00:00
16718819,Majkel1337,F,16,1417,101899970,55851210,2026-08-28 19:01:31.123059400+00:00
16718819,Majkel1337,F,17,1417,101900025,55851213,2026-08-28 19:01:31.183207+00:00
16718819,Majkel1337,F,18,1417,101902195,55851210,2026-08-28 19:05:32.328725600+00:00
16718819,Majkel1337,F,19,1417,101902263,55851213,2026-08-28 19:05:32.392412800+00:00
16718819,Majkel1337,F,20,1417,101904428,55851210,2026-08-28 19:09:32.639200500+00:00
16718819,Majkel1337,F,21,1417,101904499,55851213,2026-08-28 19:09:32.781322500+00:00
16718819,Majkel1337,F,22,1417,101906662,55851210,2026-08-28 19:13:30.821766200+00:00
16718819,Majkel1337,F,23,1417,101906739,55851213,2026-08-28 19:13:30.936212500+00:00
16718819,Majkel1337,F,24,1417,101908896,55851210,2026-08-28 19:17:30.977132500+00:00
16718819,Majkel1337,F,25,1417,101908969,55851213,2026-08-28 19:17:31.065152+00:00
16718819,Majkel1337,F,26,1417,101911134,55851210,2026-08-28 19:21:30.791737500+00:00
16718819,Majkel1337,F,27,1417,101911206,55851213,2026-08-28 19:21:30.868411200+00:00
16718819,Majkel1337,F,28,1417,101911496,55851210,2026-08-28 19:21:31.262535300+00:00
16718819,Majkel1337,F,29,1417,101913385,55851210,2026-08-28 19:25:31.192463300+00:00
16718819,Majkel1337,F,30,1417,101913419,55851213,2026-08-28 19:25:31.231212+00:00
16718819,Majkel1337,F,31,1417,101913444,55851213,2026-08-28 19:25:31.272222+00:00
16718819,Majkel1337,F,32,1417,101915620,55851210,2026-08-28 19:29:36.968653+00:00
16718819,Majkel1337,F,33,1417,101915714,55851213,2026-08-28 19:29:37.064852200+00:00
16718819,Majkel1337,F,34,1417,101917868,55851210,2026-08-28 19:33:31.507342+00:00
16718819,Majkel1337,F,35,1417,101917930,55851213,2026-08-28 19:33:31.596211300+00:00
16718819,Majkel1337,F,36,1417,101918007,55851210,2026-08-28 19:33:31.720335100+00:00
16718819,Majkel1337,F,37,1417,101920102,55851210,2026-08-28 19:37:30.821585500+00:00
16718819,Majkel1337,F,38,1417,101920170,55851213,2026-08-28 19:37:30.916797300+00:00
16718819,Majkel1337,F,39,1417,101920393,55851210,2026-08-28 19:37:31.296017100+00:00
16718819,Majkel1337,F,40,1417,101922345,55851210,2026-08-28 19:41:31.217656400+00:00
16718819,Majkel1337,F,41,1417,101922416,55851213,2026-08-28 19:41:31.304345100+00:00
16718819,Majkel1337,F,42,1417,101924574,55851210,2026-08-28 19:45:31.914242200+00:00
16718819,Majkel1337,F,43,1417,101924646,55851213,2026-08-28 19:45:32.008394400+00:00
16718819,Majkel1337,F,44,1417,101926813,55851210,2026-08-28 19:49:32.763848900+00:00
16718819,Majkel1337,F,45,1417,101926883,55851213,2026-08-28 19:49:32.858402300+00:00
16718819,Majkel1337,F,46,1417,101929041,55851210,2026-08-28 19:53:29.666546900+00:00
16718819,Majkel1337,F,47,1417,101929112,55851213,2026-08-28 19:53:29.814116300+00:00
16718819,Majkel1337,F,48,1417,101931269,55851210,2026-08-28 19:57:28.370751600+00:00
16718819,Majkel1337,F,49,1417,101931344,55851213,2026-08-28 19:57:28.507363400+00:00
16718819,Majkel1337,Q1,329,1417,106395136,55971664,2026-09-07 08:28:20.417000+00:00
16718819,Majkel1337,Q1,330,1417,106397323,55971664,2026-09-07 08:36:21.078000+00:00
16718819,Majkel1337,Q1,331,1417,106420572,55971664,2026-09-07 10:20:19.509000+00:00
16718819,Majkel1337,Q1,332,1417,106450600,55971664,2026-09-07 12:28:25.989000+00:00
16718819,Majkel1337,Q1,333,1417,106450833,55971664,2026-09-07 12:28:26.410000+00:00
16718819,Majkel1337,Q1,334,1417,106466271,55971664,2026-09-07 13:36:27.264000+00:00
16718819,Majkel1337,Q1,335,1417,106496894,55971664,2026-09-07 15:48:28.193000+00:00
16718819,Majkel1337,Q1,336,1417,106500196,55971664,2026-09-07 16:04:34+00:00
16718819,Majkel1337,Q1,337,1417,106509533,55971664,2026-09-07 16:44:40.995000+00:00
16718819,Majkel1337,Q1,338,1417,106540200,55971664,2026-09-07 18:56:27.581000+00:00
16718819,Majkel1337,Q1,339,1417,106569680,55971664,2026-09-07 21:06:12.311000+00:00
16718819,Majkel1337,Q1,340,1417,106579788,55971664,2026-09-07 21:50:05.803000+00:00
16718819,Majkel1337,Q1,341,1417,106583074,55971664,2026-09-07 22:06:07.195000+00:00
16718819,Majkel1337,Q1,342,1417,106597131,55971664,2026-09-07 23:06:07.278000+00:00
16718819,Majkel1337,Q1,343,1417,106604324,55971664,2026-09-07 23:38:11.020000+00:00
16718819,Majkel1337,Q1,344,1417,106605267,55971664,2026-09-07 23:42:11.594000+00:00
16718819,Majkel1337,Q1,345,1417,106607082,55971664,2026-09-07 23:50:11.566000+00:00
16718819,Majkel1337,Q1,346,1417,106617799,55971664,2026-09-08 00:34:12.337000+00:00
16718819,Majkel1337,Q1,347,1417,106648649,55971664,2026-09-08 02:46:19.112000+00:00
16718819,Majkel1337,Q1,348,1417,106656791,55971664,2026-09-08 03:22:17.723000+00:00
16718819,Majkel1337,Q1,349,1417,106662161,55971664,2026-09-08 03:46:20.037000+00:00
16718819,Majkel1337,Q1,350,1417,106668827,55971664,2026-09-08 04:14:17.758000+00:00
16718819,Majkel1337,Q1,351,1417,106672535,55971664,2026-09-08 04:30:17.414000+00:00
16718819,Majkel1337,Q1,352,1417,106703530,55971664,2026-09-08 06:42:18.026000+00:00
16718819,Majkel1337,Q1,353,1417,106715294,55971664,2026-09-08 07:34:20.376000+00:00
16718819,Majkel1337,Q1,354,1417,106730276,55971664,2026-09-08 08:38:17.225000+00:00
16718819,Majkel1337,Q1,355,1417,106761805,55971664,2026-09-08 10:50:18.371000+00:00
16718819,Majkel1337,Q1,356,1417,106783756,55971664,2026-09-08 12:26:22.595000+00:00
16718819,Majkel1337,Q1,357,1417,106790629,55971664,2026-09-08 12:54:18.135000+00:00
16718819,Majkel1337,Q1,358,1417,106806401,55971664,2026-09-08 14:02:17.659000+00:00
16718819,Majkel1337,Q1,359,1417,106812068,55971664,2026-09-08 14:26:22.642000+00:00
16718819,Majkel1337,Q1,360,1417,106823450,55971664,2026-09-08 15:14:17.035000+00:00
16718819,Majkel1337,Q1,361,1417,106856243,55971664,2026-09-08 17:36:51.686000+00:00
16718819,Majkel1337,Q1,362,1417,106856378,55971664,2026-09-08 17:36:51.902000+00:00
16718819,Majkel1337,Q1,363,1417,106870934,55971664,2026-09-08 18:40:52.877000+00:00
16718819,Majkel1337,Q1,364,1417,106875206,55971664,2026-09-08 18:56:51.362000+00:00
16718819,Majkel1337,Q1,365,1417,106905816,55971664,2026-09-08 21:09:11.036000+00:00
16718819,Majkel1337,Q1,366,1417,106913578,55971664,2026-09-08 21:41:11.346000+00:00
16718819,Majkel1337,Q1,367,1417,106926758,55971664,2026-09-08 22:37:13.147000+00:00
16718819,Majkel1337,Q1,368,1417,106955723,55971664,2026-09-09 00:44:13.519000+00:00
16718819,Majkel1337,Q1,369,1417,106970153,55971664,2026-09-09 01:44:14.284000+00:00
16718819,Majkel1337,Q1,370,1417,107003713,55971664,2026-09-09 04:04:35.068000+00:00
16718819,Majkel1337,Q1,371,1417,107011956,55971664,2026-09-09 04:40:24.786000+00:00
16718819,Majkel1337,Q1,372,1417,107045668,55971664,2026-09-09 07:00:33.500000+00:00
16718819,Majkel1337,Q1,373,1417,107055563,55971664,2026-09-09 07:44:33.204000+00:00
16718819,Majkel1337,Q1,374,1417,107081616,55971664,2026-09-09 09:32:42.894000+00:00
16718819,Majkel1337,Q1,375,1417,107102184,55971664,2026-09-09 10:56:32.908000+00:00
16718819,Majkel1337,Q1,376,1417,107106181,55971664,2026-09-09 11:12:34.368000+00:00
16718819,Majkel1337,Q1,377,1417,107118558,55971664,2026-09-09 12:04:33.414000+00:00
16718819,Majkel1337,Q1,378,1417,107140116,55971664,2026-09-09 13:36:32.468000+00:00
16718819,Majkel1337,Q2,683,1417,107624554,56142830,2026-09-10 23:04:46.684000+00:00
16718819,Majkel1337,Q2,684,1417,107624912,56148003,2026-09-10 23:04:47.214000+00:00
16718819,Majkel1337,Q2,685,1417,107625891,56142830,2026-09-10 23:08:50.090000+00:00
16718819,Majkel1337,Q2,686,1417,107627554,56142830,2026-09-10 23:16:51.908000+00:00
16718819,Majkel1337,Q2,687,1417,107629396,56148003,2026-09-10 23:24:44.993000+00:00
16718819,Majkel1337,Q2,688,1417,107629571,56148003,2026-09-10 23:24:45.225000+00:00
16718819,Majkel1337,Q2,689,1417,107630773,56142830,2026-09-10 23:28:49.524000+00:00
16718819,Majkel1337,Q2,690,1417,107633568,56148003,2026-09-10 23:40:50.223000+00:00
16718819,Majkel1337,Q2,691,1417,107635273,56142830,2026-09-10 23:48:47.029000+00:00
16718819,Majkel1337,Q2,692,1417,107635469,56142830,2026-09-10 23:48:47.391000+00:00
16718819,Majkel1337,Q2,693,1417,107636098,56142830,2026-09-10 23:52:45.282000+00:00
16718819,Majkel1337,Q2,694,1417,107637563,56148003,2026-09-10 23:56:45.907000+00:00
16718819,Majkel1337,Q2,695,1417,107640270,56142830,2026-09-11 00:08:45.034000+00:00
16718819,Majkel1337,Q2,696,1417,107640380,56142830,2026-09-11 00:08:45.234000+00:00
16718819,Majkel1337,Q2,697,1417,107642213,56148003,2026-09-11 00:16:44.615000+00:00
16718819,Majkel1337,Q2,698,1417,107642257,56148003,2026-09-11 00:16:44.685000+00:00
16718819,Majkel1337,Q2,699,1417,107642435,56148003,2026-09-11 00:16:44.998000+00:00
16718819,Majkel1337,Q2,700,1417,107644480,56142830,2026-09-11 00:24:45.902000+00:00
16718819,Majkel1337,Q2,701,1417,107645026,56142830,2026-09-11 00:28:44.334000+00:00
16718819,Majkel1337,Q2,702,1417,107646523,56148003,2026-09-11 00:32:45.287000+00:00
16718819,Majkel1337,Q2,703,1417,107649304,56142830,2026-09-11 00:44:44.935000+00:00
16718819,Majkel1337,Q2,704,1417,107649463,56148003,2026-09-11 00:44:45.189000+00:00
16718819,Majkel1337,Q2,705,1417,107651103,56142830,2026-09-11 00:52:44.409000+00:00
16718819,Majkel1337,Q2,706,1417,107651104,56148003,2026-09-11 00:52:44.409000+00:00
16718819,Majkel1337,Q2,707,1417,107653269,56142830,2026-09-11 01:00:45.280000+00:00
16718819,Majkel1337,Q2,708,1417,107655326,56148003,2026-09-11 01:08:45.303000+00:00
16718819,Majkel1337,Q2,709,1417,107655991,56148003,2026-09-11 01:12:44.470000+00:00
16718819,Majkel1337,Q2,710,1417,107658008,56142830,2026-09-11 01:20:45.382000+00:00
16718819,Majkel1337,Q2,711,1417,107658084,56142830,2026-09-11 01:20:45.491000+00:00
16718819,Majkel1337,Q2,712,1417,107660211,56148003,2026-09-11 01:28:46.025000+00:00
16718819,Majkel1337,Q2,713,1417,107661306,56142830,2026-09-11 01:32:47.595000+00:00
16718819,Majkel1337,Q2,714,1417,107664978,56148003,2026-09-11 01:48:51.507000+00:00
16718819,Majkel1337,Q2,715,1417,107664988,56148003,2026-09-11 01:48:51.516000+00:00
16718819,Majkel1337,Q2,716,1417,107666101,56142830,2026-09-11 01:52:51.275000+00:00
16718819,Majkel1337,Q2,717,1417,107669863,56148003,2026-09-11 02:08:45.080000+00:00
16718819,Majkel1337,Q2,718,1417,107670617,56142830,2026-09-11 02:12:44.617000+00:00
16718819,Majkel1337,Q2,719,1417,107670942,56142830,2026-09-11 02:12:45.238000+00:00
16718819,Majkel1337,Q2,720,1417,107671118,56148003,2026-09-11 02:12:45.605000+00:00
16718819,Majkel1337,Q2,721,1417,107673304,56156662,2026-09-11 02:24:54.173000+00:00
16718819,Majkel1337,Q2,722,1417,107674284,56156662,2026-09-11 02:28:55.683000+00:00
16718819,Majkel1337,Q2,723,1417,107674293,56156662,2026-09-11 02:28:55.694000+00:00
16718819,Majkel1337,Q2,724,1417,107675268,56156662,2026-09-11 02:32:52.412000+00:00
16718819,Majkel1337,Q2,725,1417,107675982,56148003,2026-09-11 02:32:54.111000+00:00
16718819,Majkel1337,Q2,726,1417,107676226,56156662,2026-09-11 02:36:52.483000+00:00
16718819,Majkel1337,Q2,727,1417,107677223,56156662,2026-09-11 02:40:52.383000+00:00
16718819,Majkel1337,Q2,728,1417,107678181,56156662,2026-09-11 02:44:52.387000+00:00
16718819,Majkel1337,Q2,729,1417,107678874,56148003,2026-09-11 02:44:53.678000+00:00
16718819,Majkel1337,Q2,730,1417,107678936,56148003,2026-09-11 02:44:53.780000+00:00
16718819,Majkel1337,Q2,731,1417,107679150,56156662,2026-09-11 02:48:58.877000+00:00
16718819,Majkel1337,Q2,732,1417,107679778,56148003,2026-09-11 02:48:59.828000+00:00
16718819,Majkel1337,Q3,1038,1417,108281700,56148003,2026-09-12 19:30:37.784000+00:00
16718819,Majkel1337,Q3,1039,1417,108285658,56156662,2026-09-12 19:46:35.499000+00:00
16718819,Majkel1337,Q3,1040,1417,108286684,56148003,2026-09-12 19:50:40.997000+00:00
16718819,Majkel1337,Q3,1041,1417,108290604,56156662,2026-09-12 20:06:35.788000+00:00
16718819,Majkel1337,Q3,1042,1417,108291636,56148003,2026-09-12 20:10:39.137000+00:00
16718819,Majkel1337,Q3,1043,1417,108295517,56156662,2026-09-12 20:26:45.799000+00:00
16718819,Majkel1337,Q3,1044,1417,108296555,56148003,2026-09-12 20:30:41.192000+00:00
16718819,Majkel1337,Q3,1045,1417,108300532,56156662,2026-09-12 20:46:35.836000+00:00
16718819,Majkel1337,Q3,1046,1417,108301409,56148003,2026-09-12 20:50:36.476000+00:00
16718819,Majkel1337,Q3,1047,1417,108301413,56148003,2026-09-12 20:50:36.482000+00:00
16718819,Majkel1337,Q3,1048,1417,108305451,56156662,2026-09-12 21:06:38.523000+00:00
16718819,Majkel1337,Q3,1049,1417,108305764,56148003,2026-09-12 21:06:38.980000+00:00
16718819,Majkel1337,Q3,1050,1417,108309734,56156662,2026-09-12 21:22:38.878000+00:00
16718819,Majkel1337,Q3,1051,1417,108310515,56148003,2026-09-12 21:26:40.385000+00:00
16718819,Majkel1337,Q3,1052,1417,108314478,56156662,2026-09-12 21:42:41.914000+00:00
16718819,Majkel1337,Q3,1053,1417,108314796,56148003,2026-09-12 21:42:42.377000+00:00
16718819,Majkel1337,Q3,1054,1417,108318789,56156662,2026-09-12 21:58:41.630000+00:00
16718819,Majkel1337,Q3,1055,1417,108319544,56148003,2026-09-12 22:02:41.378000+00:00
16718819,Majkel1337,Q3,1056,1417,108323526,56156662,2026-09-12 22:18:40.477000+00:00
16718819,Majkel1337,Q3,1057,1417,108323814,56148003,2026-09-12 22:18:40.938000+00:00
16718819,Majkel1337,Q3,1058,1417,108327803,56156662,2026-09-12 22:34:39.794000+00:00
16718819,Majkel1337,Q3,1059,1417,108328552,56148003,2026-09-12 22:38:49.081000+00:00
16718819,Majkel1337,Q3,1060,1417,108332509,56156662,2026-09-12 22:54:39.228000+00:00
16718819,Majkel1337,Q3,1061,1417,108332821,56148003,2026-09-12 22:54:39.675000+00:00
16718819,Majkel1337,Q3,1062,1417,108336738,56156662,2026-09-12 23:10:37.833000+00:00
16718819,Majkel1337,Q3,1063,1417,108336945,56148003,2026-09-12 23:10:38.123000+00:00
16718819,Majkel1337,Q3,1064,1417,108340909,56156662,2026-09-12 23:26:40.336000+00:00
16718819,Majkel1337,Q3,1065,1417,108341578,56148003,2026-09-12 23:30:40.222000+00:00
16718819,Majkel1337,Q3,1066,1417,108345542,56156662,2026-09-12 23:46:46.086000+00:00
16718819,Majkel1337,Q3,1067,1417,108345786,56148003,2026-09-12 23:46:46.445000+00:00
16718819,Majkel1337,Q3,1068,1417,108349757,56156662,2026-09-13 00:02:35.271000+00:00
16718819,Majkel1337,Q3,1069,1417,108349934,56148003,2026-09-13 00:02:35.515000+00:00
16718819,Majkel1337,Q3,1070,1417,108349935,56156662,2026-09-13 00:02:35.517000+00:00
16718819,Majkel1337,Q3,1071,1417,108354766,56148003,2026-09-13 00:22:38.931000+00:00
16718819,Majkel1337,Q3,1072,1417,108354767,56156662,2026-09-13 00:22:38.933000+00:00
16718819,Majkel1337,Q3,1073,1417,108354768,56148003,2026-09-13 00:22:38.933000+00:00
16718819,Majkel1337,Q3,1074,1417,108359084,56148003,2026-09-13 00:38:38.841000+00:00
16718819,Majkel1337,Q3,1075,1417,108359085,56156662,2026-09-13 00:38:38.842000+00:00
16718819,Majkel1337,Q3,1076,1417,108363847,56148003,2026-09-13 00:58:36.825000+00:00
16718819,Majkel1337,Q3,1077,1417,108363848,56156662,2026-09-13 00:58:36.827000+00:00
16718819,Majkel1337,Q3,1078,1417,108368100,56148003,2026-09-13 01:14:36.325000+00:00
16718819,Majkel1337,Q3,1079,1417,108368104,56156662,2026-09-13 01:14:36.325000+00:00
16718819,Majkel1337,Q3,1080,1417,108372809,56148003,2026-09-13 01:34:37.440000+00:00
16718819,Majkel1337,Q3,1081,1417,108372810,56156662,2026-09-13 01:34:37.441000+00:00
16718819,Majkel1337,Q3,1082,1417,108372813,56148003,2026-09-13 01:34:37.474000+00:00
16718819,Majkel1337,Q3,1083,1417,108377042,56156662,2026-09-13 01:50:36.932000+00:00
16718819,Majkel1337,Q3,1084,1417,108377044,56148003,2026-09-13 01:50:36.934000+00:00
16718819,Majkel1337,Q3,1085,1417,108377045,56156662,2026-09-13 01:50:36.936000+00:00
16718819,Majkel1337,Q3,1086,1417,108381188,56148003,2026-09-13 02:06:34.941000+00:00
16718819,Majkel1337,Q3,1087,1417,108381189,56156662,2026-09-13 02:06:34.943000+00:00
16718819,Majkel1337,L,1367,1417,108869119,56216119,2026-09-14 10:02:51.224000+00:00
16718819,Majkel1337,L,1368,1417,108872254,56156662,2026-09-14 10:14:51.033000+00:00
16718819,Majkel1337,L,1369,1417,108875332,56216119,2026-09-14 10:26:50.342000+00:00
16718819,Majkel1337,L,1370,1417,108878440,56156662,2026-09-14 10:38:53.540000+00:00
16718819,Majkel1337,L,1371,1417,108881544,56216119,2026-09-14 10:50:52.177000+00:00
16718819,Majkel1337,L,1372,1417,108882531,56216119,2026-09-14 10:54:52.422000+00:00
16718819,Majkel1337,L,1373,1417,108884657,56216119,2026-09-14 11:02:50.274000+00:00
16718819,Majkel1337,L,1374,1417,108884658,56156662,2026-09-14 11:02:50.275000+00:00
16718819,Majkel1337,L,1375,1417,108890593,56216119,2026-09-14 11:26:56.186000+00:00
16718819,Majkel1337,L,1376,1417,108890595,56156662,2026-09-14 11:26:56.187000+00:00
16718819,Majkel1337,L,1377,1417,108892720,56216119,2026-09-14 11:34:51.810000+00:00
16718819,Majkel1337,L,1378,1417,108896822,56156662,2026-09-14 11:50:50.492000+00:00
16718819,Majkel1337,L,1379,1417,108898869,56216119,2026-09-14 11:58:51.233000+00:00
16718819,Majkel1337,L,1380,1417,108899861,56216119,2026-09-14 12:02:51.814000+00:00
16718819,Majkel1337,L,1381,1417,108902964,56216119,2026-09-14 12:14:51.191000+00:00
16718819,Majkel1337,L,1382,1417,108903865,56156662,2026-09-14 12:18:52.197000+00:00
16718819,Majkel1337,L,1383,1417,108910059,56216119,2026-09-14 12:42:50.478000+00:00
16718819,Majkel1337,L,1384,1417,108910285,56156662,2026-09-14 12:42:50.911000+00:00
16718819,Majkel1337,L,1385,1417,108916488,56216119,2026-09-14 13:06:50.898000+00:00
16718819,Majkel1337,L,1386,1417,108917355,56156662,2026-09-14 13:10:50.400000+00:00
16718819,Majkel1337,L,1387,1417,108917364,56216119,2026-09-14 13:10:50.409000+00:00
16718819,Majkel1337,L,1388,1417,108924592,56156662,2026-09-14 13:39:01.615000+00:00
16718819,Majkel1337,L,1389,1417,108924601,56216119,2026-09-14 13:39:01.628000+00:00
16718819,Majkel1337,L,1390,1417,108931874,56156662,2026-09-14 14:06:50.095000+00:00
16718819,Majkel1337,L,1391,1417,108931883,56216119,2026-09-14 14:06:50.103000+00:00
16718819,Majkel1337,L,1392,1417,108939090,56156662,2026-09-14 14:34:56.194000+00:00
16718819,Majkel1337,L,1393,1417,108939100,56216119,2026-09-14 14:34:56.204000+00:00
16718819,Majkel1337,L,1394,1417,108946326,56156662,2026-09-14 15:02:53.190000+00:00
16718819,Majkel1337,L,1395,1417,108946475,56216119,2026-09-14 15:02:53.195000+00:00
16718819,Majkel1337,L,1396,1417,108953748,56216119,2026-09-14 15:30:53.425000+00:00
16718819,Majkel1337,L,1397,1417,108953735,56216119,2026-09-14 15:30:53.505000+00:00
16718819,Majkel1337,L,1398,1417,108953610,56156662,2026-09-14 15:30:53.507000+00:00
16718819,Majkel1337,L,1399,1417,108960927,56156662,2026-09-14 15:58:58.991000+00:00
16718819,Majkel1337,L,1400,1417,108960982,56216119,2026-09-14 15:58:59.049000+00:00
16718819,Majkel1337,L,1401,1417,108968260,56156662,2026-09-14 16:26:59.318000+00:00
16718819,Majkel1337,L,1402,1417,108969080,56216119,2026-09-14 16:30:50.742000+00:00
16718819,Majkel1337,L,1403,1417,108975457,56156662,2026-09-14 16:54:51.356000+00:00
16718819,Majkel1337,L,1404,1417,108976233,56216119,2026-09-14 16:58:53.209000+00:00
16718819,Majkel1337,L,1405,1417,108982600,56156662,2026-09-14 17:24:42.753000+00:00
16718819,Majkel1337,L,1406,1417,108983486,56216119,2026-09-14 17:28:45.693000+00:00
16718819,Majkel1337,L,1407,1417,108988876,56156662,2026-09-14 17:48:43.154000+00:00
16718819,Majkel1337,L,1408,1417,108989716,56216119,2026-09-14 17:52:41.644000+00:00
16718819,Majkel1337,L,1409,1417,108995069,56156662,2026-09-14 18:12:41.037000+00:00
16718819,Majkel1337,L,1410,1417,108995962,56216119,2026-09-14 18:16:41.060000+00:00
16718819,Majkel1337,L,1411,1417,109001193,56156662,2026-09-14 18:36:46.037000+00:00
16718819,Majkel1337,L,1412,1417,109002218,56216119,2026-09-14 18:40:41.654000+00:00
16718819,Majkel1337,L,1413,1417,109007181,56156662,2026-09-14 19:00:41.546000+00:00
16718819,Majkel1337,L,1414,1417,109007510,56216119,2026-09-14 19:00:42.039000+00:00
16718819,Majkel1337,L,1415,1417,109012503,56156662,2026-09-14 19:20:42.154000+00:00
16718819,Majkel1337,L,1416,1417,109013354,56216119,2026-09-14 19:24:42.198000+00:00
16718819,Majkel1337,C0,0,331,107673304,56156662,2026-09-11 02:24:54.173000+00:00
16718819,Majkel1337,C0,1,331,107674284,56156662,2026-09-11 02:28:55.683000+00:00
16718819,Majkel1337,C0,2,331,107674293,56156662,2026-09-11 02:28:55.694000+00:00
16718819,Majkel1337,C0,3,331,107675268,56156662,2026-09-11 02:32:52.412000+00:00
16718819,Majkel1337,C0,4,331,107676226,56156662,2026-09-11 02:36:52.483000+00:00
16718819,Majkel1337,C0,5,331,107677223,56156662,2026-09-11 02:40:52.383000+00:00
16718819,Majkel1337,C0,6,331,107678181,56156662,2026-09-11 02:44:52.387000+00:00
16718819,Majkel1337,C0,7,331,107679150,56156662,2026-09-11 02:48:58.877000+00:00
16718819,Majkel1337,C0,8,331,107680115,56156662,2026-09-11 02:52:56.095000+00:00
16718819,Majkel1337,C0,9,331,107680370,56156662,2026-09-11 02:52:56.488000+00:00
16718819,Majkel1337,C0,10,331,107681111,56156662,2026-09-11 02:56:56.611000+00:00
16718819,Majkel1337,C0,11,331,107682064,56156662,2026-09-11 03:01:04.435000+00:00
16718819,Majkel1337,C0,12,331,107683029,56156662,2026-09-11 03:05:01.806000+00:00
16718819,Majkel1337,C0,13,331,107684013,56156662,2026-09-11 03:08:52.519000+00:00
16718819,Majkel1337,C0,14,331,107684990,56156662,2026-09-11 03:12:52.066000+00:00
16718819,Majkel1337,C0,15,331,107685970,56156662,2026-09-11 03:16:52.010000+00:00
16718819,Majkel1337,C0,16,331,107686961,56156662,2026-09-11 03:20:51.992000+00:00
16718819,Majkel1337,C0,17,331,107687940,56156662,2026-09-11 03:24:51.959000+00:00
16718819,Majkel1337,C0,18,331,107688964,56156662,2026-09-11 03:28:52.784000+00:00
16718819,Majkel1337,C0,19,331,107689950,56156662,2026-09-11 03:32:52.780000+00:00
16718819,Majkel1337,C0,20,331,107690958,56156662,2026-09-11 03:36:55.037000+00:00
16718819,Majkel1337,C0,21,331,107692001,56156662,2026-09-11 03:40:52.796000+00:00
16718819,Majkel1337,C0,22,331,107692988,56156662,2026-09-11 03:44:52.299000+00:00
16718819,Majkel1337,C0,23,331,107694012,56156662,2026-09-11 03:48:52.202000+00:00
16718819,Majkel1337,C0,24,331,107694982,56156662,2026-09-11 03:52:52.295000+00:00
16718819,Majkel1337,C0,25,331,107695969,56156662,2026-09-11 03:56:53.211000+00:00
16718819,Majkel1337,C0,26,331,107696921,56156662,2026-09-11 04:00:52.001000+00:00
16718819,Majkel1337,C0,27,331,107696961,56156662,2026-09-11 04:00:52.073000+00:00
16718819,Majkel1337,C0,28,331,107697954,56156662,2026-09-11 04:04:52.507000+00:00
16718819,Majkel1337,C0,29,331,107698498,56156662,2026-09-11 04:04:53.290000+00:00
16718819,Majkel1337,C0,30,331,107698961,56156662,2026-09-11 04:08:52.300000+00:00
16718819,Majkel1337,C0,31,331,107699969,56156662,2026-09-11 04:12:52.541000+00:00
16718819,Majkel1337,C0,32,331,107700968,56156662,2026-09-11 04:16:52.049000+00:00
16718819,Majkel1337,C0,33,331,107701974,56156662,2026-09-11 04:20:52.068000+00:00
16718819,Majkel1337,C0,34,331,107702967,56156662,2026-09-11 04:24:52.091000+00:00
16718819,Majkel1337,C0,35,331,107703944,56156662,2026-09-11 04:28:52.809000+00:00
16718819,Majkel1337,C0,36,331,107705015,56156662,2026-09-11 04:32:52.586000+00:00
16718819,Majkel1337,C0,37,331,107705089,56156662,2026-09-11 04:32:52.885000+00:00
16718819,Majkel1337,C0,38,331,107705930,56156662,2026-09-11 04:36:52.141000+00:00
16718819,Majkel1337,C0,39,331,107706919,56156662,2026-09-11 04:40:58.008000+00:00
16718819,Majkel1337,C0,40,331,107707937,56156662,2026-09-11 04:44:54.536000+00:00
16718819,Majkel1337,C0,41,331,107708916,56156662,2026-09-11 04:48:52.941000+00:00
16718819,Majkel1337,C0,42,331,107709931,56156662,2026-09-11 04:52:53.926000+00:00
16718819,Majkel1337,C0,43,331,107710951,56156662,2026-09-11 04:56:53.694000+00:00
16718819,Majkel1337,C0,44,331,107711459,56156662,2026-09-11 04:56:54.431000+00:00
16718819,Majkel1337,C0,45,331,107711912,56156662,2026-09-11 05:00:57.396000+00:00
16718819,Majkel1337,C0,46,331,107712908,56156662,2026-09-11 05:04:52.149000+00:00
16718819,Majkel1337,C0,47,331,107713887,56156662,2026-09-11 05:08:52.430000+00:00
16718819,Majkel1337,C0,48,331,107714084,56156662,2026-09-11 05:08:52.747000+00:00
16718819,Majkel1337,C0,49,331,107714899,56156662,2026-09-11 05:12:52.382000+00:00
16730612,Unknown Mother-Goose,F,0,3035,97361062,55706535,2026-08-23 05:04:40.646000+00:00
16730612,Unknown Mother-Goose,F,1,3035,97363343,55706535,2026-08-23 05:08:41.671000+00:00
16730612,Unknown Mother-Goose,F,2,3035,97365605,55706535,2026-08-23 05:12:42.110000+00:00
16730612,Unknown Mother-Goose,F,3,3035,97367883,55706535,2026-08-23 05:16:40.538000+00:00
16730612,Unknown Mother-Goose,F,4,3035,97370156,55706535,2026-08-23 05:20:44.408000+00:00
16730612,Unknown Mother-Goose,F,5,3035,97372434,55706535,2026-08-23 05:24:43.361000+00:00
16730612,Unknown Mother-Goose,F,6,3035,97374710,55706535,2026-08-23 05:28:41.908000+00:00
16730612,Unknown Mother-Goose,F,7,3035,97376985,55706535,2026-08-23 05:32:44.936000+00:00
16730612,Unknown Mother-Goose,F,8,3035,97379265,55706535,2026-08-23 05:36:43.999000+00:00
16730612,Unknown Mother-Goose,F,9,3035,97381545,55706535,2026-08-23 05:40:45.678000+00:00
16730612,Unknown Mother-Goose,F,10,3035,97383847,55706535,2026-08-23 05:44:40.585000+00:00
16730612,Unknown Mother-Goose,F,11,3035,97386123,55706535,2026-08-23 05:48:41.464000+00:00
16730612,Unknown Mother-Goose,F,12,3035,97388412,55706535,2026-08-23 05:52:41.507000+00:00
16730612,Unknown Mother-Goose,F,13,3035,97390706,55706535,2026-08-23 05:56:44.046000+00:00
16730612,Unknown Mother-Goose,F,14,3035,97392992,55706535,2026-08-23 06:00:43.210000+00:00
16730612,Unknown Mother-Goose,F,15,3035,97395280,55706535,2026-08-23 06:04:41.551000+00:00
16730612,Unknown Mother-Goose,F,16,3035,97397574,55706535,2026-08-23 06:08:45.737000+00:00
16730612,Unknown Mother-Goose,F,17,3035,97399838,55706535,2026-08-23 06:12:39.833000+00:00
16730612,Unknown Mother-Goose,F,18,3035,97402142,55706535,2026-08-23 06:16:38.711000+00:00
16730612,Unknown Mother-Goose,F,19,3035,97404430,55706535,2026-08-23 06:20:44.298000+00:00
16730612,Unknown Mother-Goose,F,20,3035,97406720,55706535,2026-08-23 06:24:41.168000+00:00
16730612,Unknown Mother-Goose,F,21,3035,97408997,55706535,2026-08-23 06:28:45.140000+00:00
16730612,Unknown Mother-Goose,F,22,3035,97411293,55706535,2026-08-23 06:32:41.288000+00:00
16730612,Unknown Mother-Goose,F,23,3035,97413527,55706535,2026-08-23 06:36:41.308000+00:00
16730612,Unknown Mother-Goose,F,24,3035,97415860,55706535,2026-08-23 06:40:45.046000+00:00
16730612,Unknown Mother-Goose,F,25,3035,97418146,55706535,2026-08-23 06:44:41.046000+00:00
16730612,Unknown Mother-Goose,F,26,3035,97420440,55706535,2026-08-23 06:48:44.440000+00:00
16730612,Unknown Mother-Goose,F,27,3035,97422737,55706535,2026-08-23 06:52:41.258000+00:00
16730612,Unknown Mother-Goose,F,28,3035,97425027,55706535,2026-08-23 06:56:45.239000+00:00
16730612,Unknown Mother-Goose,F,29,3035,97427310,55706535,2026-08-23 07:00:44.644000+00:00
16730612,Unknown Mother-Goose,F,30,3035,97429597,55706535,2026-08-23 07:04:41.077000+00:00
16730612,Unknown Mother-Goose,F,31,3035,97431884,55706535,2026-08-23 07:08:42.492000+00:00
16730612,Unknown Mother-Goose,F,32,3035,97434055,55706535,2026-08-23 07:12:41.935000+00:00
16730612,Unknown Mother-Goose,F,33,3035,97434070,55708706,2026-08-23 07:12:41.957000+00:00
16730612,Unknown Mother-Goose,F,34,3035,97434180,55706535,2026-08-23 07:12:42.147000+00:00
16730612,Unknown Mother-Goose,F,35,3035,97436355,55708706,2026-08-23 07:16:41.351000+00:00
16730612,Unknown Mother-Goose,F,36,3035,97436465,55706535,2026-08-23 07:16:41.599000+00:00
16730612,Unknown Mother-Goose,F,37,3035,97438621,55708706,2026-08-23 07:20:43.898000+00:00
16730612,Unknown Mother-Goose,F,38,3035,97438748,55706535,2026-08-23 07:20:44.131000+00:00
16730612,Unknown Mother-Goose,F,39,3035,97440884,55708706,2026-08-23 07:24:44.131000+00:00
16730612,Unknown Mother-Goose,F,40,3035,97441041,55706535,2026-08-23 07:24:44.386000+00:00
16730612,Unknown Mother-Goose,F,41,3035,97443163,55708706,2026-08-23 07:28:40.942000+00:00
16730612,Unknown Mother-Goose,F,42,3035,97443165,55708706,2026-08-23 07:28:40.945000+00:00
16730612,Unknown Mother-Goose,F,43,3035,97443330,55706535,2026-08-23 07:28:41.279000+00:00
16730612,Unknown Mother-Goose,F,44,3035,97445437,55708706,2026-08-23 07:32:40.962000+00:00
16730612,Unknown Mother-Goose,F,45,3035,97445610,55706535,2026-08-23 07:32:41.242000+00:00
16730612,Unknown Mother-Goose,F,46,3035,97447713,55708706,2026-08-23 07:36:42.410000+00:00
16730612,Unknown Mother-Goose,F,47,3035,97447895,55706535,2026-08-23 07:36:42.757000+00:00
16730612,Unknown Mother-Goose,F,48,3035,97449997,55708706,2026-08-23 07:40:43.383000+00:00
16730612,Unknown Mother-Goose,F,49,3035,97450184,55706535,2026-08-23 07:40:43.612000+00:00
16730612,Unknown Mother-Goose,Q1,734,3035,107025671,56109960,2026-09-09 05:36:33.467000+00:00
16730612,Unknown Mother-Goose,Q1,735,3035,107025854,56109960,2026-09-09 05:36:33.772000+00:00
16730612,Unknown Mother-Goose,Q1,736,3035,107026513,56109929,2026-09-09 05:40:31.998000+00:00
16730612,Unknown Mother-Goose,Q1,737,3035,107028692,56109929,2026-09-09 05:48:33.615000+00:00
16730612,Unknown Mother-Goose,Q1,738,3035,107030945,56109929,2026-09-09 06:00:31.898000+00:00
16730612,Unknown Mother-Goose,Q1,739,3035,107031400,56109960,2026-09-09 06:00:32.736000+00:00
16730612,Unknown Mother-Goose,Q1,740,3035,107032046,56109929,2026-09-09 06:04:33.326000+00:00
16730612,Unknown Mother-Goose,Q1,741,3035,107034897,56109960,2026-09-09 06:16:31.617000+00:00
16730612,Unknown Mother-Goose,Q1,742,3035,107037252,56109929,2026-09-09 06:24:35.875000+00:00
16730612,Unknown Mother-Goose,Q1,743,3035,107038661,56109929,2026-09-09 06:32:32.688000+00:00
16730612,Unknown Mother-Goose,Q1,744,3035,107040148,56109960,2026-09-09 06:36:33.096000+00:00
16730612,Unknown Mother-Goose,Q1,745,3035,107041093,56109929,2026-09-09 06:40:33.798000+00:00
16730612,Unknown Mother-Goose,Q1,746,3035,107041909,56109929,2026-09-09 06:44:33.098000+00:00
16730612,Unknown Mother-Goose,Q1,747,3035,107042653,56109960,2026-09-09 06:48:32.160000+00:00
16730612,Unknown Mother-Goose,Q1,748,3035,107044401,56109960,2026-09-09 06:56:32.480000+00:00
16730612,Unknown Mother-Goose,Q1,749,3035,107044598,56109929,2026-09-09 06:56:32.770000+00:00
16730612,Unknown Mother-Goose,Q1,750,3035,107045077,56109929,2026-09-09 07:00:32.607000+00:00
16730612,Unknown Mother-Goose,Q1,751,3035,107046549,56109929,2026-09-09 07:04:38.189000+00:00
16730612,Unknown Mother-Goose,Q1,752,3035,107048084,56109960,2026-09-09 07:12:32.274000+00:00
16730612,Unknown Mother-Goose,Q1,753,3035,107048746,56109960,2026-09-09 07:12:33.536000+00:00
16730612,Unknown Mother-Goose,Q1,754,3035,107050127,56109960,2026-09-09 07:20:32.664000+00:00
16730612,Unknown Mother-Goose,Q1,755,3035,107052410,56109929,2026-09-09 07:28:32.321000+00:00
16730612,Unknown Mother-Goose,Q1,756,3035,107055469,56109960,2026-09-09 07:40:35.633000+00:00
16730612,Unknown Mother-Goose,Q1,757,3035,107058206,56109929,2026-09-09 07:52:33.671000+00:00
16730612,Unknown Mother-Goose,Q1,758,3035,107058826,56109960,2026-09-09 07:56:31.711000+00:00
16730612,Unknown Mother-Goose,Q1,759,3035,107059800,56109929,2026-09-09 08:00:32.700000+00:00
16730612,Unknown Mother-Goose,Q1,760,3035,107060124,56109929,2026-09-09 08:00:33.207000+00:00
16730612,Unknown Mother-Goose,Q1,761,3035,107064749,56109960,2026-09-09 08:20:33.212000+00:00
16730612,Unknown Mother-Goose,Q1,762,3035,107064828,56109960,2026-09-09 08:20:33.307000+00:00
16730612,Unknown Mother-Goose,Q1,763,3035,107065900,56109929,2026-09-09 08:24:34.921000+00:00
16730612,Unknown Mother-Goose,Q1,764,3035,107068771,56109929,2026-09-09 08:36:33.764000+00:00
16730612,Unknown Mother-Goose,Q1,765,3035,107070694,56109960,2026-09-09 08:44:34.949000+00:00
16730612,Unknown Mother-Goose,Q1,766,3035,107073806,56109960,2026-09-09 09:00:40.072000+00:00
16730612,Unknown Mother-Goose,Q1,767,3035,107074634,56109929,2026-09-09 09:00:41.673000+00:00
16730612,Unknown Mother-Goose,Q1,768,3035,107074903,56109960,2026-09-09 09:04:37.464000+00:00
16730612,Unknown Mother-Goose,Q1,769,3035,107078310,56109960,2026-09-09 09:16:39.568000+00:00
16730612,Unknown Mother-Goose,Q1,770,3035,107080163,56109929,2026-09-09 09:24:41.395000+00:00
16730612,Unknown Mother-Goose,Q1,771,3035,107082961,56109929,2026-09-09 09:36:39.107000+00:00
16730612,Unknown Mother-Goose,Q1,772,3035,107083056,56109929,2026-09-09 09:36:39.396000+00:00
16730612,Unknown Mother-Goose,Q1,773,3035,107084480,56109960,2026-09-09 09:44:44.766000+00:00
16730612,Unknown Mother-Goose,Q1,774,3035,107085001,56109960,2026-09-09 09:44:45.741000+00:00
16730612,Unknown Mother-Goose,Q1,775,3035,107088943,56109960,2026-09-09 10:00:31.969000+00:00
16730612,Unknown Mother-Goose,Q1,776,3035,107088989,56109929,2026-09-09 10:00:32.064000+00:00
16730612,Unknown Mother-Goose,Q1,777,3035,107091515,56109960,2026-09-09 10:12:32.703000+00:00
16730612,Unknown Mother-Goose,Q1,778,3035,107094730,56109929,2026-09-09 10:24:36.581000+00:00
16730612,Unknown Mother-Goose,Q1,779,3035,107097570,56109960,2026-09-09 10:36:32.564000+00:00
16730612,Unknown Mother-Goose,Q1,780,3035,107101319,56109929,2026-09-09 10:52:32.968000+00:00
16730612,Unknown Mother-Goose,Q1,781,3035,107104221,56109960,2026-09-09 11:04:40.598000+00:00
16730612,Unknown Mother-Goose,Q1,782,3035,107106680,56109960,2026-09-09 11:16:41.018000+00:00
16730612,Unknown Mother-Goose,Q1,783,3035,107108112,56109929,2026-09-09 11:20:35.774000+00:00
16730612,Unknown Mother-Goose,Q2,1493,3035,107690268,56153332,2026-09-11 03:32:53.215000+00:00
16730612,Unknown Mother-Goose,Q2,1494,3035,107690309,56153332,2026-09-11 03:32:53.396000+00:00
16730612,Unknown Mother-Goose,Q2,1495,3035,107690344,56153307,2026-09-11 03:32:53.482000+00:00
16730612,Unknown Mother-Goose,Q2,1496,3035,107691316,56153332,2026-09-11 03:36:55.687000+00:00
16730612,Unknown Mother-Goose,Q2,1497,3035,107691342,56153307,2026-09-11 03:36:55.718000+00:00
16730612,Unknown Mother-Goose,Q2,1498,3035,107691357,56153332,2026-09-11 03:36:55.734000+00:00
16730612,Unknown Mother-Goose,Q2,1499,3035,107691676,56153332,2026-09-11 03:36:56.193000+00:00
16730612,Unknown Mother-Goose,Q2,1500,3035,107692309,56153332,2026-09-11 03:40:53.327000+00:00
16730612,Unknown Mother-Goose,Q2,1501,3035,107692339,56153307,2026-09-11 03:40:53.384000+00:00
16730612,Unknown Mother-Goose,Q2,1502,3035,107693320,56153332,2026-09-11 03:44:52.773000+00:00
16730612,Unknown Mother-Goose,Q2,1503,3035,107693335,56153307,2026-09-11 03:44:52.779000+00:00
16730612,Unknown Mother-Goose,Q2,1504,3035,107693763,56153332,2026-09-11 03:44:53.413000+00:00
16730612,Unknown Mother-Goose,Q2,1505,3035,107694227,56153332,2026-09-11 03:48:52.596000+00:00
16730612,Unknown Mother-Goose,Q2,1506,3035,107694368,56153307,2026-09-11 03:48:52.808000+00:00
16730612,Unknown Mother-Goose,Q2,1507,3035,107694712,56153307,2026-09-11 03:48:53.310000+00:00
16730612,Unknown Mother-Goose,Q2,1508,3035,107695316,56153307,2026-09-11 03:52:52.832000+00:00
16730612,Unknown Mother-Goose,Q2,1509,3035,107695321,56153332,2026-09-11 03:52:52.836000+00:00
16730612,Unknown Mother-Goose,Q2,1510,3035,107695702,56153332,2026-09-11 03:52:53.383000+00:00
16730612,Unknown Mother-Goose,Q2,1511,3035,107696303,56153307,2026-09-11 03:56:53.801000+00:00
16730612,Unknown Mother-Goose,Q2,1512,3035,107696319,56153332,2026-09-11 03:56:53.815000+00:00
16730612,Unknown Mother-Goose,Q2,1513,3035,107697312,56153307,2026-09-11 04:00:52.538000+00:00
16730612,Unknown Mother-Goose,Q2,1514,3035,107697333,56153332,2026-09-11 04:00:52.584000+00:00
16730612,Unknown Mother-Goose,Q2,1515,3035,107697740,56153307,2026-09-11 04:00:53.134000+00:00
16730612,Unknown Mother-Goose,Q2,1516,3035,107698258,56153332,2026-09-11 04:04:52.925000+00:00
16730612,Unknown Mother-Goose,Q2,1517,3035,107698306,56153307,2026-09-11 04:04:53.002000+00:00
16730612,Unknown Mother-Goose,Q2,1518,3035,107698327,56153332,2026-09-11 04:04:53.024000+00:00
16730612,Unknown Mother-Goose,Q2,1519,3035,107699314,56153307,2026-09-11 04:08:52.795000+00:00
16730612,Unknown Mother-Goose,Q2,1520,3035,107699325,56153332,2026-09-11 04:08:52.801000+00:00
16730612,Unknown Mother-Goose,Q2,1521,3035,107700234,56153307,2026-09-11 04:12:52.972000+00:00
16730612,Unknown Mother-Goose,Q2,1522,3035,107700240,56153332,2026-09-11 04:12:52.978000+00:00
16730612,Unknown Mother-Goose,Q2,1523,3035,107701321,56153307,2026-09-11 04:16:52.599000+00:00
16730612,Unknown Mother-Goose,Q2,1524,3035,107701339,56153332,2026-09-11 04:16:52.619000+00:00
16730612,Unknown Mother-Goose,Q2,1525,3035,107702319,56153307,2026-09-11 04:20:52.596000+00:00
16730612,Unknown Mother-Goose,Q2,1526,3035,107703303,56153307,2026-09-11 04:24:52.544000+00:00
16730612,Unknown Mother-Goose,Q2,1527,3035,107704407,56153307,2026-09-11 04:28:53.484000+00:00
16730612,Unknown Mother-Goose,Q2,1528,3035,107706551,56153332,2026-09-11 04:36:53.011000+00:00
16730612,Unknown Mother-Goose,Q2,1529,3035,107706564,56153332,2026-09-11 04:36:53.024000+00:00
16730612,Unknown Mother-Goose,Q2,1530,3035,107709528,56153307,2026-09-11 04:48:53.816000+00:00
16730612,Unknown Mother-Goose,Q2,1531,3035,107712287,56153332,2026-09-11 05:00:57.940000+00:00
16730612,Unknown Mother-Goose,Q2,1532,3035,107715123,56153307,2026-09-11 05:12:52.696000+00:00
16730612,Unknown Mother-Goose,Q2,1533,3035,107715299,56153307,2026-09-11 05:12:52.924000+00:00
16730612,Unknown Mother-Goose,Q2,1534,3035,107717477,56153332,2026-09-11 05:21:24.539000+00:00
16730612,Unknown Mother-Goose,Q2,1535,3035,107718186,56153332,2026-09-11 05:25:23.098000+00:00
16730612,Unknown Mother-Goose,Q2,1536,3035,107720056,56153307,2026-09-11 05:33:23.026000+00:00
16730612,Unknown Mother-Goose,Q2,1537,3035,107722207,56153332,2026-09-11 05:41:23.979000+00:00
16730612,Unknown Mother-Goose,Q2,1538,3035,107725323,56153307,2026-09-11 05:53:23.047000+00:00
16730612,Unknown Mother-Goose,Q2,1539,3035,107726870,56153307,2026-09-11 06:01:22.709000+00:00
16730612,Unknown Mother-Goose,Q2,1540,3035,107727328,56153332,2026-09-11 06:01:23.432000+00:00
16730612,Unknown Mother-Goose,Q2,1541,3035,107732180,56153332,2026-09-11 06:21:24.194000+00:00
16730612,Unknown Mother-Goose,Q2,1542,3035,107732232,56153307,2026-09-11 06:21:24.210000+00:00
16730612,Unknown Mother-Goose,Q3,2251,3035,108412012,56194735,2026-09-13 04:10:38.725000+00:00
16730612,Unknown Mother-Goose,Q3,2252,3035,108412019,56194922,2026-09-13 04:10:38.730000+00:00
16730612,Unknown Mother-Goose,Q3,2253,3035,108413033,56194735,2026-09-13 04:14:39.979000+00:00
16730612,Unknown Mother-Goose,Q3,2254,3035,108413043,56194922,2026-09-13 04:14:39.987000+00:00
16730612,Unknown Mother-Goose,Q3,2255,3035,108414049,56194735,2026-09-13 04:18:46.803000+00:00
16730612,Unknown Mother-Goose,Q3,2256,3035,108414058,56194922,2026-09-13 04:18:46.814000+00:00
16730612,Unknown Mother-Goose,Q3,2257,3035,108415064,56194735,2026-09-13 04:22:43.622000+00:00
16730612,Unknown Mother-Goose,Q3,2258,3035,108415074,56194922,2026-09-13 04:22:43.636000+00:00
16730612,Unknown Mother-Goose,Q3,2259,3035,108415925,56194735,2026-09-13 04:26:41.096000+00:00
16730612,Unknown Mother-Goose,Q3,2260,3035,108415988,56194922,2026-09-13 04:26:41.189000+00:00
16730612,Unknown Mother-Goose,Q3,2261,3035,108416086,56194735,2026-09-13 04:26:41.324000+00:00
16730612,Unknown Mother-Goose,Q3,2262,3035,108416089,56194922,2026-09-13 04:26:41.328000+00:00
16730612,Unknown Mother-Goose,Q3,2263,3035,108416367,56194735,2026-09-13 04:26:41.789000+00:00
16730612,Unknown Mother-Goose,Q3,2264,3035,108416549,56194735,2026-09-13 04:26:42.095000+00:00
16730612,Unknown Mother-Goose,Q3,2265,3035,108417284,56194922,2026-09-13 04:30:41.278000+00:00
16730612,Unknown Mother-Goose,Q3,2266,3035,108417135,56194922,2026-09-13 04:30:41.547000+00:00
16730612,Unknown Mother-Goose,Q3,2267,3035,108417300,56194735,2026-09-13 04:30:41.844000+00:00
16730612,Unknown Mother-Goose,Q3,2268,3035,108418137,56194922,2026-09-13 04:34:43.399000+00:00
16730612,Unknown Mother-Goose,Q3,2269,3035,108418147,56194735,2026-09-13 04:34:43.410000+00:00
16730612,Unknown Mother-Goose,Q3,2270,3035,108419163,56194922,2026-09-13 04:38:43.796000+00:00
16730612,Unknown Mother-Goose,Q3,2271,3035,108419165,56194735,2026-09-13 04:38:43.796000+00:00
16730612,Unknown Mother-Goose,Q3,2272,3035,108420178,56194922,2026-09-13 04:42:41.614000+00:00
16730612,Unknown Mother-Goose,Q3,2273,3035,108420182,56194735,2026-09-13 04:42:41.619000+00:00
16730612,Unknown Mother-Goose,Q3,2274,3035,108421095,56194735,2026-09-13 04:46:47.404000+00:00
16730612,Unknown Mother-Goose,Q3,2275,3035,108421192,56194922,2026-09-13 04:46:47.548000+00:00
16730612,Unknown Mother-Goose,Q3,2276,3035,108421195,56194735,2026-09-13 04:46:47.551000+00:00
16730612,Unknown Mother-Goose,Q3,2277,3035,108422209,56194922,2026-09-13 04:50:40.505000+00:00
16730612,Unknown Mother-Goose,Q3,2278,3035,108422212,56194735,2026-09-13 04:50:40.509000+00:00
16730612,Unknown Mother-Goose,Q3,2279,3035,108423178,56194922,2026-09-13 04:54:45.124000+00:00
16730612,Unknown Mother-Goose,Q3,2280,3035,108427498,56194735,2026-09-13 05:10:40.983000+00:00
16730612,Unknown Mother-Goose,Q3,2281,3035,108427519,56194735,2026-09-13 05:10:41.053000+00:00
16730612,Unknown Mother-Goose,Q3,2282,3035,108427549,56194922,2026-09-13 05:10:41.096000+00:00
16730612,Unknown Mother-Goose,Q3,2283,3035,108431351,56194922,2026-09-13 05:26:41.213000+00:00
16730612,Unknown Mother-Goose,Q3,2284,3035,108432716,56194735,2026-09-13 05:30:42.935000+00:00
16730612,Unknown Mother-Goose,Q3,2285,3035,108434289,56194735,2026-09-13 05:38:43.299000+00:00
16730612,Unknown Mother-Goose,Q3,2286,3035,108435288,56194922,2026-09-13 05:42:40.634000+00:00
16730612,Unknown Mother-Goose,Q3,2287,3035,108436409,56194922,2026-09-13 05:46:40.240000+00:00
16730612,Unknown Mother-Goose,Q3,2288,3035,108436743,56194735,2026-09-13 05:46:40.792000+00:00
16730612,Unknown Mother-Goose,Q3,2289,3035,108439756,56194735,2026-09-13 05:58:41.836000+00:00
16730612,Unknown Mother-Goose,Q3,2290,3035,108440311,56194735,2026-09-13 06:02:38.903000+00:00
16730612,Unknown Mother-Goose,Q3,2291,3035,108441841,56194922,2026-09-13 06:06:39.684000+00:00
16730612,Unknown Mother-Goose,Q3,2292,3035,108444355,56194735,2026-09-13 06:18:43.790000+00:00
16730612,Unknown Mother-Goose,Q3,2293,3035,108444471,56194735,2026-09-13 06:18:43.987000+00:00
16730612,Unknown Mother-Goose,Q3,2294,3035,108445457,56194922,2026-09-13 06:22:41.395000+00:00
16730612,Unknown Mother-Goose,Q3,2295,3035,108445875,56194922,2026-09-13 06:22:42.094000+00:00
16730612,Unknown Mother-Goose,Q3,2296,3035,108446484,56194735,2026-09-13 06:26:43.997000+00:00
16730612,Unknown Mother-Goose,Q3,2297,3035,108446749,56194922,2026-09-13 06:26:44.405000+00:00
16730612,Unknown Mother-Goose,Q3,2298,3035,108448227,56194922,2026-09-13 06:34:41.704000+00:00
16730612,Unknown Mother-Goose,Q3,2299,3035,108451974,56194735,2026-09-13 06:46:40.791000+00:00
16730612,Unknown Mother-Goose,Q3,2300,3035,108452989,56194922,2026-09-13 06:50:39.991000+00:00
16730612,Unknown Mother-Goose,L,2985,3035,109030714,56234989,2026-09-14 20:37:15.454000+00:00
16730612,Unknown Mother-Goose,L,2986,3035,109031729,56234989,2026-09-14 20:41:15.737000+00:00
16730612,Unknown Mother-Goose,L,2987,3035,109031734,56235022,2026-09-14 20:41:15.740000+00:00
16730612,Unknown Mother-Goose,L,2988,3035,109031766,56234989,2026-09-14 20:41:15.753000+00:00
16730612,Unknown Mother-Goose,L,2989,3035,109032093,56234989,2026-09-14 20:41:16.344000+00:00
16730612,Unknown Mother-Goose,L,2990,3035,109032249,56235022,2026-09-14 20:41:16.585000+00:00
16730612,Unknown Mother-Goose,L,2991,3035,109032766,56235022,2026-09-14 20:45:15.887000+00:00
16730612,Unknown Mother-Goose,L,2992,3035,109032774,56234989,2026-09-14 20:45:15.891000+00:00
16730612,Unknown Mother-Goose,L,2993,3035,109033237,56234989,2026-09-14 20:45:16.703000+00:00
16730612,Unknown Mother-Goose,L,2994,3035,109033690,56235022,2026-09-14 20:49:16.140000+00:00
16730612,Unknown Mother-Goose,L,2995,3035,109033982,56234989,2026-09-14 20:49:16.882000+00:00
16730612,Unknown Mother-Goose,L,2996,3035,109034755,56234989,2026-09-14 20:53:16.697000+00:00
16730612,Unknown Mother-Goose,L,2997,3035,109034855,56235022,2026-09-14 20:53:16.828000+00:00
16730612,Unknown Mother-Goose,L,2998,3035,109034981,56235022,2026-09-14 20:53:17.139000+00:00
16730612,Unknown Mother-Goose,L,2999,3035,109035880,56235022,2026-09-14 20:57:16.619000+00:00
16730612,Unknown Mother-Goose,L,3000,3035,109039307,56234989,2026-09-14 21:09:16.729000+00:00
16730612,Unknown Mother-Goose,L,3001,3035,109040330,56235022,2026-09-14 21:13:16.526000+00:00
16730612,Unknown Mother-Goose,L,3002,3035,109043412,56234989,2026-09-14 21:25:17.030000+00:00
16730612,Unknown Mother-Goose,L,3003,3035,109043634,56234989,2026-09-14 21:25:17.391000+00:00
16730612,Unknown Mother-Goose,L,3004,3035,109044611,56235022,2026-09-14 21:29:17.383000+00:00
16730612,Unknown Mother-Goose,L,3005,3035,109048329,56234989,2026-09-14 21:45:19.322000+00:00
16730612,Unknown Mother-Goose,L,3006,3035,109048824,56235022,2026-09-14 21:45:20.728000+00:00
16730612,Unknown Mother-Goose,L,3007,3035,109048827,56234989,2026-09-14 21:45:20.730000+00:00
16730612,Unknown Mother-Goose,L,3008,3035,109051725,56234989,2026-09-14 21:57:18.508000+00:00
16730612,Unknown Mother-Goose,L,3009,3035,109051726,56234989,2026-09-14 21:57:18.514000+00:00
16730612,Unknown Mother-Goose,L,3010,3035,109053494,56235022,2026-09-14 22:05:20.324000+00:00
16730612,Unknown Mother-Goose,L,3011,3035,109055932,56234989,2026-09-14 22:13:17.913000+00:00
16730612,Unknown Mother-Goose,L,3012,3035,109055940,56234989,2026-09-14 22:13:17.921000+00:00
16730612,Unknown Mother-Goose,L,3013,3035,109057755,56235022,2026-09-14 22:21:16.609000+00:00
16730612,Unknown Mother-Goose,L,3014,3035,109057756,56234989,2026-09-14 22:21:16.610000+00:00
16730612,Unknown Mother-Goose,L,3015,3035,109058822,56234989,2026-09-14 22:27:35.400000+00:00
16730612,Unknown Mother-Goose,L,3016,3035,109062086,56235022,2026-09-14 22:41:35.599000+00:00
16730612,Unknown Mother-Goose,L,3017,3035,109063115,56234989,2026-09-14 22:45:39.398000+00:00
16730612,Unknown Mother-Goose,L,3018,3035,109063914,56234989,2026-09-14 22:49:34.309000+00:00
16730612,Unknown Mother-Goose,L,3019,3035,109066337,56235022,2026-09-14 22:57:35.249000+00:00
16730612,Unknown Mother-Goose,L,3020,3035,109068195,56234989,2026-09-14 23:05:33.932000+00:00
16730612,Unknown Mother-Goose,L,3021,3035,109068417,56234989,2026-09-14 23:05:34.222000+00:00
16730612,Unknown Mother-Goose,L,3022,3035,109068739,56234989,2026-09-14 23:09:33.340000+00:00
16730612,Unknown Mother-Goose,L,3023,3035,109070364,56235022,2026-09-14 23:13:34.523000+00:00
16730612,Unknown Mother-Goose,L,3024,3035,109073154,56234989,2026-09-14 23:25:34.808000+00:00
16730612,Unknown Mother-Goose,L,3025,3035,109073314,56234989,2026-09-14 23:25:35.032000+00:00
16730612,Unknown Mother-Goose,L,3026,3035,109074523,56235022,2026-09-14 23:29:34.924000+00:00
16730612,Unknown Mother-Goose,L,3027,3035,109076762,56234989,2026-09-14 23:40:06.958000+00:00
16730612,Unknown Mother-Goose,L,3028,3035,109079454,56235022,2026-09-14 23:47:47.171000+00:00
16730612,Unknown Mother-Goose,L,3029,3035,109081876,56234989,2026-09-14 23:55:46.012000+00:00
16730612,Unknown Mother-Goose,L,3030,3035,109084396,56235022,2026-09-15 00:03:47.140000+00:00
16730612,Unknown Mother-Goose,L,3031,3035,109086880,56234989,2026-09-15 00:11:49.569000+00:00
16730612,Unknown Mother-Goose,L,3032,3035,109089188,56235022,2026-09-15 00:19:50.857000+00:00
16730612,Unknown Mother-Goose,L,3033,3035,109092801,56234989,2026-09-15 00:31:47.016000+00:00
16730612,Unknown Mother-Goose,L,3034,3035,109092817,56234989,2026-09-15 00:31:47.059000+00:00
16730612,Unknown Mother-Goose,C0,0,107,108964271,56234989,2026-09-14 16:14:49.048000+00:00
16730612,Unknown Mother-Goose,C0,1,107,108965374,56234989,2026-09-14 16:18:55.605000+00:00
16730612,Unknown Mother-Goose,C0,2,107,108966390,56234989,2026-09-14 16:22:54.115000+00:00
16730612,Unknown Mother-Goose,C0,3,107,108967399,56234989,2026-09-14 16:26:57.882000+00:00
16730612,Unknown Mother-Goose,C0,4,107,108968394,56234989,2026-09-14 16:30:49.477000+00:00
16730612,Unknown Mother-Goose,C0,5,107,108969647,56234989,2026-09-14 16:34:50.215000+00:00
16730612,Unknown Mother-Goose,C0,6,107,108970468,56234989,2026-09-14 16:38:54.389000+00:00
16730612,Unknown Mother-Goose,C0,7,107,108971496,56234989,2026-09-14 16:42:52.627000+00:00
16730612,Unknown Mother-Goose,C0,8,107,108972522,56234989,2026-09-14 16:46:49.381000+00:00
16730612,Unknown Mother-Goose,C0,9,107,108973544,56234989,2026-09-14 16:50:50.035000+00:00
16730612,Unknown Mother-Goose,C0,10,107,108974569,56234989,2026-09-14 16:54:49.586000+00:00
16730612,Unknown Mother-Goose,C0,11,107,108975603,56234989,2026-09-14 16:58:51.784000+00:00
16730612,Unknown Mother-Goose,C0,12,107,108976618,56234989,2026-09-14 17:02:49.152000+00:00
16730612,Unknown Mother-Goose,C0,13,107,108977640,56234989,2026-09-14 17:08:55.043000+00:00
16730612,Unknown Mother-Goose,C0,14,107,108978672,56234989,2026-09-14 17:12:41.432000+00:00
16730612,Unknown Mother-Goose,C0,15,107,108979693,56234989,2026-09-14 17:16:43.004000+00:00
16730612,Unknown Mother-Goose,C0,16,107,108980723,56234989,2026-09-14 17:20:42.169000+00:00
16730612,Unknown Mother-Goose,C0,17,107,108981164,56234989,2026-09-14 17:20:42.972000+00:00
16730612,Unknown Mother-Goose,C0,18,107,108981745,56234989,2026-09-14 17:24:41.197000+00:00
16730612,Unknown Mother-Goose,C0,19,107,108982498,56234989,2026-09-14 17:24:42.581000+00:00
16730612,Unknown Mother-Goose,C0,20,107,108982775,56234989,2026-09-14 17:28:44.542000+00:00
16730612,Unknown Mother-Goose,C0,21,107,108983845,56234989,2026-09-14 17:32:40.666000+00:00
16730612,Unknown Mother-Goose,C0,22,107,108984892,56234989,2026-09-14 17:36:41.645000+00:00
16730612,Unknown Mother-Goose,C0,23,107,108985936,56234989,2026-09-14 17:40:40.353000+00:00
16730612,Unknown Mother-Goose,C0,24,107,108986009,56234989,2026-09-14 17:40:40.457000+00:00
16730612,Unknown Mother-Goose,C0,25,107,108986982,56234989,2026-09-14 17:44:40.668000+00:00
16730612,Unknown Mother-Goose,C0,26,107,108988046,56234989,2026-09-14 17:48:41.447000+00:00
16730612,Unknown Mother-Goose,C0,27,107,108989094,56234989,2026-09-14 17:52:40.448000+00:00
16730612,Unknown Mother-Goose,C0,28,107,108990124,56234989,2026-09-14 17:56:40.149000+00:00
16730612,Unknown Mother-Goose,C0,29,107,108991177,56234989,2026-09-14 18:00:41.755000+00:00
16730612,Unknown Mother-Goose,C0,30,107,108992207,56234989,2026-09-14 18:04:40.940000+00:00
16730612,Unknown Mother-Goose,C0,31,107,108993253,56234989,2026-09-14 18:08:41.237000+00:00
16730612,Unknown Mother-Goose,C0,32,107,108994289,56234989,2026-09-14 18:12:39.834000+00:00
16730612,Unknown Mother-Goose,C0,33,107,108995331,56234989,2026-09-14 18:16:39.978000+00:00
16730612,Unknown Mother-Goose,C0,34,107,108996371,56234989,2026-09-14 18:20:43.844000+00:00
16730612,Unknown Mother-Goose,C0,35,107,108996457,56234989,2026-09-14 18:20:43.960000+00:00
16730612,Unknown Mother-Goose,C0,36,107,108997410,56234989,2026-09-14 18:24:40.072000+00:00
16730612,Unknown Mother-Goose,C0,37,107,108998457,56234989,2026-09-14 18:28:42.053000+00:00
16730612,Unknown Mother-Goose,C0,38,107,108999490,56234989,2026-09-14 18:32:40.089000+00:00
16730612,Unknown Mother-Goose,C0,39,107,109000526,56234989,2026-09-14 18:36:44.989000+00:00
16730612,Unknown Mother-Goose,C0,40,107,109001298,56234989,2026-09-14 18:36:46.195000+00:00
16730612,Unknown Mother-Goose,C0,41,107,109001545,56234989,2026-09-14 18:40:40.595000+00:00
16730612,Unknown Mother-Goose,C0,42,107,109001591,56234989,2026-09-14 18:40:40.666000+00:00
16730612,Unknown Mother-Goose,C0,43,107,109002628,56234989,2026-09-14 18:44:40.177000+00:00
16730612,Unknown Mother-Goose,C0,44,107,109003648,56234989,2026-09-14 18:48:40.660000+00:00
16730612,Unknown Mother-Goose,C0,45,107,109004684,56234989,2026-09-14 18:52:40.488000+00:00
16730612,Unknown Mother-Goose,C0,46,107,109004730,56234989,2026-09-14 18:52:40.561000+00:00
16730612,Unknown Mother-Goose,C0,47,107,109005724,56234989,2026-09-14 18:56:40.088000+00:00
16730612,Unknown Mother-Goose,C0,48,107,109006770,56234989,2026-09-14 19:00:40.895000+00:00
16730612,Unknown Mother-Goose,C0,49,107,109007813,56234989,2026-09-14 19:04:40.274000+00:00
16732748,DSM,F,0,8341,92805624,55493222,2026-08-14 00:00:45.615000+00:00
16732748,DSM,F,1,8341,92806605,55493222,2026-08-14 00:04:44.976000+00:00
16732748,DSM,F,2,8341,92807542,55493222,2026-08-14 00:08:45.481000+00:00
16732748,DSM,F,3,8341,92808478,55493222,2026-08-14 00:12:44.505000+00:00
16732748,DSM,F,4,8341,92808555,55493222,2026-08-14 00:12:44.605000+00:00
16732748,DSM,F,5,8341,92809411,55493222,2026-08-14 00:16:45.947000+00:00
16732748,DSM,F,6,8341,92810337,55493222,2026-08-14 00:20:45.115000+00:00
16732748,DSM,F,7,8341,92811254,55493222,2026-08-14 00:24:44.270000+00:00
16732748,DSM,F,8,8341,92812179,55493222,2026-08-14 00:28:44.999000+00:00
16732748,DSM,F,9,8341,92813109,55493222,2026-08-14 00:32:45.785000+00:00
16732748,DSM,F,10,8341,92814043,55493222,2026-08-14 00:41:02.625000+00:00
16732748,DSM,F,11,8341,92814977,55493222,2026-08-14 00:44:49.971000+00:00
16732748,DSM,F,12,8341,92815904,55493222,2026-08-14 00:48:49.312000+00:00
16732748,DSM,F,13,8341,92816845,55493222,2026-08-14 00:52:49.391000+00:00
16732748,DSM,F,14,8341,92817784,55493222,2026-08-14 00:56:49.645000+00:00
16732748,DSM,F,15,8341,92818725,55493222,2026-08-14 01:00:52.781000+00:00
16732748,DSM,F,16,8341,92819618,55493222,2026-08-14 01:04:49.436000+00:00
16732748,DSM,F,17,8341,92819663,55493222,2026-08-14 01:04:49.506000+00:00
16732748,DSM,F,18,8341,92820621,55493222,2026-08-14 01:08:48.675000+00:00
16732748,DSM,F,19,8341,92821555,55493222,2026-08-14 01:12:50.985000+00:00
16732748,DSM,F,20,8341,92822485,55493222,2026-08-14 01:16:48.928000+00:00
16732748,DSM,F,21,8341,92822703,55493222,2026-08-14 01:16:49.409000+00:00
16732748,DSM,F,22,8341,92823428,55493222,2026-08-14 01:20:52.781000+00:00
16732748,DSM,F,23,8341,92824366,55493222,2026-08-14 01:24:51.652000+00:00
16732748,DSM,F,24,8341,92825304,55493222,2026-08-14 01:28:51.322000+00:00
16732748,DSM,F,25,8341,92825499,55493222,2026-08-14 01:28:51.619000+00:00
16732748,DSM,F,26,8341,92826247,55493222,2026-08-14 01:32:48.922000+00:00
16732748,DSM,F,27,8341,92827176,55493222,2026-08-14 01:36:48.929000+00:00
16732748,DSM,F,28,8341,92828107,55493222,2026-08-14 01:40:52.608000+00:00
16732748,DSM,F,29,8341,92829042,55493222,2026-08-14 01:44:49.042000+00:00
16732748,DSM,F,30,8341,92829967,55493222,2026-08-14 01:48:48.738000+00:00
16732748,DSM,F,31,8341,92830908,55493222,2026-08-14 01:52:50.131000+00:00
16732748,DSM,F,32,8341,92831899,55493222,2026-08-14 01:56:54.726000+00:00
16732748,DSM,F,33,8341,92832769,55493222,2026-08-14 02:00:57.796000+00:00
16732748,DSM,F,34,8341,92833688,55493222,2026-08-14 02:04:54.237000+00:00
16732748,DSM,F,35,8341,92834610,55493222,2026-08-14 02:08:54.240000+00:00
16732748,DSM,F,36,8341,92835543,55493222,2026-08-14 02:12:53.897000+00:00
16732748,DSM,F,37,8341,92836472,55493222,2026-08-14 02:16:53.880000+00:00
16732748,DSM,F,38,8341,92837364,55493222,2026-08-14 02:20:55.513000+00:00
16732748,DSM,F,39,8341,92837407,55493222,2026-08-14 02:20:55.596000+00:00
16732748,DSM,F,40,8341,92837559,55493222,2026-08-14 02:20:55.987000+00:00
16732748,DSM,F,41,8341,92838322,55493222,2026-08-14 02:24:56.242000+00:00
16732748,DSM,F,42,8341,92839290,55493222,2026-08-14 02:28:54.499000+00:00
16732748,DSM,F,43,8341,92840232,55493222,2026-08-14 02:32:53.996000+00:00
16732748,DSM,F,44,8341,92841162,55493222,2026-08-14 02:36:54.452000+00:00
16732748,DSM,F,45,8341,92842095,55493222,2026-08-14 02:40:55.447000+00:00
16732748,DSM,F,46,8341,92843021,55493222,2026-08-14 02:44:53.799000+00:00
16732748,DSM,F,47,8341,92843966,55493222,2026-08-14 02:48:53.841000+00:00
16732748,DSM,F,48,8341,92844910,55493222,2026-08-14 02:52:53.886000+00:00
16732748,DSM,F,49,8341,92845839,55493222,2026-08-14 02:57:13.910000+00:00
16732748,DSM,Q1,2060,8341,100180600,55794053,2026-08-26 15:58:51.557777400+00:00
16732748,DSM,Q1,2061,8341,100182914,55794053,2026-08-26 16:02:51.626851800+00:00
16732748,DSM,Q1,2062,8341,100185201,55794053,2026-08-26 16:06:50.777781600+00:00
16732748,DSM,Q1,2063,8341,100187366,55531808,2026-08-26 16:11:03.619000+00:00
16732748,DSM,Q1,2064,8341,100196485,55794059,2026-08-26 16:30:48.708769100+00:00
16732748,DSM,Q1,2065,8341,100196676,55543097,2026-08-26 16:30:48.941000+00:00
16732748,DSM,Q1,2066,8341,100203466,55531808,2026-08-26 16:42:47.916000+00:00
16732748,DSM,Q1,2067,8341,100214867,55531808,2026-08-26 17:02:46.237000+00:00
16732748,DSM,Q1,2068,8341,100214909,55531808,2026-08-26 17:02:46.309000+00:00
16732748,DSM,Q1,2069,8341,100217182,55794053,2026-08-26 17:06:51.508765+00:00
16732748,DSM,Q1,2070,8341,100230834,55794059,2026-08-26 17:30:44.207058800+00:00
16732748,DSM,Q1,2071,8341,100244078,55543097,2026-08-26 17:54:43.701000+00:00
16732748,DSM,Q1,2072,8341,100246426,55794053,2026-08-26 17:58:45.841400500+00:00
16732748,DSM,Q1,2073,8341,100248647,55531808,2026-08-26 18:02:45.819000+00:00
16732748,DSM,Q1,2074,8341,100257824,55794059,2026-08-26 18:18:45.849041700+00:00
16732748,DSM,Q1,2075,8341,100271510,55794053,2026-08-26 18:42:44.683399+00:00
16732748,DSM,Q1,2076,8341,100273658,55794059,2026-08-26 18:46:48.082989300+00:00
16732748,DSM,Q1,2077,8341,100273825,55794053,2026-08-26 18:46:48.414250400+00:00
16732748,DSM,Q1,2078,8341,100294067,55794059,2026-08-26 19:23:13.459200500+00:00
16732748,DSM,Q1,2079,8341,100298886,55794053,2026-08-26 19:31:15.133103800+00:00
16732748,DSM,Q1,2080,8341,100303429,55543097,2026-08-26 19:39:13.918000+00:00
16732748,DSM,Q1,2081,8341,100307923,55531808,2026-08-26 19:47:17.251000+00:00
16732748,DSM,Q1,2082,8341,100312502,55794059,2026-08-26 19:55:19.795882500+00:00
16732748,DSM,Q1,2083,8341,100319331,55794053,2026-08-26 20:07:16.846354500+00:00
16732748,DSM,Q1,2084,8341,100326203,55794059,2026-08-26 20:19:15.283650900+00:00
16732748,DSM,Q1,2085,8341,100335112,55543097,2026-08-26 20:35:13.806000+00:00
16732748,DSM,Q1,2086,8341,100335278,55794053,2026-08-26 20:35:14.048959200+00:00
16732748,DSM,Q1,2087,8341,100339836,55794059,2026-08-26 20:43:14.408233200+00:00
16732748,DSM,Q1,2088,8341,100344404,55531808,2026-08-26 20:51:14.550000+00:00
16732748,DSM,Q1,2089,8341,100346493,55794053,2026-08-26 20:55:14.300393500+00:00
16732748,DSM,Q1,2090,8341,100348937,55794053,2026-08-26 20:59:24.405618200+00:00
16732748,DSM,Q1,2091,8341,100353349,55543097,2026-08-26 21:07:19.650000+00:00
16732748,DSM,Q1,2092,8341,100353539,55794059,2026-08-26 21:07:20.036860500+00:00
16732748,DSM,Q1,2093,8341,100369458,55794059,2026-08-26 21:35:17.357023200+00:00
16732748,DSM,Q1,2094,8341,100371727,55794053,2026-08-26 21:39:15.617389400+00:00
16732748,DSM,Q1,2095,8341,100378415,55794059,2026-08-26 21:51:15.403856+00:00
16732748,DSM,Q1,2096,8341,100378482,55794059,2026-08-26 21:51:15.579500500+00:00
16732748,DSM,Q1,2097,8341,100382952,55543097,2026-08-26 21:59:13.885000+00:00
16732748,DSM,Q1,2098,8341,100385402,55531808,2026-08-26 22:03:15.748000+00:00
16732748,DSM,Q1,2099,8341,100389910,55543097,2026-08-26 22:11:13.389000+00:00
16732748,DSM,Q1,2100,8341,100392248,55794053,2026-08-26 22:15:16.916074900+00:00
16732748,DSM,Q1,2101,8341,100401419,55794059,2026-08-26 22:31:16.316479500+00:00
16732748,DSM,Q1,2102,8341,100410363,55794053,2026-08-26 22:47:20.592878700+00:00
16732748,DSM,Q1,2103,8341,100419543,55531808,2026-08-26 23:03:20.902000+00:00
16732748,DSM,Q1,2104,8341,100419666,55794053,2026-08-26 23:03:21.093518100+00:00
16732748,DSM,Q1,2105,8341,100421935,55543097,2026-08-26 23:07:23.590000+00:00
16732748,DSM,Q1,2106,8341,100424151,55794059,2026-08-26 23:11:22.151544100+00:00
16732748,DSM,Q1,2107,8341,100435598,55543097,2026-08-26 23:31:25.483000+00:00
16732748,DSM,Q1,2108,8341,100435604,55794059,2026-08-26 23:31:25.485157+00:00
16732748,DSM,Q1,2109,8341,100439986,55794059,2026-08-26 23:39:23.485920200+00:00
16732748,DSM,Q2,4145,8341,105376549,56003563,2026-09-04 05:44:36.341000+00:00
16732748,DSM,Q2,4146,8341,105376759,56003563,2026-09-04 05:44:36.711000+00:00
16732748,DSM,Q2,4147,8341,105376895,55999309,2026-09-04 05:44:36.969000+00:00
16732748,DSM,Q2,4148,8341,105377244,55999309,2026-09-04 05:44:37.487000+00:00
16732748,DSM,Q2,4149,8341,105377625,56003563,2026-09-04 05:48:34.071000+00:00
16732748,DSM,Q2,4150,8341,105377768,55999309,2026-09-04 05:48:34.290000+00:00
16732748,DSM,Q2,4151,8341,105378510,56003563,2026-09-04 05:52:34.386000+00:00
16732748,DSM,Q2,4152,8341,105378662,55999309,2026-09-04 05:52:34.667000+00:00
16732748,DSM,Q2,4153,8341,105378875,55999309,2026-09-04 05:52:35.062000+00:00
16732748,DSM,Q2,4154,8341,105379388,56003563,2026-09-04 05:56:33.686000+00:00
16732748,DSM,Q2,4155,8341,105379584,55999309,2026-09-04 05:56:34.014000+00:00
16732748,DSM,Q2,4156,8341,105379617,55999309,2026-09-04 05:56:34.069000+00:00
16732748,DSM,Q2,4157,8341,105380260,56003563,2026-09-04 06:00:35.488000+00:00
16732748,DSM,Q2,4158,8341,105381134,56003563,2026-09-04 06:04:34.215000+00:00
16732748,DSM,Q2,4159,8341,105382019,56003563,2026-09-04 06:08:34.067000+00:00
16732748,DSM,Q2,4160,8341,105382794,56003563,2026-09-04 06:12:33.803000+00:00
16732748,DSM,Q2,4161,8341,105382904,56003563,2026-09-04 06:12:34.025000+00:00
16732748,DSM,Q2,4162,8341,105383330,55999309,2026-09-04 06:12:34.786000+00:00
16732748,DSM,Q2,4163,8341,105383781,56003563,2026-09-04 06:16:33.712000+00:00
16732748,DSM,Q2,4164,8341,105384645,56003563,2026-09-04 06:20:36.485000+00:00
16732748,DSM,Q2,4165,8341,105385535,56003563,2026-09-04 06:24:34.730000+00:00
16732748,DSM,Q2,4166,8341,105386398,55999309,2026-09-04 06:28:35.363000+00:00
16732748,DSM,Q2,4167,8341,105386550,56003563,2026-09-04 06:28:35.604000+00:00
16732748,DSM,Q2,4168,8341,105386904,55999309,2026-09-04 06:28:36.216000+00:00
16732748,DSM,Q2,4169,8341,105387764,56003563,2026-09-04 06:32:33.895000+00:00
16732748,DSM,Q2,4170,8341,105388615,56003563,2026-09-04 06:36:35.504000+00:00
16732748,DSM,Q2,4171,8341,105388688,55999309,2026-09-04 06:36:35.609000+00:00
16732748,DSM,Q2,4172,8341,105388903,55999309,2026-09-04 06:36:36.013000+00:00
16732748,DSM,Q2,4173,8341,105389495,56003563,2026-09-04 06:40:38.675000+00:00
16732748,DSM,Q2,4174,8341,105390384,56003563,2026-09-04 06:44:40.866000+00:00
16732748,DSM,Q2,4175,8341,105391245,55999309,2026-09-04 06:48:34.376000+00:00
16732748,DSM,Q2,4176,8341,105391258,56003563,2026-09-04 06:48:34.391000+00:00
16732748,DSM,Q2,4177,8341,105392203,56003563,2026-09-04 06:52:35.364000+00:00
16732748,DSM,Q2,4178,8341,105392989,56003563,2026-09-04 06:56:34.203000+00:00
16732748,DSM,Q2,4179,8341,105393885,56003563,2026-09-04 07:00:36.079000+00:00
16732748,DSM,Q2,4180,8341,105394755,56003563,2026-09-04 07:04:33.884000+00:00
16732748,DSM,Q2,4181,8341,105394961,55999309,2026-09-04 07:04:34.275000+00:00
16732748,DSM,Q2,4182,8341,105395636,56003563,2026-09-04 07:09:03.964000+00:00
16732748,DSM,Q2,4183,8341,105395951,55999309,2026-09-04 07:09:04.531000+00:00
16732748,DSM,Q2,4184,8341,105396547,56003563,2026-09-04 07:13:04.292000+00:00
16732748,DSM,Q2,4185,8341,105397444,56003563,2026-09-04 07:17:03.767000+00:00
16732748,DSM,Q2,4186,8341,105397793,55999309,2026-09-04 07:17:04.483000+00:00
16732748,DSM,Q2,4187,8341,105398313,56003563,2026-09-04 07:21:06.164000+00:00
16732748,DSM,Q2,4188,8341,105399198,56003563,2026-09-04 07:25:03.792000+00:00
16732748,DSM,Q2,4189,8341,105400064,56003563,2026-09-04 07:29:03.812000+00:00
16732748,DSM,Q2,4190,8341,105400662,56003563,2026-09-04 07:33:04.388000+00:00
16732748,DSM,Q2,4191,8341,105401212,55999309,2026-09-04 07:33:05.367000+00:00
16732748,DSM,Q2,4192,8341,105401246,56003563,2026-09-04 07:33:05.428000+00:00
16732748,DSM,Q2,4193,8341,105403011,55999309,2026-09-04 07:41:08.716000+00:00
16732748,DSM,Q2,4194,8341,105403955,55999309,2026-09-04 07:49:05.404000+00:00
16732748,DSM,Q3,6231,8341,107166777,56121287,2026-09-09 15:24:39.870000+00:00
16732748,DSM,Q3,6232,8341,107167157,56121296,2026-09-09 15:28:37.272000+00:00
16732748,DSM,Q3,6233,8341,107167705,56121296,2026-09-09 15:28:38.175000+00:00
16732748,DSM,Q3,6234,8341,107167748,56121287,2026-09-09 15:28:38.218000+00:00
16732748,DSM,Q3,6235,8341,107168693,56121296,2026-09-09 15:32:37.292000+00:00
16732748,DSM,Q3,6236,8341,107168718,56121287,2026-09-09 15:32:37.327000+00:00
16732748,DSM,Q3,6237,8341,107169644,56121296,2026-09-09 15:36:37.780000+00:00
16732748,DSM,Q3,6238,8341,107169675,56121287,2026-09-09 15:36:37.821000+00:00
16732748,DSM,Q3,6239,8341,107170670,56121296,2026-09-09 15:40:37.882000+00:00
16732748,DSM,Q3,6240,8341,107170684,56121287,2026-09-09 15:40:37.892000+00:00
16732748,DSM,Q3,6241,8341,107171026,56126460,2026-09-09 15:44:37.730000+00:00
16732748,DSM,Q3,6242,8341,107171594,56121296,2026-09-09 15:44:38.787000+00:00
16732748,DSM,Q3,6243,8341,107171763,56121287,2026-09-09 15:44:39.026000+00:00
16732748,DSM,Q3,6244,8341,107171978,56126460,2026-09-09 15:48:36.594000+00:00
16732748,DSM,Q3,6245,8341,107171995,56126472,2026-09-09 15:48:36.622000+00:00
16732748,DSM,Q3,6246,8341,107172565,56121296,2026-09-09 15:48:37.810000+00:00
16732748,DSM,Q3,6247,8341,107172919,56126460,2026-09-09 15:52:36.884000+00:00
16732748,DSM,Q3,6248,8341,107172972,56126472,2026-09-09 15:52:36.970000+00:00
16732748,DSM,Q3,6249,8341,107173167,56121287,2026-09-09 15:52:37.342000+00:00
16732748,DSM,Q3,6250,8341,107173541,56121296,2026-09-09 15:52:38.017000+00:00
16732748,DSM,Q3,6251,8341,107173809,56121296,2026-09-09 15:56:36.691000+00:00
16732748,DSM,Q3,6252,8341,107173950,56126472,2026-09-09 15:56:36.977000+00:00
16732748,DSM,Q3,6253,8341,107174030,56126460,2026-09-09 15:56:36.983000+00:00
16732748,DSM,Q3,6254,8341,107174643,56121296,2026-09-09 15:56:38.369000+00:00
16732748,DSM,Q3,6255,8341,107174810,56126460,2026-09-09 16:02:29.478000+00:00
16732748,DSM,Q3,6256,8341,107174852,56126472,2026-09-09 16:02:29.588000+00:00
16732748,DSM,Q3,6257,8341,107175783,56126460,2026-09-09 16:06:15.272000+00:00
16732748,DSM,Q3,6258,8341,107175791,56126472,2026-09-09 16:06:15.280000+00:00
16732748,DSM,Q3,6259,8341,107176730,56126472,2026-09-09 16:10:15.654000+00:00
16732748,DSM,Q3,6260,8341,107176736,56126460,2026-09-09 16:10:15.655000+00:00
16732748,DSM,Q3,6261,8341,107177683,56126460,2026-09-09 16:14:18.709000+00:00
16732748,DSM,Q3,6262,8341,107177707,56126472,2026-09-09 16:14:18.755000+00:00
16732748,DSM,Q3,6263,8341,107178625,56126460,2026-09-09 16:18:15.358000+00:00
16732748,DSM,Q3,6264,8341,107178648,56126472,2026-09-09 16:18:15.378000+00:00
16732748,DSM,Q3,6265,8341,107179260,56121296,2026-09-09 16:18:16.299000+00:00
16732748,DSM,Q3,6266,8341,107179629,56126460,2026-09-09 16:22:17.153000+00:00
16732748,DSM,Q3,6267,8341,107179660,56126472,2026-09-09 16:22:17.195000+00:00
16732748,DSM,Q3,6268,8341,107180585,56126460,2026-09-09 16:26:14.656000+00:00
16732748,DSM,Q3,6269,8341,107180627,56126472,2026-09-09 16:26:14.706000+00:00
16732748,DSM,Q3,6270,8341,107181578,56126460,2026-09-09 16:30:15.153000+00:00
16732748,DSM,Q3,6271,8341,107181614,56126472,2026-09-09 16:30:15.189000+00:00
16732748,DSM,Q3,6272,8341,107182295,56121287,2026-09-09 16:30:16.249000+00:00
16732748,DSM,Q3,6273,8341,107182535,56126460,2026-09-09 16:34:18.751000+00:00
16732748,DSM,Q3,6274,8341,107182611,56126472,2026-09-09 16:34:18.856000+00:00
16732748,DSM,Q3,6275,8341,107183516,56126460,2026-09-09 16:38:15.395000+00:00
16732748,DSM,Q3,6276,8341,107183556,56126472,2026-09-09 16:38:15.466000+00:00
16732748,DSM,Q3,6277,8341,107183977,56121287,2026-09-09 16:38:16.208000+00:00
16732748,DSM,Q3,6278,8341,107184525,56126460,2026-09-09 16:42:16.667000+00:00
16732748,DSM,Q3,6279,8341,107184556,56126472,2026-09-09 16:42:16.695000+00:00
16732748,DSM,Q3,6280,8341,107185516,56126460,2026-09-09 16:46:15.007000+00:00
16732748,DSM,L,8291,8341,108975794,56233619,2026-09-14 16:58:52.276000+00:00
16732748,DSM,L,8292,8341,108975830,56233619,2026-09-14 16:58:52.316000+00:00
16732748,DSM,L,8293,8341,108976986,56233619,2026-09-14 17:02:50.200000+00:00
16732748,DSM,L,8294,8341,108977854,56233619,2026-09-14 17:08:55.644000+00:00
16732748,DSM,L,8295,8341,108978203,56233619,2026-09-14 17:08:56.638000+00:00
16732748,DSM,L,8296,8341,108978890,56233619,2026-09-14 17:12:41.839000+00:00
16732748,DSM,L,8297,8341,108979932,56233619,2026-09-14 17:16:43.385000+00:00
16732748,DSM,L,8298,8341,108980134,56233619,2026-09-14 17:16:43.740000+00:00
16732748,DSM,L,8299,8341,108980966,56233619,2026-09-14 17:20:42.643000+00:00
16732748,DSM,L,8300,8341,108982004,56233619,2026-09-14 17:24:41.748000+00:00
16732748,DSM,L,8301,8341,108983038,56233619,2026-09-14 17:28:44.958000+00:00
16732748,DSM,L,8302,8341,108984083,56233619,2026-09-14 17:32:41.063000+00:00
16732748,DSM,L,8303,8341,108985116,56233619,2026-09-14 17:36:42.066000+00:00
16732748,DSM,L,8304,8341,108986143,56233619,2026-09-14 17:40:40.650000+00:00
16732748,DSM,L,8305,8341,108986172,56233619,2026-09-14 17:40:40.684000+00:00
16732748,DSM,L,8306,8341,108987190,56233619,2026-09-14 17:44:41.063000+00:00
16732748,DSM,L,8307,8341,108988219,56233619,2026-09-14 17:48:41.838000+00:00
16732748,DSM,L,8308,8341,108989324,56233619,2026-09-14 17:52:40.987000+00:00
16732748,DSM,L,8309,8341,108990324,56233619,2026-09-14 17:56:40.462000+00:00
16732748,DSM,L,8310,8341,108991367,56233619,2026-09-14 18:00:42.135000+00:00
16732748,DSM,L,8311,8341,108992408,56233619,2026-09-14 18:04:41.344000+00:00
16732748,DSM,L,8312,8341,108992987,56233619,2026-09-14 18:04:42.566000+00:00
16732748,DSM,L,8313,8341,108993448,56233619,2026-09-14 18:08:41.561000+00:00
16732748,DSM,L,8314,8341,108994489,56233619,2026-09-14 18:12:40.134000+00:00
16732748,DSM,L,8315,8341,108995530,56233619,2026-09-14 18:16:40.288000+00:00
16732748,DSM,L,8316,8341,108996568,56233619,2026-09-14 18:20:44.176000+00:00
16732748,DSM,L,8317,8341,108996773,56233619,2026-09-14 18:20:44.467000+00:00
16732748,DSM,L,8318,8341,108997600,56233619,2026-09-14 18:24:40.356000+00:00
16732748,DSM,L,8319,8341,108998645,56233619,2026-09-14 18:28:42.546000+00:00
16732748,DSM,L,8320,8341,108999693,56233619,2026-09-14 18:32:40.434000+00:00
16732748,DSM,L,8321,8341,109000718,56233619,2026-09-14 18:36:45.274000+00:00
16732748,DSM,L,8322,8341,109001756,56233619,2026-09-14 18:40:40.896000+00:00
16732748,DSM,L,8323,8341,109002791,56233619,2026-09-14 18:44:40.490000+00:00
16732748,DSM,L,8324,8341,109003822,56233619,2026-09-14 18:48:41.003000+00:00
16732748,DSM,L,8325,8341,109004743,56233619,2026-09-14 18:52:40.580000+00:00
16732748,DSM,L,8326,8341,109004853,56233619,2026-09-14 18:52:40.788000+00:00
16732748,DSM,L,8327,8341,109005449,56233619,2026-09-14 18:52:41.859000+00:00
16732748,DSM,L,8328,8341,109005903,56233619,2026-09-14 18:56:40.359000+00:00
16732748,DSM,L,8329,8341,109006488,56233619,2026-09-14 18:56:41.263000+00:00
16732748,DSM,L,8330,8341,109006953,56233619,2026-09-14 19:00:41.160000+00:00
16732748,DSM,L,8331,8341,109007995,56233619,2026-09-14 19:04:40.552000+00:00
16732748,DSM,L,8332,8341,109009040,56233619,2026-09-14 19:08:43.061000+00:00
16732748,DSM,L,8333,8341,109010081,56233619,2026-09-14 19:12:40.351000+00:00
16732748,DSM,L,8334,8341,109010290,56233619,2026-09-14 19:12:40.677000+00:00
16732748,DSM,L,8335,8341,109011117,56233619,2026-09-14 19:16:41.056000+00:00
16732748,DSM,L,8336,8341,109012159,56233619,2026-09-14 19:20:41.591000+00:00
16732748,DSM,L,8337,8341,109013204,56233619,2026-09-14 19:24:41.931000+00:00
16732748,DSM,L,8338,8341,109014236,56233619,2026-09-14 19:28:41.984000+00:00
16732748,DSM,L,8339,8341,109015274,56233619,2026-09-14 19:32:40.991000+00:00
16732748,DSM,L,8340,8341,109015548,56233619,2026-09-14 19:32:41.436000+00:00
16732748,DSM,C0,0,80,108945555,56233619,2026-09-14 15:02:51.177000+00:00
16732748,DSM,C0,1,80,108946692,56233619,2026-09-14 15:06:53.478000+00:00
16732748,DSM,C0,2,80,108947708,56233619,2026-09-14 15:10:49.237000+00:00
16732748,DSM,C0,3,80,108948725,56233619,2026-09-14 15:14:51.126000+00:00
16732748,DSM,C0,4,80,108949862,56233619,2026-09-14 15:18:53.465000+00:00
16732748,DSM,C0,5,80,108950777,56233619,2026-09-14 15:22:53.483000+00:00
16732748,DSM,C0,6,80,108951786,56233619,2026-09-14 15:26:56.131000+00:00
16732748,DSM,C0,7,80,108952822,56233619,2026-09-14 15:30:51.437000+00:00
16732748,DSM,C0,8,80,108953852,56233619,2026-09-14 15:34:52.048000+00:00
16732748,DSM,C0,9,80,108954875,56233619,2026-09-14 15:38:50.892000+00:00
16732748,DSM,C0,10,80,108955918,56233619,2026-09-14 15:42:53.737000+00:00
16732748,DSM,C0,11,80,108956950,56233619,2026-09-14 15:46:54.883000+00:00
16732748,DSM,C0,12,80,108957967,56233619,2026-09-14 15:50:56.879000+00:00
16732748,DSM,C0,13,80,108959017,56233619,2026-09-14 15:54:55.179000+00:00
16732748,DSM,C0,14,80,108960048,56233619,2026-09-14 15:58:56.691000+00:00
16732748,DSM,C0,15,80,108961071,56233619,2026-09-14 16:02:56.596000+00:00
16732748,DSM,C0,16,80,108962103,56233619,2026-09-14 16:06:51.694000+00:00
16732748,DSM,C0,17,80,108963145,56233619,2026-09-14 16:10:52.262000+00:00
16732748,DSM,C0,18,80,108963727,56233619,2026-09-14 16:10:53.645000+00:00
16732748,DSM,C0,19,80,108964225,56233619,2026-09-14 16:14:48.893000+00:00
16732748,DSM,C0,20,80,108965297,56233619,2026-09-14 16:18:55.510000+00:00
16732748,DSM,C0,21,80,108966348,56233619,2026-09-14 16:22:54.034000+00:00
16732748,DSM,C0,22,80,108967401,56233619,2026-09-14 16:26:57.844000+00:00
16732748,DSM,C0,23,80,108968438,56233619,2026-09-14 16:30:49.678000+00:00
16732748,DSM,C0,24,80,108969710,56233619,2026-09-14 16:34:50.621000+00:00
16732748,DSM,C0,25,80,108970586,56233619,2026-09-14 16:38:54.483000+00:00
16732748,DSM,C0,26,80,108971591,56233619,2026-09-14 16:42:52.924000+00:00
16732748,DSM,C0,27,80,108972640,56233619,2026-09-14 16:46:49.587000+00:00
16732748,DSM,C0,28,80,108973670,56233619,2026-09-14 16:50:50.396000+00:00
16732748,DSM,C0,29,80,108974714,56233619,2026-09-14 16:54:49.875000+00:00
16732748,DSM,C0,30,80,108975794,56233619,2026-09-14 16:58:52.276000+00:00
16732748,DSM,C0,31,80,108975830,56233619,2026-09-14 16:58:52.316000+00:00
16732748,DSM,C0,32,80,108976986,56233619,2026-09-14 17:02:50.200000+00:00
16732748,DSM,C0,33,80,108977854,56233619,2026-09-14 17:08:55.644000+00:00
16732748,DSM,C0,34,80,108978203,56233619,2026-09-14 17:08:56.638000+00:00
16732748,DSM,C0,35,80,108978890,56233619,2026-09-14 17:12:41.839000+00:00
16732748,DSM,C0,36,80,108979932,56233619,2026-09-14 17:16:43.385000+00:00
16732748,DSM,C0,37,80,108980134,56233619,2026-09-14 17:16:43.740000+00:00
16732748,DSM,C0,38,80,108980966,56233619,2026-09-14 17:20:42.643000+00:00
16732748,DSM,C0,39,80,108982004,56233619,2026-09-14 17:24:41.748000+00:00
16732748,DSM,C0,40,80,108983038,56233619,2026-09-14 17:28:44.958000+00:00
16732748,DSM,C0,41,80,108984083,56233619,2026-09-14 17:32:41.063000+00:00
16732748,DSM,C0,42,80,108985116,56233619,2026-09-14 17:36:42.066000+00:00
16732748,DSM,C0,43,80,108986143,56233619,2026-09-14 17:40:40.650000+00:00
16732748,DSM,C0,44,80,108986172,56233619,2026-09-14 17:40:40.684000+00:00
16732748,DSM,C0,45,80,108987190,56233619,2026-09-14 17:44:41.063000+00:00
16732748,DSM,C0,46,80,108988219,56233619,2026-09-14 17:48:41.838000+00:00
16732748,DSM,C0,47,80,108989324,56233619,2026-09-14 17:52:40.987000+00:00
16732748,DSM,C0,48,80,108990324,56233619,2026-09-14 17:56:40.462000+00:00
16732748,DSM,C0,49,80,108991367,56233619,2026-09-14 18:00:42.135000+00:00
16640510,SpaTaro,F,0,4524,97692037,55717556,2026-08-23 14:44:52.644982100+00:00
16640510,SpaTaro,F,1,4524,97694316,55717556,2026-08-23 14:48:51.203978100+00:00
16640510,SpaTaro,F,2,4524,97696570,55717556,2026-08-23 14:52:53.334622900+00:00
16640510,SpaTaro,F,3,4524,97698827,55717556,2026-08-23 14:56:54.638583600+00:00
16640510,SpaTaro,F,4,4524,97701116,55717556,2026-08-23 15:00:56.594257200+00:00
16640510,SpaTaro,F,5,4524,97703399,55717556,2026-08-23 15:04:51.021126400+00:00
16640510,SpaTaro,F,6,4524,97705672,55717556,2026-08-23 15:08:50.923515500+00:00
16640510,SpaTaro,F,7,4524,97707949,55717556,2026-08-23 15:12:51.530689+00:00
16640510,SpaTaro,F,8,4524,97710220,55717556,2026-08-23 15:16:52.816853600+00:00
16640510,SpaTaro,F,9,4524,97710225,55717556,2026-08-23 15:16:52.822077100+00:00
16640510,SpaTaro,F,10,4524,97712503,55717556,2026-08-23 15:20:58.855590+00:00
16640510,SpaTaro,F,11,4524,97714835,55717556,2026-08-23 15:24:52.844776500+00:00
16640510,SpaTaro,F,12,4524,97717112,55717556,2026-08-23 15:28:54.229395800+00:00
16640510,SpaTaro,F,13,4524,97719395,55717556,2026-08-23 15:32:54.812263900+00:00
16640510,SpaTaro,F,14,4524,97721706,55717556,2026-08-23 15:36:54.054988600+00:00
16640510,SpaTaro,F,15,4524,97724005,55717556,2026-08-23 15:40:57.956521800+00:00
16640510,SpaTaro,F,16,4524,97726291,55717556,2026-08-23 15:44:51.129918800+00:00
16640510,SpaTaro,F,17,4524,97728602,55717556,2026-08-23 15:48:51.510429300+00:00
16640510,SpaTaro,F,18,4524,97730888,55717556,2026-08-23 15:52:53.028614400+00:00
16640510,SpaTaro,F,19,4524,97733198,55717556,2026-08-23 15:56:51.438996500+00:00
16640510,SpaTaro,F,20,4524,97735489,55717556,2026-08-23 16:00:53.054514+00:00
16640510,SpaTaro,F,21,4524,97737779,55717556,2026-08-23 16:04:50.665541600+00:00
16640510,SpaTaro,F,22,4524,97740073,55717556,2026-08-23 16:08:52.843814600+00:00
16640510,SpaTaro,F,23,4524,97742375,55717556,2026-08-23 16:12:52.167337700+00:00
16640510,SpaTaro,F,24,4524,97744669,55717556,2026-08-23 16:16:50.966064600+00:00
16640510,SpaTaro,F,25,4524,97746971,55717556,2026-08-23 16:20:54.146850200+00:00
16640510,SpaTaro,F,26,4524,97749261,55717556,2026-08-23 16:24:53.171880900+00:00
16640510,SpaTaro,F,27,4524,97751543,55717556,2026-08-23 16:28:58.137505800+00:00
16640510,SpaTaro,F,28,4524,97753834,55717556,2026-08-23 16:32:53.950717800+00:00
16640510,SpaTaro,F,29,4524,97756113,55717556,2026-08-23 16:36:53.838776300+00:00
16640510,SpaTaro,F,30,4524,97758407,55717556,2026-08-23 16:40:53.547030700+00:00
16640510,SpaTaro,F,31,4524,97760692,55717556,2026-08-23 16:44:55.241352800+00:00
16640510,SpaTaro,F,32,4524,97762971,55717556,2026-08-23 16:48:52.500913500+00:00
16640510,SpaTaro,F,33,4524,97765258,55717556,2026-08-23 16:52:51.172867800+00:00
16640510,SpaTaro,F,34,4524,97767553,55717556,2026-08-23 16:56:53.971130900+00:00
16640510,SpaTaro,F,35,4524,97769841,55717556,2026-08-23 17:00:56.703432100+00:00
16640510,SpaTaro,F,36,4524,97772130,55717556,2026-08-23 17:05:01.545294+00:00
16640510,SpaTaro,F,37,4524,97774412,55717556,2026-08-23 17:08:51.970833900+00:00
16640510,SpaTaro,F,38,4524,97776610,55717556,2026-08-23 17:12:50.999631600+00:00
16640510,SpaTaro,F,39,4524,97776703,55717556,2026-08-23 17:12:51.175496600+00:00
16640510,SpaTaro,F,40,4524,97778990,55717556,2026-08-23 17:16:52.469218700+00:00
16640510,SpaTaro,F,41,4524,97781292,55717556,2026-08-23 17:20:58.584875300+00:00
16640510,SpaTaro,F,42,4524,97783530,55717556,2026-08-23 17:24:52.158275200+00:00
16640510,SpaTaro,F,43,4524,97783579,55717556,2026-08-23 17:24:52.235001900+00:00
16640510,SpaTaro,F,44,4524,97785865,55717556,2026-08-23 17:28:52.498386900+00:00
16640510,SpaTaro,F,45,4524,97788197,55717556,2026-08-23 17:32:55.174258+00:00
16640510,SpaTaro,F,46,4524,97790474,55717556,2026-08-23 17:36:53.337237400+00:00
16640510,SpaTaro,F,47,4524,97810922,55717556,2026-08-23 18:12:58.454512500+00:00
16640510,SpaTaro,F,48,4524,97838418,55717556,2026-08-23 19:01:02.293435800+00:00
16640510,SpaTaro,F,49,4524,97865797,55717556,2026-08-23 19:48:55.270951100+00:00
16640510,SpaTaro,Q1,1106,4524,104822849,55891245,2026-09-02 12:28:41.988000+00:00
16640510,SpaTaro,Q1,1107,4524,104824300,55891245,2026-09-02 12:36:41.489000+00:00
16640510,SpaTaro,Q1,1108,4524,104826346,55891245,2026-09-02 12:44:42.646000+00:00
16640510,SpaTaro,Q1,1109,4524,104829551,55891245,2026-09-02 13:00:43.180000+00:00
16640510,SpaTaro,Q1,1110,4524,104830200,55891245,2026-09-02 13:04:41.481000+00:00
16640510,SpaTaro,Q1,1111,4524,104831927,55891245,2026-09-02 13:12:42.266000+00:00
16640510,SpaTaro,Q1,1112,4524,104831986,55891255,2026-09-02 13:12:42.511000+00:00
16640510,SpaTaro,Q1,1113,4524,104834788,55891245,2026-09-02 13:24:42.840000+00:00
16640510,SpaTaro,Q1,1114,4524,104835274,55891245,2026-09-02 13:28:42.462000+00:00
16640510,SpaTaro,Q1,1115,4524,104835867,55962149,2026-09-02 13:32:42.682000+00:00
16640510,SpaTaro,Q1,1116,4524,104836715,55962149,2026-09-02 13:36:42.198000+00:00
16640510,SpaTaro,Q1,1117,4524,104837531,55962149,2026-09-02 13:40:41.442000+00:00
16640510,SpaTaro,Q1,1118,4524,104838305,55962149,2026-09-02 13:44:44.738000+00:00
16640510,SpaTaro,Q1,1119,4524,104839180,55962149,2026-09-02 13:48:42.948000+00:00
16640510,SpaTaro,Q1,1120,4524,104840033,55962149,2026-09-02 13:52:41.603000+00:00
16640510,SpaTaro,Q1,1121,4524,104840883,55962149,2026-09-02 13:56:41.680000+00:00
16640510,SpaTaro,Q1,1122,4524,104841691,55962149,2026-09-02 14:00:41.612000+00:00
16640510,SpaTaro,Q1,1123,4524,104842137,55891255,2026-09-02 14:00:42.721000+00:00
16640510,SpaTaro,Q1,1124,4524,104842542,55962149,2026-09-02 14:04:40.490000+00:00
16640510,SpaTaro,Q1,1125,4524,104843380,55962149,2026-09-02 14:08:41.681000+00:00
16640510,SpaTaro,Q1,1126,4524,104843940,55891255,2026-09-02 14:08:42.682000+00:00
16640510,SpaTaro,Q1,1127,4524,104844205,55962149,2026-09-02 14:12:41.641000+00:00
16640510,SpaTaro,Q1,1128,4524,104845041,55962149,2026-09-02 14:16:41.767000+00:00
16640510,SpaTaro,Q1,1129,4524,104845940,55962149,2026-09-02 14:20:46.067000+00:00
16640510,SpaTaro,Q1,1130,4524,104846721,55962149,2026-09-02 14:24:41.676000+00:00
16640510,SpaTaro,Q1,1131,4524,104846769,55891255,2026-09-02 14:24:41.813000+00:00
16640510,SpaTaro,Q1,1132,4524,104847270,55891255,2026-09-02 14:24:43.215000+00:00
16640510,SpaTaro,Q1,1133,4524,104847556,55962149,2026-09-02 14:28:42.224000+00:00
16640510,SpaTaro,Q1,1134,4524,104848401,55962149,2026-09-02 14:32:41.963000+00:00
16640510,SpaTaro,Q1,1135,4524,104849244,55962149,2026-09-02 14:36:42.262000+00:00
16640510,SpaTaro,Q1,1136,4524,104850087,55962149,2026-09-02 14:40:41.805000+00:00
16640510,SpaTaro,Q1,1137,4524,104850932,55962149,2026-09-02 14:44:42.594000+00:00
16640510,SpaTaro,Q1,1138,4524,104851778,55962149,2026-09-02 14:48:42.964000+00:00
16640510,SpaTaro,Q1,1139,4524,104852636,55962149,2026-09-02 14:52:42.230000+00:00
16640510,SpaTaro,Q1,1140,4524,104853488,55962149,2026-09-02 14:56:41.599000+00:00
16640510,SpaTaro,Q1,1141,4524,104854379,55962149,2026-09-02 15:00:42.054000+00:00
16640510,SpaTaro,Q1,1142,4524,104855231,55962149,2026-09-02 15:04:42.011000+00:00
16640510,SpaTaro,Q1,1143,4524,104856173,55962149,2026-09-02 15:08:42.521000+00:00
16640510,SpaTaro,Q1,1144,4524,104856961,55962149,2026-09-02 15:12:42.643000+00:00
16640510,SpaTaro,Q1,1145,4524,104857809,55962149,2026-09-02 15:16:41.978000+00:00
16640510,SpaTaro,Q1,1146,4524,104857813,55963931,2026-09-02 15:16:41.987000+00:00
16640510,SpaTaro,Q1,1147,4524,104858652,55963931,2026-09-02 15:20:43.205000+00:00
16640510,SpaTaro,Q1,1148,4524,104858674,55962149,2026-09-02 15:20:43.258000+00:00
16640510,SpaTaro,Q1,1149,4524,104858737,55962149,2026-09-02 15:20:43.687000+00:00
16640510,SpaTaro,Q1,1150,4524,104859486,55963931,2026-09-02 15:24:47.201000+00:00
16640510,SpaTaro,Q1,1151,4524,104859528,55962149,2026-09-02 15:24:47.391000+00:00
16640510,SpaTaro,Q1,1152,4524,104860316,55963931,2026-09-02 15:28:42.378000+00:00
16640510,SpaTaro,Q1,1153,4524,104860370,55963931,2026-09-02 15:28:42.542000+00:00
16640510,SpaTaro,Q1,1154,4524,104860386,55962149,2026-09-02 15:28:42.581000+00:00
16640510,SpaTaro,Q1,1155,4524,104861138,55963931,2026-09-02 15:32:42.035000+00:00
16640510,SpaTaro,Q2,2237,4524,105847885,55973044,2026-09-05 16:23:11.215000+00:00
16640510,SpaTaro,Q2,2238,4524,105850748,55964744,2026-09-05 16:35:08.191000+00:00
16640510,SpaTaro,Q2,2239,4524,105851650,55973044,2026-09-05 16:39:09.908000+00:00
16640510,SpaTaro,Q2,2240,4524,105852568,55973044,2026-09-05 16:43:09.630000+00:00
16640510,SpaTaro,Q2,2241,4524,105854030,55964744,2026-09-05 16:51:04.983000+00:00
16640510,SpaTaro,Q2,2242,4524,105855716,55973044,2026-09-05 16:59:08.688000+00:00
16640510,SpaTaro,Q2,2243,4524,105857983,55964744,2026-09-05 17:07:06.203000+00:00
16640510,SpaTaro,Q2,2244,4524,105859747,55973044,2026-09-05 17:15:05.864000+00:00
16640510,SpaTaro,Q2,2245,4524,105862320,55964744,2026-09-05 17:27:11.909000+00:00
16640510,SpaTaro,Q2,2246,4524,105862335,55973044,2026-09-05 17:27:11.961000+00:00
16640510,SpaTaro,Q2,2247,4524,105862828,55964744,2026-09-05 17:31:06.779000+00:00
16640510,SpaTaro,Q2,2248,4524,105864185,55973044,2026-09-05 17:35:07.374000+00:00
16640510,SpaTaro,Q2,2249,4524,105866893,55964744,2026-09-05 17:47:07.624000+00:00
16640510,SpaTaro,Q2,2250,4524,105867856,55973044,2026-09-05 17:51:07.563000+00:00
16640510,SpaTaro,Q2,2251,4524,105868396,55964744,2026-09-05 17:55:12.318000+00:00
16640510,SpaTaro,Q2,2252,4524,105868517,55964744,2026-09-05 17:55:12.535000+00:00
16640510,SpaTaro,Q2,2253,4524,105871550,55973044,2026-09-05 18:07:08.472000+00:00
16640510,SpaTaro,Q2,2254,4524,105872143,55964744,2026-09-05 18:11:08.914000+00:00
16640510,SpaTaro,Q2,2255,4524,105872354,55964744,2026-09-05 18:11:09.227000+00:00
16640510,SpaTaro,Q2,2256,4524,105873586,55973044,2026-09-05 18:19:11.015000+00:00
16640510,SpaTaro,Q2,2257,4524,105874577,55964744,2026-09-05 18:23:14.971000+00:00
16640510,SpaTaro,Q2,2258,4524,105876965,55973044,2026-09-05 18:31:08.008000+00:00
16640510,SpaTaro,Q2,2259,4524,105877811,55964744,2026-09-05 18:35:07.970000+00:00
16640510,SpaTaro,Q2,2260,4524,105878310,55973044,2026-09-05 18:39:07.298000+00:00
16640510,SpaTaro,Q2,2261,4524,105878547,55973044,2026-09-05 18:39:07.717000+00:00
16640510,SpaTaro,Q2,2262,4524,105879284,55964744,2026-09-05 18:43:08.910000+00:00
16640510,SpaTaro,Q2,2263,4524,105879510,55973044,2026-09-05 18:43:09.289000+00:00
16640510,SpaTaro,Q2,2264,4524,105882439,55964744,2026-09-05 18:55:08.917000+00:00
16640510,SpaTaro,Q2,2265,4524,105882926,55973044,2026-09-05 18:59:08.365000+00:00
16640510,SpaTaro,Q2,2266,4524,105883123,55973044,2026-09-05 18:59:08.784000+00:00
16640510,SpaTaro,Q2,2267,4524,105884218,55973044,2026-09-05 19:03:13.521000+00:00
16640510,SpaTaro,Q2,2268,4524,105885955,55964744,2026-09-05 19:11:08.391000+00:00
16640510,SpaTaro,Q2,2269,4524,105887500,55973044,2026-09-05 19:19:06.702000+00:00
16640510,SpaTaro,Q2,2270,4524,105887730,55973044,2026-09-05 19:19:07.091000+00:00
16640510,SpaTaro,Q2,2271,4524,105888601,55964744,2026-09-05 19:23:09.222000+00:00
16640510,SpaTaro,Q2,2272,4524,105888856,55964744,2026-09-05 19:23:09.602000+00:00
16640510,SpaTaro,Q2,2273,4524,105889536,55964744,2026-09-05 19:27:07.882000+00:00
16640510,SpaTaro,Q2,2274,4524,105890083,55964744,2026-09-05 19:31:07.502000+00:00
16640510,SpaTaro,Q2,2275,4524,105890677,55973044,2026-09-05 19:31:08.911000+00:00
16640510,SpaTaro,Q2,2276,4524,105891404,55964744,2026-09-05 19:35:07.865000+00:00
16640510,SpaTaro,Q2,2277,4524,105892001,55973044,2026-09-05 19:39:07.375000+00:00
16640510,SpaTaro,Q2,2278,4524,105892808,55973044,2026-09-05 19:43:08.892000+00:00
16640510,SpaTaro,Q2,2279,4524,105894281,55964744,2026-09-05 19:47:07.672000+00:00
16640510,SpaTaro,Q2,2280,4524,105895086,55973044,2026-09-05 19:51:07.965000+00:00
16640510,SpaTaro,Q2,2281,4524,105895821,55973044,2026-09-05 19:55:07.317000+00:00
16640510,SpaTaro,Q2,2282,4524,105897701,55964744,2026-09-05 20:03:11.567000+00:00
16640510,SpaTaro,Q2,2283,4524,105897793,55964744,2026-09-05 20:03:11.696000+00:00
16640510,SpaTaro,Q2,2284,4524,105897862,55964744,2026-09-05 20:03:11.807000+00:00
16640510,SpaTaro,Q2,2285,4524,105898584,55973044,2026-09-05 20:07:11.927000+00:00
16640510,SpaTaro,Q2,2286,4524,105898751,55973044,2026-09-05 20:07:12.189000+00:00
16640510,SpaTaro,Q3,3368,4524,107053404,56089825,2026-09-09 07:32:32.469000+00:00
16640510,SpaTaro,Q3,3369,4524,107053864,56114097,2026-09-09 07:36:31.924000+00:00
16640510,SpaTaro,Q3,3370,4524,107054111,56114097,2026-09-09 07:36:32.397000+00:00
16640510,SpaTaro,Q3,3371,4524,107054868,56114097,2026-09-09 07:40:34.624000+00:00
16640510,SpaTaro,Q3,3372,4524,107055806,56114097,2026-09-09 07:44:33.622000+00:00
16640510,SpaTaro,Q3,3373,4524,107056771,56114097,2026-09-09 07:48:31.693000+00:00
16640510,SpaTaro,Q3,3374,4524,107057748,56114097,2026-09-09 07:52:32.960000+00:00
16640510,SpaTaro,Q3,3375,4524,107058227,56114097,2026-09-09 07:52:33.695000+00:00
16640510,SpaTaro,Q3,3376,4524,107058719,56114097,2026-09-09 07:56:31.574000+00:00
16640510,SpaTaro,Q3,3377,4524,107059184,56089825,2026-09-09 07:56:32.179000+00:00
16640510,SpaTaro,Q3,3378,4524,107059682,56114097,2026-09-09 08:00:32.464000+00:00
16640510,SpaTaro,Q3,3379,4524,107059683,56114097,2026-09-09 08:00:32.465000+00:00
16640510,SpaTaro,Q3,3380,4524,107060681,56114097,2026-09-09 08:04:36.975000+00:00
16640510,SpaTaro,Q3,3381,4524,107061618,56114097,2026-09-09 08:08:32.303000+00:00
16640510,SpaTaro,Q3,3382,4524,107062595,56114097,2026-09-09 08:12:31.872000+00:00
16640510,SpaTaro,Q3,3383,4524,107063568,56114097,2026-09-09 08:16:32.310000+00:00
16640510,SpaTaro,Q3,3384,4524,107064606,56114097,2026-09-09 08:20:32.880000+00:00
16640510,SpaTaro,Q3,3385,4524,107064978,56089825,2026-09-09 08:20:33.822000+00:00
16640510,SpaTaro,Q3,3386,4524,107065517,56114097,2026-09-09 08:24:34.289000+00:00
16640510,SpaTaro,Q3,3387,4524,107066482,56114097,2026-09-09 08:28:33.375000+00:00
16640510,SpaTaro,Q3,3388,4524,107067490,56114097,2026-09-09 08:32:32.028000+00:00
16640510,SpaTaro,Q3,3389,4524,107068412,56114097,2026-09-09 08:36:32.897000+00:00
16640510,SpaTaro,Q3,3390,4524,107068474,56114097,2026-09-09 08:36:33.065000+00:00
16640510,SpaTaro,Q3,3391,4524,107069364,56114097,2026-09-09 08:40:32.819000+00:00
16640510,SpaTaro,Q3,3392,4524,107070315,56114097,2026-09-09 08:44:34.488000+00:00
16640510,SpaTaro,Q3,3393,4524,107070532,56089825,2026-09-09 08:44:35.077000+00:00
16640510,SpaTaro,Q3,3394,4524,107071295,56114097,2026-09-09 08:48:32.472000+00:00
16640510,SpaTaro,Q3,3395,4524,107072268,56114097,2026-09-09 08:52:40.900000+00:00
16640510,SpaTaro,Q3,3396,4524,107073206,56114097,2026-09-09 08:56:41.520000+00:00
16640510,SpaTaro,Q3,3397,4524,107074230,56114097,2026-09-09 09:00:40.883000+00:00
16640510,SpaTaro,Q3,3398,4524,107075204,56114097,2026-09-09 09:04:37.984000+00:00
16640510,SpaTaro,Q3,3399,4524,107076232,56114097,2026-09-09 09:08:39.783000+00:00
16640510,SpaTaro,Q3,3400,4524,107077140,56114097,2026-09-09 09:12:40.668000+00:00
16640510,SpaTaro,Q3,3401,4524,107077327,56089825,2026-09-09 09:12:41.025000+00:00
16640510,SpaTaro,Q3,3402,4524,107078090,56114097,2026-09-09 09:16:38.990000+00:00
16640510,SpaTaro,Q3,3403,4524,107079052,56114097,2026-09-09 09:20:48.164000+00:00
16640510,SpaTaro,Q3,3404,4524,107080122,56114097,2026-09-09 09:24:41.689000+00:00
16640510,SpaTaro,Q3,3405,4524,107080984,56114097,2026-09-09 09:28:38.883000+00:00
16640510,SpaTaro,Q3,3406,4524,107081944,56114097,2026-09-09 09:32:43.601000+00:00
16640510,SpaTaro,Q3,3407,4524,107082907,56114097,2026-09-09 09:36:38.984000+00:00
16640510,SpaTaro,Q3,3408,4524,107083875,56114097,2026-09-09 09:40:40.975000+00:00
16640510,SpaTaro,Q3,3409,4524,107084021,56089825,2026-09-09 09:40:41.359000+00:00
16640510,SpaTaro,Q3,3410,4524,107084049,56114097,2026-09-09 09:40:41.417000+00:00
16640510,SpaTaro,Q3,3411,4524,107084850,56114097,2026-09-09 09:44:45.388000+00:00
16640510,SpaTaro,Q3,3412,4524,107085820,56114097,2026-09-09 09:48:36.527000+00:00
16640510,SpaTaro,Q3,3413,4524,107086791,56114097,2026-09-09 09:52:31.198000+00:00
16640510,SpaTaro,Q3,3414,4524,107087753,56114097,2026-09-09 09:56:32.865000+00:00
16640510,SpaTaro,Q3,3415,4524,107088718,56114097,2026-09-09 10:00:31.592000+00:00
16640510,SpaTaro,Q3,3416,4524,107089680,56114097,2026-09-09 10:04:37.476000+00:00
16640510,SpaTaro,Q3,3417,4524,107089867,56089825,2026-09-09 10:04:37.791000+00:00
16640510,SpaTaro,L,4474,4524,108878423,56114097,2026-09-14 10:38:53.521000+00:00
16640510,SpaTaro,L,4475,4524,108878440,56114097,2026-09-14 10:38:53.540000+00:00
16640510,SpaTaro,L,4476,4524,108880471,56162707,2026-09-14 10:46:52.471000+00:00
16640510,SpaTaro,L,4477,4524,108883657,56162707,2026-09-14 10:58:54.218000+00:00
16640510,SpaTaro,L,4478,4524,108884657,56114097,2026-09-14 11:02:50.274000+00:00
16640510,SpaTaro,L,4479,4524,108889803,56162707,2026-09-14 11:22:53.836000+00:00
16640510,SpaTaro,L,4480,4524,108890594,56114097,2026-09-14 11:26:56.186000+00:00
16640510,SpaTaro,L,4481,4524,108893256,56114097,2026-09-14 11:38:52.521000+00:00
16640510,SpaTaro,L,4482,4524,108894781,56162707,2026-09-14 11:42:50.981000+00:00
16640510,SpaTaro,L,4483,4524,108896822,56114097,2026-09-14 11:50:50.492000+00:00
16640510,SpaTaro,L,4484,4524,108898869,56162707,2026-09-14 11:58:51.233000+00:00
16640510,SpaTaro,L,4485,4524,108903867,56114097,2026-09-14 12:18:52.200000+00:00
16640510,SpaTaro,L,4486,4524,108905950,56162707,2026-09-14 12:26:50.778000+00:00
16640510,SpaTaro,L,4487,4524,108910287,56114097,2026-09-14 12:42:50.915000+00:00
16640510,SpaTaro,L,4488,4524,108910288,56162707,2026-09-14 12:42:50.915000+00:00
16640510,SpaTaro,L,4489,4524,108917355,56114097,2026-09-14 13:10:50.400000+00:00
16640510,SpaTaro,L,4490,4524,108917357,56114097,2026-09-14 13:10:50.403000+00:00
16640510,SpaTaro,L,4491,4524,108917359,56162707,2026-09-14 13:10:50.405000+00:00
16640510,SpaTaro,L,4492,4524,108922487,56162707,2026-09-14 13:30:51.142000+00:00
16640510,SpaTaro,L,4493,4524,108924592,56162707,2026-09-14 13:39:01.615000+00:00
16640510,SpaTaro,L,4494,4524,108924594,56114097,2026-09-14 13:39:01.617000+00:00
16640510,SpaTaro,L,4495,4524,108924598,56162707,2026-09-14 13:39:01.621000+00:00
16640510,SpaTaro,L,4496,4524,108931874,56162707,2026-09-14 14:06:50.095000+00:00
16640510,SpaTaro,L,4497,4524,108931876,56114097,2026-09-14 14:06:50.097000+00:00
16640510,SpaTaro,L,4498,4524,108931880,56162707,2026-09-14 14:06:50.102000+00:00
16640510,SpaTaro,L,4499,4524,108931883,56162707,2026-09-14 14:06:50.103000+00:00
16640510,SpaTaro,L,4500,4524,108939091,56114097,2026-09-14 14:34:56.196000+00:00
16640510,SpaTaro,L,4501,4524,108939095,56162707,2026-09-14 14:34:56.202000+00:00
16640510,SpaTaro,L,4502,4524,108944240,56162707,2026-09-14 14:54:50.678000+00:00
16640510,SpaTaro,L,4503,4524,108946326,56162707,2026-09-14 15:02:53.190000+00:00
16640510,SpaTaro,L,4504,4524,108946333,56114097,2026-09-14 15:02:53.192000+00:00
16640510,SpaTaro,L,4505,4524,108946334,56162707,2026-09-14 15:02:53.206000+00:00
16640510,SpaTaro,L,4506,4524,108953291,56162707,2026-09-14 15:30:52.607000+00:00
16640510,SpaTaro,L,4507,4524,108954593,56162707,2026-09-14 15:34:53.337000+00:00
16640510,SpaTaro,L,4508,4524,108961946,56162707,2026-09-14 16:02:58.084000+00:00
16640510,SpaTaro,L,4509,4524,108969259,56162707,2026-09-14 16:30:51.139000+00:00
16640510,SpaTaro,L,4510,4524,108976233,56162707,2026-09-14 16:58:53.209000+00:00
16640510,SpaTaro,L,4511,4524,108976252,56162707,2026-09-14 16:58:53.219000+00:00
16640510,SpaTaro,L,4512,4524,108976486,56162707,2026-09-14 16:58:53.596000+00:00
16640510,SpaTaro,L,4513,4524,108983521,56162707,2026-09-14 17:28:45.756000+00:00
16640510,SpaTaro,L,4514,4524,108983569,56162707,2026-09-14 17:28:45.843000+00:00
16640510,SpaTaro,L,4515,4524,108989817,56162707,2026-09-14 17:52:41.786000+00:00
16640510,SpaTaro,L,4516,4524,108989824,56162707,2026-09-14 17:52:41.787000+00:00
16640510,SpaTaro,L,4517,4524,108989807,56162707,2026-09-14 17:52:41.792000+00:00
16640510,SpaTaro,L,4518,4524,108993694,56162707,2026-09-14 18:08:41.976000+00:00
16640510,SpaTaro,L,4519,4524,109000023,56162707,2026-09-14 18:32:41.049000+00:00
16640510,SpaTaro,L,4520,4524,109005417,56162707,2026-09-14 18:52:41.793000+00:00
16640510,SpaTaro,L,4521,4524,109008094,56162707,2026-09-14 19:04:40.700000+00:00
16640510,SpaTaro,L,4522,4524,109012339,56162707,2026-09-14 19:20:41.880000+00:00
16640510,SpaTaro,L,4523,4524,109013354,56162707,2026-09-14 19:24:42.198000+00:00
16640510,SpaTaro,C0,0,456,107776884,56162707,2026-09-11 09:25:22.684000+00:00
16640510,SpaTaro,C0,1,456,107777869,56162707,2026-09-11 09:29:22.603000+00:00
16640510,SpaTaro,C0,2,456,107778863,56162707,2026-09-11 09:33:22.477000+00:00
16640510,SpaTaro,C0,3,456,107779848,56162707,2026-09-11 09:37:22.884000+00:00
16640510,SpaTaro,C0,4,456,107780589,56162707,2026-09-11 09:37:24.094000+00:00
16640510,SpaTaro,C0,5,456,107780788,56162707,2026-09-11 09:41:23.310000+00:00
16640510,SpaTaro,C0,6,456,107781812,56162707,2026-09-11 09:45:22.474000+00:00
16640510,SpaTaro,C0,7,456,107782761,56162707,2026-09-11 09:49:22.702000+00:00
16640510,SpaTaro,C0,8,456,107783563,56162707,2026-09-11 09:49:23.986000+00:00
16640510,SpaTaro,C0,9,456,107783734,56162707,2026-09-11 09:53:22.377000+00:00
16640510,SpaTaro,C0,10,456,107784767,56162707,2026-09-11 09:57:23.176000+00:00
16640510,SpaTaro,C0,11,456,107785762,56162707,2026-09-11 10:01:22.507000+00:00
16640510,SpaTaro,C0,12,456,107786764,56162707,2026-09-11 10:05:22.878000+00:00
16640510,SpaTaro,C0,13,456,107787862,56162707,2026-09-11 10:09:22.971000+00:00
16640510,SpaTaro,C0,14,456,107788690,56162707,2026-09-11 10:13:24.592000+00:00
16640510,SpaTaro,C0,15,456,107789042,56162707,2026-09-11 10:13:24.988000+00:00
16640510,SpaTaro,C0,16,456,107789776,56162707,2026-09-11 10:17:23.611000+00:00
16640510,SpaTaro,C0,17,456,107790767,56162707,2026-09-11 10:21:26.301000+00:00
16640510,SpaTaro,C0,18,456,107791775,56162707,2026-09-11 10:25:23.888000+00:00
16640510,SpaTaro,C0,19,456,107792783,56162707,2026-09-11 10:29:28.641000+00:00
16640510,SpaTaro,C0,20,456,107793773,56162707,2026-09-11 10:33:24.341000+00:00
16640510,SpaTaro,C0,21,456,107794752,56162707,2026-09-11 10:37:23.183000+00:00
16640510,SpaTaro,C0,22,456,107795737,56162707,2026-09-11 10:41:23.332000+00:00
16640510,SpaTaro,C0,23,456,107796730,56162707,2026-09-11 10:45:22.880000+00:00
16640510,SpaTaro,C0,24,456,107797726,56162707,2026-09-11 10:49:23.598000+00:00
16640510,SpaTaro,C0,25,456,107798717,56162707,2026-09-11 10:53:22.482000+00:00
16640510,SpaTaro,C0,26,456,107799705,56162707,2026-09-11 10:57:23.514000+00:00
16640510,SpaTaro,C0,27,456,107800707,56162707,2026-09-11 11:01:22.281000+00:00
16640510,SpaTaro,C0,28,456,107801690,56162707,2026-09-11 11:05:22.355000+00:00
16640510,SpaTaro,C0,29,456,107802685,56162707,2026-09-11 11:09:22.990000+00:00
16640510,SpaTaro,C0,30,456,107803663,56162707,2026-09-11 11:13:22.599000+00:00
16640510,SpaTaro,C0,31,456,107804650,56162707,2026-09-11 11:17:25.394000+00:00
16640510,SpaTaro,C0,32,456,107805645,56162707,2026-09-11 11:21:22.343000+00:00
16640510,SpaTaro,C0,33,456,107806651,56162707,2026-09-11 11:25:26.970000+00:00
16640510,SpaTaro,C0,34,456,107807642,56162707,2026-09-11 11:29:26.772000+00:00
16640510,SpaTaro,C0,35,456,107808632,56162707,2026-09-11 11:33:25.496000+00:00
16640510,SpaTaro,C0,36,456,107809635,56162707,2026-09-11 11:37:22.486000+00:00
16640510,SpaTaro,C0,37,456,107810614,56162707,2026-09-11 11:41:22.379000+00:00
16640510,SpaTaro,C0,38,456,107811606,56162707,2026-09-11 11:45:23.289000+00:00
16640510,SpaTaro,C0,39,456,107812593,56162707,2026-09-11 11:49:22.486000+00:00
16640510,SpaTaro,C0,40,456,107813589,56162707,2026-09-11 11:53:23.285000+00:00
16640510,SpaTaro,C0,41,456,107814590,56162707,2026-09-11 11:57:22.406000+00:00
16640510,SpaTaro,C0,42,456,107815008,56162707,2026-09-11 11:57:23.084000+00:00
16640510,SpaTaro,C0,43,456,107815579,56162707,2026-09-11 12:01:22.405000+00:00
16640510,SpaTaro,C0,44,456,107816575,56162707,2026-09-11 12:05:22.498000+00:00
16640510,SpaTaro,C0,45,456,107817577,56162707,2026-09-11 12:09:23.380000+00:00
16640510,SpaTaro,C0,46,456,107818568,56162707,2026-09-11 12:13:22.720000+00:00
16640510,SpaTaro,C0,47,456,107819566,56162707,2026-09-11 12:17:22.348000+00:00
16640510,SpaTaro,C0,48,456,107820577,56162707,2026-09-11 12:21:22.634000+00:00
16640510,SpaTaro,C0,49,456,107821586,56162707,2026-09-11 12:25:22.274000+00:00
16730524,THIRD FARM CLUB,C0,0,236,108705603,56216318,2026-09-13 23:26:48.850000+00:00
16730524,THIRD FARM CLUB,C0,1,236,108706617,56216318,2026-09-13 23:30:47.734000+00:00
16730524,THIRD FARM CLUB,C0,2,236,108707637,56216318,2026-09-13 23:34:44.011000+00:00
16730524,THIRD FARM CLUB,C0,3,236,108708658,56216318,2026-09-13 23:38:49.538000+00:00
16730524,THIRD FARM CLUB,C0,4,236,108709670,56216318,2026-09-13 23:42:46.875000+00:00
16730524,THIRD FARM CLUB,C0,5,236,108710739,56216318,2026-09-13 23:46:44.014000+00:00
16730524,THIRD FARM CLUB,C0,6,236,108711696,56216318,2026-09-13 23:50:44.052000+00:00
16730524,THIRD FARM CLUB,C0,7,236,108712714,56216318,2026-09-13 23:54:46.565000+00:00
16730524,THIRD FARM CLUB,C0,8,236,108713723,56216318,2026-09-13 23:58:44.494000+00:00
16730524,THIRD FARM CLUB,C0,9,236,108714750,56216318,2026-09-14 00:02:45.869000+00:00
16730524,THIRD FARM CLUB,C0,10,236,108715791,56216318,2026-09-14 00:06:43.617000+00:00
16730524,THIRD FARM CLUB,C0,11,236,108716823,56216318,2026-09-14 00:10:44.337000+00:00
16730524,THIRD FARM CLUB,C0,12,236,108717241,56216318,2026-09-14 00:10:45.040000+00:00
16730524,THIRD FARM CLUB,C0,13,236,108717831,56216318,2026-09-14 00:14:50.832000+00:00
16730524,THIRD FARM CLUB,C0,14,236,108718850,56216318,2026-09-14 00:18:44.668000+00:00
16730524,THIRD FARM CLUB,C0,15,236,108719221,56216318,2026-09-14 00:18:45.295000+00:00
16730524,THIRD FARM CLUB,C0,16,236,108719889,56216318,2026-09-14 00:22:43.383000+00:00
16730524,THIRD FARM CLUB,C0,17,236,108720923,56216318,2026-09-14 00:26:43.449000+00:00
16730524,THIRD FARM CLUB,C0,18,236,108721986,56216318,2026-09-14 00:30:45.183000+00:00
16730524,THIRD FARM CLUB,C0,19,236,108723036,56216318,2026-09-14 00:34:48.610000+00:00
16730524,THIRD FARM CLUB,C0,20,236,108724053,56216318,2026-09-14 00:38:45.681000+00:00
16730524,THIRD FARM CLUB,C0,21,236,108725102,56216318,2026-09-14 00:42:45.076000+00:00
16730524,THIRD FARM CLUB,C0,22,236,108725806,56216318,2026-09-14 00:42:46.225000+00:00
16730524,THIRD FARM CLUB,C0,23,236,108726078,56216318,2026-09-14 00:46:47.832000+00:00
16730524,THIRD FARM CLUB,C0,24,236,108726896,56216318,2026-09-14 00:46:49.243000+00:00
16730524,THIRD FARM CLUB,C0,25,236,108727168,56216318,2026-09-14 00:50:44.905000+00:00
16730524,THIRD FARM CLUB,C0,26,236,108728192,56216318,2026-09-14 00:54:51.475000+00:00
16730524,THIRD FARM CLUB,C0,27,236,108729223,56216318,2026-09-14 00:58:52.934000+00:00
16730524,THIRD FARM CLUB,C0,28,236,108730253,56216318,2026-09-14 01:02:43.678000+00:00
16730524,THIRD FARM CLUB,C0,29,236,108730761,56216318,2026-09-14 01:02:44.417000+00:00
16730524,THIRD FARM CLUB,C0,30,236,108731299,56216318,2026-09-14 01:06:44.018000+00:00
16730524,THIRD FARM CLUB,C0,31,236,108732327,56216318,2026-09-14 01:10:43.837000+00:00
16730524,THIRD FARM CLUB,C0,32,236,108733349,56216318,2026-09-14 01:14:47.779000+00:00
16730524,THIRD FARM CLUB,C0,33,236,108733527,56216318,2026-09-14 01:14:48.022000+00:00
16730524,THIRD FARM CLUB,C0,34,236,108733747,56216318,2026-09-14 01:14:48.335000+00:00
16730524,THIRD FARM CLUB,C0,35,236,108734385,56216318,2026-09-14 01:18:53.343000+00:00
16730524,THIRD FARM CLUB,C0,36,236,108735416,56216318,2026-09-14 01:22:45.084000+00:00
16730524,THIRD FARM CLUB,C0,37,236,108736442,56216318,2026-09-14 01:26:44.095000+00:00
16730524,THIRD FARM CLUB,C0,38,236,108737468,56216318,2026-09-14 01:30:44.480000+00:00
16730524,THIRD FARM CLUB,C0,39,236,108738491,56216318,2026-09-14 01:34:43.585000+00:00
16730524,THIRD FARM CLUB,C0,40,236,108739511,56216318,2026-09-14 01:38:44.017000+00:00
16730524,THIRD FARM CLUB,C0,41,236,108740575,56216318,2026-09-14 01:42:44.322000+00:00
16730524,THIRD FARM CLUB,C0,42,236,108741606,56216318,2026-09-14 01:46:49.003000+00:00
16730524,THIRD FARM CLUB,C0,43,236,108741970,56216318,2026-09-14 01:46:49.631000+00:00
16730524,THIRD FARM CLUB,C0,44,236,108742755,56216318,2026-09-14 01:50:44.745000+00:00
16730524,THIRD FARM CLUB,C0,45,236,108743539,56216318,2026-09-14 01:54:48.592000+00:00
16730524,THIRD FARM CLUB,C0,46,236,108743679,56216318,2026-09-14 01:54:48.802000+00:00
16730524,THIRD FARM CLUB,C0,47,236,108744093,56216318,2026-09-14 01:54:49.437000+00:00
16730524,THIRD FARM CLUB,C0,48,236,108744719,56216318,2026-09-14 01:58:46.883000+00:00
16730524,THIRD FARM CLUB,C0,49,236,108745498,56216318,2026-09-14 02:02:43.973000+00:00
16675778,Orbital Terraformer,F,0,1711,101607346,55841167,2026-08-28 10:07:06.466112300+00:00
16675778,Orbital Terraformer,F,1,1711,101609577,55841167,2026-08-28 10:11:07.163005500+00:00
16675778,Orbital Terraformer,F,2,1711,101611809,55841167,2026-08-28 10:15:09.906430+00:00
16675778,Orbital Terraformer,F,3,1711,101614038,55841167,2026-08-28 10:19:06.828292200+00:00
16675778,Orbital Terraformer,F,4,1711,101616305,55841167,2026-08-28 10:23:06.581105900+00:00
16675778,Orbital Terraformer,F,5,1711,101618542,55841167,2026-08-28 10:27:06.384684200+00:00
16675778,Orbital Terraformer,F,6,1711,101620765,55841167,2026-08-28 10:31:06.747364400+00:00
16675778,Orbital Terraformer,F,7,1711,101623000,55841167,2026-08-28 10:35:09.151132900+00:00
16675778,Orbital Terraformer,F,8,1711,101625239,55841167,2026-08-28 10:39:07.256345700+00:00
16675778,Orbital Terraformer,F,9,1711,101627489,55841167,2026-08-28 10:43:15.092363500+00:00
16675778,Orbital Terraformer,F,10,1711,101629724,55841167,2026-08-28 10:47:14.569564400+00:00
16675778,Orbital Terraformer,F,11,1711,101631965,55841167,2026-08-28 10:51:10.142840800+00:00
16675778,Orbital Terraformer,F,12,1711,101634220,55841167,2026-08-28 10:55:08.972398200+00:00
16675778,Orbital Terraformer,F,13,1711,101636461,55841167,2026-08-28 10:59:06.871842600+00:00
16675778,Orbital Terraformer,F,14,1711,101638693,55841167,2026-08-28 11:03:07.457958400+00:00
16675778,Orbital Terraformer,F,15,1711,101640966,55841167,2026-08-28 11:07:13.783388600+00:00
16675778,Orbital Terraformer,F,16,1711,101643205,55841167,2026-08-28 11:11:08.360919100+00:00
16675778,Orbital Terraformer,F,17,1711,101645449,55841167,2026-08-28 11:15:15.335748800+00:00
16675778,Orbital Terraformer,F,18,1711,101647685,55841167,2026-08-28 11:19:12.685903+00:00
16675778,Orbital Terraformer,F,19,1711,101649938,55841167,2026-08-28 11:23:10.839929600+00:00
16675778,Orbital Terraformer,F,20,1711,101652184,55841167,2026-08-28 11:27:11.869357600+00:00
16675778,Orbital Terraformer,F,21,1711,101654414,55841167,2026-08-28 11:31:12.944780500+00:00
16675778,Orbital Terraformer,F,22,1711,101656657,55841167,2026-08-28 11:35:15.452254600+00:00
16675778,Orbital Terraformer,F,23,1711,101658896,55841167,2026-08-28 11:39:11.986727900+00:00
16675778,Orbital Terraformer,F,24,1711,101661135,55841167,2026-08-28 11:43:06.873118700+00:00
16675778,Orbital Terraformer,F,25,1711,101663366,55841167,2026-08-28 11:47:06.891199+00:00
16675778,Orbital Terraformer,F,26,1711,101665612,55841167,2026-08-28 11:51:07.371201600+00:00
16675778,Orbital Terraformer,F,27,1711,101667844,55841167,2026-08-28 11:55:09.366610400+00:00
16675778,Orbital Terraformer,F,28,1711,101670082,55841167,2026-08-28 11:59:06.674289700+00:00
16675778,Orbital Terraformer,F,29,1711,101672315,55841167,2026-08-28 12:03:07.249171200+00:00
16675778,Orbital Terraformer,F,30,1711,101674550,55841167,2026-08-28 12:07:06.985744900+00:00
16675778,Orbital Terraformer,F,31,1711,101676805,55841167,2026-08-28 12:11:07.060237500+00:00
16675778,Orbital Terraformer,F,32,1711,101707843,55841167,2026-08-28 13:07:07.469560200+00:00
16675778,Orbital Terraformer,F,33,1711,101725716,55841167,2026-08-28 13:39:08.357553100+00:00
16675778,Orbital Terraformer,F,34,1711,101788634,55841167,2026-08-28 15:38:01.029598900+00:00
16675778,Orbital Terraformer,F,35,1711,101866834,55841167,2026-08-28 17:58:46.882457200+00:00
16675778,Orbital Terraformer,F,36,1711,101929321,55841167,2026-08-28 19:53:30.116680900+00:00
16675778,Orbital Terraformer,F,37,1711,101962435,55841167,2026-08-28 20:57:53.749651700+00:00
16675778,Orbital Terraformer,F,38,1711,102009563,55841167,2026-08-28 22:21:53.184421400+00:00
16675778,Orbital Terraformer,F,39,1711,102024859,55841167,2026-08-28 22:52:36.255920300+00:00
16675778,Orbital Terraformer,F,40,1711,102038277,55841167,2026-08-28 23:16:33.707754700+00:00
16675778,Orbital Terraformer,F,41,1711,102096569,55841167,2026-08-29 01:00:30.158307600+00:00
16675778,Orbital Terraformer,F,42,1711,102158839,55841167,2026-08-29 02:52:34.598191100+00:00
16675778,Orbital Terraformer,F,43,1711,102210357,55841167,2026-08-29 04:24:32.517612400+00:00
16675778,Orbital Terraformer,F,44,1711,102261638,55841167,2026-08-29 05:56:33.841851300+00:00
16675778,Orbital Terraformer,F,45,1711,102353245,55841167,2026-08-29 08:40:28.756024900+00:00
16675778,Orbital Terraformer,F,46,1711,102370957,55841167,2026-08-29 09:12:28.816503500+00:00
16675778,Orbital Terraformer,F,47,1711,102386718,55841167,2026-08-29 09:40:28.505927+00:00
16675778,Orbital Terraformer,F,48,1711,102433319,55841167,2026-08-29 11:04:28.294935700+00:00
16675778,Orbital Terraformer,F,49,1711,102458218,55841167,2026-08-29 11:48:34.462217+00:00
16675778,Orbital Terraformer,Q1,403,1711,107177129,56123944,2026-09-09 16:10:16.257000+00:00
16675778,Orbital Terraformer,Q1,404,1711,107178089,56123944,2026-09-09 16:14:19.261000+00:00
16675778,Orbital Terraformer,Q1,405,1711,107179057,56123944,2026-09-09 16:18:16.014000+00:00
16675778,Orbital Terraformer,Q1,406,1711,107179168,56108649,2026-09-09 16:18:16.177000+00:00
16675778,Orbital Terraformer,Q1,407,1711,107179293,56123944,2026-09-09 16:18:16.361000+00:00
16675778,Orbital Terraformer,Q1,408,1711,107180029,56123944,2026-09-09 16:22:17.767000+00:00
16675778,Orbital Terraformer,Q1,409,1711,107181023,56123944,2026-09-09 16:26:15.289000+00:00
16675778,Orbital Terraformer,Q1,410,1711,107181982,56123944,2026-09-09 16:30:15.712000+00:00
16675778,Orbital Terraformer,Q1,411,1711,107182373,56123944,2026-09-09 16:30:16.349000+00:00
16675778,Orbital Terraformer,Q1,412,1711,107182955,56123944,2026-09-09 16:34:19.373000+00:00
16675778,Orbital Terraformer,Q1,413,1711,107183938,56123944,2026-09-09 16:38:16.160000+00:00
16675778,Orbital Terraformer,Q1,414,1711,107184895,56123944,2026-09-09 16:42:17.453000+00:00
16675778,Orbital Terraformer,Q1,415,1711,107185868,56123944,2026-09-09 16:46:15.819000+00:00
16675778,Orbital Terraformer,Q1,416,1711,107186534,56123944,2026-09-09 16:50:15.378000+00:00
16675778,Orbital Terraformer,Q1,417,1711,107186893,56108649,2026-09-09 16:50:15.990000+00:00
16675778,Orbital Terraformer,Q1,418,1711,107187582,56108649,2026-09-09 16:54:14.719000+00:00
16675778,Orbital Terraformer,Q1,419,1711,107187803,56123944,2026-09-09 16:54:15.085000+00:00
16675778,Orbital Terraformer,Q1,420,1711,107188117,56123944,2026-09-09 16:54:15.685000+00:00
16675778,Orbital Terraformer,Q1,421,1711,107188772,56123944,2026-09-09 16:58:16.847000+00:00
16675778,Orbital Terraformer,Q1,422,1711,107189757,56123944,2026-09-09 17:02:19.257000+00:00
16675778,Orbital Terraformer,Q1,423,1711,107190728,56123944,2026-09-09 17:06:16.173000+00:00
16675778,Orbital Terraformer,Q1,424,1711,107191702,56123944,2026-09-09 17:10:17.666000+00:00
16675778,Orbital Terraformer,Q1,425,1711,107192632,56108649,2026-09-09 17:14:16.470000+00:00
16675778,Orbital Terraformer,Q1,426,1711,107192661,56123944,2026-09-09 17:14:16.499000+00:00
16675778,Orbital Terraformer,Q1,427,1711,107193641,56123944,2026-09-09 17:18:15.477000+00:00
16675778,Orbital Terraformer,Q1,428,1711,107194603,56123944,2026-09-09 17:22:20.772000+00:00
16675778,Orbital Terraformer,Q1,429,1711,107195296,56108649,2026-09-09 17:26:15.416000+00:00
16675778,Orbital Terraformer,Q1,430,1711,107195578,56123944,2026-09-09 17:26:15.855000+00:00
16675778,Orbital Terraformer,Q1,431,1711,107196565,56123944,2026-09-09 17:30:15.693000+00:00
16675778,Orbital Terraformer,Q1,432,1711,107197517,56123944,2026-09-09 17:34:15.696000+00:00
16675778,Orbital Terraformer,Q1,433,1711,107198486,56123944,2026-09-09 17:38:17.418000+00:00
16675778,Orbital Terraformer,Q1,434,1711,107199450,56123944,2026-09-09 17:42:17.754000+00:00
16675778,Orbital Terraformer,Q1,435,1711,107200429,56123944,2026-09-09 17:46:24.569000+00:00
16675778,Orbital Terraformer,Q1,436,1711,107201387,56123944,2026-09-09 17:50:16.353000+00:00
16675778,Orbital Terraformer,Q1,437,1711,107202364,56123944,2026-09-09 17:54:16.177000+00:00
16675778,Orbital Terraformer,Q1,438,1711,107203095,56123944,2026-09-09 17:58:17.454000+00:00
16675778,Orbital Terraformer,Q1,439,1711,107203327,56123944,2026-09-09 17:58:17.765000+00:00
16675778,Orbital Terraformer,Q1,440,1711,107203426,56108649,2026-09-09 17:58:17.916000+00:00
16675778,Orbital Terraformer,Q1,441,1711,107204286,56123944,2026-09-09 18:02:20.854000+00:00
16675778,Orbital Terraformer,Q1,442,1711,107205083,56108649,2026-09-09 18:06:15.486000+00:00
16675778,Orbital Terraformer,Q1,443,1711,107207923,56123944,2026-09-09 18:18:16.133000+00:00
16675778,Orbital Terraformer,Q1,444,1711,107208587,56128975,2026-09-09 18:22:16.911000+00:00
16675778,Orbital Terraformer,Q1,445,1711,107209537,56128975,2026-09-09 18:26:14.828000+00:00
16675778,Orbital Terraformer,Q1,446,1711,107210495,56128975,2026-09-09 18:30:14.969000+00:00
16675778,Orbital Terraformer,Q1,447,1711,107211443,56128975,2026-09-09 18:34:14.902000+00:00
16675778,Orbital Terraformer,Q1,448,1711,107212398,56128975,2026-09-09 18:38:15.664000+00:00
16675778,Orbital Terraformer,Q1,449,1711,107213354,56128975,2026-09-09 18:46:29.825000+00:00
16675778,Orbital Terraformer,Q1,450,1711,107214144,56123944,2026-09-09 18:46:32.332000+00:00
16675778,Orbital Terraformer,Q1,451,1711,107214311,56128975,2026-09-09 18:50:13.185000+00:00
16675778,Orbital Terraformer,Q1,452,1711,107215264,56128975,2026-09-09 18:54:13.078000+00:00
16675778,Orbital Terraformer,Q2,831,1711,107701694,56128975,2026-09-11 04:16:53.095000+00:00
16675778,Orbital Terraformer,Q2,832,1711,107701710,56128975,2026-09-11 04:16:53.106000+00:00
16675778,Orbital Terraformer,Q2,833,1711,107702034,56128975,2026-09-11 04:20:52.140000+00:00
16675778,Orbital Terraformer,Q2,834,1711,107702947,56128975,2026-09-11 04:24:52.072000+00:00
16675778,Orbital Terraformer,Q2,835,1711,107705519,56123944,2026-09-11 04:32:53.499000+00:00
16675778,Orbital Terraformer,Q2,836,1711,107707087,56128975,2026-09-11 04:40:58.183000+00:00
16675778,Orbital Terraformer,Q2,837,1711,107707066,56128975,2026-09-11 04:40:58.199000+00:00
16675778,Orbital Terraformer,Q2,838,1711,107708994,56123944,2026-09-11 04:48:53.072000+00:00
16675778,Orbital Terraformer,Q2,839,1711,107709282,56128975,2026-09-11 04:48:53.489000+00:00
16675778,Orbital Terraformer,Q2,840,1711,107712052,56128975,2026-09-11 05:00:57.595000+00:00
16675778,Orbital Terraformer,Q2,841,1711,107712258,56123944,2026-09-11 05:00:57.910000+00:00
16675778,Orbital Terraformer,Q2,842,1711,107714913,56123944,2026-09-11 05:12:52.398000+00:00
16675778,Orbital Terraformer,Q2,843,1711,107717010,56123944,2026-09-11 05:21:23.722000+00:00
16675778,Orbital Terraformer,Q2,844,1711,107717417,56128975,2026-09-11 05:21:24.469000+00:00
16675778,Orbital Terraformer,Q2,845,1711,107722425,56123944,2026-09-11 05:41:24.287000+00:00
16675778,Orbital Terraformer,Q2,846,1711,107723246,56128975,2026-09-11 05:45:23.482000+00:00
16675778,Orbital Terraformer,Q2,847,1711,107724594,56123944,2026-09-11 05:53:22.014000+00:00
16675778,Orbital Terraformer,Q2,848,1711,107727952,56123944,2026-09-11 06:05:22.907000+00:00
16675778,Orbital Terraformer,Q2,849,1711,107729047,56128975,2026-09-11 06:09:28.878000+00:00
16675778,Orbital Terraformer,Q2,850,1711,107730715,56123944,2026-09-11 06:17:26.820000+00:00
16675778,Orbital Terraformer,Q2,851,1711,107731198,56123944,2026-09-11 06:17:27.572000+00:00
16675778,Orbital Terraformer,Q2,852,1711,107733420,56123944,2026-09-11 06:29:23.476000+00:00
16675778,Orbital Terraformer,Q2,853,1711,107734249,56128975,2026-09-11 06:29:24.821000+00:00
16675778,Orbital Terraformer,Q2,854,1711,107735147,56123944,2026-09-11 06:33:23.018000+00:00
16675778,Orbital Terraformer,Q2,855,1711,107736830,56128975,2026-09-11 06:41:22.642000+00:00
16675778,Orbital Terraformer,Q2,856,1711,107737658,56128975,2026-09-11 06:45:22.379000+00:00
16675778,Orbital Terraformer,Q2,857,1711,107739968,56123944,2026-09-11 06:53:22.934000+00:00
16675778,Orbital Terraformer,Q2,858,1711,107740485,56128975,2026-09-11 06:57:22.331000+00:00
16675778,Orbital Terraformer,Q2,859,1711,107745879,56123944,2026-09-11 07:17:23.284000+00:00
16675778,Orbital Terraformer,Q2,860,1711,107746077,56128975,2026-09-11 07:17:23.595000+00:00
16675778,Orbital Terraformer,Q2,861,1711,107749889,56128975,2026-09-11 07:33:23.371000+00:00
16675778,Orbital Terraformer,Q2,862,1711,107751810,56123944,2026-09-11 07:41:23.082000+00:00
16675778,Orbital Terraformer,Q2,863,1711,107755390,56123944,2026-09-11 07:57:26.885000+00:00
16675778,Orbital Terraformer,Q2,864,1711,107755805,56128975,2026-09-11 07:57:27.534000+00:00
16675778,Orbital Terraformer,Q2,865,1711,107757688,56128975,2026-09-11 08:05:23.540000+00:00
16675778,Orbital Terraformer,Q2,866,1711,107760180,56128975,2026-09-11 08:17:22.490000+00:00
16675778,Orbital Terraformer,Q2,867,1711,107760855,56123944,2026-09-11 08:17:23.493000+00:00
16675778,Orbital Terraformer,Q2,868,1711,107762607,56128975,2026-09-11 08:25:24.093000+00:00
16675778,Orbital Terraformer,Q2,869,1711,107764818,56128975,2026-09-11 08:33:24.395000+00:00
16675778,Orbital Terraformer,Q2,870,1711,107765123,56123944,2026-09-11 08:37:22.806000+00:00
16675778,Orbital Terraformer,Q2,871,1711,107767188,56123944,2026-09-11 08:45:22.679000+00:00
16675778,Orbital Terraformer,Q2,872,1711,107770561,56128975,2026-09-11 08:57:31.783000+00:00
16675778,Orbital Terraformer,Q2,873,1711,107772631,56123944,2026-09-11 09:05:36.020000+00:00
16675778,Orbital Terraformer,Q2,874,1711,107774028,56123944,2026-09-11 09:13:27.620000+00:00
16675778,Orbital Terraformer,Q2,875,1711,107775646,56128975,2026-09-11 09:17:29.599000+00:00
16675778,Orbital Terraformer,Q2,876,1711,107777448,56128975,2026-09-11 09:25:23.601000+00:00
16675778,Orbital Terraformer,Q2,877,1711,107779676,56123944,2026-09-11 09:33:23.920000+00:00
16675778,Orbital Terraformer,Q2,878,1711,107783419,56128975,2026-09-11 09:49:23.733000+00:00
16675778,Orbital Terraformer,Q2,879,1711,107784385,56128975,2026-09-11 09:53:23.421000+00:00
16675778,Orbital Terraformer,Q2,880,1711,107785492,56123944,2026-09-11 09:57:24.388000+00:00
16675778,Orbital Terraformer,Q3,1258,1711,108351667,56128975,2026-09-13 00:10:35.322000+00:00
16675778,Orbital Terraformer,Q3,1259,1711,108354110,56123944,2026-09-13 00:18:37.404000+00:00
16675778,Orbital Terraformer,Q3,1260,1711,108354755,56123944,2026-09-13 00:22:38.919000+00:00
16675778,Orbital Terraformer,Q3,1261,1711,108355447,56123944,2026-09-13 00:26:34.042000+00:00
16675778,Orbital Terraformer,Q3,1262,1711,108356031,56128975,2026-09-13 00:26:34.989000+00:00
16675778,Orbital Terraformer,Q3,1263,1711,108356756,56128975,2026-09-13 00:30:39.811000+00:00
16675778,Orbital Terraformer,Q3,1264,1711,108359000,56123944,2026-09-13 00:38:38.728000+00:00
16675778,Orbital Terraformer,Q3,1265,1711,108360029,56123944,2026-09-13 00:42:35.821000+00:00
16675778,Orbital Terraformer,Q3,1266,1711,108361045,56128975,2026-09-13 00:46:39.431000+00:00
16675778,Orbital Terraformer,Q3,1267,1711,108363842,56123944,2026-09-13 00:58:36.821000+00:00
16675778,Orbital Terraformer,Q3,1268,1711,108365793,56128975,2026-09-13 01:06:34.949000+00:00
16675778,Orbital Terraformer,Q3,1269,1711,108366018,56123944,2026-09-13 01:06:35.302000+00:00
16675778,Orbital Terraformer,Q3,1270,1711,108367820,56128975,2026-09-13 01:14:35.952000+00:00
16675778,Orbital Terraformer,Q3,1271,1711,108369052,56123944,2026-09-13 01:18:35.378000+00:00
16675778,Orbital Terraformer,Q3,1272,1711,108371035,56123944,2026-09-13 01:26:34.709000+00:00
16675778,Orbital Terraformer,Q3,1273,1711,108371554,56123944,2026-09-13 01:30:34.330000+00:00
16675778,Orbital Terraformer,Q3,1274,1711,108372014,56123944,2026-09-13 01:30:35.119000+00:00
16675778,Orbital Terraformer,Q3,1275,1711,108372073,56128975,2026-09-13 01:30:35.212000+00:00
16675778,Orbital Terraformer,Q3,1276,1711,108372970,56123944,2026-09-13 01:34:37.682000+00:00
16675778,Orbital Terraformer,Q3,1277,1711,108373898,56128975,2026-09-13 01:38:35.823000+00:00
16675778,Orbital Terraformer,Q3,1278,1711,108374596,56123944,2026-09-13 01:42:34.081000+00:00
16675778,Orbital Terraformer,Q3,1279,1711,108375826,56128975,2026-09-13 01:46:34.803000+00:00
16675778,Orbital Terraformer,Q3,1280,1711,108378238,56123944,2026-09-13 01:54:36.787000+00:00
16675778,Orbital Terraformer,Q3,1281,1711,108380060,56128975,2026-09-13 02:02:34.514000+00:00
16675778,Orbital Terraformer,Q3,1282,1711,108381727,56123944,2026-09-13 02:10:34.696000+00:00
16675778,Orbital Terraformer,Q3,1283,1711,108382977,56128975,2026-09-13 02:14:35.802000+00:00
16675778,Orbital Terraformer,Q3,1284,1711,108384546,56123944,2026-09-13 02:22:40.989000+00:00
16675778,Orbital Terraformer,Q3,1285,1711,108385500,56123944,2026-09-13 02:26:40.514000+00:00
16675778,Orbital Terraformer,Q3,1286,1711,108387215,56128975,2026-09-13 02:30:40.085000+00:00
16675778,Orbital Terraformer,Q3,1287,1711,108389473,56128975,2026-09-13 02:42:42.994000+00:00
16675778,Orbital Terraformer,Q3,1288,1711,108390168,56123944,2026-09-13 02:42:44.227000+00:00
16675778,Orbital Terraformer,Q3,1289,1711,108390236,56128975,2026-09-13 02:42:44.317000+00:00
16675778,Orbital Terraformer,Q3,1290,1711,108391088,56123944,2026-09-13 02:46:42.514000+00:00
16675778,Orbital Terraformer,Q3,1291,1711,108395167,56128975,2026-09-13 03:02:52.907000+00:00
16675778,Orbital Terraformer,Q3,1292,1711,108395479,56128975,2026-09-13 03:06:45.658000+00:00
16675778,Orbital Terraformer,Q3,1293,1711,108396086,56123944,2026-09-13 03:06:46.632000+00:00
16675778,Orbital Terraformer,Q3,1294,1711,108397825,56123944,2026-09-13 03:14:39.179000+00:00
16675778,Orbital Terraformer,Q3,1295,1711,108400319,56128975,2026-09-13 03:22:41.845000+00:00
16675778,Orbital Terraformer,Q3,1296,1711,108402174,56128975,2026-09-13 03:30:43.251000+00:00
16675778,Orbital Terraformer,Q3,1297,1711,108402363,56123944,2026-09-13 03:30:43.504000+00:00
16675778,Orbital Terraformer,Q3,1298,1711,108402655,56128975,2026-09-13 03:34:40.382000+00:00
16675778,Orbital Terraformer,Q3,1299,1711,108404446,56128975,2026-09-13 03:38:41.502000+00:00
16675778,Orbital Terraformer,Q3,1300,1711,108407334,56123944,2026-09-13 03:50:40.590000+00:00
16675778,Orbital Terraformer,Q3,1301,1711,108408285,56128975,2026-09-13 03:54:40.224000+00:00
16675778,Orbital Terraformer,Q3,1302,1711,108408331,56128975,2026-09-13 03:54:40.294000+00:00
16675778,Orbital Terraformer,Q3,1303,1711,108412356,56123944,2026-09-13 04:10:39.250000+00:00
16675778,Orbital Terraformer,Q3,1304,1711,108413396,56128975,2026-09-13 04:14:40.503000+00:00
16675778,Orbital Terraformer,Q3,1305,1711,108417210,56123944,2026-09-13 04:30:41.638000+00:00
16675778,Orbital Terraformer,Q3,1306,1711,108418531,56128975,2026-09-13 04:34:43.998000+00:00
16675778,Orbital Terraformer,Q3,1307,1711,108422533,56123944,2026-09-13 04:50:40.995000+00:00
16675778,Orbital Terraformer,L,1661,1711,108902977,56205640,2026-09-14 12:14:51.207000+00:00
16675778,Orbital Terraformer,L,1662,1711,108903853,56212726,2026-09-14 12:18:52.184000+00:00
16675778,Orbital Terraformer,L,1663,1711,108903868,56212726,2026-09-14 12:18:52.203000+00:00
16675778,Orbital Terraformer,L,1664,1711,108904757,56212726,2026-09-14 12:22:49.898000+00:00
16675778,Orbital Terraformer,L,1665,1711,108908034,56212726,2026-09-14 12:34:50.590000+00:00
16675778,Orbital Terraformer,L,1666,1711,108910072,56205640,2026-09-14 12:42:50.498000+00:00
16675778,Orbital Terraformer,L,1667,1711,108914416,56212726,2026-09-14 12:58:52.494000+00:00
16675778,Orbital Terraformer,L,1668,1711,108917263,56205640,2026-09-14 13:10:50.261000+00:00
16675778,Orbital Terraformer,L,1669,1711,108917517,56212726,2026-09-14 13:10:50.682000+00:00
16675778,Orbital Terraformer,L,1670,1711,108922221,56212726,2026-09-14 13:30:50.592000+00:00
16675778,Orbital Terraformer,L,1671,1711,108924548,56205640,2026-09-14 13:39:01.513000+00:00
16675778,Orbital Terraformer,L,1672,1711,108924599,56205640,2026-09-14 13:39:01.623000+00:00
16675778,Orbital Terraformer,L,1673,1711,108929747,56212726,2026-09-14 13:58:58.330000+00:00
16675778,Orbital Terraformer,L,1674,1711,108931875,56212726,2026-09-14 14:06:50.097000+00:00
16675778,Orbital Terraformer,L,1675,1711,108931882,56205640,2026-09-14 14:06:50.102000+00:00
16675778,Orbital Terraformer,L,1676,1711,108933910,56212726,2026-09-14 14:14:51.926000+00:00
16675778,Orbital Terraformer,L,1677,1711,108939096,56205640,2026-09-14 14:34:56.202000+00:00
16675778,Orbital Terraformer,L,1678,1711,108940131,56212726,2026-09-14 14:38:55.989000+00:00
16675778,Orbital Terraformer,L,1679,1711,108946312,56205640,2026-09-14 15:02:53.188000+00:00
16675778,Orbital Terraformer,L,1680,1711,108946316,56212726,2026-09-14 15:02:53.188000+00:00
16675778,Orbital Terraformer,L,1681,1711,108947170,56212726,2026-09-14 15:06:54.334000+00:00
16675778,Orbital Terraformer,L,1682,1711,108953288,56205640,2026-09-14 15:30:52.596000+00:00
16675778,Orbital Terraformer,L,1683,1711,108953299,56205640,2026-09-14 15:30:52.610000+00:00
16675778,Orbital Terraformer,L,1684,1711,108954556,56212726,2026-09-14 15:34:53.294000+00:00
16675778,Orbital Terraformer,L,1685,1711,108960849,56205640,2026-09-14 15:58:58.860000+00:00
16675778,Orbital Terraformer,L,1686,1711,108960927,56205640,2026-09-14 15:58:58.991000+00:00
16675778,Orbital Terraformer,L,1687,1711,108961933,56212726,2026-09-14 16:02:58.074000+00:00
16675778,Orbital Terraformer,L,1688,1711,108968227,56205640,2026-09-14 16:26:59.281000+00:00
16675778,Orbital Terraformer,L,1689,1711,108968261,56205640,2026-09-14 16:26:59.318000+00:00
16675778,Orbital Terraformer,L,1690,1711,108969245,56212726,2026-09-14 16:30:51.129000+00:00
16675778,Orbital Terraformer,L,1691,1711,108975441,56205640,2026-09-14 16:54:51.341000+00:00
16675778,Orbital Terraformer,L,1692,1711,108975453,56205640,2026-09-14 16:54:51.359000+00:00
16675778,Orbital Terraformer,L,1693,1711,108976290,56212726,2026-09-14 16:58:53.309000+00:00
16675778,Orbital Terraformer,L,1694,1711,108977477,56212726,2026-09-14 17:02:51.527000+00:00
16675778,Orbital Terraformer,L,1695,1711,108982602,56205640,2026-09-14 17:24:42.754000+00:00
16675778,Orbital Terraformer,L,1696,1711,108982608,56212726,2026-09-14 17:24:42.758000+00:00
16675778,Orbital Terraformer,L,1697,1711,108983573,56212726,2026-09-14 17:28:45.840000+00:00
16675778,Orbital Terraformer,L,1698,1711,108988671,56205640,2026-09-14 17:48:42.744000+00:00
16675778,Orbital Terraformer,L,1699,1711,108988882,56212726,2026-09-14 17:48:42.752000+00:00
16675778,Orbital Terraformer,L,1700,1711,108991495,56212726,2026-09-14 18:00:42.364000+00:00
16675778,Orbital Terraformer,L,1701,1711,108994979,56205640,2026-09-14 18:12:40.889000+00:00
16675778,Orbital Terraformer,L,1702,1711,108995962,56205640,2026-09-14 18:16:41.060000+00:00
16675778,Orbital Terraformer,L,1703,1711,108997975,56212726,2026-09-14 18:24:41.041000+00:00
16675778,Orbital Terraformer,L,1704,1711,109000023,56212726,2026-09-14 18:32:41.049000+00:00
16675778,Orbital Terraformer,L,1705,1711,109001191,56205640,2026-09-14 18:36:46.037000+00:00
16675778,Orbital Terraformer,L,1706,1711,109005418,56212726,2026-09-14 18:52:41.794000+00:00
16675778,Orbital Terraformer,L,1707,1711,109007180,56205640,2026-09-14 19:00:41.546000+00:00
16675778,Orbital Terraformer,L,1708,1711,109011117,56205640,2026-09-14 19:16:41.056000+00:00
16675778,Orbital Terraformer,L,1709,1711,109011299,56212726,2026-09-14 19:16:41.345000+00:00
16675778,Orbital Terraformer,L,1710,1711,109013497,56212726,2026-09-14 19:24:42.444000+00:00
16675778,Orbital Terraformer,C0,0,187,108522243,56205640,2026-09-13 11:26:46.786000+00:00
16675778,Orbital Terraformer,C0,1,187,108523273,56205640,2026-09-13 11:30:40.501000+00:00
16675778,Orbital Terraformer,C0,2,187,108523663,56205640,2026-09-13 11:30:41.295000+00:00
16675778,Orbital Terraformer,C0,3,187,108524279,56205640,2026-09-13 11:34:39.913000+00:00
16675778,Orbital Terraformer,C0,4,187,108525280,56205640,2026-09-13 11:38:40.497000+00:00
16675778,Orbital Terraformer,C0,5,187,108526294,56205640,2026-09-13 11:42:40.093000+00:00
16675778,Orbital Terraformer,C0,6,187,108527288,56205640,2026-09-13 11:46:40.203000+00:00
16675778,Orbital Terraformer,C0,7,187,108528293,56205640,2026-09-13 11:50:39.992000+00:00
16675778,Orbital Terraformer,C0,8,187,108529311,56205640,2026-09-13 11:54:42.189000+00:00
16675778,Orbital Terraformer,C0,9,187,108530319,56205640,2026-09-13 11:58:44.012000+00:00
16675778,Orbital Terraformer,C0,10,187,108531331,56205640,2026-09-13 12:02:40.981000+00:00
16675778,Orbital Terraformer,C0,11,187,108532339,56205640,2026-09-13 12:06:46.275000+00:00
16675778,Orbital Terraformer,C0,12,187,108533357,56205640,2026-09-13 12:10:45.660000+00:00
16675778,Orbital Terraformer,C0,13,187,108533773,56205640,2026-09-13 12:10:46.381000+00:00
16675778,Orbital Terraformer,C0,14,187,108534369,56205640,2026-09-13 12:14:41.071000+00:00
16675778,Orbital Terraformer,C0,15,187,108535378,56205640,2026-09-13 12:18:42.228000+00:00
16675778,Orbital Terraformer,C0,16,187,108536497,56205640,2026-09-13 12:22:41.914000+00:00
16675778,Orbital Terraformer,C0,17,187,108537416,56205640,2026-09-13 12:26:40.332000+00:00
16675778,Orbital Terraformer,C0,18,187,108538427,56205640,2026-09-13 12:30:45.929000+00:00
16675778,Orbital Terraformer,C0,19,187,108539443,56205640,2026-09-13 12:34:41.303000+00:00
16675778,Orbital Terraformer,C0,20,187,108539983,56205640,2026-09-13 12:34:42.241000+00:00
16675778,Orbital Terraformer,C0,21,187,108540148,56205640,2026-09-13 12:34:42.520000+00:00
16675778,Orbital Terraformer,C0,22,187,108540461,56205640,2026-09-13 12:38:46.186000+00:00
16675778,Orbital Terraformer,C0,23,187,108541466,56205640,2026-09-13 12:42:40.299000+00:00
16675778,Orbital Terraformer,C0,24,187,108542194,56205640,2026-09-13 12:42:41.535000+00:00
16675778,Orbital Terraformer,C0,25,187,108542552,56205640,2026-09-13 12:46:43.089000+00:00
16675778,Orbital Terraformer,C0,26,187,108543613,56205640,2026-09-13 12:50:41.402000+00:00
16675778,Orbital Terraformer,C0,27,187,108544618,56205640,2026-09-13 12:54:41.225000+00:00
16675778,Orbital Terraformer,C0,28,187,108545666,56205640,2026-09-13 12:58:49.272000+00:00
16675778,Orbital Terraformer,C0,29,187,108545738,56205640,2026-09-13 12:58:49.375000+00:00
16675778,Orbital Terraformer,C0,30,187,108546720,56205640,2026-09-13 13:02:41.795000+00:00
16675778,Orbital Terraformer,C0,31,187,108547755,56205640,2026-09-13 13:06:41.776000+00:00
16675778,Orbital Terraformer,C0,32,187,108548780,56205640,2026-09-13 13:10:42.632000+00:00
16675778,Orbital Terraformer,C0,33,187,108549798,56205640,2026-09-13 13:14:43.587000+00:00
16675778,Orbital Terraformer,C0,34,187,108549931,56205640,2026-09-13 13:14:43.802000+00:00
16675778,Orbital Terraformer,C0,35,187,108550846,56205640,2026-09-13 13:18:45.092000+00:00
16675778,Orbital Terraformer,C0,36,187,108551885,56205640,2026-09-13 13:22:40.225000+00:00
16675778,Orbital Terraformer,C0,37,187,108552912,56205640,2026-09-13 13:26:43.506000+00:00
16675778,Orbital Terraformer,C0,38,187,108553936,56205640,2026-09-13 13:30:44.285000+00:00
16675778,Orbital Terraformer,C0,39,187,108554179,56205640,2026-09-13 13:30:44.621000+00:00
16675778,Orbital Terraformer,C0,40,187,108554981,56205640,2026-09-13 13:34:43.823000+00:00
16675778,Orbital Terraformer,C0,41,187,108556027,56205640,2026-09-13 13:38:43.122000+00:00
16675778,Orbital Terraformer,C0,42,187,108557063,56205640,2026-09-13 13:42:42.380000+00:00
16675778,Orbital Terraformer,C0,43,187,108558071,56205640,2026-09-13 13:46:41.474000+00:00
16675778,Orbital Terraformer,C0,44,187,108558646,56205640,2026-09-13 13:46:42.491000+00:00
16675778,Orbital Terraformer,C0,45,187,108559101,56205640,2026-09-13 13:50:42.342000+00:00
16675778,Orbital Terraformer,C0,46,187,108559564,56205640,2026-09-13 13:50:43.179000+00:00
16675778,Orbital Terraformer,C0,47,187,108560149,56205640,2026-09-13 13:54:41.811000+00:00
16675778,Orbital Terraformer,C0,48,187,108561009,56205640,2026-09-13 13:58:44.480000+00:00
16675778,Orbital Terraformer,C0,49,187,108561202,56205640,2026-09-13 13:58:44.688000+00:00
16664246,Sida Zuo,C0,0,112,108974650,56235662,2026-09-14 16:54:49.689000+00:00
16664246,Sida Zuo,C0,1,112,108975660,56235662,2026-09-14 16:58:51.902000+00:00
16664246,Sida Zuo,C0,2,112,108977022,56235662,2026-09-14 17:02:50.356000+00:00
16664246,Sida Zuo,C0,3,112,108977721,56235662,2026-09-14 17:08:55.256000+00:00
16664246,Sida Zuo,C0,4,112,108978732,56235662,2026-09-14 17:12:41.537000+00:00
16664246,Sida Zuo,C0,5,112,108979745,56235662,2026-09-14 17:16:43.073000+00:00
16664246,Sida Zuo,C0,6,112,108980788,56235662,2026-09-14 17:20:42.260000+00:00
16664246,Sida Zuo,C0,7,112,108981798,56235662,2026-09-14 17:24:41.399000+00:00
16664246,Sida Zuo,C0,8,112,108982803,56235662,2026-09-14 17:28:44.576000+00:00
16664246,Sida Zuo,C0,9,112,108983842,56235662,2026-09-14 17:32:40.662000+00:00
16664246,Sida Zuo,C0,10,112,108984855,56235662,2026-09-14 17:36:41.595000+00:00
16664246,Sida Zuo,C0,11,112,108985878,56235662,2026-09-14 17:40:40.288000+00:00
16664246,Sida Zuo,C0,12,112,108986908,56235662,2026-09-14 17:44:40.586000+00:00
16664246,Sida Zuo,C0,13,112,108987945,56235662,2026-09-14 17:48:41.257000+00:00
16664246,Sida Zuo,C0,14,112,108988976,56235662,2026-09-14 17:52:40.291000+00:00
16664246,Sida Zuo,C0,15,112,108990009,56235662,2026-09-14 17:56:39.982000+00:00
16664246,Sida Zuo,C0,16,112,108991067,56235662,2026-09-14 18:00:41.436000+00:00
16664246,Sida Zuo,C0,17,112,108992113,56235662,2026-09-14 18:04:40.769000+00:00
16664246,Sida Zuo,C0,18,112,108993143,56235662,2026-09-14 18:08:41.042000+00:00
16664246,Sida Zuo,C0,19,112,108994206,56235662,2026-09-14 18:12:39.690000+00:00
16664246,Sida Zuo,C0,20,112,108995246,56235662,2026-09-14 18:16:39.859000+00:00
16664246,Sida Zuo,C0,21,112,108996320,56235662,2026-09-14 18:20:43.760000+00:00
16664246,Sida Zuo,C0,22,112,108997359,56235662,2026-09-14 18:24:39.977000+00:00
16664246,Sida Zuo,C0,23,112,108998394,56235662,2026-09-14 18:28:41.892000+00:00
16664246,Sida Zuo,C0,24,112,108999439,56235662,2026-09-14 18:32:39.968000+00:00
16664246,Sida Zuo,C0,25,112,109000472,56235662,2026-09-14 18:36:44.907000+00:00
16664246,Sida Zuo,C0,26,112,109001514,56235662,2026-09-14 18:40:40.550000+00:00
16664246,Sida Zuo,C0,27,112,109002551,56235662,2026-09-14 18:44:40.043000+00:00
16664246,Sida Zuo,C0,28,112,109003584,56235662,2026-09-14 18:48:40.560000+00:00
16664246,Sida Zuo,C0,29,112,109004622,56235662,2026-09-14 18:52:40.375000+00:00
16664246,Sida Zuo,C0,30,112,109005655,56235662,2026-09-14 18:56:39.994000+00:00
16664246,Sida Zuo,C0,31,112,109006697,56235662,2026-09-14 19:00:40.792000+00:00
16664246,Sida Zuo,C0,32,112,109007743,56235662,2026-09-14 19:04:40.168000+00:00
16664246,Sida Zuo,C0,33,112,109007814,56235662,2026-09-14 19:04:40.277000+00:00
16664246,Sida Zuo,C0,34,112,109008794,56235662,2026-09-14 19:08:42.506000+00:00
16664246,Sida Zuo,C0,35,112,109009835,56235662,2026-09-14 19:12:39.979000+00:00
16664246,Sida Zuo,C0,36,112,109010875,56235662,2026-09-14 19:16:40.583000+00:00
16664246,Sida Zuo,C0,37,112,109011652,56235662,2026-09-14 19:16:41.860000+00:00
16664246,Sida Zuo,C0,38,112,109011907,56235662,2026-09-14 19:20:41.160000+00:00
16664246,Sida Zuo,C0,39,112,109012951,56235662,2026-09-14 19:24:41.396000+00:00
16664246,Sida Zuo,C0,40,112,109013989,56235662,2026-09-14 19:28:41.582000+00:00
16664246,Sida Zuo,C0,41,112,109015026,56235662,2026-09-14 19:32:40.574000+00:00
16664246,Sida Zuo,C0,42,112,109015072,56235662,2026-09-14 19:32:40.719000+00:00
16664246,Sida Zuo,C0,43,112,109016062,56235662,2026-09-14 19:36:40.301000+00:00
16664246,Sida Zuo,C0,44,112,109017104,56235662,2026-09-14 19:40:40.854000+00:00
16664246,Sida Zuo,C0,45,112,109017428,56235662,2026-09-14 19:40:41.442000+00:00
16664246,Sida Zuo,C0,46,112,109018134,56235662,2026-09-14 19:44:40.700000+00:00
16664246,Sida Zuo,C0,47,112,109019222,56235662,2026-09-14 19:53:29.226000+00:00
16664246,Sida Zuo,C0,48,112,109020256,56235662,2026-09-14 19:57:13.908000+00:00
16664246,Sida Zuo,C0,49,112,109021240,56235662,2026-09-14 20:01:13.086000+00:00
16732403,ymg_aq,F,0,5367,96854666,55692726,2026-08-22 14:16:07.331000+00:00
16732403,ymg_aq,F,1,5367,96856964,55692726,2026-08-22 14:20:06.267000+00:00
16732403,ymg_aq,F,2,5367,96859228,55692726,2026-08-22 14:24:02.055000+00:00
16732403,ymg_aq,F,3,5367,96861485,55692726,2026-08-22 14:28:02.778000+00:00
16732403,ymg_aq,F,4,5367,96861488,55692726,2026-08-22 14:28:02.780000+00:00
16732403,ymg_aq,F,5,5367,96863771,55692726,2026-08-22 14:32:03.252000+00:00
16732403,ymg_aq,F,6,5367,96866037,55692726,2026-08-22 14:36:02.311000+00:00
16732403,ymg_aq,F,7,5367,96868324,55692726,2026-08-22 14:40:05.559000+00:00
16732403,ymg_aq,F,8,5367,96870590,55692726,2026-08-22 14:44:07.112000+00:00
16732403,ymg_aq,F,9,5367,96872865,55692726,2026-08-22 14:48:02.325000+00:00
16732403,ymg_aq,F,10,5367,96875150,55692726,2026-08-22 14:52:02.765000+00:00
16732403,ymg_aq,F,11,5367,96877436,55692726,2026-08-22 14:56:02.965000+00:00
16732403,ymg_aq,F,12,5367,96877643,55692726,2026-08-22 14:56:03.263000+00:00
16732403,ymg_aq,F,13,5367,96879714,55692726,2026-08-22 15:00:04.449000+00:00
16732403,ymg_aq,F,14,5367,96882005,55692726,2026-08-22 15:04:03.039000+00:00
16732403,ymg_aq,F,15,5367,96884283,55692726,2026-08-22 15:08:05.095000+00:00
16732403,ymg_aq,F,16,5367,96886580,55692726,2026-08-22 15:12:05.888000+00:00
16732403,ymg_aq,F,17,5367,96888892,55692726,2026-08-22 15:16:02.408000+00:00
16732403,ymg_aq,F,18,5367,96891197,55692726,2026-08-22 15:20:05.709000+00:00
16732403,ymg_aq,F,19,5367,96893480,55692726,2026-08-22 15:24:02.546000+00:00
16732403,ymg_aq,F,20,5367,96895767,55692726,2026-08-22 15:28:01.863000+00:00
16732403,ymg_aq,F,21,5367,96898049,55692726,2026-08-22 15:32:03.242000+00:00
16732403,ymg_aq,F,22,5367,96900346,55692726,2026-08-22 15:36:02.313000+00:00
16732403,ymg_aq,F,23,5367,96902639,55692726,2026-08-22 15:40:05.185000+00:00
16732403,ymg_aq,F,24,5367,96904931,55692726,2026-08-22 15:44:07.006000+00:00
16732403,ymg_aq,F,25,5367,96907215,55692726,2026-08-22 15:48:03.663000+00:00
16732403,ymg_aq,F,26,5367,96909500,55692726,2026-08-22 15:52:02.068000+00:00
16732403,ymg_aq,F,27,5367,96911787,55692726,2026-08-22 15:56:03.258000+00:00
16732403,ymg_aq,F,28,5367,96914082,55692726,2026-08-22 16:00:04.544000+00:00
16732403,ymg_aq,F,29,5367,96916363,55692726,2026-08-22 16:04:01.502000+00:00
16732403,ymg_aq,F,30,5367,96918672,55692726,2026-08-22 16:08:01.961000+00:00
16732403,ymg_aq,F,31,5367,96920967,55692726,2026-08-22 16:12:01.873000+00:00
16732403,ymg_aq,F,32,5367,96923259,55692726,2026-08-22 16:16:03.751000+00:00
16732403,ymg_aq,F,33,5367,96925553,55692726,2026-08-22 16:20:04.536000+00:00
16732403,ymg_aq,F,34,5367,96927838,55692726,2026-08-22 16:24:02.693000+00:00
16732403,ymg_aq,F,35,5367,96930133,55692726,2026-08-22 16:28:02.351000+00:00
16732403,ymg_aq,F,36,5367,96932415,55692726,2026-08-22 16:32:03.700000+00:00
16732403,ymg_aq,F,37,5367,96934713,55692726,2026-08-22 16:36:02.329000+00:00
16732403,ymg_aq,F,38,5367,96936992,55692726,2026-08-22 16:40:04.898000+00:00
16732403,ymg_aq,F,39,5367,96939286,55692726,2026-08-22 16:44:01.791000+00:00
16732403,ymg_aq,F,40,5367,96941583,55692726,2026-08-22 16:48:01.978000+00:00
16732403,ymg_aq,F,41,5367,96943873,55692726,2026-08-22 16:52:01.637000+00:00
16732403,ymg_aq,F,42,5367,96946149,55692726,2026-08-22 16:56:02.667000+00:00
16732403,ymg_aq,F,43,5367,96948443,55692726,2026-08-22 17:00:36.274000+00:00
16732403,ymg_aq,F,44,5367,96950725,55692726,2026-08-22 17:04:31.803000+00:00
16732403,ymg_aq,F,45,5367,96953014,55692726,2026-08-22 17:08:32.154000+00:00
16732403,ymg_aq,F,46,5367,96955297,55692726,2026-08-22 17:12:32.299000+00:00
16732403,ymg_aq,F,47,5367,96957583,55692726,2026-08-22 17:16:32.769000+00:00
16732403,ymg_aq,F,48,5367,96959876,55692726,2026-08-22 17:20:39.950000+00:00
16732403,ymg_aq,F,49,5367,96962173,55692726,2026-08-22 17:24:32.585000+00:00
16732403,ymg_aq,Q1,1317,5367,104959666,55969830,2026-09-02 23:30:18.758000+00:00
16732403,ymg_aq,Q1,1318,5367,104960492,55969830,2026-09-02 23:34:19.909000+00:00
16732403,ymg_aq,Q1,1319,5367,104960495,55969827,2026-09-02 23:34:19.913000+00:00
16732403,ymg_aq,Q1,1320,5367,104961335,55969830,2026-09-02 23:38:18.717000+00:00
16732403,ymg_aq,Q1,1321,5367,104961339,55969827,2026-09-02 23:38:18.722000+00:00
16732403,ymg_aq,Q1,1322,5367,104962175,55969830,2026-09-02 23:42:18.581000+00:00
16732403,ymg_aq,Q1,1323,5367,104962180,55969827,2026-09-02 23:42:18.584000+00:00
16732403,ymg_aq,Q1,1324,5367,104963023,55969827,2026-09-02 23:46:18.553000+00:00
16732403,ymg_aq,Q1,1325,5367,104963024,55969830,2026-09-02 23:46:18.561000+00:00
16732403,ymg_aq,Q1,1326,5367,104963863,55969830,2026-09-02 23:50:18.391000+00:00
16732403,ymg_aq,Q1,1327,5367,104963867,55969827,2026-09-02 23:50:18.397000+00:00
16732403,ymg_aq,Q1,1328,5367,104964700,55969830,2026-09-02 23:54:18.764000+00:00
16732403,ymg_aq,Q1,1329,5367,104964701,55969827,2026-09-02 23:54:18.764000+00:00
16732403,ymg_aq,Q1,1330,5367,104965540,55969827,2026-09-02 23:58:18.596000+00:00
16732403,ymg_aq,Q1,1331,5367,104965543,55969830,2026-09-02 23:58:18.599000+00:00
16732403,ymg_aq,Q1,1332,5367,104966421,55969830,2026-09-03 00:02:18.767000+00:00
16732403,ymg_aq,Q1,1333,5367,104966429,55969827,2026-09-03 00:02:18.778000+00:00
16732403,ymg_aq,Q1,1334,5367,104967292,55969830,2026-09-03 00:06:19.132000+00:00
16732403,ymg_aq,Q1,1335,5367,104967299,55969827,2026-09-03 00:06:19.139000+00:00
16732403,ymg_aq,Q1,1336,5367,104968161,55969830,2026-09-03 00:10:19.185000+00:00
16732403,ymg_aq,Q1,1337,5367,104968178,55969827,2026-09-03 00:10:19.205000+00:00
16732403,ymg_aq,Q1,1338,5367,104969004,55969830,2026-09-03 00:14:22.735000+00:00
16732403,ymg_aq,Q1,1339,5367,104969026,55969827,2026-09-03 00:14:22.759000+00:00
16732403,ymg_aq,Q1,1340,5367,104969846,55969830,2026-09-03 00:18:19.064000+00:00
16732403,ymg_aq,Q1,1341,5367,104969882,55969827,2026-09-03 00:18:19.100000+00:00
16732403,ymg_aq,Q1,1342,5367,104970712,55969830,2026-09-03 00:22:18.866000+00:00
16732403,ymg_aq,Q1,1343,5367,104970795,55969827,2026-09-03 00:22:18.978000+00:00
16732403,ymg_aq,Q1,1344,5367,104971557,55969830,2026-09-03 00:26:19.710000+00:00
16732403,ymg_aq,Q1,1345,5367,104971652,55969827,2026-09-03 00:26:19.846000+00:00
16732403,ymg_aq,Q1,1346,5367,104972443,55969830,2026-09-03 00:30:18.772000+00:00
16732403,ymg_aq,Q1,1347,5367,104972527,55969827,2026-09-03 00:30:18.938000+00:00
16732403,ymg_aq,Q1,1348,5367,104973190,55969830,2026-09-03 00:30:20.184000+00:00
16732403,ymg_aq,Q1,1349,5367,104973373,55969830,2026-09-03 00:34:20.042000+00:00
16732403,ymg_aq,Q1,1350,5367,104973399,55969827,2026-09-03 00:34:20.073000+00:00
16732403,ymg_aq,Q1,1351,5367,104973561,55969827,2026-09-03 00:34:20.343000+00:00
16732403,ymg_aq,Q1,1352,5367,104974224,55969830,2026-09-03 00:38:23.758000+00:00
16732403,ymg_aq,Q1,1353,5367,104974258,55969827,2026-09-03 00:38:23.827000+00:00
16732403,ymg_aq,Q1,1354,5367,104974433,55969830,2026-09-03 00:38:24.070000+00:00
16732403,ymg_aq,Q1,1355,5367,104974638,55969827,2026-09-03 00:38:24.387000+00:00
16732403,ymg_aq,Q1,1356,5367,104974761,55969827,2026-09-03 00:38:24.667000+00:00
16732403,ymg_aq,Q1,1357,5367,104975106,55969830,2026-09-03 00:42:19.967000+00:00
16732403,ymg_aq,Q1,1358,5367,104975135,55969827,2026-09-03 00:42:20.035000+00:00
16732403,ymg_aq,Q1,1359,5367,104975301,55969830,2026-09-03 00:42:20.274000+00:00
16732403,ymg_aq,Q1,1360,5367,104975960,55969830,2026-09-03 00:46:18.854000+00:00
16732403,ymg_aq,Q1,1361,5367,104975993,55969827,2026-09-03 00:46:18.890000+00:00
16732403,ymg_aq,Q1,1362,5367,104976823,55969830,2026-09-03 00:50:19.062000+00:00
16732403,ymg_aq,Q1,1363,5367,104976857,55969827,2026-09-03 00:50:19.154000+00:00
16732403,ymg_aq,Q1,1364,5367,104977670,55969830,2026-09-03 00:54:24.282000+00:00
16732403,ymg_aq,Q1,1365,5367,104977711,55969827,2026-09-03 00:54:24.392000+00:00
16732403,ymg_aq,Q1,1366,5367,104978509,55969830,2026-09-03 00:58:18.832000+00:00
16732403,ymg_aq,Q2,2659,5367,105972581,56029597,2026-09-06 01:31:14.509000+00:00
16732403,ymg_aq,Q2,2660,5367,105973325,56029597,2026-09-06 01:35:14.160000+00:00
16732403,ymg_aq,Q2,2661,5367,105975073,56029584,2026-09-06 01:43:16.289000+00:00
16732403,ymg_aq,Q2,2662,5367,105976150,56029597,2026-09-06 01:47:14.081000+00:00
16732403,ymg_aq,Q2,2663,5367,105976750,56029597,2026-09-06 01:51:13.812000+00:00
16732403,ymg_aq,Q2,2664,5367,105977873,56029584,2026-09-06 01:55:14.200000+00:00
16732403,ymg_aq,Q2,2665,5367,105979642,56029584,2026-09-06 02:03:18.468000+00:00
16732403,ymg_aq,Q2,2666,5367,105979676,56029597,2026-09-06 02:03:18.526000+00:00
16732403,ymg_aq,Q2,2667,5367,105980749,56029597,2026-09-06 02:07:19.408000+00:00
16732403,ymg_aq,Q2,2668,5367,105982498,56029584,2026-09-06 02:15:14.260000+00:00
16732403,ymg_aq,Q2,2669,5367,105983389,56029584,2026-09-06 02:19:18.173000+00:00
16732403,ymg_aq,Q2,2670,5367,105984106,56029597,2026-09-06 02:23:17.524000+00:00
16732403,ymg_aq,Q2,2671,5367,105986171,56029597,2026-09-06 02:31:15.511000+00:00
16732403,ymg_aq,Q2,2672,5367,105986729,56029584,2026-09-06 02:35:14.724000+00:00
16732403,ymg_aq,Q2,2673,5367,105987859,56029584,2026-09-06 02:39:15.102000+00:00
16732403,ymg_aq,Q2,2674,5367,105987940,56029584,2026-09-06 02:39:15.300000+00:00
16732403,ymg_aq,Q2,2675,5367,105988613,56029597,2026-09-06 02:43:17.583000+00:00
16732403,ymg_aq,Q2,2676,5367,105988744,56029584,2026-09-06 02:43:17.863000+00:00
16732403,ymg_aq,Q2,2677,5367,105991553,56029597,2026-09-06 02:55:15.291000+00:00
16732403,ymg_aq,Q2,2678,5367,105991648,56029584,2026-09-06 02:55:15.482000+00:00
16732403,ymg_aq,Q2,2679,5367,105994971,56029584,2026-09-06 03:11:14.258000+00:00
16732403,ymg_aq,Q2,2680,5367,105994986,56029597,2026-09-06 03:11:14.274000+00:00
16732403,ymg_aq,Q2,2681,5367,105995051,56029584,2026-09-06 03:11:14.406000+00:00
16732403,ymg_aq,Q2,2682,5367,105997456,56029597,2026-09-06 03:23:16.478000+00:00
16732403,ymg_aq,Q2,2683,5367,105997805,56029584,2026-09-06 03:23:17.082000+00:00
16732403,ymg_aq,Q2,2684,5367,105997982,56029597,2026-09-06 03:23:17.393000+00:00
16732403,ymg_aq,Q2,2685,5367,105998036,56029584,2026-09-06 03:23:17.484000+00:00
16732403,ymg_aq,Q2,2686,5367,105998937,56029597,2026-09-06 03:27:14.801000+00:00
16732403,ymg_aq,Q2,2687,5367,106001527,56029584,2026-09-06 03:39:13.665000+00:00
16732403,ymg_aq,Q2,2688,5367,106002422,56029597,2026-09-06 03:43:16.663000+00:00
16732403,ymg_aq,Q2,2689,5367,106003139,56029584,2026-09-06 03:47:13.615000+00:00
16732403,ymg_aq,Q2,2690,5367,106004224,56029597,2026-09-06 03:51:44.370000+00:00
16732403,ymg_aq,Q2,2691,5367,106005814,56029597,2026-09-06 03:59:43.766000+00:00
16732403,ymg_aq,Q2,2692,5367,106006278,56029584,2026-09-06 03:59:44.562000+00:00
16732403,ymg_aq,Q2,2693,5367,106006291,56029597,2026-09-06 03:59:44.580000+00:00
16732403,ymg_aq,Q2,2694,5367,106009007,56029584,2026-09-06 04:11:44.087000+00:00
16732403,ymg_aq,Q2,2695,5367,106009788,56029597,2026-09-06 04:15:43.860000+00:00
16732403,ymg_aq,Q2,2696,5367,106009872,56029597,2026-09-06 04:15:43.986000+00:00
16732403,ymg_aq,Q2,2697,5367,106012528,56029584,2026-09-06 04:27:44.300000+00:00
16732403,ymg_aq,Q2,2698,5367,106012535,56029584,2026-09-06 04:27:44.308000+00:00
16732403,ymg_aq,Q2,2699,5367,106013417,56029597,2026-09-06 04:31:43.480000+00:00
16732403,ymg_aq,Q2,2700,5367,106013875,56046663,2026-09-06 04:35:43.230000+00:00
16732403,ymg_aq,Q2,2701,5367,106013879,56046677,2026-09-06 04:35:43.259000+00:00
16732403,ymg_aq,Q2,2702,5367,106014774,56046663,2026-09-06 04:39:43.172000+00:00
16732403,ymg_aq,Q2,2703,5367,106014790,56046677,2026-09-06 04:39:43.189000+00:00
16732403,ymg_aq,Q2,2704,5367,106015658,56046663,2026-09-06 04:43:45.669000+00:00
16732403,ymg_aq,Q2,2705,5367,106015662,56046677,2026-09-06 04:43:45.673000+00:00
16732403,ymg_aq,Q2,2706,5367,106016548,56046663,2026-09-06 04:47:42.664000+00:00
16732403,ymg_aq,Q2,2707,5367,106016565,56046677,2026-09-06 04:47:42.683000+00:00
16732403,ymg_aq,Q2,2708,5367,106017447,56046677,2026-09-06 04:51:42.778000+00:00
16732403,ymg_aq,Q3,4000,5367,107037645,56113325,2026-09-09 06:28:31.665000+00:00
16732403,ymg_aq,Q3,4001,5367,107037726,56113325,2026-09-09 06:28:31.864000+00:00
16732403,ymg_aq,Q3,4002,5367,107038588,56113331,2026-09-09 06:32:32.575000+00:00
16732403,ymg_aq,Q3,4003,5367,107038608,56113325,2026-09-09 06:32:32.595000+00:00
16732403,ymg_aq,Q3,4004,5367,107039545,56113331,2026-09-09 06:36:31.987000+00:00
16732403,ymg_aq,Q3,4005,5367,107039575,56113325,2026-09-09 06:36:32.019000+00:00
16732403,ymg_aq,Q3,4006,5367,107039824,56113325,2026-09-09 06:36:32.533000+00:00
16732403,ymg_aq,Q3,4007,5367,107040490,56113331,2026-09-09 06:40:32.639000+00:00
16732403,ymg_aq,Q3,4008,5367,107040527,56113325,2026-09-09 06:40:32.686000+00:00
16732403,ymg_aq,Q3,4009,5367,107040682,56113331,2026-09-09 06:40:33.025000+00:00
16732403,ymg_aq,Q3,4010,5367,107041471,56113331,2026-09-09 06:44:32.383000+00:00
16732403,ymg_aq,Q3,4011,5367,107041503,56113325,2026-09-09 06:44:32.424000+00:00
16732403,ymg_aq,Q3,4012,5367,107042442,56113331,2026-09-09 06:48:31.826000+00:00
16732403,ymg_aq,Q3,4013,5367,107042465,56113325,2026-09-09 06:48:31.875000+00:00
16732403,ymg_aq,Q3,4014,5367,107042884,56113325,2026-09-09 06:48:32.534000+00:00
16732403,ymg_aq,Q3,4015,5367,107043399,56113331,2026-09-09 06:52:31.827000+00:00
16732403,ymg_aq,Q3,4016,5367,107043433,56113325,2026-09-09 06:52:31.899000+00:00
16732403,ymg_aq,Q3,4017,5367,107043670,56113325,2026-09-09 06:52:32.312000+00:00
16732403,ymg_aq,Q3,4018,5367,107044373,56113331,2026-09-09 06:56:32.417000+00:00
16732403,ymg_aq,Q3,4019,5367,107044417,56113325,2026-09-09 06:56:32.492000+00:00
16732403,ymg_aq,Q3,4020,5367,107045344,56113331,2026-09-09 07:00:32.988000+00:00
16732403,ymg_aq,Q3,4021,5367,107045373,56113325,2026-09-09 07:00:33.019000+00:00
16732403,ymg_aq,Q3,4022,5367,107045610,56113331,2026-09-09 07:00:33.416000+00:00
16732403,ymg_aq,Q3,4023,5367,107046310,56113331,2026-09-09 07:04:37.813000+00:00
16732403,ymg_aq,Q3,4024,5367,107046337,56113325,2026-09-09 07:04:37.872000+00:00
16732403,ymg_aq,Q3,4025,5367,107046348,56113325,2026-09-09 07:04:37.889000+00:00
16732403,ymg_aq,Q3,4026,5367,107047151,56113331,2026-09-09 07:08:34.008000+00:00
16732403,ymg_aq,Q3,4027,5367,107047245,56113331,2026-09-09 07:08:34.169000+00:00
16732403,ymg_aq,Q3,4028,5367,107047273,56113325,2026-09-09 07:08:34.214000+00:00
16732403,ymg_aq,Q3,4029,5367,107048246,56113331,2026-09-09 07:12:32.596000+00:00
16732403,ymg_aq,Q3,4030,5367,107048281,56113325,2026-09-09 07:12:32.649000+00:00
16732403,ymg_aq,Q3,4031,5367,107049223,56113331,2026-09-09 07:16:37.097000+00:00
16732403,ymg_aq,Q3,4032,5367,107049244,56113325,2026-09-09 07:16:37.127000+00:00
16732403,ymg_aq,Q3,4033,5367,107050173,56113331,2026-09-09 07:20:32.713000+00:00
16732403,ymg_aq,Q3,4034,5367,107050206,56113325,2026-09-09 07:20:32.786000+00:00
16732403,ymg_aq,Q3,4035,5367,107050250,56113325,2026-09-09 07:20:32.864000+00:00
16732403,ymg_aq,Q3,4036,5367,107050952,56113331,2026-09-09 07:24:34.479000+00:00
16732403,ymg_aq,Q3,4037,5367,107050968,56113325,2026-09-09 07:24:34.511000+00:00
16732403,ymg_aq,Q3,4038,5367,107051962,56113325,2026-09-09 07:28:31.531000+00:00
16732403,ymg_aq,Q3,4039,5367,107052096,56113331,2026-09-09 07:28:31.762000+00:00
16732403,ymg_aq,Q3,4040,5367,107052130,56113325,2026-09-09 07:28:31.801000+00:00
16732403,ymg_aq,Q3,4041,5367,107053035,56113331,2026-09-09 07:32:31.906000+00:00
16732403,ymg_aq,Q3,4042,5367,107053083,56113325,2026-09-09 07:32:31.981000+00:00
16732403,ymg_aq,Q3,4043,5367,107053999,56113331,2026-09-09 07:36:32.165000+00:00
16732403,ymg_aq,Q3,4044,5367,107054046,56113325,2026-09-09 07:36:32.232000+00:00
16732403,ymg_aq,Q3,4045,5367,107054099,56113331,2026-09-09 07:36:32.376000+00:00
16732403,ymg_aq,Q3,4046,5367,107054982,56113331,2026-09-09 07:40:34.815000+00:00
16732403,ymg_aq,Q3,4047,5367,107055024,56113325,2026-09-09 07:40:34.893000+00:00
16732403,ymg_aq,Q3,4048,5367,107055900,56113325,2026-09-09 07:44:33.793000+00:00
16732403,ymg_aq,Q3,4049,5367,107055943,56113331,2026-09-09 07:44:33.873000+00:00
16732403,ymg_aq,L,5317,5367,108903870,56209748,2026-09-14 12:18:52.206000+00:00
16732403,ymg_aq,L,5318,5367,108910285,56209769,2026-09-14 12:42:50.911000+00:00
16732403,ymg_aq,L,5319,5367,108910289,56209769,2026-09-14 12:42:50.917000+00:00
16732403,ymg_aq,L,5320,5367,108910293,56209748,2026-09-14 12:42:50.919000+00:00
16732403,ymg_aq,L,5321,5367,108917359,56209748,2026-09-14 13:10:50.405000+00:00
16732403,ymg_aq,L,5322,5367,108917360,56209769,2026-09-14 13:10:50.405000+00:00
16732403,ymg_aq,L,5323,5367,108917363,56209748,2026-09-14 13:10:50.408000+00:00
16732403,ymg_aq,L,5324,5367,108924596,56209769,2026-09-14 13:39:01.619000+00:00
16732403,ymg_aq,L,5325,5367,108924597,56209748,2026-09-14 13:39:01.621000+00:00
16732403,ymg_aq,L,5326,5367,108924600,56209748,2026-09-14 13:39:01.623000+00:00
16732403,ymg_aq,L,5327,5367,108924601,56209748,2026-09-14 13:39:01.628000+00:00
16732403,ymg_aq,L,5328,5367,108927405,56209748,2026-09-14 13:50:50.191000+00:00
16732403,ymg_aq,L,5329,5367,108931876,56209769,2026-09-14 14:06:50.097000+00:00
16732403,ymg_aq,L,5330,5367,108931878,56209769,2026-09-14 14:06:50.099000+00:00
16732403,ymg_aq,L,5331,5367,108932963,56209769,2026-09-14 14:10:50.808000+00:00
16732403,ymg_aq,L,5332,5367,108934850,56209748,2026-09-14 14:18:52.384000+00:00
16732403,ymg_aq,L,5333,5367,108934901,56209748,2026-09-14 14:18:52.436000+00:00
16732403,ymg_aq,L,5334,5367,108939091,56209769,2026-09-14 14:34:56.196000+00:00
16732403,ymg_aq,L,5335,5367,108939100,56209748,2026-09-14 14:34:56.204000+00:00
16732403,ymg_aq,L,5336,5367,108946308,56209748,2026-09-14 15:02:53.182000+00:00
16732403,ymg_aq,L,5337,5367,108946316,56209769,2026-09-14 15:02:53.188000+00:00
16732403,ymg_aq,L,5338,5367,108953294,56209769,2026-09-14 15:30:52.612000+00:00
16732403,ymg_aq,L,5339,5367,108953748,56209748,2026-09-14 15:30:53.425000+00:00
16732403,ymg_aq,L,5340,5367,108953735,56209769,2026-09-14 15:30:53.505000+00:00
16732403,ymg_aq,L,5341,5367,108953610,56209748,2026-09-14 15:30:53.507000+00:00
16732403,ymg_aq,L,5342,5367,108953612,56209748,2026-09-14 15:30:53.511000+00:00
16732403,ymg_aq,L,5343,5367,108953644,56209748,2026-09-14 15:30:53.545000+00:00
16732403,ymg_aq,L,5344,5367,108953670,56209748,2026-09-14 15:30:53.563000+00:00
16732403,ymg_aq,L,5345,5367,108956391,56209748,2026-09-14 15:42:54.793000+00:00
16732403,ymg_aq,L,5346,5367,108960975,56209769,2026-09-14 15:58:59.047000+00:00
16732403,ymg_aq,L,5347,5367,108964006,56209748,2026-09-14 16:10:54.326000+00:00
16732403,ymg_aq,L,5348,5367,108969074,56209769,2026-09-14 16:30:50.780000+00:00
16732403,ymg_aq,L,5349,5367,108969259,56209748,2026-09-14 16:30:51.139000+00:00
16732403,ymg_aq,L,5350,5367,108976252,56209769,2026-09-14 16:58:53.219000+00:00
16732403,ymg_aq,L,5351,5367,108976484,56209748,2026-09-14 16:58:53.325000+00:00
16732403,ymg_aq,L,5352,5367,108983486,56209769,2026-09-14 17:28:45.693000+00:00
16732403,ymg_aq,L,5353,5367,108983492,56209769,2026-09-14 17:28:45.697000+00:00
16732403,ymg_aq,L,5354,5367,108983573,56209748,2026-09-14 17:28:45.840000+00:00
16732403,ymg_aq,L,5355,5367,108988667,56209769,2026-09-14 17:48:42.745000+00:00
16732403,ymg_aq,L,5356,5367,108989824,56209748,2026-09-14 17:52:41.787000+00:00
16732403,ymg_aq,L,5357,5367,108991988,56209769,2026-09-14 18:00:43.444000+00:00
16732403,ymg_aq,L,5358,5367,108994978,56209748,2026-09-14 18:12:40.887000+00:00
16732403,ymg_aq,L,5359,5367,108995069,56209769,2026-09-14 18:12:41.037000+00:00
16732403,ymg_aq,L,5360,5367,109001134,56209748,2026-09-14 18:36:45.953000+00:00
16732403,ymg_aq,L,5361,5367,109001196,56209769,2026-09-14 18:36:46.040000+00:00
16732403,ymg_aq,L,5362,5367,109002218,56209769,2026-09-14 18:40:41.654000+00:00
16732403,ymg_aq,L,5363,5367,109006483,56209748,2026-09-14 18:56:41.258000+00:00
16732403,ymg_aq,L,5364,5367,109007507,56209769,2026-09-14 19:00:42.037000+00:00
16732403,ymg_aq,L,5365,5367,109012339,56209748,2026-09-14 19:20:41.880000+00:00
16732403,ymg_aq,L,5366,5367,109013358,56209769,2026-09-14 19:24:42.197000+00:00
16732403,ymg_aq,C0,0,178,108580387,56209769,2026-09-13 15:14:45.588000+00:00
16732403,ymg_aq,C0,1,178,108581388,56209769,2026-09-13 15:18:46.704000+00:00
16732403,ymg_aq,C0,2,178,108582386,56209769,2026-09-13 15:22:43.709000+00:00
16732403,ymg_aq,C0,3,178,108583399,56209769,2026-09-13 15:26:43.182000+00:00
16732403,ymg_aq,C0,4,178,108584391,56209769,2026-09-13 15:30:49.566000+00:00
16732403,ymg_aq,C0,5,178,108585402,56209769,2026-09-13 15:34:44.284000+00:00
16732403,ymg_aq,C0,6,178,108586422,56209769,2026-09-13 15:38:46.940000+00:00
16732403,ymg_aq,C0,7,178,108587433,56209769,2026-09-13 15:42:49.816000+00:00
16732403,ymg_aq,C0,8,178,108588437,56209769,2026-09-13 15:46:48.946000+00:00
16732403,ymg_aq,C0,9,178,108589455,56209769,2026-09-13 15:50:49.763000+00:00
16732403,ymg_aq,C0,10,178,108590483,56209769,2026-09-13 15:54:43.630000+00:00
16732403,ymg_aq,C0,11,178,108591470,56209769,2026-09-13 15:58:46.493000+00:00
16732403,ymg_aq,C0,12,178,108592491,56209769,2026-09-13 16:02:42.856000+00:00
16732403,ymg_aq,C0,13,178,108593499,56209769,2026-09-13 16:06:43.452000+00:00
16732403,ymg_aq,C0,14,178,108594512,56209769,2026-09-13 16:10:45.095000+00:00
16732403,ymg_aq,C0,15,178,108595530,56209769,2026-09-13 16:14:49.038000+00:00
16732403,ymg_aq,C0,16,178,108596572,56209769,2026-09-13 16:18:47.663000+00:00
16732403,ymg_aq,C0,17,178,108597610,56209769,2026-09-13 16:22:44.593000+00:00
16732403,ymg_aq,C0,18,178,108598662,56209769,2026-09-13 16:26:43.245000+00:00
16732403,ymg_aq,C0,19,178,108599699,56209769,2026-09-13 16:30:43.583000+00:00
16732403,ymg_aq,C0,20,178,108600759,56209769,2026-09-13 16:34:46.474000+00:00
16732403,ymg_aq,C0,21,178,108601803,56209769,2026-09-13 16:38:45.414000+00:00
16732403,ymg_aq,C0,22,178,108602797,56209769,2026-09-13 16:42:47.406000+00:00
16732403,ymg_aq,C0,23,178,108603858,56209769,2026-09-13 16:46:50.235000+00:00
16732403,ymg_aq,C0,24,178,108604899,56209769,2026-09-13 16:50:44.687000+00:00
16732403,ymg_aq,C0,25,178,108605903,56209769,2026-09-13 16:54:46.921000+00:00
16732403,ymg_aq,C0,26,178,108606920,56209769,2026-09-13 16:58:44.320000+00:00
16732403,ymg_aq,C0,27,178,108607115,56209769,2026-09-13 16:58:44.598000+00:00
16732403,ymg_aq,C0,28,178,108607948,56209769,2026-09-13 17:02:42.883000+00:00
16732403,ymg_aq,C0,29,178,108608974,56209769,2026-09-13 17:06:43.523000+00:00
16732403,ymg_aq,C0,30,178,108610005,56209769,2026-09-13 17:10:46.881000+00:00
16732403,ymg_aq,C0,31,178,108611035,56209769,2026-09-13 17:14:42.275000+00:00
16732403,ymg_aq,C0,32,178,108612050,56209769,2026-09-13 17:18:43.788000+00:00
16732403,ymg_aq,C0,33,178,108612312,56209769,2026-09-13 17:18:44.218000+00:00
16732403,ymg_aq,C0,34,178,108612394,56209769,2026-09-13 17:18:44.321000+00:00
16732403,ymg_aq,C0,35,178,108613094,56209769,2026-09-13 17:22:43.600000+00:00
16732403,ymg_aq,C0,36,178,108613396,56209769,2026-09-13 17:22:44.076000+00:00
16732403,ymg_aq,C0,37,178,108614115,56209769,2026-09-13 17:26:43.907000+00:00
16732403,ymg_aq,C0,38,178,108615165,56209769,2026-09-13 17:30:42.628000+00:00
16732403,ymg_aq,C0,39,178,108616182,56209769,2026-09-13 17:34:43.429000+00:00
16732403,ymg_aq,C0,40,178,108617215,56209769,2026-09-13 17:38:45.583000+00:00
16732403,ymg_aq,C0,41,178,108618235,56209769,2026-09-13 17:42:43.236000+00:00
16732403,ymg_aq,C0,42,178,108619275,56209769,2026-09-13 17:46:42.882000+00:00
16732403,ymg_aq,C0,43,178,108620291,56209769,2026-09-13 17:50:45.879000+00:00
16732403,ymg_aq,C0,44,178,108620367,56209769,2026-09-13 17:50:46.015000+00:00
16732403,ymg_aq,C0,45,178,108621333,56209769,2026-09-13 17:54:48.134000+00:00
16732403,ymg_aq,C0,46,178,108621966,56209769,2026-09-13 17:54:49.302000+00:00
16732403,ymg_aq,C0,47,178,108622273,56209769,2026-09-13 17:58:50.246000+00:00
16732403,ymg_aq,C0,48,178,108623383,56209769,2026-09-13 18:02:47.633000+00:00
16732403,ymg_aq,C0,49,178,108624401,56209769,2026-09-13 18:06:44.107000+00:00
16637255,leave you,F,0,9900,89410175,55172239,2026-08-01 23:07:03.741000+00:00
16637255,leave you,F,1,9900,89410702,55172239,2026-08-01 23:11:03.631000+00:00
16637255,leave you,F,2,9900,89411228,55172239,2026-08-01 23:15:05.298000+00:00
16637255,leave you,F,3,9900,89411755,55172239,2026-08-01 23:19:09.238000+00:00
16637255,leave you,F,4,9900,89412283,55172239,2026-08-01 23:23:04.131000+00:00
16637255,leave you,F,5,9900,89412822,55172239,2026-08-01 23:27:03.670000+00:00
16637255,leave you,F,6,9900,89413349,55172239,2026-08-01 23:31:03.518000+00:00
16637255,leave you,F,7,9900,89413882,55172239,2026-08-01 23:35:06.146000+00:00
16637255,leave you,F,8,9900,89414416,55172239,2026-08-01 23:39:03.385000+00:00
16637255,leave you,F,9,9900,89414929,55172239,2026-08-01 23:43:04.535000+00:00
16637255,leave you,F,10,9900,89414942,55172239,2026-08-01 23:43:04.567000+00:00
16637255,leave you,F,11,9900,89415472,55172239,2026-08-01 23:47:04.083000+00:00
16637255,leave you,F,12,9900,89416007,55172239,2026-08-01 23:51:03.506000+00:00
16637255,leave you,F,13,9900,89416527,55172239,2026-08-01 23:55:05.534000+00:00
16637255,leave you,F,14,9900,89416541,55172239,2026-08-01 23:55:05.566000+00:00
16637255,leave you,F,15,9900,89417080,55172239,2026-08-01 23:59:03.807000+00:00
16637255,leave you,F,16,9900,89417613,55172239,2026-08-02 00:03:04.150000+00:00
16637255,leave you,F,17,9900,89417640,55172239,2026-08-02 00:03:04.195000+00:00
16637255,leave you,F,18,9900,89418203,55172239,2026-08-02 00:07:04.046000+00:00
16637255,leave you,F,19,9900,89418753,55172239,2026-08-02 00:11:03.634000+00:00
16637255,leave you,F,20,9900,89419284,55172239,2026-08-02 00:15:07.234000+00:00
16637255,leave you,F,21,9900,89420328,55172239,2026-08-02 00:23:04.256000+00:00
16637255,leave you,F,22,9900,89423552,55174008,2026-08-02 00:47:07.091000+00:00
16637255,leave you,F,23,9900,89424073,55174008,2026-08-02 00:51:04.979000+00:00
16637255,leave you,F,24,9900,89424621,55174008,2026-08-02 00:55:08.301000+00:00
16637255,leave you,F,25,9900,89425152,55174008,2026-08-02 00:59:04.737000+00:00
16637255,leave you,F,26,9900,89425686,55174008,2026-08-02 01:03:04.877000+00:00
16637255,leave you,F,27,9900,89426223,55174008,2026-08-02 01:07:03.636000+00:00
16637255,leave you,F,28,9900,89426761,55174008,2026-08-02 01:11:08.331000+00:00
16637255,leave you,F,29,9900,89427289,55174008,2026-08-02 01:15:09.296000+00:00
16637255,leave you,F,30,9900,89427298,55174008,2026-08-02 01:15:09.311000+00:00
16637255,leave you,F,31,9900,89427844,55174008,2026-08-02 01:19:04.221000+00:00
16637255,leave you,F,32,9900,89428374,55174008,2026-08-02 01:23:04.090000+00:00
16637255,leave you,F,33,9900,89428920,55174008,2026-08-02 01:27:03.841000+00:00
16637255,leave you,F,34,9900,89429458,55174008,2026-08-02 01:31:05.421000+00:00
16637255,leave you,F,35,9900,89430014,55174008,2026-08-02 01:35:09.535000+00:00
16637255,leave you,F,36,9900,89462295,55174008,2026-08-02 05:35:13.927000+00:00
16637255,leave you,F,37,9900,89641348,55201074,2026-08-03 03:19:26.724000+00:00
16637255,leave you,F,38,9900,89641896,55201074,2026-08-03 03:23:23.685000+00:00
16637255,leave you,F,39,9900,89642448,55201074,2026-08-03 03:27:22.409000+00:00
16637255,leave you,F,40,9900,89643004,55201074,2026-08-03 03:31:23.832000+00:00
16637255,leave you,F,41,9900,89643559,55201074,2026-08-03 03:35:25.485000+00:00
16637255,leave you,F,42,9900,89644123,55201074,2026-08-03 03:39:22.742000+00:00
16637255,leave you,F,43,9900,89644687,55201074,2026-08-03 03:43:22.524000+00:00
16637255,leave you,F,44,9900,89645251,55201074,2026-08-03 03:47:25.116000+00:00
16637255,leave you,F,45,9900,89645810,55201074,2026-08-03 03:51:22.702000+00:00
16637255,leave you,F,46,9900,89646362,55201074,2026-08-03 03:55:29.330000+00:00
16637255,leave you,F,47,9900,89646916,55201074,2026-08-03 03:59:22.808000+00:00
16637255,leave you,F,48,9900,89647472,55201074,2026-08-03 04:03:22.810000+00:00
16637255,leave you,F,49,9900,89648030,55201074,2026-08-03 04:07:22.950000+00:00
16637255,leave you,Q1,2450,9900,97112730,55667836,2026-08-22 21:48:34.541000+00:00
16637255,leave you,Q1,2451,9900,97112816,55669963,2026-08-22 21:48:34.649000+00:00
16637255,leave you,Q1,2452,9900,97119424,55669963,2026-08-22 22:00:35.593000+00:00
16637255,leave you,Q1,2453,9900,97124021,55669963,2026-08-22 22:08:33.262000+00:00
16637255,leave you,Q1,2454,9900,97126213,55667836,2026-08-22 22:12:31.298000+00:00
16637255,leave you,Q1,2455,9900,97135557,55667836,2026-08-22 22:28:34.743000+00:00
16637255,leave you,Q1,2456,9900,97158332,55669963,2026-08-22 23:08:34.730000+00:00
16637255,leave you,Q1,2457,9900,97160403,55669963,2026-08-22 23:12:33.368000+00:00
16637255,leave you,Q1,2458,9900,97162855,55667836,2026-08-22 23:16:32.273000+00:00
16637255,leave you,Q1,2459,9900,97187998,55669963,2026-08-23 00:00:34.036000+00:00
16637255,leave you,Q1,2460,9900,97190317,55667836,2026-08-23 00:04:32.365000+00:00
16637255,leave you,Q1,2461,9900,97222134,55669963,2026-08-23 01:00:35.800000+00:00
16637255,leave you,Q1,2462,9900,97222258,55667836,2026-08-23 01:00:35.975000+00:00
16637255,leave you,Q1,2463,9900,97226799,55669963,2026-08-23 01:08:32.136000+00:00
16637255,leave you,Q1,2464,9900,97242781,55669963,2026-08-23 01:36:33.671000+00:00
16637255,leave you,Q1,2465,9900,97244804,55667836,2026-08-23 01:40:35.431000+00:00
16637255,leave you,Q1,2466,9900,97251818,55667836,2026-08-23 01:52:33.657000+00:00
16637255,leave you,Q1,2467,9900,97274382,55667836,2026-08-23 02:32:36.533000+00:00
16637255,leave you,Q1,2468,9900,97279202,55669963,2026-08-23 02:40:40.001000+00:00
16637255,leave you,Q1,2469,9900,97283549,55669963,2026-08-23 02:48:36.442000+00:00
16637255,leave you,Q1,2470,9900,97311127,55667836,2026-08-23 03:36:35.245000+00:00
16637255,leave you,Q1,2471,9900,97320243,55669963,2026-08-23 03:52:36.970000+00:00
16637255,leave you,Q1,2472,9900,97335954,55669963,2026-08-23 04:20:35.789000+00:00
16637255,leave you,Q1,2473,9900,97338323,55667836,2026-08-23 04:24:34.052000+00:00
16637255,leave you,Q1,2474,9900,97340737,55669963,2026-08-23 04:28:33.531000+00:00
16637255,leave you,Q1,2475,9900,97368215,55667836,2026-08-23 05:16:41.237000+00:00
16637255,leave you,Q1,2476,9900,97375049,55669963,2026-08-23 05:28:42.540000+00:00
16637255,leave you,Q1,2477,9900,97379598,55667836,2026-08-23 05:36:44.577000+00:00
16637255,leave you,Q1,2478,9900,97384167,55669963,2026-08-23 05:44:41.057000+00:00
16637255,leave you,Q1,2479,9900,97409269,55667836,2026-08-23 06:28:45.588000+00:00
16637255,leave you,Q1,2480,9900,97411462,55669963,2026-08-23 06:32:41.587000+00:00
16637255,leave you,Q1,2481,9900,97436402,55669963,2026-08-23 07:16:41.462000+00:00
16637255,leave you,Q1,2482,9900,97436451,55667836,2026-08-23 07:16:41.561000+00:00
16637255,leave you,Q1,2483,9900,97436571,55669963,2026-08-23 07:16:41.777000+00:00
16637255,leave you,Q1,2484,9900,97449984,55667836,2026-08-23 07:40:43.368000+00:00
16637255,leave you,Q1,2485,9900,97454804,55667836,2026-08-23 07:48:41.243000+00:00
16637255,leave you,Q1,2486,9900,97461532,55667836,2026-08-23 08:00:44.039000+00:00
16637255,leave you,Q1,2487,9900,97468258,55669963,2026-08-23 08:12:46.208000+00:00
16637255,leave you,Q1,2488,9900,97470555,55667836,2026-08-23 08:16:49.255000+00:00
16637255,leave you,Q1,2489,9900,97477629,55669963,2026-08-23 08:28:45.450000+00:00
16637255,leave you,Q1,2490,9900,97491379,55667836,2026-08-23 08:52:50.692000+00:00
16637255,leave you,Q1,2491,9900,97502841,55669963,2026-08-23 09:12:56.359000+00:00
16637255,leave you,Q1,2492,9900,97518707,55667836,2026-08-23 09:40:50.463000+00:00
16637255,leave you,Q1,2493,9900,97548134,55667836,2026-08-23 10:32:45.378000+00:00
16637255,leave you,Q1,2494,9900,97553041,55669963,2026-08-23 10:40:56.805000+00:00
16637255,leave you,Q1,2495,9900,97555032,55667836,2026-08-23 10:44:49.745000+00:00
16637255,leave you,Q1,2496,9900,97557476,55669963,2026-08-23 10:48:47.634000+00:00
16637255,leave you,Q1,2497,9900,97562023,55669963,2026-08-23 10:56:47.634000+00:00
16637255,leave you,Q1,2498,9900,97566356,55667836,2026-08-23 11:04:53.210000+00:00
16637255,leave you,Q1,2499,9900,97573477,55669963,2026-08-23 11:16:59.277000+00:00
16637255,leave you,Q2,4925,9900,105135633,55980190,2026-09-03 13:14:28.264000+00:00
16637255,leave you,Q2,4926,9900,105135826,55978769,2026-09-03 13:14:28.569000+00:00
16637255,leave you,Q2,4927,9900,105136516,55980190,2026-09-03 13:18:24.304000+00:00
16637255,leave you,Q2,4928,9900,105136697,55978769,2026-09-03 13:18:24.589000+00:00
16637255,leave you,Q2,4929,9900,105136939,55980190,2026-09-03 13:18:24.964000+00:00
16637255,leave you,Q2,4930,9900,105137577,55980190,2026-09-03 13:22:24.741000+00:00
16637255,leave you,Q2,4931,9900,105137941,55978769,2026-09-03 13:22:26.324000+00:00
16637255,leave you,Q2,4932,9900,105138237,55980190,2026-09-03 13:26:24.568000+00:00
16637255,leave you,Q2,4933,9900,105138244,55978769,2026-09-03 13:26:24.580000+00:00
16637255,leave you,Q2,4934,9900,105138426,55978769,2026-09-03 13:26:24.873000+00:00
16637255,leave you,Q2,4935,9900,105138589,55978769,2026-09-03 13:26:25.188000+00:00
16637255,leave you,Q2,4936,9900,105138710,55978769,2026-09-03 13:26:25.352000+00:00
16637255,leave you,Q2,4937,9900,105139102,55980190,2026-09-03 13:30:24.349000+00:00
16637255,leave you,Q2,4938,9900,105139295,55978769,2026-09-03 13:30:24.675000+00:00
16637255,leave you,Q2,4939,9900,105139342,55978769,2026-09-03 13:30:24.765000+00:00
16637255,leave you,Q2,4940,9900,105139578,55980190,2026-09-03 13:30:25.237000+00:00
16637255,leave you,Q2,4941,9900,105139988,55980190,2026-09-03 13:34:29.146000+00:00
16637255,leave you,Q2,4942,9900,105140017,55978769,2026-09-03 13:34:29.187000+00:00
16637255,leave you,Q2,4943,9900,105140192,55978769,2026-09-03 13:34:29.554000+00:00
16637255,leave you,Q2,4944,9900,105140851,55978769,2026-09-03 13:38:24.340000+00:00
16637255,leave you,Q2,4945,9900,105140860,55980190,2026-09-03 13:38:24.353000+00:00
16637255,leave you,Q2,4946,9900,105141055,55978769,2026-09-03 13:38:24.692000+00:00
16637255,leave you,Q2,4947,9900,105141707,55980190,2026-09-03 13:42:24.208000+00:00
16637255,leave you,Q2,4948,9900,105141924,55978769,2026-09-03 13:42:24.535000+00:00
16637255,leave you,Q2,4949,9900,105141931,55980190,2026-09-03 13:42:24.543000+00:00
16637255,leave you,Q2,4950,9900,105142586,55980190,2026-09-03 13:46:24.764000+00:00
16637255,leave you,Q2,4951,9900,105142786,55978769,2026-09-03 13:46:25.040000+00:00
16637255,leave you,Q2,4952,9900,105143451,55980190,2026-09-03 13:50:23.664000+00:00
16637255,leave you,Q2,4953,9900,105143655,55978769,2026-09-03 13:50:23.986000+00:00
16637255,leave you,Q2,4954,9900,105144320,55980190,2026-09-03 13:54:27.145000+00:00
16637255,leave you,Q2,4955,9900,105144525,55978769,2026-09-03 13:54:27.467000+00:00
16637255,leave you,Q2,4956,9900,105145176,55980190,2026-09-03 13:58:23.458000+00:00
16637255,leave you,Q2,4957,9900,105145408,55978769,2026-09-03 13:58:23.838000+00:00
16637255,leave you,Q2,4958,9900,105146039,55980190,2026-09-03 14:02:24.157000+00:00
16637255,leave you,Q2,4959,9900,105146889,55980190,2026-09-03 14:06:24.256000+00:00
16637255,leave you,Q2,4960,9900,105147772,55980190,2026-09-03 14:10:23.799000+00:00
16637255,leave you,Q2,4961,9900,105148050,55980190,2026-09-03 14:10:24.362000+00:00
16637255,leave you,Q2,4962,9900,105148634,55980190,2026-09-03 14:14:27.750000+00:00
16637255,leave you,Q2,4963,9900,105149070,55978769,2026-09-03 14:14:28.581000+00:00
16637255,leave you,Q2,4964,9900,105149512,55980190,2026-09-03 14:18:23.875000+00:00
16637255,leave you,Q2,4965,9900,105149881,55980190,2026-09-03 14:18:24.469000+00:00
16637255,leave you,Q2,4966,9900,105150311,55980190,2026-09-03 14:22:24.166000+00:00
16637255,leave you,Q2,4967,9900,105151277,55980190,2026-09-03 14:26:24.242000+00:00
16637255,leave you,Q2,4968,9900,105152139,55980190,2026-09-03 14:30:23.940000+00:00
16637255,leave you,Q2,4969,9900,105152990,55980190,2026-09-03 14:34:27.234000+00:00
16637255,leave you,Q2,4970,9900,105153264,55978769,2026-09-03 14:34:27.642000+00:00
16637255,leave you,Q2,4971,9900,105153900,55980190,2026-09-03 14:38:24.264000+00:00
16637255,leave you,Q2,4972,9900,105154270,55978769,2026-09-03 14:38:24.957000+00:00
16637255,leave you,Q2,4973,9900,105154526,55978769,2026-09-03 14:42:23.777000+00:00
16637255,leave you,Q2,4974,9900,105154807,55980190,2026-09-03 14:42:24.449000+00:00
16637255,leave you,Q3,7400,9900,107055893,56110159,2026-09-09 07:44:33.788000+00:00
16637255,leave you,Q3,7401,9900,107056743,56111338,2026-09-09 07:48:31.642000+00:00
16637255,leave you,Q3,7402,9900,107056801,56110159,2026-09-09 07:48:31.716000+00:00
16637255,leave you,Q3,7403,9900,107057788,56110159,2026-09-09 07:52:33.002000+00:00
16637255,leave you,Q3,7404,9900,107059875,56110159,2026-09-09 08:00:32.833000+00:00
16637255,leave you,Q3,7405,9900,107060583,56110159,2026-09-09 08:04:36.662000+00:00
16637255,leave you,Q3,7406,9900,107062305,56111338,2026-09-09 08:12:31.286000+00:00
16637255,leave you,Q3,7407,9900,107062907,56110159,2026-09-09 08:12:32.390000+00:00
16637255,leave you,Q3,7408,9900,107062910,56111338,2026-09-09 08:12:32.392000+00:00
16637255,leave you,Q3,7409,9900,107065495,56111338,2026-09-09 08:24:34.270000+00:00
16637255,leave you,Q3,7410,9900,107065815,56111338,2026-09-09 08:24:34.788000+00:00
16637255,leave you,Q3,7411,9900,107068700,56110159,2026-09-09 08:36:33.662000+00:00
16637255,leave you,Q3,7412,9900,107071614,56111338,2026-09-09 08:48:33.102000+00:00
16637255,leave you,Q3,7413,9900,107074593,56110159,2026-09-09 09:00:41.579000+00:00
16637255,leave you,Q3,7414,9900,107074609,56110159,2026-09-09 09:00:41.604000+00:00
16637255,leave you,Q3,7415,9900,107074626,56111338,2026-09-09 09:00:41.663000+00:00
16637255,leave you,Q3,7416,9900,107075539,56110159,2026-09-09 09:04:38.711000+00:00
16637255,leave you,Q3,7417,9900,107078277,56110159,2026-09-09 09:16:39.496000+00:00
16637255,leave you,Q3,7418,9900,107079806,56110159,2026-09-09 09:24:41.160000+00:00
16637255,leave you,Q3,7419,9900,107081224,56111338,2026-09-09 09:28:39.308000+00:00
16637255,leave you,Q3,7420,9900,107082248,56111338,2026-09-09 09:32:44.328000+00:00
16637255,leave you,Q3,7421,9900,107083537,56110159,2026-09-09 09:40:40.363000+00:00
16637255,leave you,Q3,7422,9900,107083775,56111338,2026-09-09 09:40:40.779000+00:00
16637255,leave you,Q3,7423,9900,107084750,56110159,2026-09-09 09:44:45.211000+00:00
16637255,leave you,Q3,7424,9900,107085389,56111338,2026-09-09 09:48:35.671000+00:00
16637255,leave you,Q3,7425,9900,107086454,56110159,2026-09-09 09:52:30.670000+00:00
16637255,leave you,Q3,7426,9900,107090288,56110159,2026-09-09 10:08:32.467000+00:00
16637255,leave you,Q3,7427,9900,107091716,56111338,2026-09-09 10:12:33.275000+00:00
16637255,leave you,Q3,7428,9900,107095154,56110159,2026-09-09 10:28:32.042000+00:00
16637255,leave you,Q3,7429,9900,107095599,56110159,2026-09-09 10:28:32.969000+00:00
16637255,leave you,Q3,7430,9900,107097138,56110159,2026-09-09 10:36:31.501000+00:00
16637255,leave you,Q3,7431,9900,107097592,56111338,2026-09-09 10:36:32.601000+00:00
16637255,leave you,Q3,7432,9900,107098120,56110159,2026-09-09 10:40:31.978000+00:00
16637255,leave you,Q3,7433,9900,107100828,56110159,2026-09-09 10:52:31.879000+00:00
16637255,leave you,Q3,7434,9900,107101791,56110159,2026-09-09 10:56:31.966000+00:00
16637255,leave you,Q3,7435,9900,107101934,56110159,2026-09-09 10:56:32.284000+00:00
16637255,leave you,Q3,7436,9900,107103115,56111338,2026-09-09 11:00:35.231000+00:00
16637255,leave you,Q3,7437,9900,107106593,56110159,2026-09-09 11:16:40.866000+00:00
16637255,leave you,Q3,7438,9900,107106607,56110159,2026-09-09 11:16:40.875000+00:00
16637255,leave you,Q3,7439,9900,107107442,56111338,2026-09-09 11:20:34.606000+00:00
16637255,leave you,Q3,7440,9900,107107806,56111338,2026-09-09 11:20:35.196000+00:00
16637255,leave you,Q3,7441,9900,107110394,56111338,2026-09-09 11:32:34.669000+00:00
16637255,leave you,Q3,7442,9900,107113837,56110159,2026-09-09 11:44:38.162000+00:00
16637255,leave you,Q3,7443,9900,107117760,56111338,2026-09-09 12:00:32.381000+00:00
16637255,leave you,Q3,7444,9900,107120701,56111338,2026-09-09 12:12:33.612000+00:00
16637255,leave you,Q3,7445,9900,107121604,56110159,2026-09-09 12:16:32.020000+00:00
16637255,leave you,Q3,7446,9900,107124136,56110159,2026-09-09 12:28:32.361000+00:00
16637255,leave you,Q3,7447,9900,107124239,56110159,2026-09-09 12:28:32.505000+00:00
16637255,leave you,Q3,7448,9900,107124907,56110159,2026-09-09 12:32:31.685000+00:00
16637255,leave you,Q3,7449,9900,107125111,56110159,2026-09-09 12:32:32.018000+00:00
16637255,leave you,L,9850,9900,109021760,56225602,2026-09-14 20:01:13.902000+00:00
16637255,leave you,L,9851,9900,109022410,56225602,2026-09-14 20:05:13.180000+00:00
16637255,leave you,L,9852,9900,109022940,56231920,2026-09-14 20:05:14.015000+00:00
16637255,leave you,L,9853,9900,109026939,56225602,2026-09-14 20:21:14.127000+00:00
16637255,leave you,L,9854,9900,109027960,56231920,2026-09-14 20:25:24.787000+00:00
16637255,leave you,L,9855,9900,109028638,56231920,2026-09-14 20:29:20.194000+00:00
16637255,leave you,L,9856,9900,109029703,56225602,2026-09-14 20:33:16.332000+00:00
16637255,leave you,L,9857,9900,109033263,56231920,2026-09-14 20:45:16.735000+00:00
16637255,leave you,L,9858,9900,109034363,56225602,2026-09-14 20:49:18.100000+00:00
16637255,leave you,L,9859,9900,109038120,56231920,2026-09-14 21:05:16.020000+00:00
16637255,leave you,L,9860,9900,109038900,56225602,2026-09-14 21:09:16.118000+00:00
16637255,leave you,L,9861,9900,109039194,56225602,2026-09-14 21:09:16.549000+00:00
16637255,leave you,L,9862,9900,109040291,56225602,2026-09-14 21:13:16.483000+00:00
16637255,leave you,L,9863,9900,109042072,56225602,2026-09-14 21:21:16.597000+00:00
16637255,leave you,L,9864,9900,109042496,56231920,2026-09-14 21:21:17.227000+00:00
16637255,leave you,L,9865,9900,109043912,56225602,2026-09-14 21:29:16.193000+00:00
16637255,leave you,L,9866,9900,109045436,56225602,2026-09-14 21:33:16.896000+00:00
16637255,leave you,L,9867,9900,109046709,56231920,2026-09-14 21:37:17.422000+00:00
16637255,leave you,L,9868,9900,109048329,56231920,2026-09-14 21:45:19.322000+00:00
16637255,leave you,L,9869,9900,109049665,56225602,2026-09-14 21:49:17.858000+00:00
16637255,leave you,L,9870,9900,109052600,56231920,2026-09-14 22:01:18.518000+00:00
16637255,leave you,L,9871,9900,109053878,56225602,2026-09-14 22:05:20.991000+00:00
16637255,leave you,L,9872,9900,109055746,56225602,2026-09-14 22:13:17.549000+00:00
16637255,leave you,L,9873,9900,109056807,56231920,2026-09-14 22:17:16.924000+00:00
16637255,leave you,L,9874,9900,109060003,56225602,2026-09-14 22:31:22.215000+00:00
16637255,leave you,L,9875,9900,109060376,56225602,2026-09-14 22:37:47.502000+00:00
16637255,leave you,L,9876,9900,109061109,56231920,2026-09-14 22:37:49.020000+00:00
16637255,leave you,L,9877,9900,109062086,56231920,2026-09-14 22:41:35.599000+00:00
16637255,leave you,L,9878,9900,109062496,56225602,2026-09-14 22:45:38.298000+00:00
16637255,leave you,L,9879,9900,109062525,56231920,2026-09-14 22:45:38.328000+00:00
16637255,leave you,L,9880,9900,109067052,56225602,2026-09-14 23:01:33.932000+00:00
16637255,leave you,L,9881,9900,109067064,56231920,2026-09-14 23:01:33.945000+00:00
16637255,leave you,L,9882,9900,109070364,56231920,2026-09-14 23:13:34.523000+00:00
16637255,leave you,L,9883,9900,109071384,56225602,2026-09-14 23:17:35.588000+00:00
16637255,leave you,L,9884,9900,109072198,56225602,2026-09-14 23:21:34.822000+00:00
16637255,leave you,L,9885,9900,109072343,56231920,2026-09-14 23:21:35.010000+00:00
16637255,leave you,L,9886,9900,109074911,56225602,2026-09-14 23:33:33.713000+00:00
16637255,leave you,L,9887,9900,109076767,56231920,2026-09-14 23:40:06.959000+00:00
16637255,leave you,L,9888,9900,109076798,56231920,2026-09-14 23:40:06.994000+00:00
16637255,leave you,L,9889,9900,109076888,56225602,2026-09-14 23:40:07.178000+00:00
16637255,leave you,L,9890,9900,109081869,56231920,2026-09-14 23:55:46.005000+00:00
16637255,leave you,L,9891,9900,109081913,56231920,2026-09-14 23:55:46.155000+00:00
16637255,leave you,L,9892,9900,109081988,56225602,2026-09-14 23:55:46.256000+00:00
16637255,leave you,L,9893,9900,109082920,56231920,2026-09-14 23:59:52.822000+00:00
16637255,leave you,L,9894,9900,109087866,56225602,2026-09-15 00:15:51.482000+00:00
16637255,leave you,L,9895,9900,109088214,56231920,2026-09-15 00:15:52.116000+00:00
16637255,leave you,L,9896,9900,109088975,56225602,2026-09-15 00:19:50.359000+00:00
16637255,leave you,L,9897,9900,109089542,56225602,2026-09-15 00:19:51.575000+00:00
16637255,leave you,L,9898,9900,109093848,56231920,2026-09-15 00:35:45.957000+00:00
16637255,leave you,L,9899,9900,109095048,56225602,2026-09-15 00:39:51.261000+00:00
16637255,leave you,C0,0,112,108921862,56231920,2026-09-14 13:30:49.913000+00:00
16637255,leave you,C0,1,112,108922866,56231920,2026-09-14 13:34:49.713000+00:00
16637255,leave you,C0,2,112,108923877,56231920,2026-09-14 13:38:59.997000+00:00
16637255,leave you,C0,3,112,108924863,56231920,2026-09-14 13:42:50.415000+00:00
16637255,leave you,C0,4,112,108925921,56231920,2026-09-14 13:46:49.642000+00:00
16637255,leave you,C0,5,112,108926956,56231920,2026-09-14 13:50:49.279000+00:00
16637255,leave you,C0,6,112,108927964,56231920,2026-09-14 13:54:48.727000+00:00
16637255,leave you,C0,7,112,108928992,56231920,2026-09-14 13:58:56.785000+00:00
16637255,leave you,C0,8,112,108930012,56231920,2026-09-14 14:02:48.698000+00:00
16637255,leave you,C0,9,112,108931055,56231920,2026-09-14 14:06:48.663000+00:00
16637255,leave you,C0,10,112,108932078,56231920,2026-09-14 14:10:49.056000+00:00
16637255,leave you,C0,11,112,108933107,56231920,2026-09-14 14:14:50.404000+00:00
16637255,leave you,C0,12,112,108934133,56231920,2026-09-14 14:18:51.175000+00:00
16637255,leave you,C0,13,112,108935167,56231920,2026-09-14 14:22:51.448000+00:00
16637255,leave you,C0,14,112,108936200,56231920,2026-09-14 14:26:50.741000+00:00
16637255,leave you,C0,15,112,108937225,56231920,2026-09-14 14:30:49.349000+00:00
16637255,leave you,C0,16,112,108938069,56231920,2026-09-14 14:30:50.699000+00:00
16637255,leave you,C0,17,112,108938299,56231920,2026-09-14 14:34:54.819000+00:00
16637255,leave you,C0,18,112,108939358,56231920,2026-09-14 14:38:54.381000+00:00
16637255,leave you,C0,19,112,108940160,56231920,2026-09-14 14:38:56.026000+00:00
16637255,leave you,C0,20,112,108940431,56231920,2026-09-14 14:42:49.198000+00:00
16637255,leave you,C0,21,112,108941508,56231920,2026-09-14 14:46:48.824000+00:00
16637255,leave you,C0,22,112,108942589,56231920,2026-09-14 14:50:49.488000+00:00
16637255,leave you,C0,23,112,108943266,56231920,2026-09-14 14:50:50.923000+00:00
16637255,leave you,C0,24,112,108943611,56231920,2026-09-14 14:54:49.385000+00:00
16637255,leave you,C0,25,112,108943768,56231920,2026-09-14 14:54:49.683000+00:00
16637255,leave you,C0,26,112,108944605,56231920,2026-09-14 14:58:49.726000+00:00
16637255,leave you,C0,27,112,108945596,56231920,2026-09-14 15:02:51.333000+00:00
16637255,leave you,C0,28,112,108945883,56231920,2026-09-14 15:02:52.231000+00:00
16637255,leave you,C0,29,112,108946759,56231920,2026-09-14 15:06:53.700000+00:00
16637255,leave you,C0,30,112,108947817,56231920,2026-09-14 15:10:49.498000+00:00
16637255,leave you,C0,31,112,108948852,56231920,2026-09-14 15:14:51.388000+00:00
16637255,leave you,C0,32,112,108950122,56231920,2026-09-14 15:18:54.331000+00:00
16637255,leave you,C0,33,112,108951283,56231920,2026-09-14 15:22:54.900000+00:00
16637255,leave you,C0,34,112,108952114,56231920,2026-09-14 15:26:56.384000+00:00
16637255,leave you,C0,35,112,108953227,56231920,2026-09-14 15:30:52.478000+00:00
16637255,leave you,C0,36,112,108954141,56231920,2026-09-14 15:34:52.614000+00:00
16637255,leave you,C0,37,112,108955151,56231920,2026-09-14 15:38:54.553000+00:00
16637255,leave you,C0,38,112,108956166,56231920,2026-09-14 15:42:54.277000+00:00
16637255,leave you,C0,39,112,108957170,56231920,2026-09-14 15:46:55.335000+00:00
16637255,leave you,C0,40,112,108958620,56231920,2026-09-14 15:50:57.589000+00:00
16637255,leave you,C0,41,112,108959390,56231920,2026-09-14 15:54:55.899000+00:00
16637255,leave you,C0,42,112,108960283,56231920,2026-09-14 15:58:57.178000+00:00
16637255,leave you,C0,43,112,108961440,56231920,2026-09-14 16:02:57.276000+00:00
16637255,leave you,C0,44,112,108962512,56231920,2026-09-14 16:06:52.581000+00:00
16637255,leave you,C0,45,112,108963624,56231920,2026-09-14 16:10:53.259000+00:00
16637255,leave you,C0,46,112,108964432,56231920,2026-09-14 16:14:49.383000+00:00
16637255,leave you,C0,47,112,108965745,56231920,2026-09-14 16:18:56.914000+00:00
16637255,leave you,C0,48,112,108966675,56231920,2026-09-14 16:22:54.607000+00:00
16637255,leave you,C0,49,112,108967712,56231920,2026-09-14 16:26:58.404000+00:00
16622349,Mengfei Li,F,0,9162,89469266,55179265,2026-08-02 06:27:11.913229200+00:00
16622349,Mengfei Li,F,1,9162,89469791,55179265,2026-08-02 06:31:11.924288900+00:00
16622349,Mengfei Li,F,2,9162,89470325,55179265,2026-08-02 06:35:16.331757300+00:00
16622349,Mengfei Li,F,3,9162,89470350,55179265,2026-08-02 06:35:16.359351100+00:00
16622349,Mengfei Li,F,4,9162,89470880,55179265,2026-08-02 06:39:12.932847900+00:00
16622349,Mengfei Li,F,5,9162,89471429,55179265,2026-08-02 06:43:12.132925700+00:00
16622349,Mengfei Li,F,6,9162,89471964,55179265,2026-08-02 06:47:12.332615+00:00
16622349,Mengfei Li,F,7,9162,90004966,55248928,2026-08-04 20:00:46.457950800+00:00
16622349,Mengfei Li,F,8,9162,90005604,55248928,2026-08-04 20:04:47.950673800+00:00
16622349,Mengfei Li,F,9,9162,90006248,55248928,2026-08-04 20:08:42.760819300+00:00
16622349,Mengfei Li,F,10,9162,90006896,55248928,2026-08-04 20:12:42.512366900+00:00
16622349,Mengfei Li,F,11,9162,90007534,55248928,2026-08-04 20:16:41.229528400+00:00
16622349,Mengfei Li,F,12,9162,90008179,55248928,2026-08-04 20:20:41.350662600+00:00
16622349,Mengfei Li,F,13,9162,90008823,55248928,2026-08-04 20:24:42.905610800+00:00
16622349,Mengfei Li,F,14,9162,90009465,55248928,2026-08-04 20:28:41.196527800+00:00
16622349,Mengfei Li,F,15,9162,90010106,55248928,2026-08-04 20:32:43.106256200+00:00
16622349,Mengfei Li,F,16,9162,90010223,55248928,2026-08-04 20:32:43.261358500+00:00
16622349,Mengfei Li,F,17,9162,90010245,55248928,2026-08-04 20:32:43.286381900+00:00
16622349,Mengfei Li,F,18,9162,90010763,55248928,2026-08-04 20:36:46.925008100+00:00
16622349,Mengfei Li,F,19,9162,90011408,55248928,2026-08-04 20:40:43.117462300+00:00
16622349,Mengfei Li,F,20,9162,90012052,55248928,2026-08-04 20:44:47.246546300+00:00
16622349,Mengfei Li,F,21,9162,90012704,55248928,2026-08-04 20:48:40.887226700+00:00
16622349,Mengfei Li,F,22,9162,90013347,55248928,2026-08-04 20:52:41.618962300+00:00
16622349,Mengfei Li,F,23,9162,90013994,55248928,2026-08-04 20:56:43.217148500+00:00
16622349,Mengfei Li,F,24,9162,90014636,55248928,2026-08-04 21:00:41.199875900+00:00
16622349,Mengfei Li,F,25,9162,90014640,55248928,2026-08-04 21:00:41.204020+00:00
16622349,Mengfei Li,F,26,9162,90015300,55248928,2026-08-04 21:04:47.549145300+00:00
16622349,Mengfei Li,F,27,9162,90015951,55248928,2026-08-04 21:08:43.412059600+00:00
16622349,Mengfei Li,F,28,9162,90016601,55248928,2026-08-04 21:12:43.511428800+00:00
16622349,Mengfei Li,F,29,9162,90017251,55248928,2026-08-04 21:16:42.067771100+00:00
16622349,Mengfei Li,F,30,9162,90017910,55248928,2026-08-04 21:20:40.717661+00:00
16622349,Mengfei Li,F,31,9162,90018559,55248928,2026-08-04 21:24:46.700854300+00:00
16622349,Mengfei Li,F,32,9162,90019248,55248928,2026-08-04 21:28:40.704529+00:00
16622349,Mengfei Li,F,33,9162,90019892,55248928,2026-08-04 21:32:43.457243600+00:00
16622349,Mengfei Li,F,34,9162,90020551,55248928,2026-08-04 21:36:42.255549200+00:00
16622349,Mengfei Li,F,35,9162,90021200,55248928,2026-08-04 21:41:02.913736900+00:00
16622349,Mengfei Li,F,36,9162,90021851,55248928,2026-08-04 21:44:59.960834100+00:00
16622349,Mengfei Li,F,37,9162,90022487,55248928,2026-08-04 21:48:58.284607800+00:00
16622349,Mengfei Li,F,38,9162,90022529,55248928,2026-08-04 21:48:58.350781200+00:00
16622349,Mengfei Li,F,39,9162,90023151,55248928,2026-08-04 21:53:01.839613400+00:00
16622349,Mengfei Li,F,40,9162,90023806,55248928,2026-08-04 21:56:59.240468600+00:00
16622349,Mengfei Li,F,41,9162,90023878,55248928,2026-08-04 21:56:59.327314300+00:00
16622349,Mengfei Li,F,42,9162,90024459,55248928,2026-08-04 22:00:57.841905500+00:00
16622349,Mengfei Li,F,43,9162,90025142,55248928,2026-08-04 22:04:58.612741900+00:00
16622349,Mengfei Li,F,44,9162,90025824,55248928,2026-08-04 22:08:57.732845+00:00
16622349,Mengfei Li,F,45,9162,90026532,55248928,2026-08-04 22:12:58.590803900+00:00
16622349,Mengfei Li,F,46,9162,90027189,55248928,2026-08-04 22:16:58.577440300+00:00
16622349,Mengfei Li,F,47,9162,90027212,55248928,2026-08-04 22:16:58.598413600+00:00
16622349,Mengfei Li,F,48,9162,90027899,55248928,2026-08-04 22:20:59.560320+00:00
16622349,Mengfei Li,F,49,9162,90028594,55248928,2026-08-04 22:25:00.358986300+00:00
16622349,Mengfei Li,Q1,2265,9162,93074522,55510691,2026-08-14 19:22:47.468249200+00:00
16622349,Mengfei Li,Q1,2266,9162,93075420,55510691,2026-08-14 19:26:48.063332+00:00
16622349,Mengfei Li,Q1,2267,9162,93076530,55510691,2026-08-14 19:30:48.599242700+00:00
16622349,Mengfei Li,Q1,2268,9162,93077303,55510691,2026-08-14 19:34:45.551081700+00:00
16622349,Mengfei Li,Q1,2269,9162,93077439,55510691,2026-08-14 19:34:45.789115500+00:00
16622349,Mengfei Li,Q1,2270,9162,93078232,55510691,2026-08-14 19:38:45.649714700+00:00
16622349,Mengfei Li,Q1,2271,9162,93079139,55510691,2026-08-14 19:42:45.466513100+00:00
16622349,Mengfei Li,Q1,2272,9162,93079305,55510691,2026-08-14 19:42:45.863541600+00:00
16622349,Mengfei Li,Q1,2273,9162,93080098,55510691,2026-08-14 19:46:48.016230400+00:00
16622349,Mengfei Li,Q1,2274,9162,93081018,55510691,2026-08-14 19:50:51.069616+00:00
16622349,Mengfei Li,Q1,2275,9162,93081928,55510691,2026-08-14 19:54:54.752529400+00:00
16622349,Mengfei Li,Q1,2276,9162,93082850,55510691,2026-08-14 19:58:52.095278600+00:00
16622349,Mengfei Li,Q1,2277,9162,93083789,55510691,2026-08-14 20:02:51.569716200+00:00
16622349,Mengfei Li,Q1,2278,9162,93084720,55510691,2026-08-14 20:06:57.689395400+00:00
16622349,Mengfei Li,Q1,2279,9162,93085640,55510691,2026-08-14 20:10:53.251973200+00:00
16622349,Mengfei Li,Q1,2280,9162,93086568,55510691,2026-08-14 20:14:51.769354+00:00
16622349,Mengfei Li,Q1,2281,9162,93087505,55510691,2026-08-14 20:18:52.398875800+00:00
16622349,Mengfei Li,Q1,2282,9162,93088417,55510691,2026-08-14 20:22:51.593777+00:00
16622349,Mengfei Li,Q1,2283,9162,93089341,55510691,2026-08-14 20:26:51.870800300+00:00
16622349,Mengfei Li,Q1,2284,9162,93090275,55510691,2026-08-14 20:30:55.164323400+00:00
16622349,Mengfei Li,Q1,2285,9162,93091203,55510691,2026-08-14 20:34:51.573666+00:00
16622349,Mengfei Li,Q1,2286,9162,93092125,55510691,2026-08-14 20:38:53.178306700+00:00
16622349,Mengfei Li,Q1,2287,9162,93093051,55510691,2026-08-14 20:42:51.847087100+00:00
16622349,Mengfei Li,Q1,2288,9162,93093982,55510691,2026-08-14 20:46:52.142048500+00:00
16622349,Mengfei Li,Q1,2289,9162,93094888,55510691,2026-08-14 20:50:55.668792200+00:00
16622349,Mengfei Li,Q1,2290,9162,93095856,55510691,2026-08-14 20:54:52.664047400+00:00
16622349,Mengfei Li,Q1,2291,9162,93096750,55510691,2026-08-14 20:58:52.385971200+00:00
16622349,Mengfei Li,Q1,2292,9162,93097677,55510691,2026-08-14 21:02:51.692476700+00:00
16622349,Mengfei Li,Q1,2293,9162,93098605,55510691,2026-08-14 21:06:51.585863300+00:00
16622349,Mengfei Li,Q1,2294,9162,93099537,55510691,2026-08-14 21:10:55.299929400+00:00
16622349,Mengfei Li,Q1,2295,9162,93100455,55510691,2026-08-14 21:14:52.259488500+00:00
16622349,Mengfei Li,Q1,2296,9162,93101386,55510691,2026-08-14 21:18:52.146374800+00:00
16622349,Mengfei Li,Q1,2297,9162,93102312,55510691,2026-08-14 21:22:52.377835+00:00
16622349,Mengfei Li,Q1,2298,9162,93103238,55510691,2026-08-14 21:26:52.056045400+00:00
16622349,Mengfei Li,Q1,2299,9162,93104170,55510691,2026-08-14 21:30:54.176748200+00:00
16622349,Mengfei Li,Q1,2300,9162,93105117,55510691,2026-08-14 21:34:52.165004+00:00
16622349,Mengfei Li,Q1,2301,9162,93106718,55510691,2026-08-14 21:44:47.592031+00:00
16622349,Mengfei Li,Q1,2302,9162,93106740,55513947,2026-08-14 21:44:47.629087900+00:00
16622349,Mengfei Li,Q1,2303,9162,93107652,55513947,2026-08-14 21:48:34.936998800+00:00
16622349,Mengfei Li,Q1,2304,9162,93108558,55513947,2026-08-14 21:52:35.559797+00:00
16622349,Mengfei Li,Q1,2305,9162,93109478,55513947,2026-08-14 21:56:41.506672+00:00
16622349,Mengfei Li,Q1,2306,9162,93110396,55513947,2026-08-14 22:00:34.930244200+00:00
16622349,Mengfei Li,Q1,2307,9162,93111327,55513947,2026-08-14 22:04:37.190957800+00:00
16622349,Mengfei Li,Q1,2308,9162,93112230,55510691,2026-08-14 22:08:35.530546+00:00
16622349,Mengfei Li,Q1,2309,9162,93112237,55513947,2026-08-14 22:08:35.534411200+00:00
16622349,Mengfei Li,Q1,2310,9162,93113154,55513947,2026-08-14 22:12:34.206518100+00:00
16622349,Mengfei Li,Q1,2311,9162,93114079,55513947,2026-08-14 22:16:34.280667900+00:00
16622349,Mengfei Li,Q1,2312,9162,93114997,55513947,2026-08-14 22:20:34.424913100+00:00
16622349,Mengfei Li,Q1,2313,9162,93115926,55513947,2026-08-14 22:24:35.891255500+00:00
16622349,Mengfei Li,Q1,2314,9162,93116847,55513947,2026-08-14 22:28:34.566135100+00:00
16622349,Mengfei Li,Q2,4556,9162,99673792,55778812,2026-08-26 01:09:31.928939400+00:00
16622349,Mengfei Li,Q2,4557,9162,99675996,55780327,2026-08-26 01:13:38.153104300+00:00
16622349,Mengfei Li,Q2,4558,9162,99676081,55778812,2026-08-26 01:13:38.362966700+00:00
16622349,Mengfei Li,Q2,4559,9162,99678280,55780327,2026-08-26 01:17:31.326197200+00:00
16622349,Mengfei Li,Q2,4560,9162,99678361,55778812,2026-08-26 01:17:31.463400700+00:00
16622349,Mengfei Li,Q2,4561,9162,99680539,55778812,2026-08-26 01:21:31.860232300+00:00
16622349,Mengfei Li,Q2,4562,9162,99680566,55780327,2026-08-26 01:21:31.888886800+00:00
16622349,Mengfei Li,Q2,4563,9162,99680646,55778812,2026-08-26 01:21:31.994662+00:00
16622349,Mengfei Li,Q2,4564,9162,99682855,55780327,2026-08-26 01:25:32.183698900+00:00
16622349,Mengfei Li,Q2,4565,9162,99682933,55778812,2026-08-26 01:25:32.296311500+00:00
16622349,Mengfei Li,Q2,4566,9162,99685132,55780327,2026-08-26 01:29:46.761086200+00:00
16622349,Mengfei Li,Q2,4567,9162,99687426,55780327,2026-08-26 01:33:40.675351700+00:00
16622349,Mengfei Li,Q2,4568,9162,99689721,55780327,2026-08-26 01:37:31.916248700+00:00
16622349,Mengfei Li,Q2,4569,9162,99691997,55780327,2026-08-26 01:41:32.176254200+00:00
16622349,Mengfei Li,Q2,4570,9162,99694290,55780327,2026-08-26 01:45:31.952067100+00:00
16622349,Mengfei Li,Q2,4571,9162,99696573,55780327,2026-08-26 01:49:33.023131700+00:00
16622349,Mengfei Li,Q2,4572,9162,99698876,55780327,2026-08-26 01:53:40.207120700+00:00
16622349,Mengfei Li,Q2,4573,9162,99701164,55780327,2026-08-26 01:57:33.713014400+00:00
16622349,Mengfei Li,Q2,4574,9162,99703444,55780327,2026-08-26 02:01:36.951906300+00:00
16622349,Mengfei Li,Q2,4575,9162,99703615,55778812,2026-08-26 02:01:37.194224800+00:00
16622349,Mengfei Li,Q2,4576,9162,99705727,55780327,2026-08-26 02:05:35.295651200+00:00
16622349,Mengfei Li,Q2,4577,9162,99708015,55780327,2026-08-26 02:09:33.976674600+00:00
16622349,Mengfei Li,Q2,4578,9162,99710304,55780327,2026-08-26 02:13:40.268596+00:00
16622349,Mengfei Li,Q2,4579,9162,99712412,55780327,2026-08-26 02:17:33.577137500+00:00
16622349,Mengfei Li,Q2,4580,9162,99712597,55780327,2026-08-26 02:17:33.908351+00:00
16622349,Mengfei Li,Q2,4581,9162,99714886,55780327,2026-08-26 02:21:35.186742600+00:00
16622349,Mengfei Li,Q2,4582,9162,99717180,55780327,2026-08-26 02:25:35.459803200+00:00
16622349,Mengfei Li,Q2,4583,9162,99719474,55780327,2026-08-26 02:29:34.868149500+00:00
16622349,Mengfei Li,Q2,4584,9162,99721774,55780327,2026-08-26 02:33:38.985542200+00:00
16622349,Mengfei Li,Q2,4585,9162,99724053,55780327,2026-08-26 02:38:05.705897200+00:00
16622349,Mengfei Li,Q2,4586,9162,99740102,55778812,2026-08-26 03:06:05.405487200+00:00
16622349,Mengfei Li,Q2,4587,9162,99762950,55780327,2026-08-26 03:46:03.577530800+00:00
16622349,Mengfei Li,Q2,4588,9162,99773973,55780327,2026-08-26 04:06:02.018846700+00:00
16622349,Mengfei Li,Q2,4589,9162,99785671,55778812,2026-08-26 04:26:05.817155100+00:00
16622349,Mengfei Li,Q2,4590,9162,99792594,55778812,2026-08-26 04:38:07.577442500+00:00
16622349,Mengfei Li,Q2,4591,9162,99808464,55778812,2026-08-26 05:06:05.877397900+00:00
16622349,Mengfei Li,Q2,4592,9162,99826754,55780327,2026-08-26 05:38:07.080082+00:00
16622349,Mengfei Li,Q2,4593,9162,99851655,55780327,2026-08-26 06:22:01.961636300+00:00
16622349,Mengfei Li,Q2,4594,9162,99872263,55780327,2026-08-26 06:58:39.179686400+00:00
16622349,Mengfei Li,Q2,4595,9162,100670219,55811670,2026-08-27 06:27:07.200490300+00:00
16622349,Mengfei Li,Q2,4596,9162,100672492,55811670,2026-08-27 06:31:06.238442700+00:00
16622349,Mengfei Li,Q2,4597,9162,100674776,55811670,2026-08-27 06:35:11.488378200+00:00
16622349,Mengfei Li,Q2,4598,9162,100677045,55811670,2026-08-27 06:39:06.092290900+00:00
16622349,Mengfei Li,Q2,4599,9162,100679329,55811670,2026-08-27 06:43:06.837461400+00:00
16622349,Mengfei Li,Q2,4600,9162,100681608,55811670,2026-08-27 06:47:36.852803700+00:00
16622349,Mengfei Li,Q2,4601,9162,100683879,55811670,2026-08-27 06:51:37.941861+00:00
16622349,Mengfei Li,Q2,4602,9162,100686152,55811670,2026-08-27 06:55:37.393307400+00:00
16622349,Mengfei Li,Q2,4603,9162,100688426,55811670,2026-08-27 06:59:37.681635900+00:00
16622349,Mengfei Li,Q2,4604,9162,100690705,55811670,2026-08-27 07:03:35.465499+00:00
16622349,Mengfei Li,Q2,4605,9162,100692986,55811670,2026-08-27 07:07:36.748193300+00:00
16622349,Mengfei Li,Q3,6847,9162,105849142,56035663,2026-09-05 16:31:07.366000+00:00
16622349,Mengfei Li,Q3,6848,9162,105849715,56035663,2026-09-05 16:31:08.510000+00:00
16622349,Mengfei Li,Q3,6849,9162,105850060,56035663,2026-09-05 16:35:06.882000+00:00
16622349,Mengfei Li,Q3,6850,9162,105850631,56031566,2026-09-05 16:35:08.002000+00:00
16622349,Mengfei Li,Q3,6851,9162,105851018,56035663,2026-09-05 16:39:08.561000+00:00
16622349,Mengfei Li,Q3,6852,9162,105851497,56035663,2026-09-05 16:39:09.577000+00:00
16622349,Mengfei Li,Q3,6853,9162,105851896,56035663,2026-09-05 16:43:08.509000+00:00
16622349,Mengfei Li,Q3,6854,9162,105852829,56035663,2026-09-05 16:47:04.491000+00:00
16622349,Mengfei Li,Q3,6855,9162,105853751,56035663,2026-09-05 16:51:04.480000+00:00
16622349,Mengfei Li,Q3,6856,9162,105854675,56035663,2026-09-05 16:55:08.791000+00:00
16622349,Mengfei Li,Q3,6857,9162,105855098,56031566,2026-09-05 16:55:09.670000+00:00
16622349,Mengfei Li,Q3,6858,9162,105855100,56031566,2026-09-05 16:55:09.672000+00:00
16622349,Mengfei Li,Q3,6859,9162,105855584,56035663,2026-09-05 16:59:08.482000+00:00
16622349,Mengfei Li,Q3,6860,9162,105856490,56035663,2026-09-05 17:03:09.425000+00:00
16622349,Mengfei Li,Q3,6861,9162,105857400,56035663,2026-09-05 17:07:05.079000+00:00
16622349,Mengfei Li,Q3,6862,9162,105858313,56035663,2026-09-05 17:11:04.912000+00:00
16622349,Mengfei Li,Q3,6863,9162,105858896,56031566,2026-09-05 17:11:05.972000+00:00
16622349,Mengfei Li,Q3,6864,9162,105859190,56035663,2026-09-05 17:15:04.716000+00:00
16622349,Mengfei Li,Q3,6865,9162,105860115,56035663,2026-09-05 17:19:07.966000+00:00
16622349,Mengfei Li,Q3,6866,9162,105860711,56035663,2026-09-05 17:19:09.103000+00:00
16622349,Mengfei Li,Q3,6867,9162,105861042,56035663,2026-09-05 17:23:15.593000+00:00
16622349,Mengfei Li,Q3,6868,9162,105861959,56035663,2026-09-05 17:27:11.175000+00:00
16622349,Mengfei Li,Q3,6869,9162,105862202,56035663,2026-09-05 17:27:11.703000+00:00
16622349,Mengfei Li,Q3,6870,9162,105862889,56035663,2026-09-05 17:31:06.871000+00:00
16622349,Mengfei Li,Q3,6871,9162,105863237,56031566,2026-09-05 17:31:07.480000+00:00
16622349,Mengfei Li,Q3,6872,9162,105863789,56035663,2026-09-05 17:35:06.621000+00:00
16622349,Mengfei Li,Q3,6873,9162,105864228,56031566,2026-09-05 17:35:07.429000+00:00
16622349,Mengfei Li,Q3,6874,9162,105864683,56035663,2026-09-05 17:39:07.588000+00:00
16622349,Mengfei Li,Q3,6875,9162,105865141,56031566,2026-09-05 17:39:08.397000+00:00
16622349,Mengfei Li,Q3,6876,9162,105865591,56035663,2026-09-05 17:43:09.601000+00:00
16622349,Mengfei Li,Q3,6877,9162,105866483,56035663,2026-09-05 17:47:07.026000+00:00
16622349,Mengfei Li,Q3,6878,9162,105867387,56035663,2026-09-05 17:51:06.794000+00:00
16622349,Mengfei Li,Q3,6879,9162,105868307,56035663,2026-09-05 17:55:12.184000+00:00
16622349,Mengfei Li,Q3,6880,9162,105868632,56031566,2026-09-05 17:55:12.710000+00:00
16622349,Mengfei Li,Q3,6881,9162,105868827,56031566,2026-09-05 17:55:13.015000+00:00
16622349,Mengfei Li,Q3,6882,9162,105869228,56035663,2026-09-05 17:59:07.998000+00:00
16622349,Mengfei Li,Q3,6883,9162,105870128,56035663,2026-09-05 18:03:15.596000+00:00
16622349,Mengfei Li,Q3,6884,9162,105871027,56035663,2026-09-05 18:07:07.314000+00:00
16622349,Mengfei Li,Q3,6885,9162,105871934,56035663,2026-09-05 18:11:08.505000+00:00
16622349,Mengfei Li,Q3,6886,9162,105872834,56035663,2026-09-05 18:15:09.565000+00:00
16622349,Mengfei Li,Q3,6887,9162,105873148,56031566,2026-09-05 18:15:10.134000+00:00
16622349,Mengfei Li,Q3,6888,9162,105873156,56031566,2026-09-05 18:15:10.169000+00:00
16622349,Mengfei Li,Q3,6889,9162,105873350,56031566,2026-09-05 18:15:10.490000+00:00
16622349,Mengfei Li,Q3,6890,9162,105873729,56035663,2026-09-05 18:19:11.270000+00:00
16622349,Mengfei Li,Q3,6891,9162,105874620,56035663,2026-09-05 18:23:15.016000+00:00
16622349,Mengfei Li,Q3,6892,9162,105874917,56031566,2026-09-05 18:23:15.682000+00:00
16622349,Mengfei Li,Q3,6893,9162,105875531,56035663,2026-09-05 18:27:07.222000+00:00
16622349,Mengfei Li,Q3,6894,9162,105876421,56035663,2026-09-05 18:31:07.001000+00:00
16622349,Mengfei Li,Q3,6895,9162,105876759,56031566,2026-09-05 18:31:07.583000+00:00
16622349,Mengfei Li,Q3,6896,9162,105876766,56031566,2026-09-05 18:31:07.592000+00:00
16622349,Mengfei Li,L,9112,9162,108917361,56047440,2026-09-14 13:10:50.405000+00:00
16622349,Mengfei Li,L,9113,9162,108917362,56173067,2026-09-14 13:10:50.407000+00:00
16622349,Mengfei Li,L,9114,9162,108921532,56047440,2026-09-14 13:26:51.539000+00:00
16622349,Mengfei Li,L,9115,9162,108924597,56173067,2026-09-14 13:39:01.621000+00:00
16622349,Mengfei Li,L,9116,9162,108928774,56047440,2026-09-14 13:54:50.323000+00:00
16622349,Mengfei Li,L,9117,9162,108931881,56173067,2026-09-14 14:06:50.101000+00:00
16622349,Mengfei Li,L,9118,9162,108932556,56047440,2026-09-14 14:10:49.948000+00:00
16622349,Mengfei Li,L,9119,9162,108933925,56173067,2026-09-14 14:14:51.943000+00:00
16622349,Mengfei Li,L,9120,9162,108938833,56173067,2026-09-14 14:34:55.784000+00:00
16622349,Mengfei Li,L,9121,9162,108940041,56047440,2026-09-14 14:38:55.801000+00:00
16622349,Mengfei Li,L,9122,9162,108946273,56173067,2026-09-14 15:02:53.159000+00:00
16622349,Mengfei Li,L,9123,9162,108947306,56047440,2026-09-14 15:06:54.612000+00:00
16622349,Mengfei Li,L,9124,9162,108948557,56047440,2026-09-14 15:10:50.916000+00:00
16622349,Mengfei Li,L,9125,9162,108950610,56173067,2026-09-14 15:18:55.413000+00:00
16622349,Mengfei Li,L,9126,9162,108955732,56047440,2026-09-14 15:38:55.983000+00:00
16622349,Mengfei Li,L,9127,9162,108957764,56173067,2026-09-14 15:46:55.922000+00:00
16622349,Mengfei Li,L,9128,9162,108963059,56047440,2026-09-14 16:06:52.940000+00:00
16622349,Mengfei Li,L,9129,9162,108965060,56173067,2026-09-14 16:14:51.288000+00:00
16622349,Mengfei Li,L,9130,9162,108968262,56047440,2026-09-14 16:26:59.321000+00:00
16622349,Mengfei Li,L,9131,9162,108968278,56047440,2026-09-14 16:26:59.333000+00:00
16622349,Mengfei Li,L,9132,9162,108968750,56047440,2026-09-14 16:30:50.200000+00:00
16622349,Mengfei Li,L,9133,9162,108971809,56047440,2026-09-14 16:42:53.479000+00:00
16622349,Mengfei Li,L,9134,9162,108972334,56173067,2026-09-14 16:42:54.415000+00:00
16622349,Mengfei Li,L,9135,9162,108978587,56047440,2026-09-14 17:08:57.669000+00:00
16622349,Mengfei Li,L,9136,9162,108979457,56047440,2026-09-14 17:12:42.794000+00:00
16622349,Mengfei Li,L,9137,9162,108979491,56173067,2026-09-14 17:12:42.859000+00:00
16622349,Mengfei Li,L,9138,9162,108982600,56173067,2026-09-14 17:24:42.753000+00:00
16622349,Mengfei Li,L,9139,9162,108985765,56047440,2026-09-14 17:36:43.267000+00:00
16622349,Mengfei Li,L,9140,9162,108987349,56047440,2026-09-14 17:44:41.339000+00:00
16622349,Mengfei Li,L,9141,9162,108988385,56047440,2026-09-14 17:48:42.138000+00:00
16622349,Mengfei Li,L,9142,9162,108988684,56173067,2026-09-14 17:48:42.771000+00:00
16622349,Mengfei Li,L,9143,9162,108988876,56173067,2026-09-14 17:48:43.154000+00:00
16622349,Mengfei Li,L,9144,9162,108991806,56047440,2026-09-14 18:00:43.065000+00:00
16622349,Mengfei Li,L,9145,9162,108995066,56173067,2026-09-14 18:12:41.036000+00:00
16622349,Mengfei Li,L,9146,9162,108998026,56047440,2026-09-14 18:24:41.096000+00:00
16622349,Mengfei Li,L,9147,9162,109000779,56173067,2026-09-14 18:36:45.369000+00:00
16622349,Mengfei Li,L,9148,9162,109001191,56173067,2026-09-14 18:36:46.037000+00:00
16622349,Mengfei Li,L,9149,9162,109004106,56047440,2026-09-14 18:48:41.546000+00:00
16622349,Mengfei Li,L,9150,9162,109007179,56173067,2026-09-14 19:00:41.544000+00:00
16622349,Mengfei Li,L,9151,9162,109007180,56173067,2026-09-14 19:00:41.546000+00:00
16622349,Mengfei Li,L,9152,9162,109007181,56173067,2026-09-14 19:00:41.546000+00:00
16622349,Mengfei Li,L,9153,9162,109007510,56173067,2026-09-14 19:00:42.039000+00:00
16622349,Mengfei Li,L,9154,9162,109008355,56047440,2026-09-14 19:04:41.196000+00:00
16622349,Mengfei Li,L,9155,9162,109008905,56173067,2026-09-14 19:08:42.758000+00:00
16622349,Mengfei Li,L,9156,9162,109010167,56173067,2026-09-14 19:12:40.473000+00:00
16622349,Mengfei Li,L,9157,9162,109012180,56047440,2026-09-14 19:20:41.650000+00:00
16622349,Mengfei Li,L,9158,9162,109012656,56047440,2026-09-14 19:20:42.379000+00:00
16622349,Mengfei Li,L,9159,9162,109013049,56047440,2026-09-14 19:24:41.654000+00:00
16622349,Mengfei Li,L,9160,9162,109015548,56173067,2026-09-14 19:32:41.436000+00:00
16622349,Mengfei Li,L,9161,9162,109016628,56047440,2026-09-14 19:36:41.189000+00:00
16622349,Mengfei Li,C0,0,374,107960159,56173067,2026-09-11 21:58:16.648000+00:00
16622349,Mengfei Li,C0,1,374,107961157,56173067,2026-09-11 22:06:54.279000+00:00
16622349,Mengfei Li,C0,2,374,107962139,56173067,2026-09-11 22:10:41.591000+00:00
16622349,Mengfei Li,C0,3,374,107963108,56173067,2026-09-11 22:14:41.749000+00:00
16622349,Mengfei Li,C0,4,374,107964090,56173067,2026-09-11 22:18:41.423000+00:00
16622349,Mengfei Li,C0,5,374,107965082,56173067,2026-09-11 22:22:41.656000+00:00
16622349,Mengfei Li,C0,6,374,107966058,56173067,2026-09-11 22:26:41.602000+00:00
16622349,Mengfei Li,C0,7,374,107967049,56173067,2026-09-11 22:30:42.577000+00:00
16622349,Mengfei Li,C0,8,374,107968031,56173067,2026-09-11 22:34:47.761000+00:00
16622349,Mengfei Li,C0,9,374,107969024,56173067,2026-09-11 22:38:46.960000+00:00
16622349,Mengfei Li,C0,10,374,107969025,56173067,2026-09-11 22:38:46.964000+00:00
16622349,Mengfei Li,C0,11,374,107970003,56173067,2026-09-11 22:42:43.972000+00:00
16622349,Mengfei Li,C0,12,374,107970991,56173067,2026-09-11 22:46:43.076000+00:00
16622349,Mengfei Li,C0,13,374,107971523,56173067,2026-09-11 22:46:43.879000+00:00
16622349,Mengfei Li,C0,14,374,107971978,56173067,2026-09-11 22:50:42.276000+00:00
16622349,Mengfei Li,C0,15,374,107972980,56173067,2026-09-11 22:54:43.137000+00:00
16622349,Mengfei Li,C0,16,374,107973877,56173067,2026-09-11 22:54:44.510000+00:00
16622349,Mengfei Li,C0,17,374,107973975,56173067,2026-09-11 22:58:45.504000+00:00
16622349,Mengfei Li,C0,18,374,107974984,56173067,2026-09-11 23:02:42.057000+00:00
16622349,Mengfei Li,C0,19,374,107975988,56173067,2026-09-11 23:06:41.357000+00:00
16622349,Mengfei Li,C0,20,374,107976990,56173067,2026-09-11 23:10:47.193000+00:00
16622349,Mengfei Li,C0,21,374,107977999,56173067,2026-09-11 23:14:41.064000+00:00
16622349,Mengfei Li,C0,22,374,107979006,56173067,2026-09-11 23:18:41.103000+00:00
16622349,Mengfei Li,C0,23,374,107980006,56173067,2026-09-11 23:22:42.186000+00:00
16622349,Mengfei Li,C0,24,374,107980987,56173067,2026-09-11 23:26:42.990000+00:00
16622349,Mengfei Li,C0,25,374,107981993,56173067,2026-09-11 23:30:45.964000+00:00
16622349,Mengfei Li,C0,26,374,107982992,56173067,2026-09-11 23:34:43.946000+00:00
16622349,Mengfei Li,C0,27,374,107983990,56173067,2026-09-11 23:38:46.286000+00:00
16622349,Mengfei Li,C0,28,374,107984979,56173067,2026-09-11 23:42:42.457000+00:00
16622349,Mengfei Li,C0,29,374,107985978,56173067,2026-09-11 23:46:46.889000+00:00
16622349,Mengfei Li,C0,30,374,107986050,56173067,2026-09-11 23:46:46.985000+00:00
16622349,Mengfei Li,C0,31,374,107986591,56173067,2026-09-11 23:46:47.860000+00:00
16622349,Mengfei Li,C0,32,374,107986948,56173067,2026-09-11 23:50:43.035000+00:00
16622349,Mengfei Li,C0,33,374,107987985,56173067,2026-09-11 23:54:41.757000+00:00
16622349,Mengfei Li,C0,34,374,107988982,56173067,2026-09-11 23:59:11.162000+00:00
16622349,Mengfei Li,C0,35,374,107990022,56173067,2026-09-12 00:03:16.573000+00:00
16622349,Mengfei Li,C0,36,374,107990385,56173067,2026-09-12 00:03:17.096000+00:00
16622349,Mengfei Li,C0,37,374,107990596,56173067,2026-09-12 00:03:17.444000+00:00
16622349,Mengfei Li,C0,38,374,107991069,56173067,2026-09-12 00:07:12.972000+00:00
16622349,Mengfei Li,C0,39,374,107992090,56173067,2026-09-12 00:11:11.750000+00:00
16622349,Mengfei Li,C0,40,374,107993108,56173067,2026-09-12 00:15:11.269000+00:00
16622349,Mengfei Li,C0,41,374,107994113,56173067,2026-09-12 00:19:12.894000+00:00
16622349,Mengfei Li,C0,42,374,107995109,56173067,2026-09-12 00:23:12.661000+00:00
16622349,Mengfei Li,C0,43,374,107996099,56173067,2026-09-12 00:27:13.952000+00:00
16622349,Mengfei Li,C0,44,374,107997095,56173067,2026-09-12 00:31:12.150000+00:00
16622349,Mengfei Li,C0,45,374,107998092,56173067,2026-09-12 00:35:12.664000+00:00
16622349,Mengfei Li,C0,46,374,107999079,56173067,2026-09-12 00:39:12.102000+00:00
16622349,Mengfei Li,C0,47,374,108000088,56173067,2026-09-12 00:43:11.993000+00:00
16622349,Mengfei Li,C0,48,374,108001101,56173067,2026-09-12 00:47:12.872000+00:00
16622349,Mengfei Li,C0,49,374,108002077,56173067,2026-09-12 00:51:11.785000+00:00
16690867,HowardLeeTW,F,0,2348,91001640,55349816,2026-08-08 12:11:51.579660300+00:00
16690867,HowardLeeTW,F,1,2348,91002470,55349816,2026-08-08 12:15:49.803490300+00:00
16690867,HowardLeeTW,F,2,2348,91003289,55349816,2026-08-08 12:19:49.919626300+00:00
16690867,HowardLeeTW,F,3,2348,91004108,55349816,2026-08-08 12:23:54.510060700+00:00
16690867,HowardLeeTW,F,4,2348,91004943,55349816,2026-08-08 12:27:49.692739+00:00
16690867,HowardLeeTW,F,5,2348,91005777,55349816,2026-08-08 12:31:52.624406200+00:00
16690867,HowardLeeTW,F,6,2348,91006605,55349816,2026-08-08 12:35:49.733432300+00:00
16690867,HowardLeeTW,F,7,2348,91007432,55349816,2026-08-08 12:39:49.501100500+00:00
16690867,HowardLeeTW,F,8,2348,91008298,55349816,2026-08-08 12:43:49.577768600+00:00
16690867,HowardLeeTW,F,9,2348,91009139,55349816,2026-08-08 12:47:49.471675600+00:00
16690867,HowardLeeTW,F,10,2348,91009979,55349816,2026-08-08 12:51:51.916923400+00:00
16690867,HowardLeeTW,F,11,2348,91010831,55349816,2026-08-08 12:55:48.824321800+00:00
16690867,HowardLeeTW,F,12,2348,91011670,55349816,2026-08-08 12:59:49.069037200+00:00
16690867,HowardLeeTW,F,13,2348,91011694,55349816,2026-08-08 12:59:49.106507300+00:00
16690867,HowardLeeTW,F,14,2348,91012506,55349816,2026-08-08 13:03:49.969213200+00:00
16690867,HowardLeeTW,F,15,2348,91012608,55349816,2026-08-08 13:03:50.124658700+00:00
16690867,HowardLeeTW,F,16,2348,91013364,55349816,2026-08-08 13:07:48.819650700+00:00
16690867,HowardLeeTW,F,17,2348,91014209,55349816,2026-08-08 13:11:50.949478200+00:00
16690867,HowardLeeTW,F,18,2348,91015059,55349816,2026-08-08 13:15:49.475037200+00:00
16690867,HowardLeeTW,F,19,2348,91015900,55349816,2026-08-08 13:19:48.825069500+00:00
16690867,HowardLeeTW,F,20,2348,91016734,55349816,2026-08-08 13:23:49.409199800+00:00
16690867,HowardLeeTW,F,21,2348,91016965,55349816,2026-08-08 13:23:49.772034300+00:00
16690867,HowardLeeTW,F,22,2348,91017587,55349816,2026-08-08 13:27:49.336326400+00:00
16690867,HowardLeeTW,F,23,2348,91018391,55349816,2026-08-08 13:31:50.988529500+00:00
16690867,HowardLeeTW,F,24,2348,91018425,55349816,2026-08-08 13:31:51.028203500+00:00
16690867,HowardLeeTW,F,25,2348,91019272,55349816,2026-08-08 13:35:48.678635800+00:00
16690867,HowardLeeTW,F,26,2348,91020111,55349816,2026-08-08 13:39:49.623371100+00:00
16690867,HowardLeeTW,F,27,2348,91020965,55349816,2026-08-08 13:43:56.446742800+00:00
16690867,HowardLeeTW,F,28,2348,91021818,55349816,2026-08-08 13:47:56.275676800+00:00
16690867,HowardLeeTW,F,29,2348,91022658,55349816,2026-08-08 13:52:00.418773500+00:00
16690867,HowardLeeTW,F,30,2348,91022700,55349816,2026-08-08 13:52:00.487516600+00:00
16690867,HowardLeeTW,F,31,2348,91023499,55349816,2026-08-08 13:55:56.389655600+00:00
16690867,HowardLeeTW,F,32,2348,91024341,55349816,2026-08-08 13:59:56.833534900+00:00
16690867,HowardLeeTW,F,33,2348,91025185,55349816,2026-08-08 14:03:56.514264700+00:00
16690867,HowardLeeTW,F,34,2348,91026022,55349816,2026-08-08 14:07:56.728468500+00:00
16690867,HowardLeeTW,F,35,2348,91026873,55349816,2026-08-08 14:12:05.994764400+00:00
16690867,HowardLeeTW,F,36,2348,91027722,55349816,2026-08-08 14:15:58.305600900+00:00
16690867,HowardLeeTW,F,37,2348,91028565,55349816,2026-08-08 14:19:56.907600900+00:00
16690867,HowardLeeTW,F,38,2348,91029398,55349816,2026-08-08 14:23:59.847773400+00:00
16690867,HowardLeeTW,F,39,2348,91030237,55349816,2026-08-08 14:27:57.617337700+00:00
16690867,HowardLeeTW,F,40,2348,91031097,55349816,2026-08-08 14:32:01.504722700+00:00
16690867,HowardLeeTW,F,41,2348,91031940,55349816,2026-08-08 14:35:56.985588+00:00
16690867,HowardLeeTW,F,42,2348,91032788,55349816,2026-08-08 14:39:56.585999900+00:00
16690867,HowardLeeTW,F,43,2348,91032816,55349816,2026-08-08 14:39:56.615368600+00:00
16690867,HowardLeeTW,F,44,2348,91033632,55349816,2026-08-08 14:43:56.810891700+00:00
16690867,HowardLeeTW,F,45,2348,91034474,55349816,2026-08-08 14:47:56.915041100+00:00
16690867,HowardLeeTW,F,46,2348,91035320,55349816,2026-08-08 14:51:59.332476500+00:00
16690867,HowardLeeTW,F,47,2348,91036158,55349816,2026-08-08 14:55:56.417443600+00:00
16690867,HowardLeeTW,F,48,2348,91037023,55349816,2026-08-08 14:59:56.520911500+00:00
16690867,HowardLeeTW,F,49,2348,91037866,55349816,2026-08-08 15:03:56.606645300+00:00
16690867,HowardLeeTW,Q1,562,2348,94084147,55524237,2026-08-18 01:38:44.722018800+00:00
16690867,HowardLeeTW,Q1,563,2348,94097476,55524237,2026-08-18 02:38:44.525215800+00:00
16690867,HowardLeeTW,Q1,564,2348,94109765,55524237,2026-08-18 03:34:46.804524500+00:00
16690867,HowardLeeTW,Q1,565,2348,94110388,55349816,2026-08-18 03:38:44.153278600+00:00
16690867,HowardLeeTW,Q1,566,2348,94112489,55349816,2026-08-18 03:46:45.342979800+00:00
16690867,HowardLeeTW,Q1,567,2348,94124798,55524237,2026-08-18 04:42:45.204139900+00:00
16690867,HowardLeeTW,Q1,568,2348,94125340,55349816,2026-08-18 04:46:44.686467900+00:00
16690867,HowardLeeTW,Q1,569,2348,94130719,55524237,2026-08-18 05:10:45.018863800+00:00
16690867,HowardLeeTW,Q1,570,2348,94138566,55524237,2026-08-18 05:46:44.383819900+00:00
16690867,HowardLeeTW,Q1,571,2348,94151212,55349816,2026-08-18 07:06:43.151062900+00:00
16690867,HowardLeeTW,Q1,572,2348,94166127,55349816,2026-08-18 09:10:42.391073+00:00
16690867,HowardLeeTW,Q1,573,2348,94171429,55524237,2026-08-18 09:54:49.726087700+00:00
16690867,HowardLeeTW,Q1,574,2348,94174832,55524237,2026-08-18 10:22:42.759023600+00:00
16690867,HowardLeeTW,Q1,575,2348,94179631,55349816,2026-08-18 11:02:42.809638100+00:00
16690867,HowardLeeTW,Q1,576,2348,94181936,55349816,2026-08-18 11:22:41.953001800+00:00
16690867,HowardLeeTW,Q1,577,2348,94183463,55524237,2026-08-18 11:34:44.311298400+00:00
16690867,HowardLeeTW,Q1,578,2348,94184845,55524237,2026-08-18 11:47:12.498064400+00:00
16690867,HowardLeeTW,Q1,579,2348,94213260,55349816,2026-08-18 15:45:37.662720+00:00
16690867,HowardLeeTW,Q1,580,2348,94213717,55524237,2026-08-18 15:49:34.026410100+00:00
16690867,HowardLeeTW,Q1,581,2348,94216114,55524237,2026-08-18 16:09:34.268713100+00:00
16690867,HowardLeeTW,Q1,582,2348,94226384,55349816,2026-08-18 16:57:37.733269600+00:00
16690867,HowardLeeTW,Q1,583,2348,94227590,55524237,2026-08-18 17:01:35.933395100+00:00
16690867,HowardLeeTW,Q1,584,2348,94229266,55524237,2026-08-18 17:09:35.720077100+00:00
16690867,HowardLeeTW,Q1,585,2348,94239917,55524237,2026-08-18 17:45:01.945354500+00:00
16690867,HowardLeeTW,Q1,586,2348,94244035,55524237,2026-08-18 17:57:00.752461+00:00
16690867,HowardLeeTW,Q1,587,2348,94249442,55349816,2026-08-18 18:09:02.447773300+00:00
16690867,HowardLeeTW,Q1,588,2348,94251693,55349816,2026-08-18 18:13:03.574383300+00:00
16690867,HowardLeeTW,Q1,589,2348,94273517,55349816,2026-08-18 19:02:50.223946200+00:00
16690867,HowardLeeTW,Q1,590,2348,94275758,55524237,2026-08-18 19:06:44.829181200+00:00
16690867,HowardLeeTW,Q1,591,2348,94284650,55524237,2026-08-18 19:26:45.249559300+00:00
16690867,HowardLeeTW,Q1,592,2348,94292654,55349816,2026-08-18 19:50:39.352298300+00:00
16690867,HowardLeeTW,Q1,593,2348,94293649,55349816,2026-08-18 19:54:39.265316800+00:00
16690867,HowardLeeTW,Q1,594,2348,94298025,55524237,2026-08-18 20:14:42.376281600+00:00
16690867,HowardLeeTW,Q1,595,2348,94298993,55524237,2026-08-18 20:20:13.811415700+00:00
16690867,HowardLeeTW,Q1,596,2348,94311911,55349816,2026-08-18 21:19:57.388669300+00:00
16690867,HowardLeeTW,Q1,597,2348,94315650,55524237,2026-08-18 21:35:55.051818+00:00
16690867,HowardLeeTW,Q1,598,2348,94316486,55524237,2026-08-18 21:39:57.240281500+00:00
16690867,HowardLeeTW,Q1,599,2348,94329635,55524237,2026-08-18 22:39:57.043504200+00:00
16690867,HowardLeeTW,Q1,600,2348,94332945,55524237,2026-08-18 22:55:55.262877600+00:00
16690867,HowardLeeTW,Q1,601,2348,94334690,55524237,2026-08-18 23:03:56.239904400+00:00
16690867,HowardLeeTW,Q1,602,2348,94339987,55524237,2026-08-18 23:27:56.069997300+00:00
16690867,HowardLeeTW,Q1,603,2348,94343688,55524237,2026-08-18 23:43:55.351894600+00:00
16690867,HowardLeeTW,Q1,604,2348,94345417,55349816,2026-08-18 23:51:55.034859600+00:00
16690867,HowardLeeTW,Q1,605,2348,94353488,55524237,2026-08-19 00:27:55.888196100+00:00
16690867,HowardLeeTW,Q1,606,2348,94356691,55349816,2026-08-19 00:43:55.609202800+00:00
16690867,HowardLeeTW,Q1,607,2348,94361084,55524237,2026-08-19 01:03:59.773636700+00:00
16690867,HowardLeeTW,Q1,608,2348,94363689,55349816,2026-08-19 01:15:56.133612600+00:00
16690867,HowardLeeTW,Q1,609,2348,94371978,55524237,2026-08-19 01:51:56.632822+00:00
16690867,HowardLeeTW,Q1,610,2348,94372628,55349816,2026-08-19 01:55:57.548702900+00:00
16690867,HowardLeeTW,Q1,611,2348,94378100,55524237,2026-08-19 02:19:58.965499400+00:00
16690867,HowardLeeTW,Q2,1149,2348,103620619,55349816,2026-08-30 22:34:26.346684200+00:00
16690867,HowardLeeTW,Q2,1150,2348,103656644,55524237,2026-08-30 23:38:27.506592300+00:00
16690867,HowardLeeTW,Q2,1151,2348,103718801,55524237,2026-08-31 01:30:30.190746700+00:00
16690867,HowardLeeTW,Q2,1152,2348,103721133,55524237,2026-08-31 01:34:24.979988300+00:00
16690867,HowardLeeTW,Q2,1153,2348,103729983,55349816,2026-08-31 01:50:28.046186500+00:00
16690867,HowardLeeTW,Q2,1154,2348,103787999,55349816,2026-08-31 03:34:32.840677300+00:00
16690867,HowardLeeTW,Q2,1155,2348,103812912,55524237,2026-08-31 04:18:31.149310700+00:00
16690867,HowardLeeTW,Q2,1156,2348,103917792,55524237,2026-08-31 07:26:30.808678800+00:00
16690867,HowardLeeTW,Q2,1157,2348,103944534,55349816,2026-08-31 08:14:33.233021900+00:00
16690867,HowardLeeTW,Q2,1158,2348,103989145,55524237,2026-08-31 09:34:30.156789800+00:00
16690867,HowardLeeTW,Q2,1159,2348,104058440,55524237,2026-08-31 11:38:32.158646300+00:00
16690867,HowardLeeTW,Q2,1160,2348,104080426,55524237,2026-08-31 12:18:33.817104500+00:00
16690867,HowardLeeTW,Q2,1161,2348,104080557,55524237,2026-08-31 12:18:34.024485600+00:00
16690867,HowardLeeTW,Q2,1162,2348,104089733,55349816,2026-08-31 12:34:30.477756900+00:00
16690867,HowardLeeTW,Q2,1163,2348,104205847,55524237,2026-08-31 16:02:35.497384200+00:00
16690867,HowardLeeTW,Q2,1164,2348,104257153,55349816,2026-08-31 17:34:33.662412500+00:00
16690867,HowardLeeTW,Q2,1165,2348,104306233,55524237,2026-08-31 19:02:32.024663700+00:00
16690867,HowardLeeTW,Q2,1166,2348,104308364,55349816,2026-08-31 19:06:29.837938800+00:00
16690867,HowardLeeTW,Q2,1167,2348,104359490,55524237,2026-08-31 20:41:58.469137100+00:00
16690867,HowardLeeTW,Q2,1168,2348,104435395,55349816,2026-08-31 23:00:18.137208900+00:00
16690867,HowardLeeTW,Q2,1169,2348,104437792,55524237,2026-08-31 23:04:18.040527+00:00
16690867,HowardLeeTW,Q2,1170,2348,104477045,55524237,2026-09-01 01:33:44.033687800+00:00
16690867,HowardLeeTW,Q2,1171,2348,104482047,55349816,2026-09-01 02:22:00.113076800+00:00
16690867,HowardLeeTW,Q2,1172,2348,104485695,55524237,2026-09-01 02:54:27.260134700+00:00
16690867,HowardLeeTW,Q2,1173,2348,104487599,55349816,2026-09-01 03:14:26.528818400+00:00
16690867,HowardLeeTW,Q2,1174,2348,104492633,55524237,2026-09-01 03:58:26.799841400+00:00
16690867,HowardLeeTW,Q2,1175,2348,104499332,55524237,2026-09-01 05:02:26.159353800+00:00
16690867,HowardLeeTW,Q2,1176,2348,104505259,55349816,2026-09-01 05:58:25.899175800+00:00
16690867,HowardLeeTW,Q2,1177,2348,104505582,55349816,2026-09-01 05:58:26.425058500+00:00
16690867,HowardLeeTW,Q2,1178,2348,104506420,55349816,2026-09-01 06:06:26.562926+00:00
16690867,HowardLeeTW,Q2,1179,2348,104512223,55524237,2026-09-01 07:02:27.058894400+00:00
16690867,HowardLeeTW,Q2,1180,2348,104513891,55349816,2026-09-01 07:18:26.942333400+00:00
16690867,HowardLeeTW,Q2,1181,2348,104530961,55524237,2026-09-01 09:54:28.816640700+00:00
16690867,HowardLeeTW,Q2,1182,2348,104531005,55524237,2026-09-01 09:54:28.891023800+00:00
16690867,HowardLeeTW,Q2,1183,2348,104537547,55524237,2026-09-01 10:58:28.689972800+00:00
16690867,HowardLeeTW,Q2,1184,2348,104543528,55349816,2026-09-01 11:50:28.363670500+00:00
16690867,HowardLeeTW,Q2,1185,2348,104555334,55524237,2026-09-01 13:46:23.413109500+00:00
16690867,HowardLeeTW,Q2,1186,2348,104561547,55524237,2026-09-01 14:42:24.230691400+00:00
16690867,HowardLeeTW,Q2,1187,2348,104564954,55349816,2026-09-01 15:14:27.973812900+00:00
16690867,HowardLeeTW,Q2,1188,2348,104570943,55349816,2026-09-01 16:10:24.182848100+00:00
16690867,HowardLeeTW,Q2,1189,2348,104583702,55524237,2026-09-01 17:14:35.739634+00:00
16690867,HowardLeeTW,Q2,1190,2348,104584169,55349816,2026-09-01 17:18:27.006689400+00:00
16690867,HowardLeeTW,Q2,1191,2348,104598564,55524237,2026-09-01 18:26:25.903216700+00:00
16690867,HowardLeeTW,Q2,1192,2348,104621105,55524237,2026-09-01 20:16:20.790686100+00:00
16690867,HowardLeeTW,Q2,1193,2348,104622920,55524237,2026-09-01 20:28:38.625916400+00:00
16690867,HowardLeeTW,Q2,1194,2348,104626428,55349816,2026-09-01 20:44:38.026801600+00:00
16690867,HowardLeeTW,Q2,1195,2348,104637110,55349816,2026-09-01 21:36:41.514233200+00:00
16690867,HowardLeeTW,Q2,1196,2348,104646212,55524237,2026-09-01 22:20:38.265172600+00:00
16690867,HowardLeeTW,Q2,1197,2348,104649745,55349816,2026-09-01 22:36:38.300417300+00:00
16690867,HowardLeeTW,Q2,1198,2348,104652506,55349816,2026-09-01 22:52:37.601505500+00:00
16690867,HowardLeeTW,Q3,1736,2348,106301507,56064100,2026-09-07 01:35:49.975000+00:00
16690867,HowardLeeTW,Q3,1737,2348,106302010,56064100,2026-09-07 01:39:49.478000+00:00
16690867,HowardLeeTW,Q3,1738,2348,106302923,56064100,2026-09-07 01:43:50.692000+00:00
16690867,HowardLeeTW,Q3,1739,2348,106302938,56064100,2026-09-07 01:43:50.708000+00:00
16690867,HowardLeeTW,Q3,1740,2348,106303844,56064100,2026-09-07 01:47:48.899000+00:00
16690867,HowardLeeTW,Q3,1741,2348,106304753,56064100,2026-09-07 01:51:49.983000+00:00
16690867,HowardLeeTW,Q3,1742,2348,106305664,56064100,2026-09-07 01:55:49.709000+00:00
16690867,HowardLeeTW,Q3,1743,2348,106306573,56064100,2026-09-07 01:59:49.662000+00:00
16690867,HowardLeeTW,Q3,1744,2348,106307487,56064100,2026-09-07 02:03:57.819000+00:00
16690867,HowardLeeTW,Q3,1745,2348,106308397,56064100,2026-09-07 02:07:57.070000+00:00
16690867,HowardLeeTW,Q3,1746,2348,106308439,56064100,2026-09-07 02:07:57.159000+00:00
16690867,HowardLeeTW,Q3,1747,2348,106308686,56064100,2026-09-07 02:07:57.616000+00:00
16690867,HowardLeeTW,Q3,1748,2348,106309312,56064100,2026-09-07 02:11:55.778000+00:00
16690867,HowardLeeTW,Q3,1749,2348,106309334,56064100,2026-09-07 02:11:55.804000+00:00
16690867,HowardLeeTW,Q3,1750,2348,106310231,56064100,2026-09-07 02:15:54.483000+00:00
16690867,HowardLeeTW,Q3,1751,2348,106311157,56064100,2026-09-07 02:19:51.891000+00:00
16690867,HowardLeeTW,Q3,1752,2348,106312067,56064100,2026-09-07 02:23:52.296000+00:00
16690867,HowardLeeTW,Q3,1753,2348,106312987,56064100,2026-09-07 02:27:50.369000+00:00
16690867,HowardLeeTW,Q3,1754,2348,106313903,56064100,2026-09-07 02:31:51.115000+00:00
16690867,HowardLeeTW,Q3,1755,2348,106314816,56064100,2026-09-07 02:35:50.967000+00:00
16690867,HowardLeeTW,Q3,1756,2348,106315769,56064100,2026-09-07 02:39:50.099000+00:00
16690867,HowardLeeTW,Q3,1757,2348,106316547,56064100,2026-09-07 02:43:52.002000+00:00
16690867,HowardLeeTW,Q3,1758,2348,106317578,56064100,2026-09-07 02:47:49.921000+00:00
16690867,HowardLeeTW,Q3,1759,2348,106318496,56064100,2026-09-07 02:51:50.419000+00:00
16690867,HowardLeeTW,Q3,1760,2348,106319368,56064100,2026-09-07 02:55:49.671000+00:00
16690867,HowardLeeTW,Q3,1761,2348,106320318,56064100,2026-09-07 03:00:01.069000+00:00
16690867,HowardLeeTW,Q3,1762,2348,106321236,56064100,2026-09-07 03:04:19.318000+00:00
16690867,HowardLeeTW,Q3,1763,2348,106322154,56064100,2026-09-07 03:07:50.359000+00:00
16690867,HowardLeeTW,Q3,1764,2348,106323064,56064100,2026-09-07 03:11:50.172000+00:00
16690867,HowardLeeTW,Q3,1765,2348,106323097,56064100,2026-09-07 03:11:50.213000+00:00
16690867,HowardLeeTW,Q3,1766,2348,106323975,56064100,2026-09-07 03:15:49.683000+00:00
16690867,HowardLeeTW,Q3,1767,2348,106324895,56064100,2026-09-07 03:19:49.760000+00:00
16690867,HowardLeeTW,Q3,1768,2348,106325863,56064100,2026-09-07 03:23:51.869000+00:00
16690867,HowardLeeTW,Q3,1769,2348,106326723,56064100,2026-09-07 03:27:49.500000+00:00
16690867,HowardLeeTW,Q3,1770,2348,106327644,56064100,2026-09-07 03:31:49.859000+00:00
16690867,HowardLeeTW,Q3,1771,2348,106328562,56064100,2026-09-07 03:35:49.782000+00:00
16690867,HowardLeeTW,Q3,1772,2348,106329480,56064100,2026-09-07 03:39:49.488000+00:00
16690867,HowardLeeTW,Q3,1773,2348,106330395,56064100,2026-09-07 03:43:53.422000+00:00
16690867,HowardLeeTW,Q3,1774,2348,106331244,56064100,2026-09-07 03:47:53.104000+00:00
16690867,HowardLeeTW,Q3,1775,2348,106332236,56064100,2026-09-07 03:51:49.576000+00:00
16690867,HowardLeeTW,Q3,1776,2348,106336069,56064100,2026-09-07 04:07:50.181000+00:00
16690867,HowardLeeTW,Q3,1777,2348,106339710,56064100,2026-09-07 04:23:51.916000+00:00
16690867,HowardLeeTW,Q3,1778,2348,106343388,56064100,2026-09-07 04:39:50.171000+00:00
16690867,HowardLeeTW,Q3,1779,2348,106347146,56064100,2026-09-07 04:55:50.907000+00:00
16690867,HowardLeeTW,Q3,1780,2348,106350790,56064100,2026-09-07 05:11:49.995000+00:00
16690867,HowardLeeTW,Q3,1781,2348,106639796,56088611,2026-09-08 02:10:11.333000+00:00
16690867,HowardLeeTW,Q3,1782,2348,106639801,56088632,2026-09-08 02:10:11.338000+00:00
16690867,HowardLeeTW,Q3,1783,2348,106640715,56088611,2026-09-08 02:14:13.983000+00:00
16690867,HowardLeeTW,Q3,1784,2348,106640738,56088632,2026-09-08 02:14:14.017000+00:00
16690867,HowardLeeTW,Q3,1785,2348,106641627,56088632,2026-09-08 02:18:12.895000+00:00
16690867,HowardLeeTW,L,2298,2348,108919396,56197331,2026-09-14 13:18:57.703000+00:00
16690867,HowardLeeTW,L,2299,2348,108921532,56202668,2026-09-14 13:26:51.539000+00:00
16690867,HowardLeeTW,L,2300,2348,108926648,56197331,2026-09-14 13:46:51.190000+00:00
16690867,HowardLeeTW,L,2301,2348,108927703,56197331,2026-09-14 13:50:50.830000+00:00
16690867,HowardLeeTW,L,2302,2348,108928764,56202668,2026-09-14 13:54:50.309000+00:00
16690867,HowardLeeTW,L,2303,2348,108928775,56202668,2026-09-14 13:54:50.325000+00:00
16690867,HowardLeeTW,L,2304,2348,108931878,56202668,2026-09-14 14:06:50.099000+00:00
16690867,HowardLeeTW,L,2305,2348,108931881,56202668,2026-09-14 14:06:50.101000+00:00
16690867,HowardLeeTW,L,2306,2348,108932707,56202668,2026-09-14 14:10:50.203000+00:00
16690867,HowardLeeTW,L,2307,2348,108934972,56197331,2026-09-14 14:18:52.575000+00:00
16690867,HowardLeeTW,L,2308,2348,108940064,56202668,2026-09-14 14:38:55.835000+00:00
16690867,HowardLeeTW,L,2309,2348,108940072,56197331,2026-09-14 14:38:55.880000+00:00
16690867,HowardLeeTW,L,2310,2348,108947313,56197331,2026-09-14 15:06:54.633000+00:00
16690867,HowardLeeTW,L,2311,2348,108947323,56202668,2026-09-14 15:06:54.635000+00:00
16690867,HowardLeeTW,L,2312,2348,108948219,56202668,2026-09-14 15:10:50.295000+00:00
16690867,HowardLeeTW,L,2313,2348,108951045,56197331,2026-09-14 15:22:54.210000+00:00
16690867,HowardLeeTW,L,2314,2348,108955644,56202668,2026-09-14 15:38:55.699000+00:00
16690867,HowardLeeTW,L,2315,2348,108955827,56197331,2026-09-14 15:38:56.373000+00:00
16690867,HowardLeeTW,L,2316,2348,108957138,56197331,2026-09-14 15:46:55.278000+00:00
16690867,HowardLeeTW,L,2317,2348,108960070,56197331,2026-09-14 15:58:56.729000+00:00
16690867,HowardLeeTW,L,2318,2348,108963033,56202668,2026-09-14 16:06:54.060000+00:00
16690867,HowardLeeTW,L,2319,2348,108964988,56197331,2026-09-14 16:14:51.057000+00:00
16690867,HowardLeeTW,L,2320,2348,108966321,56197331,2026-09-14 16:22:54.003000+00:00
16690867,HowardLeeTW,L,2321,2348,108966918,56197331,2026-09-14 16:22:55.027000+00:00
16690867,HowardLeeTW,L,2322,2348,108970322,56202668,2026-09-14 16:34:51.794000+00:00
16690867,HowardLeeTW,L,2323,2348,108972089,56197331,2026-09-14 16:42:53.832000+00:00
16690867,HowardLeeTW,L,2324,2348,108975412,56197331,2026-09-14 16:54:51.249000+00:00
16690867,HowardLeeTW,L,2325,2348,108976486,56202668,2026-09-14 16:58:53.596000+00:00
16690867,HowardLeeTW,L,2326,2348,108977189,56202668,2026-09-14 17:02:50.710000+00:00
16690867,HowardLeeTW,L,2327,2348,108982574,56197331,2026-09-14 17:24:42.699000+00:00
16690867,HowardLeeTW,L,2328,2348,108983765,56202668,2026-09-14 17:28:46.141000+00:00
16690867,HowardLeeTW,L,2329,2348,108984749,56197331,2026-09-14 17:32:42.154000+00:00
16690867,HowardLeeTW,L,2330,2348,108987174,56197331,2026-09-14 17:44:41.045000+00:00
16690867,HowardLeeTW,L,2331,2348,108989910,56202668,2026-09-14 17:52:42.023000+00:00
16690867,HowardLeeTW,L,2332,2348,108990328,56197331,2026-09-14 17:56:40.467000+00:00
16690867,HowardLeeTW,L,2333,2348,108994979,56202668,2026-09-14 18:12:40.889000+00:00
16690867,HowardLeeTW,L,2334,2348,108996909,56197331,2026-09-14 18:20:44.665000+00:00
16690867,HowardLeeTW,L,2335,2348,108997100,56197331,2026-09-14 18:20:44.964000+00:00
16690867,HowardLeeTW,L,2336,2348,109001134,56202668,2026-09-14 18:36:45.953000+00:00
16690867,HowardLeeTW,L,2337,2348,109001138,56202668,2026-09-14 18:36:45.958000+00:00
16690867,HowardLeeTW,L,2338,2348,109003204,56197331,2026-09-14 18:44:41.193000+00:00
16690867,HowardLeeTW,L,2339,2348,109006005,56202668,2026-09-14 18:56:40.494000+00:00
16690867,HowardLeeTW,L,2340,2348,109006489,56202668,2026-09-14 18:56:41.265000+00:00
16690867,HowardLeeTW,L,2341,2348,109007436,56202668,2026-09-14 19:00:41.932000+00:00
16690867,HowardLeeTW,L,2342,2348,109008511,56197331,2026-09-14 19:04:41.402000+00:00
16690867,HowardLeeTW,L,2343,2348,109009273,56197331,2026-09-14 19:08:43.650000+00:00
16690867,HowardLeeTW,L,2344,2348,109011556,56197331,2026-09-14 19:16:41.700000+00:00
16690867,HowardLeeTW,L,2345,2348,109012652,56202668,2026-09-14 19:20:42.375000+00:00
16690867,HowardLeeTW,L,2346,2348,109014051,56197331,2026-09-14 19:28:41.693000+00:00
16690867,HowardLeeTW,L,2347,2348,109014236,56202668,2026-09-14 19:28:41.984000+00:00
16690867,HowardLeeTW,C0,0,194,108472469,56202668,2026-09-13 08:10:39.407000+00:00
16690867,HowardLeeTW,C0,1,194,108473464,56202668,2026-09-13 08:14:42.037000+00:00
16690867,HowardLeeTW,C0,2,194,108474472,56202668,2026-09-13 08:18:46.874000+00:00
16690867,HowardLeeTW,C0,3,194,108475468,56202668,2026-09-13 08:22:39.720000+00:00
16690867,HowardLeeTW,C0,4,194,108476461,56202668,2026-09-13 08:26:38.099000+00:00
16690867,HowardLeeTW,C0,5,194,108477465,56202668,2026-09-13 08:30:38.091000+00:00
16690867,HowardLeeTW,C0,6,194,108478492,56202668,2026-09-13 08:34:38.686000+00:00
16690867,HowardLeeTW,C0,7,194,108479494,56202668,2026-09-13 08:38:43.983000+00:00
16690867,HowardLeeTW,C0,8,194,108480484,56202668,2026-09-13 08:42:39.769000+00:00
16690867,HowardLeeTW,C0,9,194,108481479,56202668,2026-09-13 08:46:39.285000+00:00
16690867,HowardLeeTW,C0,10,194,108482499,56202668,2026-09-13 08:50:40.902000+00:00
16690867,HowardLeeTW,C0,11,194,108483496,56202668,2026-09-13 08:54:45.528000+00:00
16690867,HowardLeeTW,C0,12,194,108484501,56202668,2026-09-13 08:58:50.384000+00:00
16690867,HowardLeeTW,C0,13,194,108485507,56202668,2026-09-13 09:02:46.418000+00:00
16690867,HowardLeeTW,C0,14,194,108486517,56202668,2026-09-13 09:06:43.645000+00:00
16690867,HowardLeeTW,C0,15,194,108487540,56202668,2026-09-13 09:10:44.739000+00:00
16690867,HowardLeeTW,C0,16,194,108488307,56202668,2026-09-13 09:10:46.008000+00:00
16690867,HowardLeeTW,C0,17,194,108488603,56202668,2026-09-13 09:14:49.708000+00:00
16690867,HowardLeeTW,C0,18,194,108489629,56202668,2026-09-13 09:18:59.773000+00:00
16690867,HowardLeeTW,C0,19,194,108490648,56202668,2026-09-13 09:22:39.610000+00:00
16690867,HowardLeeTW,C0,20,194,108491716,56202668,2026-09-13 09:26:39.341000+00:00
16690867,HowardLeeTW,C0,21,194,108491775,56202668,2026-09-13 09:26:39.439000+00:00
16690867,HowardLeeTW,C0,22,194,108492774,56202668,2026-09-13 09:30:39.506000+00:00
16690867,HowardLeeTW,C0,23,194,108493821,56202668,2026-09-13 09:34:39.535000+00:00
16690867,HowardLeeTW,C0,24,194,108494818,56202668,2026-09-13 09:38:46.323000+00:00
16690867,HowardLeeTW,C0,25,194,108495096,56202668,2026-09-13 09:38:46.788000+00:00
16690867,HowardLeeTW,C0,26,194,108495853,56202668,2026-09-13 09:42:39.779000+00:00
16690867,HowardLeeTW,C0,27,194,108496887,56202668,2026-09-13 09:46:40.797000+00:00
16690867,HowardLeeTW,C0,28,194,108497097,56202668,2026-09-13 09:46:41.298000+00:00
16690867,HowardLeeTW,C0,29,194,108497973,56202668,2026-09-13 09:50:45.402000+00:00
16690867,HowardLeeTW,C0,30,194,108498954,56202668,2026-09-13 09:54:43.733000+00:00
16690867,HowardLeeTW,C0,31,194,108499969,56202668,2026-09-13 09:58:41.217000+00:00
16690867,HowardLeeTW,C0,32,194,108500269,56202668,2026-09-13 09:58:41.677000+00:00
16690867,HowardLeeTW,C0,33,194,108500990,56202668,2026-09-13 10:02:42.585000+00:00
16690867,HowardLeeTW,C0,34,194,108501440,56202668,2026-09-13 10:02:43.430000+00:00
16690867,HowardLeeTW,C0,35,194,108502012,56202668,2026-09-13 10:06:43.336000+00:00
16690867,HowardLeeTW,C0,36,194,108503049,56202668,2026-09-13 10:10:41.615000+00:00
16690867,HowardLeeTW,C0,37,194,108504082,56202668,2026-09-13 10:14:38.897000+00:00
16690867,HowardLeeTW,C0,38,194,108505099,56202668,2026-09-13 10:18:40.976000+00:00
16690867,HowardLeeTW,C0,39,194,108506126,56202668,2026-09-13 10:22:38.984000+00:00
16690867,HowardLeeTW,C0,40,194,108507146,56202668,2026-09-13 10:26:39.282000+00:00
16690867,HowardLeeTW,C0,41,194,108508178,56202668,2026-09-13 10:30:45.034000+00:00
16690867,HowardLeeTW,C0,42,194,108509209,56202668,2026-09-13 10:34:43.901000+00:00
16690867,HowardLeeTW,C0,43,194,108509356,56202668,2026-09-13 10:34:44.109000+00:00
16690867,HowardLeeTW,C0,44,194,108510259,56202668,2026-09-13 10:38:41.884000+00:00
16690867,HowardLeeTW,C0,45,194,108511289,56202668,2026-09-13 10:42:38.727000+00:00
16690867,HowardLeeTW,C0,46,194,108512313,56202668,2026-09-13 10:46:39.176000+00:00
16690867,HowardLeeTW,C0,47,194,108513330,56202668,2026-09-13 10:50:38.739000+00:00
16690867,HowardLeeTW,C0,48,194,108514335,56202668,2026-09-13 10:54:40.862000+00:00
16690867,HowardLeeTW,C0,49,194,108514366,56202668,2026-09-13 10:54:40.889000+00:00
16640467,Catalyst,F,0,906,108081543,56179790,2026-09-12 06:14:35.233000+00:00
16640467,Catalyst,F,1,906,108082526,56179790,2026-09-12 06:18:36.343000+00:00
16640467,Catalyst,F,2,906,108083509,56179790,2026-09-12 06:22:34.305000+00:00
16640467,Catalyst,F,3,906,108084506,56179790,2026-09-12 06:26:34.215000+00:00
16640467,Catalyst,F,4,906,108085490,56179790,2026-09-12 06:30:34.328000+00:00
16640467,Catalyst,F,5,906,108086487,56179790,2026-09-12 06:34:34.576000+00:00
16640467,Catalyst,F,6,906,108087463,56179790,2026-09-12 06:38:36.018000+00:00
16640467,Catalyst,F,7,906,108087600,56180317,2026-09-12 06:38:36.109000+00:00
16640467,Catalyst,F,8,906,108088440,56179790,2026-09-12 06:42:34.696000+00:00
16640467,Catalyst,F,9,906,108088527,56180317,2026-09-12 06:42:34.822000+00:00
16640467,Catalyst,F,10,906,108089433,56179790,2026-09-12 06:46:34.313000+00:00
16640467,Catalyst,F,11,906,108089501,56180317,2026-09-12 06:46:34.410000+00:00
16640467,Catalyst,F,12,906,108090438,56179790,2026-09-12 06:50:36.842000+00:00
16640467,Catalyst,F,13,906,108090481,56180317,2026-09-12 06:50:36.907000+00:00
16640467,Catalyst,F,14,906,108091420,56179790,2026-09-12 06:54:39.374000+00:00
16640467,Catalyst,F,15,906,108091488,56180317,2026-09-12 06:54:39.442000+00:00
16640467,Catalyst,F,16,906,108092421,56179790,2026-09-12 06:58:41.064000+00:00
16640467,Catalyst,F,17,906,108092477,56180317,2026-09-12 06:58:41.197000+00:00
16640467,Catalyst,F,18,906,108093416,56179790,2026-09-12 07:02:33.954000+00:00
16640467,Catalyst,F,19,906,108093461,56180317,2026-09-12 07:02:34+00:00
16640467,Catalyst,F,20,906,108094412,56179790,2026-09-12 07:06:34.305000+00:00
16640467,Catalyst,F,21,906,108094449,56180317,2026-09-12 07:06:34.351000+00:00
16640467,Catalyst,F,22,906,108095406,56179790,2026-09-12 07:10:34.214000+00:00
16640467,Catalyst,F,23,906,108095450,56180317,2026-09-12 07:10:34.263000+00:00
16640467,Catalyst,F,24,906,108096356,56179790,2026-09-12 07:10:35.823000+00:00
16640467,Catalyst,F,25,906,108096432,56180317,2026-09-12 07:14:34.087000+00:00
16640467,Catalyst,F,26,906,108096436,56179790,2026-09-12 07:14:34.092000+00:00
16640467,Catalyst,F,27,906,108097423,56180317,2026-09-12 07:18:36.173000+00:00
16640467,Catalyst,F,28,906,108097451,56179790,2026-09-12 07:18:36.205000+00:00
16640467,Catalyst,F,29,906,108098426,56180317,2026-09-12 07:22:34.407000+00:00
16640467,Catalyst,F,30,906,108098500,56179790,2026-09-12 07:22:34.505000+00:00
16640467,Catalyst,F,31,906,108099417,56180317,2026-09-12 07:26:34.676000+00:00
16640467,Catalyst,F,32,906,108099534,56179790,2026-09-12 07:26:34.874000+00:00
16640467,Catalyst,F,33,906,108100164,56180317,2026-09-12 07:26:35.940000+00:00
16640467,Catalyst,F,34,906,108100410,56180317,2026-09-12 07:30:34.374000+00:00
16640467,Catalyst,F,35,906,108100558,56179790,2026-09-12 07:30:34.622000+00:00
16640467,Catalyst,F,36,906,108101427,56180317,2026-09-12 07:34:36.541000+00:00
16640467,Catalyst,F,37,906,108101566,56179790,2026-09-12 07:34:36.728000+00:00
16640467,Catalyst,F,38,906,108101953,56179790,2026-09-12 07:34:37.412000+00:00
16640467,Catalyst,F,39,906,108102446,56180317,2026-09-12 07:38:41.356000+00:00
16640467,Catalyst,F,40,906,108102590,56179790,2026-09-12 07:38:41.585000+00:00
16640467,Catalyst,F,41,906,108103517,56180317,2026-09-12 07:42:35.722000+00:00
16640467,Catalyst,F,42,906,108103583,56179790,2026-09-12 07:42:35.833000+00:00
16640467,Catalyst,F,43,906,108103941,56179790,2026-09-12 07:42:36.477000+00:00
16640467,Catalyst,F,44,906,108104247,56180317,2026-09-12 07:42:36.928000+00:00
16640467,Catalyst,F,45,906,108104523,56180317,2026-09-12 07:46:34.821000+00:00
16640467,Catalyst,F,46,906,108104606,56179790,2026-09-12 07:46:34.935000+00:00
16640467,Catalyst,F,47,906,108105388,56180317,2026-09-12 07:50:39.923000+00:00
16640467,Catalyst,F,48,906,108105556,56180317,2026-09-12 07:50:40.175000+00:00
16640467,Catalyst,F,49,906,108105604,56179790,2026-09-12 07:50:40.286000+00:00
16640467,Catalyst,Q1,201,906,108216782,56180317,2026-09-12 15:14:34.811000+00:00
16640467,Catalyst,Q1,202,906,108217031,56180317,2026-09-12 15:14:35.174000+00:00
16640467,Catalyst,Q1,203,906,108217694,56188066,2026-09-12 15:18:35.408000+00:00
16640467,Catalyst,Q1,204,906,108218641,56188066,2026-09-12 15:22:34.929000+00:00
16640467,Catalyst,Q1,205,906,108219043,56180317,2026-09-12 15:22:35.503000+00:00
16640467,Catalyst,Q1,206,906,108219634,56188066,2026-09-12 15:26:34.492000+00:00
16640467,Catalyst,Q1,207,906,108220639,56188066,2026-09-12 15:30:34.704000+00:00
16640467,Catalyst,Q1,208,906,108221618,56188066,2026-09-12 15:34:34.593000+00:00
16640467,Catalyst,Q1,209,906,108221909,56180317,2026-09-12 15:34:35.116000+00:00
16640467,Catalyst,Q1,210,906,108222626,56188066,2026-09-12 15:38:34.910000+00:00
16640467,Catalyst,Q1,211,906,108223112,56180317,2026-09-12 15:38:35.706000+00:00
16640467,Catalyst,Q1,212,906,108223619,56188066,2026-09-12 15:42:34.646000+00:00
16640467,Catalyst,Q1,213,906,108224628,56188066,2026-09-12 15:46:35.947000+00:00
16640467,Catalyst,Q1,214,906,108224884,56188066,2026-09-12 15:46:36.398000+00:00
16640467,Catalyst,Q1,215,906,108225303,56180317,2026-09-12 15:46:37.102000+00:00
16640467,Catalyst,Q1,216,906,108225612,56188066,2026-09-12 15:50:34.739000+00:00
16640467,Catalyst,Q1,217,906,108225883,56180317,2026-09-12 15:50:35.100000+00:00
16640467,Catalyst,Q1,218,906,108226600,56188066,2026-09-12 15:54:36.517000+00:00
16640467,Catalyst,Q1,219,906,108227135,56180317,2026-09-12 15:54:37.240000+00:00
16640467,Catalyst,Q1,220,906,108227603,56188066,2026-09-12 15:58:39.725000+00:00
16640467,Catalyst,Q1,221,906,108228605,56188066,2026-09-12 16:02:35.218000+00:00
16640467,Catalyst,Q1,222,906,108229604,56188066,2026-09-12 16:06:34.807000+00:00
16640467,Catalyst,Q1,223,906,108230606,56188066,2026-09-12 16:10:35.201000+00:00
16640467,Catalyst,Q1,224,906,108231631,56188066,2026-09-12 16:14:35.033000+00:00
16640467,Catalyst,Q1,225,906,108232666,56188066,2026-09-12 16:18:35.043000+00:00
16640467,Catalyst,Q1,226,906,108233347,56180317,2026-09-12 16:18:36.188000+00:00
16640467,Catalyst,Q1,227,906,108233483,56188066,2026-09-12 16:18:36.398000+00:00
16640467,Catalyst,Q1,228,906,108233724,56188066,2026-09-12 16:22:34.831000+00:00
16640467,Catalyst,Q1,229,906,108234736,56188066,2026-09-12 16:26:35.372000+00:00
16640467,Catalyst,Q1,230,906,108235750,56188066,2026-09-12 16:30:34.579000+00:00
16640467,Catalyst,Q1,231,906,108235786,56188066,2026-09-12 16:30:34.620000+00:00
16640467,Catalyst,Q1,232,906,108236155,56180317,2026-09-12 16:30:35.222000+00:00
16640467,Catalyst,Q1,233,906,108236756,56188066,2026-09-12 16:34:34.518000+00:00
16640467,Catalyst,Q1,234,906,108237778,56188066,2026-09-12 16:38:42.023000+00:00
16640467,Catalyst,Q1,235,906,108238403,56188066,2026-09-12 16:38:43.013000+00:00
16640467,Catalyst,Q1,236,906,108238790,56188066,2026-09-12 16:42:34.740000+00:00
16640467,Catalyst,Q1,237,906,108239794,56188066,2026-09-12 16:46:35.131000+00:00
16640467,Catalyst,Q1,238,906,108239979,56180317,2026-09-12 16:46:35.476000+00:00
16640467,Catalyst,Q1,239,906,108240342,56180317,2026-09-12 16:46:36.082000+00:00
16640467,Catalyst,Q1,240,906,108240829,56188066,2026-09-12 16:50:34.994000+00:00
16640467,Catalyst,Q1,241,906,108241368,56180317,2026-09-12 16:50:35.919000+00:00
16640467,Catalyst,Q1,242,906,108241816,56188066,2026-09-12 16:54:35.392000+00:00
16640467,Catalyst,Q1,243,906,108242551,56188066,2026-09-12 16:54:36.617000+00:00
16640467,Catalyst,Q1,244,906,108242837,56188066,2026-09-12 16:58:43.873000+00:00
16640467,Catalyst,Q1,245,906,108243850,56188066,2026-09-12 17:02:34.723000+00:00
16640467,Catalyst,Q1,246,906,108244856,56188066,2026-09-12 17:06:37.023000+00:00
16640467,Catalyst,Q1,247,906,108245857,56188066,2026-09-12 17:10:34.987000+00:00
16640467,Catalyst,Q1,248,906,108246875,56188066,2026-09-12 17:14:34.601000+00:00
16640467,Catalyst,Q1,249,906,108247338,56180317,2026-09-12 17:14:35.400000+00:00
16640467,Catalyst,Q1,250,906,108247866,56188066,2026-09-12 17:18:36.913000+00:00
16640467,Catalyst,Q2,428,906,108419155,56188066,2026-09-13 04:38:43.787000+00:00
16640467,Catalyst,Q2,429,906,108419928,56197142,2026-09-13 04:42:41.181000+00:00
16640467,Catalyst,Q2,430,906,108420957,56197142,2026-09-13 04:46:47.197000+00:00
16640467,Catalyst,Q2,431,906,108421157,56188066,2026-09-13 04:46:47.495000+00:00
16640467,Catalyst,Q2,432,906,108421965,56197142,2026-09-13 04:50:40.173000+00:00
16640467,Catalyst,Q2,433,906,108422977,56197142,2026-09-13 04:54:44.831000+00:00
16640467,Catalyst,Q2,434,906,108424011,56197142,2026-09-13 04:58:45.892000+00:00
16640467,Catalyst,Q2,435,906,108425018,56197142,2026-09-13 05:02:38.422000+00:00
16640467,Catalyst,Q2,436,906,108426043,56197142,2026-09-13 05:06:39.828000+00:00
16640467,Catalyst,Q2,437,906,108426502,56188066,2026-09-13 05:06:40.488000+00:00
16640467,Catalyst,Q2,438,906,108427068,56197142,2026-09-13 05:10:40.280000+00:00
16640467,Catalyst,Q2,439,906,108428072,56197142,2026-09-13 05:14:43.715000+00:00
16640467,Catalyst,Q2,440,906,108429119,56197142,2026-09-13 05:18:40.327000+00:00
16640467,Catalyst,Q2,441,906,108430153,56197142,2026-09-13 05:22:44.513000+00:00
16640467,Catalyst,Q2,442,906,108431172,56197142,2026-09-13 05:26:40.947000+00:00
16640467,Catalyst,Q2,443,906,108431467,56197142,2026-09-13 05:26:41.386000+00:00
16640467,Catalyst,Q2,444,906,108431673,56188066,2026-09-13 05:26:41.680000+00:00
16640467,Catalyst,Q2,445,906,108432191,56197142,2026-09-13 05:30:42.092000+00:00
16640467,Catalyst,Q2,446,906,108433209,56197142,2026-09-13 05:34:42.717000+00:00
16640467,Catalyst,Q2,447,906,108433765,56197142,2026-09-13 05:34:43.538000+00:00
16640467,Catalyst,Q2,448,906,108434239,56197142,2026-09-13 05:38:43.220000+00:00
16640467,Catalyst,Q2,449,906,108435255,56197142,2026-09-13 05:42:40.582000+00:00
16640467,Catalyst,Q2,450,906,108436273,56197142,2026-09-13 05:46:40.023000+00:00
16640467,Catalyst,Q2,451,906,108437285,56197142,2026-09-13 05:50:42.179000+00:00
16640467,Catalyst,Q2,452,906,108437577,56188066,2026-09-13 05:50:42.643000+00:00
16640467,Catalyst,Q2,453,906,108438308,56197142,2026-09-13 05:54:40.413000+00:00
16640467,Catalyst,Q2,454,906,108438627,56188066,2026-09-13 05:54:40.927000+00:00
16640467,Catalyst,Q2,455,906,108438760,56197142,2026-09-13 05:54:41.100000+00:00
16640467,Catalyst,Q2,456,906,108439337,56197142,2026-09-13 05:58:41.208000+00:00
16640467,Catalyst,Q2,457,906,108440378,56197142,2026-09-13 06:02:39.013000+00:00
16640467,Catalyst,Q2,458,906,108441390,56197142,2026-09-13 06:06:38.882000+00:00
16640467,Catalyst,Q2,459,906,108442409,56197142,2026-09-13 06:10:39.077000+00:00
16640467,Catalyst,Q2,460,906,108443432,56197142,2026-09-13 06:14:39.493000+00:00
16640467,Catalyst,Q2,461,906,108443665,56188066,2026-09-13 06:14:39.888000+00:00
16640467,Catalyst,Q2,462,906,108444462,56197142,2026-09-13 06:18:43.983000+00:00
16640467,Catalyst,Q2,463,906,108445462,56197142,2026-09-13 06:22:41.399000+00:00
16640467,Catalyst,Q2,464,906,108445713,56197142,2026-09-13 06:22:41.772000+00:00
16640467,Catalyst,Q2,465,906,108446493,56197142,2026-09-13 06:26:44.007000+00:00
16640467,Catalyst,Q2,466,906,108447592,56197142,2026-09-13 06:30:43.454000+00:00
16640467,Catalyst,Q2,467,906,108448536,56197142,2026-09-13 06:34:42.382000+00:00
16640467,Catalyst,Q2,468,906,108448981,56188066,2026-09-13 06:34:43.236000+00:00
16640467,Catalyst,Q2,469,906,108449538,56197142,2026-09-13 06:38:45.206000+00:00
16640467,Catalyst,Q2,470,906,108450563,56197142,2026-09-13 06:42:39.213000+00:00
16640467,Catalyst,Q2,471,906,108450724,56188066,2026-09-13 06:42:39.528000+00:00
16640467,Catalyst,Q2,472,906,108451562,56197142,2026-09-13 06:46:40.028000+00:00
16640467,Catalyst,Q2,473,906,108452591,56197142,2026-09-13 06:50:39.385000+00:00
16640467,Catalyst,Q2,474,906,108453589,56197142,2026-09-13 06:54:41.705000+00:00
16640467,Catalyst,Q2,475,906,108453988,56188066,2026-09-13 06:54:42.281000+00:00
16640467,Catalyst,Q2,476,906,108454607,56197142,2026-09-13 06:58:44.671000+00:00
16640467,Catalyst,Q2,477,906,108455636,56197142,2026-09-13 07:02:41.987000+00:00
16640467,Catalyst,Q3,655,906,108746330,56197142,2026-09-14 02:02:45.241000+00:00
16640467,Catalyst,Q3,656,906,108746472,56218385,2026-09-14 02:06:45.804000+00:00
16640467,Catalyst,Q3,657,906,108747477,56218385,2026-09-14 02:10:47.783000+00:00
16640467,Catalyst,Q3,658,906,108748341,56197142,2026-09-14 02:10:49.409000+00:00
16640467,Catalyst,Q3,659,906,108748500,56218385,2026-09-14 02:14:44.426000+00:00
16640467,Catalyst,Q3,660,906,108749528,56218385,2026-09-14 02:18:47.001000+00:00
16640467,Catalyst,Q3,661,906,108750550,56218385,2026-09-14 02:22:49.880000+00:00
16640467,Catalyst,Q3,662,906,108751560,56218385,2026-09-14 02:26:46.460000+00:00
16640467,Catalyst,Q3,663,906,108752635,56218385,2026-09-14 02:30:47.501000+00:00
16640467,Catalyst,Q3,664,906,108753253,56218385,2026-09-14 02:30:48.583000+00:00
16640467,Catalyst,Q3,665,906,108753273,56197142,2026-09-14 02:30:48.605000+00:00
16640467,Catalyst,Q3,666,906,108753663,56218385,2026-09-14 02:34:48.722000+00:00
16640467,Catalyst,Q3,667,906,108753750,56218385,2026-09-14 02:34:48.888000+00:00
16640467,Catalyst,Q3,668,906,108754751,56218385,2026-09-14 02:38:50.185000+00:00
16640467,Catalyst,Q3,669,906,108755786,56218385,2026-09-14 02:42:54.432000+00:00
16640467,Catalyst,Q3,670,906,108756819,56218385,2026-09-14 02:46:54.905000+00:00
16640467,Catalyst,Q3,671,906,108757859,56218385,2026-09-14 02:50:53.124000+00:00
16640467,Catalyst,Q3,672,906,108758354,56197142,2026-09-14 02:50:54.025000+00:00
16640467,Catalyst,Q3,673,906,108758895,56218385,2026-09-14 02:54:48.383000+00:00
16640467,Catalyst,Q3,674,906,108759921,56218385,2026-09-14 02:58:55.791000+00:00
16640467,Catalyst,Q3,675,906,108760960,56218385,2026-09-14 03:02:59.283000+00:00
16640467,Catalyst,Q3,676,906,108761993,56218385,2026-09-14 03:06:53.076000+00:00
16640467,Catalyst,Q3,677,906,108763033,56218385,2026-09-14 03:10:46.097000+00:00
16640467,Catalyst,Q3,678,906,108763501,56197142,2026-09-14 03:10:46.799000+00:00
16640467,Catalyst,Q3,679,906,108764068,56218385,2026-09-14 03:14:45.790000+00:00
16640467,Catalyst,Q3,680,906,108765098,56218385,2026-09-14 03:18:50.425000+00:00
16640467,Catalyst,Q3,681,906,108766113,56218385,2026-09-14 03:22:49.922000+00:00
16640467,Catalyst,Q3,682,906,108767154,56218385,2026-09-14 03:26:48.122000+00:00
16640467,Catalyst,Q3,683,906,108768187,56218385,2026-09-14 03:30:45.647000+00:00
16640467,Catalyst,Q3,684,906,108768759,56197142,2026-09-14 03:30:46.822000+00:00
16640467,Catalyst,Q3,685,906,108769212,56218385,2026-09-14 03:34:46.537000+00:00
16640467,Catalyst,Q3,686,906,108770238,56218385,2026-09-14 03:38:53.889000+00:00
16640467,Catalyst,Q3,687,906,108771185,56218385,2026-09-14 03:42:48.420000+00:00
16640467,Catalyst,Q3,688,906,108771279,56218385,2026-09-14 03:42:48.608000+00:00
16640467,Catalyst,Q3,689,906,108772321,56218385,2026-09-14 03:46:46.424000+00:00
16640467,Catalyst,Q3,690,906,108773354,56218385,2026-09-14 03:50:50.906000+00:00
16640467,Catalyst,Q3,691,906,108773932,56197142,2026-09-14 03:50:51.792000+00:00
16640467,Catalyst,Q3,692,906,108774396,56218385,2026-09-14 03:54:45.426000+00:00
16640467,Catalyst,Q3,693,906,108775439,56218385,2026-09-14 03:58:47.233000+00:00
16640467,Catalyst,Q3,694,906,108776458,56218385,2026-09-14 04:02:46.323000+00:00
16640467,Catalyst,Q3,695,906,108777497,56218385,2026-09-14 04:06:47.406000+00:00
16640467,Catalyst,Q3,696,906,108777865,56197142,2026-09-14 04:06:47.941000+00:00
16640467,Catalyst,Q3,697,906,108778532,56218385,2026-09-14 04:10:45.934000+00:00
16640467,Catalyst,Q3,698,906,108779525,56218385,2026-09-14 04:14:45.916000+00:00
16640467,Catalyst,Q3,699,906,108780609,56218385,2026-09-14 04:18:55.112000+00:00
16640467,Catalyst,Q3,700,906,108781635,56218385,2026-09-14 04:22:49.821000+00:00
16640467,Catalyst,Q3,701,906,108782667,56218385,2026-09-14 04:26:46.096000+00:00
16640467,Catalyst,Q3,702,906,108783704,56218385,2026-09-14 04:30:46.109000+00:00
16640467,Catalyst,Q3,703,906,108784052,56197142,2026-09-14 04:30:46.701000+00:00
16640467,Catalyst,Q3,704,906,108784581,56218385,2026-09-14 04:34:45.402000+00:00
16640467,Catalyst,L,856,906,108931869,56218385,2026-09-14 14:06:50.088000+00:00
16640467,Catalyst,L,857,906,108931882,56228208,2026-09-14 14:06:50.102000+00:00
16640467,Catalyst,L,858,906,108932707,56228208,2026-09-14 14:10:50.203000+00:00
16640467,Catalyst,L,859,906,108933689,56228208,2026-09-14 14:14:51.501000+00:00
16640467,Catalyst,L,860,906,108933748,56228208,2026-09-14 14:14:51.604000+00:00
16640467,Catalyst,L,861,906,108934850,56228208,2026-09-14 14:18:52.384000+00:00
16640467,Catalyst,L,862,906,108935992,56228208,2026-09-14 14:22:52.913000+00:00
16640467,Catalyst,L,863,906,108939092,56218385,2026-09-14 14:34:56.198000+00:00
16640467,Catalyst,L,864,906,108939096,56228208,2026-09-14 14:34:56.202000+00:00
16640467,Catalyst,L,865,906,108940837,56228208,2026-09-14 14:42:49.903000+00:00
16640467,Catalyst,L,866,906,108946472,56218385,2026-09-14 15:02:53.179000+00:00
16640467,Catalyst,L,867,906,108946475,56218385,2026-09-14 15:02:53.195000+00:00
16640467,Catalyst,L,868,906,108947518,56228208,2026-09-14 15:06:54.957000+00:00
16640467,Catalyst,L,869,906,108953300,56228208,2026-09-14 15:30:52.617000+00:00
16640467,Catalyst,L,870,906,108953606,56218385,2026-09-14 15:30:52.617000+00:00
16640467,Catalyst,L,871,906,108953644,56218385,2026-09-14 15:30:53.545000+00:00
16640467,Catalyst,L,872,906,108954694,56228208,2026-09-14 15:34:53.548000+00:00
16640467,Catalyst,L,873,906,108955495,56228208,2026-09-14 15:38:55.499000+00:00
16640467,Catalyst,L,874,906,108955644,56228208,2026-09-14 15:38:55.699000+00:00
16640467,Catalyst,L,875,906,108956537,56228208,2026-09-14 15:42:55.116000+00:00
16640467,Catalyst,L,876,906,108957764,56228208,2026-09-14 15:46:55.922000+00:00
16640467,Catalyst,L,877,906,108958847,56218385,2026-09-14 15:50:59.159000+00:00
16640467,Catalyst,L,878,906,108960858,56218385,2026-09-14 15:58:58.880000+00:00
16640467,Catalyst,L,879,906,108965072,56228208,2026-09-14 16:14:50.110000+00:00
16640467,Catalyst,L,880,906,108968228,56218385,2026-09-14 16:26:59.272000+00:00
16640467,Catalyst,L,881,906,108969258,56228208,2026-09-14 16:30:51.138000+00:00
16640467,Catalyst,L,882,906,108975441,56218385,2026-09-14 16:54:51.341000+00:00
16640467,Catalyst,L,883,906,108975457,56218385,2026-09-14 16:54:51.356000+00:00
16640467,Catalyst,L,884,906,108975453,56228208,2026-09-14 16:54:51.359000+00:00
16640467,Catalyst,L,885,906,108976290,56228208,2026-09-14 16:58:53.309000+00:00
16640467,Catalyst,L,886,906,108978213,56218385,2026-09-14 17:08:56.641000+00:00
16640467,Catalyst,L,887,906,108979529,56218385,2026-09-14 17:12:42.894000+00:00
16640467,Catalyst,L,888,906,108983305,56228208,2026-09-14 17:28:45.360000+00:00
16640467,Catalyst,L,889,906,108983503,56228208,2026-09-14 17:28:45.737000+00:00
16640467,Catalyst,L,890,906,108985806,56218385,2026-09-14 17:36:43.346000+00:00
16640467,Catalyst,L,891,906,108989719,56228208,2026-09-14 17:52:41.651000+00:00
16640467,Catalyst,L,892,906,108991988,56218385,2026-09-14 18:00:43.444000+00:00
16640467,Catalyst,L,893,906,108995765,56228208,2026-09-14 18:16:40.752000+00:00
16640467,Catalyst,L,894,906,108995975,56228208,2026-09-14 18:16:41.071000+00:00
16640467,Catalyst,L,895,906,108996040,56218385,2026-09-14 18:16:41.187000+00:00
16640467,Catalyst,L,896,906,108996691,56228208,2026-09-14 18:20:44.346000+00:00
16640467,Catalyst,L,897,906,108998158,56228208,2026-09-14 18:24:41.348000+00:00
16640467,Catalyst,L,898,906,108999144,56228208,2026-09-14 18:28:43.683000+00:00
16640467,Catalyst,L,899,906,109000838,56218385,2026-09-14 18:36:45.453000+00:00
16640467,Catalyst,L,900,906,109004107,56228208,2026-09-14 18:48:41.548000+00:00
16640467,Catalyst,L,901,906,109006365,56218385,2026-09-14 18:56:41.081000+00:00
16640467,Catalyst,L,902,906,109009461,56228208,2026-09-14 19:08:44.038000+00:00
16640467,Catalyst,L,903,906,109011611,56218385,2026-09-14 19:16:41.785000+00:00
16640467,Catalyst,L,904,906,109013358,56218385,2026-09-14 19:24:42.197000+00:00
16640467,Catalyst,L,905,906,109014653,56228208,2026-09-14 19:28:42.698000+00:00
16640467,Catalyst,C0,0,105,108869514,56228208,2026-09-14 10:06:50.033000+00:00
16640467,Catalyst,C0,1,105,108870524,56228208,2026-09-14 10:10:51.534000+00:00
16640467,Catalyst,C0,2,105,108871548,56228208,2026-09-14 10:14:49.917000+00:00
16640467,Catalyst,C0,3,105,108872543,56228208,2026-09-14 10:18:54.516000+00:00
16640467,Catalyst,C0,4,105,108873575,56228208,2026-09-14 10:22:54.134000+00:00
16640467,Catalyst,C0,5,105,108874592,56228208,2026-09-14 10:26:48.953000+00:00
16640467,Catalyst,C0,6,105,108875604,56228208,2026-09-14 10:30:51.697000+00:00
16640467,Catalyst,C0,7,105,108876619,56228208,2026-09-14 10:34:51.584000+00:00
16640467,Catalyst,C0,8,105,108877634,56228208,2026-09-14 10:38:52.233000+00:00
16640467,Catalyst,C0,9,105,108878218,56228208,2026-09-14 10:38:53.205000+00:00
16640467,Catalyst,C0,10,105,108878662,56228208,2026-09-14 10:42:49.072000+00:00
16640467,Catalyst,C0,11,105,108879673,56228208,2026-09-14 10:46:51.043000+00:00
16640467,Catalyst,C0,12,105,108880684,56228208,2026-09-14 10:50:50.597000+00:00
16640467,Catalyst,C0,13,105,108881726,56228208,2026-09-14 10:54:50.609000+00:00
16640467,Catalyst,C0,14,105,108882747,56228208,2026-09-14 10:58:52.616000+00:00
16640467,Catalyst,C0,15,105,108883762,56228208,2026-09-14 11:02:48.612000+00:00
16640467,Catalyst,C0,16,105,108884839,56228208,2026-09-14 11:06:48.680000+00:00
16640467,Catalyst,C0,17,105,108885888,56228208,2026-09-14 11:10:49.015000+00:00
16640467,Catalyst,C0,18,105,108886950,56228208,2026-09-14 11:14:50.001000+00:00
16640467,Catalyst,C0,19,105,108888000,56228208,2026-09-14 11:18:53.990000+00:00
16640467,Catalyst,C0,20,105,108889060,56228208,2026-09-14 11:22:51.516000+00:00
16640467,Catalyst,C0,21,105,108889697,56228208,2026-09-14 11:22:53.642000+00:00
16640467,Catalyst,C0,22,105,108890077,56228208,2026-09-14 11:26:55.157000+00:00
16640467,Catalyst,C0,23,105,108890920,56228208,2026-09-14 11:30:51.744000+00:00
16640467,Catalyst,C0,24,105,108891950,56228208,2026-09-14 11:34:50.505000+00:00
16640467,Catalyst,C0,25,105,108892991,56228208,2026-09-14 11:38:52.003000+00:00
16640467,Catalyst,C0,26,105,108894023,56228208,2026-09-14 11:42:49.498000+00:00
16640467,Catalyst,C0,27,105,108895057,56228208,2026-09-14 11:46:49.186000+00:00
16640467,Catalyst,C0,28,105,108895577,56228208,2026-09-14 11:46:50.232000+00:00
16640467,Catalyst,C0,29,105,108896092,56228208,2026-09-14 11:50:49.106000+00:00
16640467,Catalyst,C0,30,105,108897136,56228208,2026-09-14 11:54:49.117000+00:00
16640467,Catalyst,C0,31,105,108898209,56228208,2026-09-14 11:58:50.006000+00:00
16640467,Catalyst,C0,32,105,108898253,56228208,2026-09-14 11:58:50.079000+00:00
16640467,Catalyst,C0,33,105,108899233,56228208,2026-09-14 12:02:50.489000+00:00
16640467,Catalyst,C0,34,105,108899433,56228208,2026-09-14 12:02:50.923000+00:00
16640467,Catalyst,C0,35,105,108899715,56228208,2026-09-14 12:02:51.502000+00:00
16640467,Catalyst,C0,36,105,108900292,56228208,2026-09-14 12:06:53.180000+00:00
16640467,Catalyst,C0,37,105,108900482,56228208,2026-09-14 12:06:53.580000+00:00
16640467,Catalyst,C0,38,105,108901363,56228208,2026-09-14 12:10:50.384000+00:00
16640467,Catalyst,C0,39,105,108902416,56228208,2026-09-14 12:14:49.931000+00:00
16640467,Catalyst,C0,40,105,108903454,56228208,2026-09-14 12:18:51.194000+00:00
16640467,Catalyst,C0,41,105,108904501,56228208,2026-09-14 12:22:49.283000+00:00
16640467,Catalyst,C0,42,105,108905541,56228208,2026-09-14 12:26:50.018000+00:00
16640467,Catalyst,C0,43,105,108906573,56228208,2026-09-14 12:30:50.015000+00:00
16640467,Catalyst,C0,44,105,108906675,56228208,2026-09-14 12:30:50.214000+00:00
16640467,Catalyst,C0,45,105,108907633,56228208,2026-09-14 12:34:49.808000+00:00
16640467,Catalyst,C0,46,105,108908006,56228208,2026-09-14 12:34:50.517000+00:00
16640467,Catalyst,C0,47,105,108908683,56228208,2026-09-14 12:38:51.204000+00:00
16640467,Catalyst,C0,48,105,108909739,56228208,2026-09-14 12:42:49.815000+00:00
16640467,Catalyst,C0,49,105,108910779,56228208,2026-09-14 12:46:49.985000+00:00
16805699,feel the agi,F,0,3311,105607567,56020483,2026-09-04 22:57:55.019000+00:00
16805699,feel the agi,F,1,3311,105608582,56020483,2026-09-04 23:01:58.209000+00:00
16805699,feel the agi,F,2,3311,105609489,56020483,2026-09-04 23:05:47.400000+00:00
16805699,feel the agi,F,3,3311,105610386,56020483,2026-09-04 23:09:47.907000+00:00
16805699,feel the agi,F,4,3311,105611336,56020483,2026-09-04 23:13:49.829000+00:00
16805699,feel the agi,F,5,3311,105612333,56020483,2026-09-04 23:18:00.641000+00:00
16805699,feel the agi,F,6,3311,105613210,56020483,2026-09-04 23:21:52.374000+00:00
16805699,feel the agi,F,7,3311,105614175,56020483,2026-09-04 23:25:58.329000+00:00
16805699,feel the agi,F,8,3311,105615097,56020483,2026-09-04 23:29:55.344000+00:00
16805699,feel the agi,F,9,3311,105616048,56020483,2026-09-04 23:33:51.439000+00:00
16805699,feel the agi,F,10,3311,105616988,56020483,2026-09-04 23:37:49.425000+00:00
16805699,feel the agi,F,11,3311,105617865,56020483,2026-09-04 23:41:54.805000+00:00
16805699,feel the agi,F,12,3311,105618742,56020483,2026-09-04 23:45:48.011000+00:00
16805699,feel the agi,F,13,3311,105619692,56020483,2026-09-04 23:49:49.267000+00:00
16805699,feel the agi,F,14,3311,105620609,56020483,2026-09-04 23:53:48.325000+00:00
16805699,feel the agi,F,15,3311,105621503,56020483,2026-09-04 23:57:50.169000+00:00
16805699,feel the agi,F,16,3311,105622498,56020483,2026-09-05 00:01:53.018000+00:00
16805699,feel the agi,F,17,3311,105623482,56020483,2026-09-05 00:05:51.902000+00:00
16805699,feel the agi,F,18,3311,105624539,56020483,2026-09-05 00:09:51.227000+00:00
16805699,feel the agi,F,19,3311,105625583,56020483,2026-09-05 00:13:52.024000+00:00
16805699,feel the agi,F,20,3311,105626532,56020483,2026-09-05 00:17:48.441000+00:00
16805699,feel the agi,F,21,3311,105627458,56020483,2026-09-05 00:21:52.478000+00:00
16805699,feel the agi,F,22,3311,105628000,56020483,2026-09-05 00:21:53.617000+00:00
16805699,feel the agi,F,23,3311,105628303,56020483,2026-09-05 00:25:48.827000+00:00
16805699,feel the agi,F,24,3311,105628445,56020483,2026-09-05 00:25:49.019000+00:00
16805699,feel the agi,F,25,3311,105629373,56020483,2026-09-05 00:29:48.930000+00:00
16805699,feel the agi,F,26,3311,105630303,56020483,2026-09-05 00:33:49.917000+00:00
16805699,feel the agi,F,27,3311,105631233,56020483,2026-09-05 00:38:00.760000+00:00
16805699,feel the agi,F,28,3311,105632190,56020483,2026-09-05 00:41:45.978000+00:00
16805699,feel the agi,F,29,3311,105633129,56020483,2026-09-05 00:45:39.389000+00:00
16805699,feel the agi,F,30,3311,105634097,56020483,2026-09-05 00:49:39.075000+00:00
16805699,feel the agi,F,31,3311,105634422,56020483,2026-09-05 00:49:39.656000+00:00
16805699,feel the agi,F,32,3311,105634982,56020483,2026-09-05 00:53:39.138000+00:00
16805699,feel the agi,F,33,3311,105635919,56022153,2026-09-05 00:57:39.357000+00:00
16805699,feel the agi,F,34,3311,105635989,56020483,2026-09-05 00:57:39.422000+00:00
16805699,feel the agi,F,35,3311,105636743,56022153,2026-09-05 01:01:44.974000+00:00
16805699,feel the agi,F,36,3311,105636836,56020483,2026-09-05 01:01:45.161000+00:00
16805699,feel the agi,F,37,3311,105637617,56022153,2026-09-05 01:05:40.571000+00:00
16805699,feel the agi,F,38,3311,105637748,56020483,2026-09-05 01:05:40.916000+00:00
16805699,feel the agi,F,39,3311,105638579,56022153,2026-09-05 01:09:40.294000+00:00
16805699,feel the agi,F,40,3311,105638711,56020483,2026-09-05 01:09:40.509000+00:00
16805699,feel the agi,F,41,3311,105639438,56022153,2026-09-05 01:13:39.698000+00:00
16805699,feel the agi,F,42,3311,105639610,56020483,2026-09-05 01:13:39.966000+00:00
16805699,feel the agi,F,43,3311,105640323,56022153,2026-09-05 01:17:39.097000+00:00
16805699,feel the agi,F,44,3311,105640496,56020483,2026-09-05 01:17:39.386000+00:00
16805699,feel the agi,F,45,3311,105641206,56022153,2026-09-05 01:21:42.402000+00:00
16805699,feel the agi,F,46,3311,105641384,56020483,2026-09-05 01:21:42.867000+00:00
16805699,feel the agi,F,47,3311,105641667,56020483,2026-09-05 01:21:43.602000+00:00
16805699,feel the agi,F,48,3311,105642108,56022153,2026-09-05 01:25:47.763000+00:00
16805699,feel the agi,F,49,3311,105642329,56020483,2026-09-05 01:25:48.192000+00:00
16805699,feel the agi,Q1,803,3311,106170290,56058325,2026-09-06 15:59:49.863000+00:00
16805699,feel the agi,Q1,804,3311,106171187,56058325,2026-09-06 16:03:52.438000+00:00
16805699,feel the agi,Q1,805,3311,106172091,56058325,2026-09-06 16:07:48.471000+00:00
16805699,feel the agi,Q1,806,3311,106173000,56058325,2026-09-06 16:11:49.786000+00:00
16805699,feel the agi,Q1,807,3311,106173893,56058325,2026-09-06 16:15:48.294000+00:00
16805699,feel the agi,Q1,808,3311,106173896,56058325,2026-09-06 16:15:48.298000+00:00
16805699,feel the agi,Q1,809,3311,106174810,56058325,2026-09-06 16:19:48.808000+00:00
16805699,feel the agi,Q1,810,3311,106175749,56058325,2026-09-06 16:23:52.219000+00:00
16805699,feel the agi,Q1,811,3311,106176676,56058325,2026-09-06 16:27:48.600000+00:00
16805699,feel the agi,Q1,812,3311,106177608,56058325,2026-09-06 16:31:48.597000+00:00
16805699,feel the agi,Q1,813,3311,106178528,56058325,2026-09-06 16:35:48.019000+00:00
16805699,feel the agi,Q1,814,3311,106179448,56058325,2026-09-06 16:39:48.710000+00:00
16805699,feel the agi,Q1,815,3311,106179545,56058325,2026-09-06 16:39:48.902000+00:00
16805699,feel the agi,Q1,816,3311,106180363,56058325,2026-09-06 16:43:52.375000+00:00
16805699,feel the agi,Q1,817,3311,106181281,56058325,2026-09-06 16:47:49.573000+00:00
16805699,feel the agi,Q1,818,3311,106182190,56058325,2026-09-06 16:51:49.125000+00:00
16805699,feel the agi,Q1,819,3311,106183097,56058325,2026-09-06 16:55:49.011000+00:00
16805699,feel the agi,Q1,820,3311,106184017,56058325,2026-09-06 16:59:49.021000+00:00
16805699,feel the agi,Q1,821,3311,106184617,56058325,2026-09-06 16:59:50.277000+00:00
16805699,feel the agi,Q1,822,3311,106184921,56058325,2026-09-06 17:03:54.116000+00:00
16805699,feel the agi,Q1,823,3311,106185835,56058325,2026-09-06 17:07:49.702000+00:00
16805699,feel the agi,Q1,824,3311,106186758,56058325,2026-09-06 17:11:49.176000+00:00
16805699,feel the agi,Q1,825,3311,106187658,56058325,2026-09-06 17:15:48.799000+00:00
16805699,feel the agi,Q1,826,3311,106188577,56058325,2026-09-06 17:19:48.798000+00:00
16805699,feel the agi,Q1,827,3311,106189507,56058325,2026-09-06 17:23:57.208000+00:00
16805699,feel the agi,Q1,828,3311,106190419,56058325,2026-09-06 17:27:49.605000+00:00
16805699,feel the agi,Q1,829,3311,106191339,56058325,2026-09-06 17:31:49.276000+00:00
16805699,feel the agi,Q1,830,3311,106192256,56058325,2026-09-06 17:35:50.685000+00:00
16805699,feel the agi,Q1,831,3311,106193176,56058325,2026-09-06 17:39:50.670000+00:00
16805699,feel the agi,Q1,832,3311,106194077,56058325,2026-09-06 17:43:53.516000+00:00
16805699,feel the agi,Q1,833,3311,106195006,56058325,2026-09-06 17:47:49.608000+00:00
16805699,feel the agi,Q1,834,3311,106195908,56058325,2026-09-06 17:51:49.513000+00:00
16805699,feel the agi,Q1,835,3311,106196827,56058325,2026-09-06 17:55:49.407000+00:00
16805699,feel the agi,Q1,836,3311,106197227,56058325,2026-09-06 17:55:50.041000+00:00
16805699,feel the agi,Q1,837,3311,106197748,56058325,2026-09-06 17:59:49.885000+00:00
16805699,feel the agi,Q1,838,3311,106198655,56058325,2026-09-06 18:03:52.715000+00:00
16805699,feel the agi,Q1,839,3311,106199564,56058325,2026-09-06 18:07:49.664000+00:00
16805699,feel the agi,Q1,840,3311,106200466,56058325,2026-09-06 18:11:49.469000+00:00
16805699,feel the agi,Q1,841,3311,106201373,56058325,2026-09-06 18:15:49.828000+00:00
16805699,feel the agi,Q1,842,3311,106201436,56058325,2026-09-06 18:15:49.901000+00:00
16805699,feel the agi,Q1,843,3311,106202284,56058325,2026-09-06 18:19:49.999000+00:00
16805699,feel the agi,Q1,844,3311,106203196,56058325,2026-09-06 18:23:52.676000+00:00
16805699,feel the agi,Q1,845,3311,106204102,56058325,2026-09-06 18:27:49.586000+00:00
16805699,feel the agi,Q1,846,3311,106204978,56058325,2026-09-06 18:31:49.503000+00:00
16805699,feel the agi,Q1,847,3311,106205950,56058325,2026-09-06 18:35:49.462000+00:00
16805699,feel the agi,Q1,848,3311,106206836,56058325,2026-09-06 18:39:49.772000+00:00
16805699,feel the agi,Q1,849,3311,106207745,56058325,2026-09-06 18:43:52.979000+00:00
16805699,feel the agi,Q1,850,3311,106208651,56058325,2026-09-06 18:47:49.414000+00:00
16805699,feel the agi,Q1,851,3311,106209569,56058325,2026-09-06 18:51:50.058000+00:00
16805699,feel the agi,Q1,852,3311,106210466,56058325,2026-09-06 18:55:52.826000+00:00
16805699,feel the agi,Q2,1631,3311,106950180,56107807,2026-09-09 00:20:11.967000+00:00
16805699,feel the agi,Q2,1632,3311,106951055,56107807,2026-09-09 00:24:14.123000+00:00
16805699,feel the agi,Q2,1633,3311,106952110,56107807,2026-09-09 00:28:12.331000+00:00
16805699,feel the agi,Q2,1634,3311,106952709,56097847,2026-09-09 00:28:13.295000+00:00
16805699,feel the agi,Q2,1635,3311,106953067,56107807,2026-09-09 00:32:14.296000+00:00
16805699,feel the agi,Q2,1636,3311,106954016,56107807,2026-09-09 00:36:16.886000+00:00
16805699,feel the agi,Q2,1637,3311,106954976,56107807,2026-09-09 00:40:12.425000+00:00
16805699,feel the agi,Q2,1638,3311,106955931,56107807,2026-09-09 00:44:13.867000+00:00
16805699,feel the agi,Q2,1639,3311,106956329,56107807,2026-09-09 00:44:14.495000+00:00
16805699,feel the agi,Q2,1640,3311,106956892,56107807,2026-09-09 00:48:12.104000+00:00
16805699,feel the agi,Q2,1641,3311,106957137,56097847,2026-09-09 00:48:12.493000+00:00
16805699,feel the agi,Q2,1642,3311,106957845,56107807,2026-09-09 00:52:16.606000+00:00
16805699,feel the agi,Q2,1643,3311,106958775,56107807,2026-09-09 00:56:16.114000+00:00
16805699,feel the agi,Q2,1644,3311,106959771,56107807,2026-09-09 01:00:14.768000+00:00
16805699,feel the agi,Q2,1645,3311,106960007,56107807,2026-09-09 01:00:15.169000+00:00
16805699,feel the agi,Q2,1646,3311,106960707,56107807,2026-09-09 01:04:13.867000+00:00
16805699,feel the agi,Q2,1647,3311,106960991,56097847,2026-09-09 01:04:14.294000+00:00
16805699,feel the agi,Q2,1648,3311,106961131,56097847,2026-09-09 01:04:14.535000+00:00
16805699,feel the agi,Q2,1649,3311,106961671,56107807,2026-09-09 01:08:11.787000+00:00
16805699,feel the agi,Q2,1650,3311,106961706,56097847,2026-09-09 01:08:11.824000+00:00
16805699,feel the agi,Q2,1651,3311,106962621,56107807,2026-09-09 01:12:12.474000+00:00
16805699,feel the agi,Q2,1652,3311,106963561,56107807,2026-09-09 01:16:12.321000+00:00
16805699,feel the agi,Q2,1653,3311,106964468,56107807,2026-09-09 01:20:11.922000+00:00
16805699,feel the agi,Q2,1654,3311,106964893,56107807,2026-09-09 01:20:12.617000+00:00
16805699,feel the agi,Q2,1655,3311,106964904,56097847,2026-09-09 01:20:12.663000+00:00
16805699,feel the agi,Q2,1656,3311,106965449,56107807,2026-09-09 01:24:14.994000+00:00
16805699,feel the agi,Q2,1657,3311,106966412,56107807,2026-09-09 01:28:12.872000+00:00
16805699,feel the agi,Q2,1658,3311,106967364,56107807,2026-09-09 01:32:12.493000+00:00
16805699,feel the agi,Q2,1659,3311,106968066,56097847,2026-09-09 01:36:12.115000+00:00
16805699,feel the agi,Q2,1660,3311,106968320,56107807,2026-09-09 01:36:12.571000+00:00
16805699,feel the agi,Q2,1661,3311,106968754,56107807,2026-09-09 01:36:13.364000+00:00
16805699,feel the agi,Q2,1662,3311,106968773,56097847,2026-09-09 01:36:13.389000+00:00
16805699,feel the agi,Q2,1663,3311,106969222,56107807,2026-09-09 01:40:12.630000+00:00
16805699,feel the agi,Q2,1664,3311,106969277,56107807,2026-09-09 01:40:12.724000+00:00
16805699,feel the agi,Q2,1665,3311,106969508,56107807,2026-09-09 01:40:13.175000+00:00
16805699,feel the agi,Q2,1666,3311,106970241,56107807,2026-09-09 01:44:14.421000+00:00
16805699,feel the agi,Q2,1667,3311,106970275,56107807,2026-09-09 01:44:14.495000+00:00
16805699,feel the agi,Q2,1668,3311,106970710,56097847,2026-09-09 01:44:15.307000+00:00
16805699,feel the agi,Q2,1669,3311,106971200,56107807,2026-09-09 01:48:13.800000+00:00
16805699,feel the agi,Q2,1670,3311,106971848,56097847,2026-09-09 01:52:11.922000+00:00
16805699,feel the agi,Q2,1671,3311,106972161,56107807,2026-09-09 01:52:12.431000+00:00
16805699,feel the agi,Q2,1672,3311,106972962,56097847,2026-09-09 01:56:12.777000+00:00
16805699,feel the agi,Q2,1673,3311,106973116,56107807,2026-09-09 01:56:13.122000+00:00
16805699,feel the agi,Q2,1674,3311,106974067,56107807,2026-09-09 02:00:12.895000+00:00
16805699,feel the agi,Q2,1675,3311,106975015,56107807,2026-09-09 02:04:15.980000+00:00
16805699,feel the agi,Q2,1676,3311,106975469,56107807,2026-09-09 02:04:16.972000+00:00
16805699,feel the agi,Q2,1677,3311,106975974,56107807,2026-09-09 02:08:12.394000+00:00
16805699,feel the agi,Q2,1678,3311,106976935,56107807,2026-09-09 02:12:12.168000+00:00
16805699,feel the agi,Q2,1679,3311,106977135,56097847,2026-09-09 02:12:12.473000+00:00
16805699,feel the agi,Q2,1680,3311,106977889,56107807,2026-09-09 02:16:12.806000+00:00
16805699,feel the agi,Q3,2458,3311,107673950,56132899,2026-09-11 02:24:55.799000+00:00
16805699,feel the agi,Q3,2459,3311,107674019,56132899,2026-09-11 02:24:55.898000+00:00
16805699,feel the agi,Q3,2460,3311,107674835,56119872,2026-09-11 02:28:56.582000+00:00
16805699,feel the agi,Q3,2461,3311,107678936,56132899,2026-09-11 02:44:53.780000+00:00
16805699,feel the agi,Q3,2462,3311,107679779,56119872,2026-09-11 02:48:59.829000+00:00
16805699,feel the agi,Q3,2463,3311,107683845,56132899,2026-09-11 03:05:02.989000+00:00
16805699,feel the agi,Q3,2464,3311,107684744,56119872,2026-09-11 03:08:53.605000+00:00
16805699,feel the agi,Q3,2465,3311,107684762,56119872,2026-09-11 03:08:53.630000+00:00
16805699,feel the agi,Q3,2466,3311,107688887,56132899,2026-09-11 03:24:53.310000+00:00
16805699,feel the agi,Q3,2467,3311,107689804,56119872,2026-09-11 03:28:54.071000+00:00
16805699,feel the agi,Q3,2468,3311,107694537,56132899,2026-09-11 03:48:53.075000+00:00
16805699,feel the agi,Q3,2469,3311,107694571,56132899,2026-09-11 03:48:53.112000+00:00
16805699,feel the agi,Q3,2470,3311,107694572,56119872,2026-09-11 03:48:53.113000+00:00
16805699,feel the agi,Q3,2471,3311,107699670,56132899,2026-09-11 04:08:53.390000+00:00
16805699,feel the agi,Q3,2472,3311,107699696,56132899,2026-09-11 04:08:53.418000+00:00
16805699,feel the agi,Q3,2473,3311,107699697,56119872,2026-09-11 04:08:53.419000+00:00
16805699,feel the agi,Q3,2474,3311,107699698,56132899,2026-09-11 04:08:53.419000+00:00
16805699,feel the agi,Q3,2475,3311,107705416,56119872,2026-09-11 04:32:53.344000+00:00
16805699,feel the agi,Q3,2476,3311,107705417,56132899,2026-09-11 04:32:53.347000+00:00
16805699,feel the agi,Q3,2477,3311,107706400,56119872,2026-09-11 04:36:52.830000+00:00
16805699,feel the agi,Q3,2478,3311,107710538,56132899,2026-09-11 04:52:54.776000+00:00
16805699,feel the agi,Q3,2479,3311,107710545,56119872,2026-09-11 04:52:54.780000+00:00
16805699,feel the agi,Q3,2480,3311,107716302,56132899,2026-09-11 05:17:23.009000+00:00
16805699,feel the agi,Q3,2481,3311,107716310,56132899,2026-09-11 05:17:23.017000+00:00
16805699,feel the agi,Q3,2482,3311,107716312,56119872,2026-09-11 05:17:23.020000+00:00
16805699,feel the agi,Q3,2483,3311,107721073,56119872,2026-09-11 05:37:32.978000+00:00
16805699,feel the agi,Q3,2484,3311,107722201,56132899,2026-09-11 05:41:23.976000+00:00
16805699,feel the agi,Q3,2485,3311,107722222,56132899,2026-09-11 05:41:23.985000+00:00
16805699,feel the agi,Q3,2486,3311,107726337,56119872,2026-09-11 05:57:23.431000+00:00
16805699,feel the agi,Q3,2487,3311,107727337,56132899,2026-09-11 06:01:23.444000+00:00
16805699,feel the agi,Q3,2488,3311,107727340,56132899,2026-09-11 06:01:23.471000+00:00
16805699,feel the agi,Q3,2489,3311,107732054,56119872,2026-09-11 06:21:23.872000+00:00
16805699,feel the agi,Q3,2490,3311,107732949,56119872,2026-09-11 06:25:23.425000+00:00
16805699,feel the agi,Q3,2491,3311,107733110,56119872,2026-09-11 06:25:23.621000+00:00
16805699,feel the agi,Q3,2492,3311,107733118,56132899,2026-09-11 06:25:23.634000+00:00
16805699,feel the agi,Q3,2493,3311,107733130,56119872,2026-09-11 06:25:23.641000+00:00
16805699,feel the agi,Q3,2494,3311,107734831,56119872,2026-09-11 06:33:22.586000+00:00
16805699,feel the agi,Q3,2495,3311,107738963,56132899,2026-09-11 06:49:22.992000+00:00
16805699,feel the agi,Q3,2496,3311,107740128,56119872,2026-09-11 06:53:23.206000+00:00
16805699,feel the agi,Q3,2497,3311,107744870,56132899,2026-09-11 07:13:24.590000+00:00
16805699,feel the agi,Q3,2498,3311,107745958,56119872,2026-09-11 07:17:23.419000+00:00
16805699,feel the agi,Q3,2499,3311,107746131,56119872,2026-09-11 07:17:23.737000+00:00
16805699,feel the agi,Q3,2500,3311,107750793,56132899,2026-09-11 07:37:28.303000+00:00
16805699,feel the agi,Q3,2501,3311,107750797,56132899,2026-09-11 07:37:28.305000+00:00
16805699,feel the agi,Q3,2502,3311,107751959,56119872,2026-09-11 07:41:23.325000+00:00
16805699,feel the agi,Q3,2503,3311,107756419,56132899,2026-09-11 08:01:29.014000+00:00
16805699,feel the agi,Q3,2504,3311,107756780,56132899,2026-09-11 08:01:29.610000+00:00
16805699,feel the agi,Q3,2505,3311,107757708,56119872,2026-09-11 08:05:23.628000+00:00
16805699,feel the agi,Q3,2506,3311,107757844,56119872,2026-09-11 08:05:23.663000+00:00
16805699,feel the agi,Q3,2507,3311,107762643,56132899,2026-09-11 08:25:24.132000+00:00
16805699,feel the agi,L,3261,3311,108944867,56208558,2026-09-14 14:58:50.208000+00:00
16805699,feel the agi,L,3262,3311,108945264,56208558,2026-09-14 14:58:51.006000+00:00
16805699,feel the agi,L,3263,3311,108946205,56208558,2026-09-14 15:02:53.004000+00:00
16805699,feel the agi,L,3264,3311,108946993,56208558,2026-09-14 15:06:54.034000+00:00
16805699,feel the agi,L,3265,3311,108947010,56208558,2026-09-14 15:06:54.088000+00:00
16805699,feel the agi,L,3266,3311,108949570,56132899,2026-09-14 15:14:52.717000+00:00
16805699,feel the agi,L,3267,3311,108949866,56208558,2026-09-14 15:18:53.480000+00:00
16805699,feel the agi,L,3268,3311,108955483,56208558,2026-09-14 15:38:55.500000+00:00
16805699,feel the agi,L,3269,3311,108956796,56132899,2026-09-14 15:42:55.786000+00:00
16805699,feel the agi,L,3270,3311,108960862,56132899,2026-09-14 15:58:57.815000+00:00
16805699,feel the agi,L,3271,3311,108960849,56132899,2026-09-14 15:58:58.860000+00:00
16805699,feel the agi,L,3272,3311,108960982,56132899,2026-09-14 15:58:59.049000+00:00
16805699,feel the agi,L,3273,3311,108961946,56132899,2026-09-14 16:02:58.084000+00:00
16805699,feel the agi,L,3274,3311,108962578,56208558,2026-09-14 16:06:52.674000+00:00
16805699,feel the agi,L,3275,3311,108962982,56208558,2026-09-14 16:06:53.860000+00:00
16805699,feel the agi,L,3276,3311,108969258,56132899,2026-09-14 16:30:51.138000+00:00
16805699,feel the agi,L,3277,3311,108970150,56208558,2026-09-14 16:34:51.540000+00:00
16805699,feel the agi,L,3278,3311,108971286,56208558,2026-09-14 16:38:56.529000+00:00
16805699,feel the agi,L,3279,3311,108972269,56208558,2026-09-14 16:42:54.299000+00:00
16805699,feel the agi,L,3280,3311,108972330,56208558,2026-09-14 16:42:54.411000+00:00
16805699,feel the agi,L,3281,3311,108973983,56208558,2026-09-14 16:50:51.116000+00:00
16805699,feel the agi,L,3282,3311,108976351,56132899,2026-09-14 16:58:53.384000+00:00
16805699,feel the agi,L,3283,3311,108977549,56208558,2026-09-14 17:02:51.719000+00:00
16805699,feel the agi,L,3284,3311,108980966,56208558,2026-09-14 17:20:42.643000+00:00
16805699,feel the agi,L,3285,3311,108982188,56208558,2026-09-14 17:24:42.066000+00:00
16805699,feel the agi,L,3286,3311,108983499,56132899,2026-09-14 17:28:45.740000+00:00
16805699,feel the agi,L,3287,3311,108983518,56132899,2026-09-14 17:28:45.755000+00:00
16805699,feel the agi,L,3288,3311,108984405,56208558,2026-09-14 17:32:41.557000+00:00
16805699,feel the agi,L,3289,3311,108987500,56208558,2026-09-14 17:44:41.556000+00:00
16805699,feel the agi,L,3290,3311,108988409,56208558,2026-09-14 17:48:42.255000+00:00
16805699,feel the agi,L,3291,3311,108989464,56208558,2026-09-14 17:52:41.234000+00:00
16805699,feel the agi,L,3292,3311,108989820,56132899,2026-09-14 17:52:41.833000+00:00
16805699,feel the agi,L,3293,3311,108990276,56208558,2026-09-14 17:56:40.383000+00:00
16805699,feel the agi,L,3294,3311,108995482,56208558,2026-09-14 18:16:40.215000+00:00
16805699,feel the agi,L,3295,3311,108996025,56132899,2026-09-14 18:16:41.170000+00:00
16805699,feel the agi,L,3296,3311,109000700,56208558,2026-09-14 18:36:45.254000+00:00
16805699,feel the agi,L,3297,3311,109001112,56208558,2026-09-14 18:36:45.932000+00:00
16805699,feel the agi,L,3298,3311,109001330,56208558,2026-09-14 18:36:46.234000+00:00
16805699,feel the agi,L,3299,3311,109002099,56132899,2026-09-14 18:40:41.483000+00:00
16805699,feel the agi,L,3300,3311,109003056,56132899,2026-09-14 18:44:41.010000+00:00
16805699,feel the agi,L,3301,3311,109003648,56208558,2026-09-14 18:48:40.660000+00:00
16805699,feel the agi,L,3302,3311,109005291,56132899,2026-09-14 18:52:41.556000+00:00
16805699,feel the agi,L,3303,3311,109006365,56132899,2026-09-14 18:56:41.081000+00:00
16805699,feel the agi,L,3304,3311,109007768,56208558,2026-09-14 19:04:40.194000+00:00
16805699,feel the agi,L,3305,3311,109009139,56132899,2026-09-14 19:08:43.271000+00:00
16805699,feel the agi,L,3306,3311,109011145,56208558,2026-09-14 19:16:41.103000+00:00
16805699,feel the agi,L,3307,3311,109013056,56132899,2026-09-14 19:24:41.663000+00:00
16805699,feel the agi,L,3308,3311,109016256,56208558,2026-09-14 19:36:40.588000+00:00
16805699,feel the agi,L,3309,3311,109016544,56208558,2026-09-14 19:36:41.060000+00:00
16805699,feel the agi,L,3310,3311,109016558,56132899,2026-09-14 19:36:41.076000+00:00
16805699,feel the agi,C0,0,562,107290497,56132899,2026-09-10 00:08:50.734000+00:00
16805699,feel the agi,C0,1,562,107291433,56132899,2026-09-10 00:12:49.468000+00:00
16805699,feel the agi,C0,2,562,107292385,56132899,2026-09-10 00:16:49.709000+00:00
16805699,feel the agi,C0,3,562,107293352,56132899,2026-09-10 00:20:49.322000+00:00
16805699,feel the agi,C0,4,562,107294323,56132899,2026-09-10 00:24:49.157000+00:00
16805699,feel the agi,C0,5,562,107295271,56132899,2026-09-10 00:28:49.803000+00:00
16805699,feel the agi,C0,6,562,107296236,56132899,2026-09-10 00:32:49.150000+00:00
16805699,feel the agi,C0,7,562,107297199,56132899,2026-09-10 00:36:49.620000+00:00
16805699,feel the agi,C0,8,562,107297625,56132899,2026-09-10 00:36:50.327000+00:00
16805699,feel the agi,C0,9,562,107298148,56132899,2026-09-10 00:40:49.776000+00:00
16805699,feel the agi,C0,10,562,107299115,56132899,2026-09-10 00:44:53.880000+00:00
16805699,feel the agi,C0,11,562,107300080,56132899,2026-09-10 00:48:49.459000+00:00
16805699,feel the agi,C0,12,562,107301031,56132899,2026-09-10 00:52:49.254000+00:00
16805699,feel the agi,C0,13,562,107301819,56132899,2026-09-10 00:52:50.542000+00:00
16805699,feel the agi,C0,14,562,107302032,56132899,2026-09-10 00:56:53.542000+00:00
16805699,feel the agi,C0,15,562,107302995,56132899,2026-09-10 01:00:49.119000+00:00
16805699,feel the agi,C0,16,562,107304002,56132899,2026-09-10 01:04:48.865000+00:00
16805699,feel the agi,C0,17,562,107305008,56132899,2026-09-10 01:08:52.820000+00:00
16805699,feel the agi,C0,18,562,107305955,56132899,2026-09-10 01:12:49.151000+00:00
16805699,feel the agi,C0,19,562,107306713,56132899,2026-09-10 01:12:50.423000+00:00
16805699,feel the agi,C0,20,562,107307266,56132899,2026-09-10 01:17:00.162000+00:00
16805699,feel the agi,C0,21,562,107307958,56132899,2026-09-10 01:20:51.968000+00:00
16805699,feel the agi,C0,22,562,107308085,56132899,2026-09-10 01:20:52.191000+00:00
16805699,feel the agi,C0,23,562,107308936,56132899,2026-09-10 01:24:50.491000+00:00
16805699,feel the agi,C0,24,562,107309922,56132899,2026-09-10 01:28:57.430000+00:00
16805699,feel the agi,C0,25,562,107310560,56132899,2026-09-10 01:28:58.425000+00:00
16805699,feel the agi,C0,26,562,107310896,56132899,2026-09-10 01:32:50.088000+00:00
16805699,feel the agi,C0,27,562,107311867,56132899,2026-09-10 01:36:51.353000+00:00
16805699,feel the agi,C0,28,562,107312779,56132899,2026-09-10 01:40:51.629000+00:00
16805699,feel the agi,C0,29,562,107312794,56132899,2026-09-10 01:40:51.641000+00:00
16805699,feel the agi,C0,30,562,107313818,56132899,2026-09-10 01:44:49.285000+00:00
16805699,feel the agi,C0,31,562,107314803,56132899,2026-09-10 01:48:54.535000+00:00
16805699,feel the agi,C0,32,562,107315773,56132899,2026-09-10 01:52:49.352000+00:00
16805699,feel the agi,C0,33,562,107316757,56132899,2026-09-10 01:56:49.567000+00:00
16805699,feel the agi,C0,34,562,107317826,56132899,2026-09-10 02:00:50.241000+00:00
16805699,feel the agi,C0,35,562,107318148,56132899,2026-09-10 02:00:50.248000+00:00
16805699,feel the agi,C0,36,562,107318722,56132899,2026-09-10 02:04:50.055000+00:00
16805699,feel the agi,C0,37,562,107319682,56132899,2026-09-10 02:08:50.022000+00:00
16805699,feel the agi,C0,38,562,107320653,56132899,2026-09-10 02:12:49.679000+00:00
16805699,feel the agi,C0,39,562,107321631,56132899,2026-09-10 02:16:49.719000+00:00
16805699,feel the agi,C0,40,562,107322546,56132899,2026-09-10 02:20:57.094000+00:00
16805699,feel the agi,C0,41,562,107322612,56132899,2026-09-10 02:20:57.166000+00:00
16805699,feel the agi,C0,42,562,107323564,56132899,2026-09-10 02:24:56.119000+00:00
16805699,feel the agi,C0,43,562,107324566,56132899,2026-09-10 02:28:56.317000+00:00
16805699,feel the agi,C0,44,562,107325534,56132899,2026-09-10 02:32:56.337000+00:00
16805699,feel the agi,C0,45,562,107326510,56132899,2026-09-10 02:36:56.377000+00:00
16805699,feel the agi,C0,46,562,107326786,56132899,2026-09-10 02:36:56.825000+00:00
16805699,feel the agi,C0,47,562,107327484,56132899,2026-09-10 02:40:56.175000+00:00
16805699,feel the agi,C0,48,562,107328426,56132899,2026-09-10 02:44:56.573000+00:00
16805699,feel the agi,C0,49,562,107328477,56132899,2026-09-10 02:44:56.655000+00:00
16723379,local,C0,0,142,108990115,56236614,2026-09-14 17:56:40.138000+00:00
16723379,local,C0,1,142,108991131,56236614,2026-09-14 18:00:41.617000+00:00
16723379,local,C0,2,142,108992145,56236614,2026-09-14 18:04:40.834000+00:00
16723379,local,C0,3,142,108993184,56236614,2026-09-14 18:08:41.091000+00:00
16723379,local,C0,4,142,108994198,56236614,2026-09-14 18:12:39.681000+00:00
16723379,local,C0,5,142,108995230,56236614,2026-09-14 18:16:39.839000+00:00
16723379,local,C0,6,142,108996253,56236614,2026-09-14 18:20:43.651000+00:00
16723379,local,C0,7,142,108997272,56236614,2026-09-14 18:24:39.838000+00:00
16723379,local,C0,8,142,108998300,56236614,2026-09-14 18:28:41.654000+00:00
16723379,local,C0,9,142,108999332,56236614,2026-09-14 18:32:39.814000+00:00
16723379,local,C0,10,142,109000368,56236614,2026-09-14 18:36:44.644000+00:00
16723379,local,C0,11,142,109001382,56236614,2026-09-14 18:40:40.324000+00:00
16723379,local,C0,12,142,109002413,56236614,2026-09-14 18:44:39.841000+00:00
16723379,local,C0,13,142,109003435,56236614,2026-09-14 18:48:40.277000+00:00
16723379,local,C0,14,142,109004469,56236614,2026-09-14 18:52:40.120000+00:00
16723379,local,C0,15,142,109005497,56236614,2026-09-14 18:56:39.750000+00:00
16723379,local,C0,16,142,109006560,56236614,2026-09-14 19:00:40.592000+00:00
16723379,local,C0,17,142,109007597,56236614,2026-09-14 19:04:39.910000+00:00
16723379,local,C0,18,142,109008665,56236614,2026-09-14 19:08:42.250000+00:00
16723379,local,C0,19,142,109009694,56236614,2026-09-14 19:12:39.623000+00:00
16723379,local,C0,20,142,109010743,56236614,2026-09-14 19:16:40.369000+00:00
16723379,local,C0,21,142,109011816,56236614,2026-09-14 19:20:40.997000+00:00
16723379,local,C0,22,142,109012854,56236614,2026-09-14 19:24:41.250000+00:00
16723379,local,C0,23,142,109013897,56236614,2026-09-14 19:28:41.447000+00:00
16723379,local,C0,24,142,109013936,56236614,2026-09-14 19:28:41.494000+00:00
16723379,local,C0,25,142,109014934,56236614,2026-09-14 19:32:40.454000+00:00
16723379,local,C0,26,142,109015530,56236614,2026-09-14 19:32:41.386000+00:00
16723379,local,C0,27,142,109015974,56236614,2026-09-14 19:36:40.166000+00:00
16723379,local,C0,28,142,109017004,56236614,2026-09-14 19:40:40.681000+00:00
16723379,local,C0,29,142,109018055,56236614,2026-09-14 19:44:40.581000+00:00
16723379,local,C0,30,142,109019131,56236614,2026-09-14 19:53:29.019000+00:00
16723379,local,C0,31,142,109019783,56236614,2026-09-14 19:53:30.883000+00:00
16723379,local,C0,32,142,109020166,56236614,2026-09-14 19:57:13.730000+00:00
16723379,local,C0,33,142,109020352,56236614,2026-09-14 19:57:14.096000+00:00
16723379,local,C0,34,142,109021169,56236614,2026-09-14 20:01:12.967000+00:00
16723379,local,C0,35,142,109022238,56236614,2026-09-14 20:05:12.859000+00:00
16723379,local,C0,36,142,109022670,56236614,2026-09-14 20:05:13.530000+00:00
16723379,local,C0,37,142,109023283,56236614,2026-09-14 20:09:12.648000+00:00
16723379,local,C0,38,142,109023369,56236614,2026-09-14 20:09:12.808000+00:00
16723379,local,C0,39,142,109024383,56236614,2026-09-14 20:13:13.132000+00:00
16723379,local,C0,40,142,109025373,56236614,2026-09-14 20:17:12.557000+00:00
16723379,local,C0,41,142,109026413,56236614,2026-09-14 20:21:13.306000+00:00
16723379,local,C0,42,142,109026600,56236614,2026-09-14 20:21:13.555000+00:00
16723379,local,C0,43,142,109027451,56236614,2026-09-14 20:25:24.022000+00:00
16723379,local,C0,44,142,109028487,56236614,2026-09-14 20:29:19.980000+00:00
16723379,local,C0,45,142,109029525,56236614,2026-09-14 20:33:15.956000+00:00
16723379,local,C0,46,142,109030566,56236614,2026-09-14 20:37:15.237000+00:00
16723379,local,C0,47,142,109031596,56236614,2026-09-14 20:41:15.526000+00:00
16723379,local,C0,48,142,109031958,56236614,2026-09-14 20:41:16.146000+00:00
16723379,local,C0,49,142,109032632,56236614,2026-09-14 20:45:15.554000+00:00
16706321,lumen,C0,0,116,109101976,56241997,2026-09-15 01:03:46.716000+00:00
16706321,lumen,C0,1,116,109103207,56241997,2026-09-15 01:07:45.860000+00:00
16706321,lumen,C0,2,116,109104212,56241997,2026-09-15 01:11:45.374000+00:00
16706321,lumen,C0,3,116,109105314,56241997,2026-09-15 01:15:46.677000+00:00
16706321,lumen,C0,4,116,109106326,56241997,2026-09-15 01:19:47.071000+00:00
16706321,lumen,C0,5,116,109107355,56241997,2026-09-15 01:23:45.071000+00:00
16706321,lumen,C0,6,116,109108455,56241997,2026-09-15 01:27:46.372000+00:00
16706321,lumen,C0,7,116,109109611,56241997,2026-09-15 01:31:46.946000+00:00
16706321,lumen,C0,8,116,109110633,56241997,2026-09-15 01:35:45.033000+00:00
16706321,lumen,C0,9,116,109111906,56241997,2026-09-15 01:39:49.345000+00:00
16706321,lumen,C0,10,116,109113198,56241997,2026-09-15 01:43:47.676000+00:00
16706321,lumen,C0,11,116,109114312,56241997,2026-09-15 01:47:45.237000+00:00
16706321,lumen,C0,12,116,109115365,56241997,2026-09-15 01:51:46.444000+00:00
16706321,lumen,C0,13,116,109116586,56241997,2026-09-15 01:55:46.174000+00:00
16706321,lumen,C0,14,116,109117696,56241997,2026-09-15 01:59:49.317000+00:00
16706321,lumen,C0,15,116,109118819,56241997,2026-09-15 02:03:46.907000+00:00
16706321,lumen,C0,16,116,109119891,56241997,2026-09-15 02:07:45.753000+00:00
16706321,lumen,C0,17,116,109121031,56241997,2026-09-15 02:11:46.881000+00:00
16706321,lumen,C0,18,116,109122077,56241997,2026-09-15 02:15:45.671000+00:00
16706321,lumen,C0,19,116,109123313,56241997,2026-09-15 02:19:48.599000+00:00
16706321,lumen,C0,20,116,109124150,56241997,2026-09-15 02:19:50.305000+00:00
16706321,lumen,C0,21,116,109124434,56241997,2026-09-15 02:23:46.191000+00:00
16706321,lumen,C0,22,116,109125722,56241997,2026-09-15 02:27:55.570000+00:00
16706321,lumen,C0,23,116,109126819,56241997,2026-09-15 02:31:50.018000+00:00
16706321,lumen,C0,24,116,109127961,56241997,2026-09-15 02:35:50.613000+00:00
16706321,lumen,C0,25,116,109129068,56241997,2026-09-15 02:39:57.189000+00:00
16706321,lumen,C0,26,116,109130264,56241997,2026-09-15 02:43:55.452000+00:00
16706321,lumen,C0,27,116,109131368,56241997,2026-09-15 02:47:50.904000+00:00
16706321,lumen,C0,28,116,109132480,56241997,2026-09-15 02:51:49.577000+00:00
16706321,lumen,C0,29,116,109133627,56241997,2026-09-15 02:55:49.350000+00:00
16706321,lumen,C0,30,116,109134100,56241997,2026-09-15 02:55:50.111000+00:00
16706321,lumen,C0,31,116,109134713,56241997,2026-09-15 02:59:55.697000+00:00
16706321,lumen,C0,32,116,109135837,56241997,2026-09-15 03:04:01.161000+00:00
16706321,lumen,C0,33,116,109136980,56241997,2026-09-15 03:08:01.959000+00:00
16706321,lumen,C0,34,116,109138066,56241997,2026-09-15 03:11:55.097000+00:00
16706321,lumen,C0,35,116,109139168,56241997,2026-09-15 03:15:50.627000+00:00
16706321,lumen,C0,36,116,109140342,56241997,2026-09-15 03:19:54.224000+00:00
16706321,lumen,C0,37,116,109141440,56241997,2026-09-15 03:23:49.596000+00:00
16706321,lumen,C0,38,116,109142550,56241997,2026-09-15 03:27:50.122000+00:00
16706321,lumen,C0,39,116,109143649,56241997,2026-09-15 03:31:50.177000+00:00
16706321,lumen,C0,40,116,109144772,56241997,2026-09-15 03:35:52.352000+00:00
16706321,lumen,C0,41,116,109146383,56241997,2026-09-15 03:39:52.284000+00:00
16706321,lumen,C0,42,116,109146989,56241997,2026-09-15 03:43:49.575000+00:00
16706321,lumen,C0,43,116,109148155,56241997,2026-09-15 03:47:49.778000+00:00
16706321,lumen,C0,44,116,109149259,56241997,2026-09-15 03:51:49.597000+00:00
16706321,lumen,C0,45,116,109150370,56241997,2026-09-15 03:55:50.199000+00:00
16706321,lumen,C0,46,116,109151473,56241997,2026-09-15 03:59:52.865000+00:00
16706321,lumen,C0,47,116,109152567,56241997,2026-09-15 04:03:50.599000+00:00
16706321,lumen,C0,48,116,109153686,56241997,2026-09-15 04:07:49.769000+00:00
16706321,lumen,C0,49,116,109154003,56241997,2026-09-15 04:07:50.267000+00:00
16731275,carbonapi,C0,0,148,108996307,56236960,2026-09-14 18:20:43.748000+00:00
16731275,carbonapi,C0,1,148,108997328,56236960,2026-09-14 18:24:39.941000+00:00
16731275,carbonapi,C0,2,148,108998351,56236960,2026-09-14 18:28:41.789000+00:00
16731275,carbonapi,C0,3,148,108999377,56236960,2026-09-14 18:32:39.860000+00:00
16731275,carbonapi,C0,4,148,109000379,56236960,2026-09-14 18:36:44.755000+00:00
16731275,carbonapi,C0,5,148,109001415,56236960,2026-09-14 18:40:40.415000+00:00
16731275,carbonapi,C0,6,148,109002437,56236960,2026-09-14 18:44:39.867000+00:00
16731275,carbonapi,C0,7,148,109002443,56236960,2026-09-14 18:44:39.873000+00:00
16731275,carbonapi,C0,8,148,109002731,56236960,2026-09-14 18:44:40.351000+00:00
16731275,carbonapi,C0,9,148,109003466,56236960,2026-09-14 18:48:40.317000+00:00
16731275,carbonapi,C0,10,148,109004487,56236960,2026-09-14 18:52:40.139000+00:00
16731275,carbonapi,C0,11,148,109005514,56236960,2026-09-14 18:56:39.768000+00:00
16731275,carbonapi,C0,12,148,109006550,56236960,2026-09-14 19:00:40.580000+00:00
16731275,carbonapi,C0,13,148,109007578,56236960,2026-09-14 19:04:39.887000+00:00
16731275,carbonapi,C0,14,148,109008605,56236960,2026-09-14 19:08:42.099000+00:00
16731275,carbonapi,C0,15,148,109009635,56236960,2026-09-14 19:12:39.563000+00:00
16731275,carbonapi,C0,16,148,109010671,56236960,2026-09-14 19:16:40.289000+00:00
16731275,carbonapi,C0,17,148,109011735,56236960,2026-09-14 19:20:40.891000+00:00
16731275,carbonapi,C0,18,148,109012391,56236960,2026-09-14 19:20:41.967000+00:00
16731275,carbonapi,C0,19,148,109012792,56236960,2026-09-14 19:24:41.133000+00:00
16731275,carbonapi,C0,20,148,109013855,56236960,2026-09-14 19:28:41.378000+00:00
16731275,carbonapi,C0,21,148,109014898,56236960,2026-09-14 19:32:40.396000+00:00
16731275,carbonapi,C0,22,148,109015022,56236960,2026-09-14 19:32:40.573000+00:00
16731275,carbonapi,C0,23,148,109015176,56236960,2026-09-14 19:32:40.867000+00:00
16731275,carbonapi,C0,24,148,109015941,56236960,2026-09-14 19:36:40.139000+00:00
16731275,carbonapi,C0,25,148,109016981,56236960,2026-09-14 19:40:40.649000+00:00
16731275,carbonapi,C0,26,148,109018019,56236960,2026-09-14 19:44:40.539000+00:00
16731275,carbonapi,C0,27,148,109019097,56236960,2026-09-14 19:53:28.921000+00:00
16731275,carbonapi,C0,28,148,109020128,56236960,2026-09-14 19:57:13.690000+00:00
16731275,carbonapi,C0,29,148,109021205,56236960,2026-09-14 20:01:12.938000+00:00
16731275,carbonapi,C0,30,148,109021272,56236960,2026-09-14 20:01:13.110000+00:00
16731275,carbonapi,C0,31,148,109022226,56236960,2026-09-14 20:05:12.833000+00:00
16731275,carbonapi,C0,32,148,109023262,56236960,2026-09-14 20:09:12.614000+00:00
16731275,carbonapi,C0,33,148,109023344,56236960,2026-09-14 20:09:12.749000+00:00
16731275,carbonapi,C0,34,148,109024330,56236960,2026-09-14 20:13:13.023000+00:00
16731275,carbonapi,C0,35,148,109025314,56236960,2026-09-14 20:17:12.494000+00:00
16731275,carbonapi,C0,36,148,109025326,56236960,2026-09-14 20:17:12.506000+00:00
16731275,carbonapi,C0,37,148,109026371,56236960,2026-09-14 20:21:13.230000+00:00
16731275,carbonapi,C0,38,148,109027411,56236960,2026-09-14 20:25:23.954000+00:00
16731275,carbonapi,C0,39,148,109028457,56236960,2026-09-14 20:29:19.918000+00:00
16731275,carbonapi,C0,40,148,109029159,56236960,2026-09-14 20:29:20.982000+00:00
16731275,carbonapi,C0,41,148,109029492,56236960,2026-09-14 20:33:15.923000+00:00
16731275,carbonapi,C0,42,148,109030526,56236960,2026-09-14 20:37:15.190000+00:00
16731275,carbonapi,C0,43,148,109031548,56236960,2026-09-14 20:41:15.489000+00:00
16731275,carbonapi,C0,44,148,109032591,56236960,2026-09-14 20:45:15.445000+00:00
16731275,carbonapi,C0,45,148,109033344,56236960,2026-09-14 20:45:16.880000+00:00
16731275,carbonapi,C0,46,148,109034182,56236960,2026-09-14 20:49:17.491000+00:00
16731275,carbonapi,C0,47,148,109034666,56236960,2026-09-14 20:53:16.553000+00:00
16731275,carbonapi,C0,48,148,109035697,56236960,2026-09-14 20:57:16.335000+00:00
16731275,carbonapi,C0,49,148,109036732,56236960,2026-09-14 21:01:16.142000+00:00
16633178,Cow Boy,C0,0,200,108833707,56225347,2026-09-14 07:46:49.322000+00:00
16633178,Cow Boy,C0,1,200,108834738,56225347,2026-09-14 07:50:48.687000+00:00
16633178,Cow Boy,C0,2,200,108835771,56225347,2026-09-14 07:54:48.789000+00:00
16633178,Cow Boy,C0,3,200,108836754,56225347,2026-09-14 07:58:52.586000+00:00
16633178,Cow Boy,C0,4,200,108837767,56225347,2026-09-14 08:02:50.216000+00:00
16633178,Cow Boy,C0,5,200,108838758,56225347,2026-09-14 08:06:48.719000+00:00
16633178,Cow Boy,C0,6,200,108839801,56225347,2026-09-14 08:10:48.678000+00:00
16633178,Cow Boy,C0,7,200,108840802,56225347,2026-09-14 08:14:50.437000+00:00
16633178,Cow Boy,C0,8,200,108840808,56225347,2026-09-14 08:14:50.548000+00:00
16633178,Cow Boy,C0,9,200,108841818,56225347,2026-09-14 08:19:01.076000+00:00
16633178,Cow Boy,C0,10,200,108842827,56225347,2026-09-14 08:22:49.393000+00:00
16633178,Cow Boy,C0,11,200,108843845,56225347,2026-09-14 08:26:49.078000+00:00
16633178,Cow Boy,C0,12,200,108844871,56225347,2026-09-14 08:30:50.924000+00:00
16633178,Cow Boy,C0,13,200,108845895,56225347,2026-09-14 08:34:50.239000+00:00
16633178,Cow Boy,C0,14,200,108846911,56225347,2026-09-14 08:38:57.866000+00:00
16633178,Cow Boy,C0,15,200,108847940,56225347,2026-09-14 08:42:51.629000+00:00
16633178,Cow Boy,C0,16,200,108849007,56225347,2026-09-14 08:46:54.209000+00:00
16633178,Cow Boy,C0,17,200,108850042,56225347,2026-09-14 08:50:54.284000+00:00
16633178,Cow Boy,C0,18,200,108851104,56225347,2026-09-14 08:54:55.875000+00:00
16633178,Cow Boy,C0,19,200,108852135,56225347,2026-09-14 08:58:59.401000+00:00
16633178,Cow Boy,C0,20,200,108853179,56225347,2026-09-14 09:02:54.233000+00:00
16633178,Cow Boy,C0,21,200,108854263,56225347,2026-09-14 09:07:03.232000+00:00
16633178,Cow Boy,C0,22,200,108855281,56225347,2026-09-14 09:10:59.717000+00:00
16633178,Cow Boy,C0,23,200,108856357,56225347,2026-09-14 09:14:50.374000+00:00
16633178,Cow Boy,C0,24,200,108857348,56225347,2026-09-14 09:18:53.843000+00:00
16633178,Cow Boy,C0,25,200,108858078,56225347,2026-09-14 09:18:55.137000+00:00
16633178,Cow Boy,C0,26,200,108858423,56225347,2026-09-14 09:22:48.902000+00:00
16633178,Cow Boy,C0,27,200,108859446,56225347,2026-09-14 09:26:49.485000+00:00
16633178,Cow Boy,C0,28,200,108860400,56225347,2026-09-14 09:30:50.293000+00:00
16633178,Cow Boy,C0,29,200,108861280,56225347,2026-09-14 09:34:57.029000+00:00
16633178,Cow Boy,C0,30,200,108862372,56225347,2026-09-14 09:38:53.706000+00:00
16633178,Cow Boy,C0,31,200,108862594,56225347,2026-09-14 09:38:54.108000+00:00
16633178,Cow Boy,C0,32,200,108863381,56225347,2026-09-14 09:42:49.229000+00:00
16633178,Cow Boy,C0,33,200,108864419,56225347,2026-09-14 09:46:50.402000+00:00
16633178,Cow Boy,C0,34,200,108865474,56225347,2026-09-14 09:50:52.593000+00:00
16633178,Cow Boy,C0,35,200,108866514,56225347,2026-09-14 09:54:54.631000+00:00
16633178,Cow Boy,C0,36,200,108867583,56225347,2026-09-14 09:58:52.503000+00:00
16633178,Cow Boy,C0,37,200,108868631,56225347,2026-09-14 10:02:50.436000+00:00
16633178,Cow Boy,C0,38,200,108869668,56225347,2026-09-14 10:06:50.287000+00:00
16633178,Cow Boy,C0,39,200,108870699,56225347,2026-09-14 10:10:51.813000+00:00
16633178,Cow Boy,C0,40,200,108871742,56225347,2026-09-14 10:14:50.214000+00:00
16633178,Cow Boy,C0,41,200,108872766,56225347,2026-09-14 10:18:54.971000+00:00
16633178,Cow Boy,C0,42,200,108873806,56225347,2026-09-14 10:22:54.517000+00:00
16633178,Cow Boy,C0,43,200,108874844,56225347,2026-09-14 10:26:49.405000+00:00
16633178,Cow Boy,C0,44,200,108875870,56225347,2026-09-14 10:30:52.107000+00:00
16633178,Cow Boy,C0,45,200,108876904,56225347,2026-09-14 10:34:52.034000+00:00
16633178,Cow Boy,C0,46,200,108877941,56225347,2026-09-14 10:38:52.712000+00:00
16633178,Cow Boy,C0,47,200,108878982,56225347,2026-09-14 10:42:49.634000+00:00
16633178,Cow Boy,C0,48,200,108880018,56225347,2026-09-14 10:46:51.705000+00:00
16633178,Cow Boy,C0,49,200,108881051,56225347,2026-09-14 10:50:51.286000+00:00
16882725,Ebi,C0,0,252,108684240,56215426,2026-09-13 22:02:49.398000+00:00
16882725,Ebi,C0,1,252,108685246,56215426,2026-09-13 22:06:44.812000+00:00
16882725,Ebi,C0,2,252,108686268,56215426,2026-09-13 22:10:48.940000+00:00
16882725,Ebi,C0,3,252,108687293,56215426,2026-09-13 22:14:45.260000+00:00
16882725,Ebi,C0,4,252,108688292,56215426,2026-09-13 22:18:50.350000+00:00
16882725,Ebi,C0,5,252,108689290,56215426,2026-09-13 22:22:44.328000+00:00
16882725,Ebi,C0,6,252,108690304,56215426,2026-09-13 22:26:44.848000+00:00
16882725,Ebi,C0,7,252,108691326,56215426,2026-09-13 22:30:47.024000+00:00
16882725,Ebi,C0,8,252,108692333,56215426,2026-09-13 22:34:44.525000+00:00
16882725,Ebi,C0,9,252,108693345,56215426,2026-09-13 22:38:45.456000+00:00
16882725,Ebi,C0,10,252,108694347,56215426,2026-09-13 22:42:47.886000+00:00
16882725,Ebi,C0,11,252,108695364,56215426,2026-09-13 22:46:48.063000+00:00
16882725,Ebi,C0,12,252,108696378,56215426,2026-09-13 22:50:43.857000+00:00
16882725,Ebi,C0,13,252,108696849,56215426,2026-09-13 22:50:44.592000+00:00
16882725,Ebi,C0,14,252,108697401,56215426,2026-09-13 22:54:49.178000+00:00
16882725,Ebi,C0,15,252,108698412,56215426,2026-09-13 22:58:47.004000+00:00
16882725,Ebi,C0,16,252,108699094,56215426,2026-09-13 22:58:47.989000+00:00
16882725,Ebi,C0,17,252,108699442,56215426,2026-09-13 23:02:45.470000+00:00
16882725,Ebi,C0,18,252,108700477,56215426,2026-09-13 23:06:48.491000+00:00
16882725,Ebi,C0,19,252,108701495,56215426,2026-09-13 23:10:44.213000+00:00
16882725,Ebi,C0,20,252,108701536,56215426,2026-09-13 23:10:44.284000+00:00
16882725,Ebi,C0,21,252,108702542,56215426,2026-09-13 23:14:45.234000+00:00
16882725,Ebi,C0,22,252,108703567,56215426,2026-09-13 23:18:45.175000+00:00
16882725,Ebi,C0,23,252,108704608,56215426,2026-09-13 23:22:49.236000+00:00
16882725,Ebi,C0,24,252,108705642,56215426,2026-09-13 23:26:48.904000+00:00
16882725,Ebi,C0,25,252,108706680,56215426,2026-09-13 23:30:47.923000+00:00
16882725,Ebi,C0,26,252,108707673,56215426,2026-09-13 23:34:44.083000+00:00
16882725,Ebi,C0,27,252,108708707,56215426,2026-09-13 23:38:49.605000+00:00
16882725,Ebi,C0,28,252,108709736,56215426,2026-09-13 23:42:46.980000+00:00
16882725,Ebi,C0,29,252,108710752,56215426,2026-09-13 23:46:44.076000+00:00
16882725,Ebi,C0,30,252,108711779,56215426,2026-09-13 23:50:44.219000+00:00
16882725,Ebi,C0,31,252,108712796,56215426,2026-09-13 23:54:46.695000+00:00
16882725,Ebi,C0,32,252,108712910,56215426,2026-09-13 23:54:46.836000+00:00
16882725,Ebi,C0,33,252,108713825,56215426,2026-09-13 23:58:44.636000+00:00
16882725,Ebi,C0,34,252,108714498,56215426,2026-09-13 23:58:45.682000+00:00
16882725,Ebi,C0,35,252,108714840,56215426,2026-09-14 00:02:46.005000+00:00
16882725,Ebi,C0,36,252,108715946,56215426,2026-09-14 00:06:43.823000+00:00
16882725,Ebi,C0,37,252,108716981,56215426,2026-09-14 00:10:44.625000+00:00
16882725,Ebi,C0,38,252,108718018,56215426,2026-09-14 00:14:51.101000+00:00
16882725,Ebi,C0,39,252,108719039,56215426,2026-09-14 00:18:45+00:00
16882725,Ebi,C0,40,252,108720077,56215426,2026-09-14 00:22:43.676000+00:00
16882725,Ebi,C0,41,252,108720214,56215426,2026-09-14 00:22:43.877000+00:00
16882725,Ebi,C0,42,252,108721101,56215426,2026-09-14 00:26:43.838000+00:00
16882725,Ebi,C0,43,252,108722173,56215426,2026-09-14 00:30:45.479000+00:00
16882725,Ebi,C0,44,252,108723166,56215426,2026-09-14 00:34:48.812000+00:00
16882725,Ebi,C0,45,252,108724196,56215426,2026-09-14 00:38:45.886000+00:00
16882725,Ebi,C0,46,252,108725208,56215426,2026-09-14 00:42:45.213000+00:00
16882725,Ebi,C0,47,252,108726140,56215426,2026-09-14 00:46:47.941000+00:00
16882725,Ebi,C0,48,252,108727271,56215426,2026-09-14 00:50:45.122000+00:00
16882725,Ebi,C0,49,252,108728288,56215426,2026-09-14 00:54:51.605000+00:00
16773026,アルモンド,F,0,2928,104471231,55927743,2026-09-01 00:41:40.464000+00:00
16773026,アルモンド,F,1,2928,104471650,55927743,2026-09-01 00:45:40.487000+00:00
16773026,アルモンド,F,2,2928,104472073,55927743,2026-09-01 00:49:41.870000+00:00
16773026,アルモンド,F,3,2928,104472502,55927743,2026-09-01 00:53:41.177000+00:00
16773026,アルモンド,F,4,2928,104472918,55927743,2026-09-01 00:57:40.683000+00:00
16773026,アルモンド,F,5,2928,104473345,55927743,2026-09-01 01:01:40.507000+00:00
16773026,アルモンド,F,6,2928,104473776,55927743,2026-09-01 01:05:40.301000+00:00
16773026,アルモンド,F,7,2928,104474205,55927743,2026-09-01 01:09:45.149000+00:00
16773026,アルモンド,F,8,2928,104474631,55927743,2026-09-01 01:13:40.615000+00:00
16773026,アルモンド,F,9,2928,104475060,55927743,2026-09-01 01:17:41.324000+00:00
16773026,アルモンド,F,10,2928,104475488,55927743,2026-09-01 01:21:40.386000+00:00
16773026,アルモンド,F,11,2928,104475910,55927743,2026-09-01 01:25:40.649000+00:00
16773026,アルモンド,F,12,2928,104476341,55927743,2026-09-01 01:29:42.681000+00:00
16773026,アルモンド,F,13,2928,104476773,55927743,2026-09-01 01:33:43.460000+00:00
16773026,アルモンド,F,14,2928,104477229,55927743,2026-09-01 01:37:40.495000+00:00
16773026,アルモンド,F,15,2928,104477675,55927743,2026-09-01 01:41:40.520000+00:00
16773026,アルモンド,F,16,2928,104478002,55927743,2026-09-01 01:41:40.992000+00:00
16773026,アルモンド,F,17,2928,104478120,55927743,2026-09-01 01:45:40.432000+00:00
16773026,アルモンド,F,18,2928,104478594,55927743,2026-09-01 01:49:41.781000+00:00
16773026,アルモンド,F,19,2928,104479021,55927743,2026-09-01 01:53:42.105000+00:00
16773026,アルモンド,F,20,2928,104479478,55927743,2026-09-01 01:57:40.764000+00:00
16773026,アルモンド,F,21,2928,104479920,55927743,2026-09-01 02:01:40.417000+00:00
16773026,アルモンド,F,22,2928,104480360,55927743,2026-09-01 02:05:40.575000+00:00
16773026,アルモンド,F,23,2928,104480795,55927743,2026-09-01 02:09:41.316000+00:00
16773026,アルモンド,F,24,2928,104480874,55927743,2026-09-01 02:09:41.473000+00:00
16773026,アルモンド,F,25,2928,104481224,55927743,2026-09-01 02:13:42.720000+00:00
16773026,アルモンド,F,26,2928,104481412,55927743,2026-09-01 02:13:43.020000+00:00
16773026,アルモンド,F,27,2928,104481680,55927743,2026-09-01 02:17:56.313000+00:00
16773026,アルモンド,F,28,2928,104482124,55927743,2026-09-01 02:22:00.224000+00:00
16773026,アルモンド,F,29,2928,104482545,55927743,2026-09-01 02:25:56.676000+00:00
16773026,アルモンド,F,30,2928,104482981,55927743,2026-09-01 02:29:57.312000+00:00
16773026,アルモンド,F,31,2928,104483428,55927743,2026-09-01 02:33:56.613000+00:00
16773026,アルモンド,F,32,2928,104483864,55927743,2026-09-01 02:37:56.323000+00:00
16773026,アルモンド,F,33,2928,104484309,55927743,2026-09-01 02:41:56.508000+00:00
16773026,アルモンド,F,34,2928,104484736,55927743,2026-09-01 02:46:26.292000+00:00
16773026,アルモンド,F,35,2928,104485187,55927743,2026-09-01 02:50:29.880000+00:00
16773026,アルモンド,F,36,2928,104485626,55927743,2026-09-01 02:54:27.083000+00:00
16773026,アルモンド,F,37,2928,104485635,55927743,2026-09-01 02:54:27.091000+00:00
16773026,アルモンド,F,38,2928,104486080,55927743,2026-09-01 02:58:38.210000+00:00
16773026,アルモンド,F,39,2928,104486508,55927743,2026-09-01 03:02:37.674000+00:00
16773026,アルモンド,F,40,2928,104486900,55927743,2026-09-01 03:06:26.313000+00:00
16773026,アルモンド,F,41,2928,104486933,55927743,2026-09-01 03:06:26.382000+00:00
16773026,アルモンド,F,42,2928,104487202,55927743,2026-09-01 03:10:27.260000+00:00
16773026,アルモンド,F,43,2928,104487388,55927743,2026-09-01 03:10:27.608000+00:00
16773026,アルモンド,F,44,2928,104487824,55927743,2026-09-01 03:14:26.876000+00:00
16773026,アルモンド,F,45,2928,104488275,55927743,2026-09-01 03:18:29.464000+00:00
16773026,アルモンド,F,46,2928,104488713,55927743,2026-09-01 03:22:26.789000+00:00
16773026,アルモンド,F,47,2928,104489138,55927743,2026-09-01 03:26:26.370000+00:00
16773026,アルモンド,F,48,2928,104489495,55927743,2026-09-01 03:30:30.070000+00:00
16773026,アルモンド,F,49,2928,104490003,55927743,2026-09-01 03:34:33.417000+00:00
16773026,アルモンド,Q1,707,2928,106308489,56063501,2026-09-07 02:07:57.215000+00:00
16773026,アルモンド,Q1,708,2928,106309064,56065885,2026-09-07 02:11:55.366000+00:00
16773026,アルモンド,Q1,709,2928,106309405,56063501,2026-09-07 02:11:55.912000+00:00
16773026,アルモンド,Q1,710,2928,106309961,56065885,2026-09-07 02:15:53.788000+00:00
16773026,アルモンド,Q1,711,2928,106310894,56065885,2026-09-07 02:19:51.301000+00:00
16773026,アルモンド,Q1,712,2928,106311287,56065885,2026-09-07 02:19:52.110000+00:00
16773026,アルモンド,Q1,713,2928,106311842,56065885,2026-09-07 02:23:51.607000+00:00
16773026,アルモンド,Q1,714,2928,106312761,56065885,2026-09-07 02:27:49.965000+00:00
16773026,アルモンド,Q1,715,2928,106313075,56063501,2026-09-07 02:27:50.499000+00:00
16773026,アルモンド,Q1,716,2928,106313679,56065885,2026-09-07 02:31:50.762000+00:00
16773026,アルモンド,Q1,717,2928,106313918,56065885,2026-09-07 02:31:51.170000+00:00
16773026,アルモンド,Q1,718,2928,106314599,56065885,2026-09-07 02:35:50.063000+00:00
16773026,アルモンド,Q1,719,2928,106315538,56065885,2026-09-07 02:39:49.701000+00:00
16773026,アルモンド,Q1,720,2928,106316607,56065885,2026-09-07 02:43:52.090000+00:00
16773026,アルモンド,Q1,721,2928,106317328,56063501,2026-09-07 02:47:49.580000+00:00
16773026,アルモンド,Q1,722,2928,106317382,56065885,2026-09-07 02:47:49.676000+00:00
16773026,アルモンド,Q1,723,2928,106318277,56065885,2026-09-07 02:51:50.069000+00:00
16773026,アルモンド,Q1,724,2928,106319189,56065885,2026-09-07 02:55:49.378000+00:00
16773026,アルモンド,Q1,725,2928,106320109,56065885,2026-09-07 03:00:00.761000+00:00
16773026,アルモンド,Q1,726,2928,106321043,56065885,2026-09-07 03:04:19.011000+00:00
16773026,アルモンド,Q1,727,2928,106321950,56065885,2026-09-07 03:07:49.891000+00:00
16773026,アルモンド,Q1,728,2928,106322871,56065885,2026-09-07 03:11:49.793000+00:00
16773026,アルモンド,Q1,729,2928,106323794,56065885,2026-09-07 03:15:49.421000+00:00
16773026,アルモンド,Q1,730,2928,106324693,56065885,2026-09-07 03:19:49.417000+00:00
16773026,アルモンド,Q1,731,2928,106325627,56065885,2026-09-07 03:23:51.173000+00:00
16773026,アルモンド,Q1,732,2928,106326526,56065885,2026-09-07 03:27:49.132000+00:00
16773026,アルモンド,Q1,733,2928,106327453,56065885,2026-09-07 03:31:49.467000+00:00
16773026,アルモンド,Q1,734,2928,106328046,56063501,2026-09-07 03:31:50.566000+00:00
16773026,アルモンド,Q1,735,2928,106328354,56065885,2026-09-07 03:35:49.474000+00:00
16773026,アルモンド,Q1,736,2928,106329297,56065885,2026-09-07 03:39:49.160000+00:00
16773026,アルモンド,Q1,737,2928,106330206,56065885,2026-09-07 03:43:53.069000+00:00
16773026,アルモンド,Q1,738,2928,106331108,56065885,2026-09-07 03:47:52.880000+00:00
16773026,アルモンド,Q1,739,2928,106332044,56065885,2026-09-07 03:51:49.292000+00:00
16773026,アルモンド,Q1,740,2928,106332963,56065885,2026-09-07 03:55:49.020000+00:00
16773026,アルモンド,Q1,741,2928,106333877,56065885,2026-09-07 03:59:49.573000+00:00
16773026,アルモンド,Q1,742,2928,106334811,56065885,2026-09-07 04:03:50.213000+00:00
16773026,アルモンド,Q1,743,2928,106335717,56065885,2026-09-07 04:07:49.588000+00:00
16773026,アルモンド,Q1,744,2928,106336524,56063501,2026-09-07 04:11:50.518000+00:00
16773026,アルモンド,Q1,745,2928,106336638,56065885,2026-09-07 04:11:50.709000+00:00
16773026,アルモンド,Q1,746,2928,106337317,56068533,2026-09-07 04:15:49.299000+00:00
16773026,アルモンド,Q1,747,2928,106337551,56065885,2026-09-07 04:15:49.667000+00:00
16773026,アルモンド,Q1,748,2928,106338225,56068533,2026-09-07 04:19:49.298000+00:00
16773026,アルモンド,Q1,749,2928,106338446,56065885,2026-09-07 04:19:49.775000+00:00
16773026,アルモンド,Q1,750,2928,106338458,56065885,2026-09-07 04:19:49.791000+00:00
16773026,アルモンド,Q1,751,2928,106339115,56068533,2026-09-07 04:23:50.900000+00:00
16773026,アルモンド,Q1,752,2928,106339332,56068533,2026-09-07 04:23:51.260000+00:00
16773026,アルモンド,Q1,753,2928,106339412,56065885,2026-09-07 04:23:51.469000+00:00
16773026,アルモンド,Q1,754,2928,106340015,56068533,2026-09-07 04:27:49.020000+00:00
16773026,アルモンド,Q1,755,2928,106340281,56065885,2026-09-07 04:27:49.593000+00:00
16773026,アルモンド,Q1,756,2928,106340900,56068533,2026-09-07 04:31:48.831000+00:00
16773026,アルモンド,Q2,1439,2928,107261000,56122155,2026-09-09 22:04:57.159000+00:00
16773026,アルモンド,Q2,1440,2928,107272307,56122155,2026-09-09 22:52:50.687000+00:00
16773026,アルモンド,Q2,1441,2928,107281100,56122155,2026-09-09 23:28:53.616000+00:00
16773026,アルモンド,Q2,1442,2928,107300962,56122155,2026-09-10 00:48:50.833000+00:00
16773026,アルモンド,Q2,1443,2928,107313001,56122155,2026-09-10 01:40:51.933000+00:00
16773026,アルモンド,Q2,1444,2928,107314674,56122155,2026-09-10 01:48:54.346000+00:00
16773026,アルモンド,Q2,1445,2928,107317930,56122155,2026-09-10 02:00:50.367000+00:00
16773026,アルモンド,Q2,1446,2928,107324346,56122155,2026-09-10 02:28:55.952000+00:00
16773026,アルモンド,Q2,1447,2928,107342197,56122155,2026-09-10 03:43:58.550000+00:00
16773026,アルモンド,Q2,1448,2928,107347646,56122155,2026-09-10 04:07:57.988000+00:00
16773026,アルモンド,Q2,1449,2928,107368558,56122155,2026-09-10 05:31:59.504000+00:00
16773026,アルモンド,Q2,1450,2928,107558493,56149791,2026-09-10 18:32:14.121000+00:00
16773026,アルモンド,Q2,1451,2928,107559516,56149791,2026-09-10 18:36:17.024000+00:00
16773026,アルモンド,Q2,1452,2928,107560418,56149791,2026-09-10 18:40:11.377000+00:00
16773026,アルモンド,Q2,1453,2928,107561400,56149791,2026-09-10 18:44:11.366000+00:00
16773026,アルモンド,Q2,1454,2928,107562365,56149791,2026-09-10 18:48:10.594000+00:00
16773026,アルモンド,Q2,1455,2928,107563330,56149791,2026-09-10 18:52:11.038000+00:00
16773026,アルモンド,Q2,1456,2928,107564290,56149791,2026-09-10 18:56:13.988000+00:00
16773026,アルモンド,Q2,1457,2928,107565266,56149791,2026-09-10 19:00:13.895000+00:00
16773026,アルモンド,Q2,1458,2928,107566239,56149791,2026-09-10 19:04:11.749000+00:00
16773026,アルモンド,Q2,1459,2928,107567206,56149791,2026-09-10 19:08:10.559000+00:00
16773026,アルモンド,Q2,1460,2928,107568188,56149791,2026-09-10 19:12:12.536000+00:00
16773026,アルモンド,Q2,1461,2928,107569156,56149791,2026-09-10 19:16:10.296000+00:00
16773026,アルモンド,Q2,1462,2928,107570138,56149791,2026-09-10 19:20:10.427000+00:00
16773026,アルモンド,Q2,1463,2928,107571123,56149791,2026-09-10 19:24:10.548000+00:00
16773026,アルモンド,Q2,1464,2928,107571234,56150417,2026-09-10 19:24:10.658000+00:00
16773026,アルモンド,Q2,1465,2928,107572087,56149791,2026-09-10 19:28:10.199000+00:00
16773026,アルモンド,Q2,1466,2928,107572197,56150417,2026-09-10 19:28:10.321000+00:00
16773026,アルモンド,Q2,1467,2928,107573061,56149791,2026-09-10 19:32:12.620000+00:00
16773026,アルモンド,Q2,1468,2928,107573147,56150417,2026-09-10 19:32:12.718000+00:00
16773026,アルモンド,Q2,1469,2928,107574038,56149791,2026-09-10 19:36:10.977000+00:00
16773026,アルモンド,Q2,1470,2928,107574203,56150417,2026-09-10 19:36:11.296000+00:00
16773026,アルモンド,Q2,1471,2928,107575038,56149791,2026-09-10 19:40:10.702000+00:00
16773026,アルモンド,Q2,1472,2928,107575100,56150417,2026-09-10 19:40:10.780000+00:00
16773026,アルモンド,Q2,1473,2928,107576034,56149791,2026-09-10 19:44:10.533000+00:00
16773026,アルモンド,Q2,1474,2928,107576072,56150417,2026-09-10 19:44:10.581000+00:00
16773026,アルモンド,Q2,1475,2928,107577030,56150417,2026-09-10 19:48:10.472000+00:00
16773026,アルモンド,Q2,1476,2928,107577038,56149791,2026-09-10 19:48:10.480000+00:00
16773026,アルモンド,Q2,1477,2928,107577845,56149791,2026-09-10 19:48:11.700000+00:00
16773026,アルモンド,Q2,1478,2928,107578009,56150417,2026-09-10 19:52:11.913000+00:00
16773026,アルモンド,Q2,1479,2928,107578048,56149791,2026-09-10 19:52:11.933000+00:00
16773026,アルモンド,Q2,1480,2928,107578967,56150417,2026-09-10 19:56:11.151000+00:00
16773026,アルモンド,Q2,1481,2928,107579016,56149791,2026-09-10 19:56:11.215000+00:00
16773026,アルモンド,Q2,1482,2928,107579364,56150417,2026-09-10 19:56:11.785000+00:00
16773026,アルモンド,Q2,1483,2928,107579939,56150417,2026-09-10 20:00:10.176000+00:00
16773026,アルモンド,Q2,1484,2928,107580021,56149791,2026-09-10 20:00:10.296000+00:00
16773026,アルモンド,Q2,1485,2928,107580909,56150417,2026-09-10 20:04:10.565000+00:00
16773026,アルモンド,Q2,1486,2928,107581011,56149791,2026-09-10 20:04:10.803000+00:00
16773026,アルモンド,Q2,1487,2928,107581887,56150417,2026-09-10 20:08:14.155000+00:00
16773026,アルモンド,Q2,1488,2928,107581990,56149791,2026-09-10 20:08:14.314000+00:00
16773026,アルモンド,Q3,2171,2928,108173477,56184345,2026-09-12 12:22:34.186000+00:00
16773026,アルモンド,Q3,2172,2928,108173810,56182718,2026-09-12 12:22:34.727000+00:00
16773026,アルモンド,Q3,2173,2928,108173874,56182718,2026-09-12 12:22:34.826000+00:00
16773026,アルモンド,Q3,2174,2928,108174519,56184345,2026-09-12 12:26:34.382000+00:00
16773026,アルモンド,Q3,2175,2928,108174821,56182718,2026-09-12 12:26:34.919000+00:00
16773026,アルモンド,Q3,2176,2928,108175543,56184345,2026-09-12 12:30:34.391000+00:00
16773026,アルモンド,Q3,2177,2928,108175838,56182718,2026-09-12 12:30:34.890000+00:00
16773026,アルモンド,Q3,2178,2928,108175848,56182718,2026-09-12 12:30:34.898000+00:00
16773026,アルモンド,Q3,2179,2928,108176556,56184345,2026-09-12 12:34:34.190000+00:00
16773026,アルモンド,Q3,2180,2928,108176840,56182718,2026-09-12 12:34:34.693000+00:00
16773026,アルモンド,Q3,2181,2928,108176860,56182718,2026-09-12 12:34:34.713000+00:00
16773026,アルモンド,Q3,2182,2928,108176878,56184345,2026-09-12 12:34:34.733000+00:00
16773026,アルモンド,Q3,2183,2928,108177549,56184345,2026-09-12 12:38:36.589000+00:00
16773026,アルモンド,Q3,2184,2928,108177905,56182718,2026-09-12 12:38:37.192000+00:00
16773026,アルモンド,Q3,2185,2928,108178563,56184345,2026-09-12 12:42:34.531000+00:00
16773026,アルモンド,Q3,2186,2928,108178871,56182718,2026-09-12 12:42:35.081000+00:00
16773026,アルモンド,Q3,2187,2928,108179579,56184345,2026-09-12 12:46:34.380000+00:00
16773026,アルモンド,Q3,2188,2928,108179876,56182718,2026-09-12 12:46:34.855000+00:00
16773026,アルモンド,Q3,2189,2928,108180561,56184345,2026-09-12 12:50:34.390000+00:00
16773026,アルモンド,Q3,2190,2928,108180882,56182718,2026-09-12 12:50:34.924000+00:00
16773026,アルモンド,Q3,2191,2928,108181597,56184345,2026-09-12 12:54:34.681000+00:00
16773026,アルモンド,Q3,2192,2928,108181609,56182718,2026-09-12 12:54:34.693000+00:00
16773026,アルモンド,Q3,2193,2928,108181900,56182718,2026-09-12 12:54:35.105000+00:00
16773026,アルモンド,Q3,2194,2928,108182586,56184345,2026-09-12 12:58:35.374000+00:00
16773026,アルモンド,Q3,2195,2928,108182918,56182718,2026-09-12 12:58:35.893000+00:00
16773026,アルモンド,Q3,2196,2928,108183631,56184345,2026-09-12 13:02:34.398000+00:00
16773026,アルモンド,Q3,2197,2928,108183934,56182718,2026-09-12 13:02:34.917000+00:00
16773026,アルモンド,Q3,2198,2928,108183938,56182718,2026-09-12 13:02:34.928000+00:00
16773026,アルモンド,Q3,2199,2928,108184631,56184345,2026-09-12 13:06:34.473000+00:00
16773026,アルモンド,Q3,2200,2928,108184940,56182718,2026-09-12 13:06:34.908000+00:00
16773026,アルモンド,Q3,2201,2928,108185641,56184345,2026-09-12 13:10:34.491000+00:00
16773026,アルモンド,Q3,2202,2928,108185947,56182718,2026-09-12 13:10:34.919000+00:00
16773026,アルモンド,Q3,2203,2928,108186647,56184345,2026-09-12 13:14:34.589000+00:00
16773026,アルモンド,Q3,2204,2928,108186966,56182718,2026-09-12 13:14:35.137000+00:00
16773026,アルモンド,Q3,2205,2928,108187659,56184345,2026-09-12 13:18:40.632000+00:00
16773026,アルモンド,Q3,2206,2928,108187681,56184345,2026-09-12 13:18:40.685000+00:00
16773026,アルモンド,Q3,2207,2928,108188014,56182718,2026-09-12 13:18:41.146000+00:00
16773026,アルモンド,Q3,2208,2928,108188671,56184345,2026-09-12 13:22:35.147000+00:00
16773026,アルモンド,Q3,2209,2928,108188985,56182718,2026-09-12 13:22:35.670000+00:00
16773026,アルモンド,Q3,2210,2928,108189682,56184345,2026-09-12 13:26:39.842000+00:00
16773026,アルモンド,Q3,2211,2928,108189991,56182718,2026-09-12 13:26:40.293000+00:00
16773026,アルモンド,Q3,2212,2928,108190712,56184345,2026-09-12 13:30:35.880000+00:00
16773026,アルモンド,Q3,2213,2928,108191012,56182718,2026-09-12 13:30:36.300000+00:00
16773026,アルモンド,Q3,2214,2928,108191213,56184345,2026-09-12 13:30:36.599000+00:00
16773026,アルモンド,Q3,2215,2928,108191724,56184345,2026-09-12 13:34:34.685000+00:00
16773026,アルモンド,Q3,2216,2928,108192023,56182718,2026-09-12 13:34:35.213000+00:00
16773026,アルモンド,Q3,2217,2928,108192725,56184345,2026-09-12 13:38:36.237000+00:00
16773026,アルモンド,Q3,2218,2928,108193036,56182718,2026-09-12 13:38:36.710000+00:00
16773026,アルモンド,Q3,2219,2928,108193592,56184345,2026-09-12 13:42:34.416000+00:00
16773026,アルモンド,Q3,2220,2928,108193683,56184345,2026-09-12 13:42:34.597000+00:00
16773026,アルモンド,L,2878,2928,108977361,56233099,2026-09-14 17:02:49.857000+00:00
16773026,アルモンド,L,2879,2928,108977067,56233099,2026-09-14 17:02:50.533000+00:00
16773026,アルモンド,L,2880,2928,108977973,56233099,2026-09-14 17:08:55.963000+00:00
16773026,アルモンド,L,2881,2928,108979016,56233099,2026-09-14 17:12:42.100000+00:00
16773026,アルモンド,L,2882,2928,108980048,56233099,2026-09-14 17:16:43.577000+00:00
16773026,アルモンド,L,2883,2928,108981066,56233099,2026-09-14 17:20:42.801000+00:00
16773026,アルモンド,L,2884,2928,108981453,56230634,2026-09-14 17:20:43.480000+00:00
16773026,アルモンド,L,2885,2928,108981499,56233099,2026-09-14 17:20:43.558000+00:00
16773026,アルモンド,L,2886,2928,108982117,56233099,2026-09-14 17:24:41.943000+00:00
16773026,アルモンド,L,2887,2928,108983143,56233099,2026-09-14 17:28:45.135000+00:00
16773026,アルモンド,L,2888,2928,108984198,56233099,2026-09-14 17:32:41.244000+00:00
16773026,アルモンド,L,2889,2928,108984801,56233099,2026-09-14 17:32:42.242000+00:00
16773026,アルモンド,L,2890,2928,108985231,56233099,2026-09-14 17:36:42.284000+00:00
16773026,アルモンド,L,2891,2928,108986275,56233099,2026-09-14 17:40:40.871000+00:00
16773026,アルモンド,L,2892,2928,108987309,56233099,2026-09-14 17:44:41.255000+00:00
16773026,アルモンド,L,2893,2928,108987719,56230634,2026-09-14 17:44:42.039000+00:00
16773026,アルモンド,L,2894,2928,108988309,56233099,2026-09-14 17:48:41.981000+00:00
16773026,アルモンド,L,2895,2928,108988383,56230634,2026-09-14 17:48:42.136000+00:00
16773026,アルモンド,L,2896,2928,108988395,56230634,2026-09-14 17:48:42.164000+00:00
16773026,アルモンド,L,2897,2928,108989500,56233099,2026-09-14 17:52:41.281000+00:00
16773026,アルモンド,L,2898,2928,108989583,56233099,2026-09-14 17:52:41.356000+00:00
16773026,アルモンド,L,2899,2928,108990441,56233099,2026-09-14 17:56:40.648000+00:00
16773026,アルモンド,L,2900,2928,108991495,56233099,2026-09-14 18:00:42.364000+00:00
16773026,アルモンド,L,2901,2928,108992530,56233099,2026-09-14 18:04:41.570000+00:00
16773026,アルモンド,L,2902,2928,108993573,56233099,2026-09-14 18:08:41.777000+00:00
16773026,アルモンド,L,2903,2928,108994610,56233099,2026-09-14 18:12:40.287000+00:00
16773026,アルモンド,L,2904,2928,108994887,56230634,2026-09-14 18:12:40.763000+00:00
16773026,アルモンド,L,2905,2928,108995661,56233099,2026-09-14 18:16:40.508000+00:00
16773026,アルモンド,L,2906,2928,108996425,56230634,2026-09-14 18:20:43.899000+00:00
16773026,アルモンド,L,2907,2928,108996691,56233099,2026-09-14 18:20:44.346000+00:00
16773026,アルモンド,L,2908,2928,108997731,56233099,2026-09-14 18:24:40.605000+00:00
16773026,アルモンド,L,2909,2928,108998683,56230634,2026-09-14 18:28:42.643000+00:00
16773026,アルモンド,L,2910,2928,108998773,56233099,2026-09-14 18:28:42.790000+00:00
16773026,アルモンド,L,2911,2928,108999808,56233099,2026-09-14 18:32:40.635000+00:00
16773026,アルモンド,L,2912,2928,109000659,56230634,2026-09-14 18:36:45.186000+00:00
16773026,アルモンド,L,2913,2928,109000838,56233099,2026-09-14 18:36:45.453000+00:00
16773026,アルモンド,L,2914,2928,109001874,56233099,2026-09-14 18:40:41.106000+00:00
16773026,アルモンド,L,2915,2928,109002914,56233099,2026-09-14 18:44:40.777000+00:00
16773026,アルモンド,L,2916,2928,109003944,56233099,2026-09-14 18:48:41.251000+00:00
16773026,アルモンド,L,2917,2928,109004973,56233099,2026-09-14 18:52:41.034000+00:00
16773026,アルモンド,L,2918,2928,109006009,56233099,2026-09-14 18:56:40.496000+00:00
16773026,アルモンド,L,2919,2928,109006333,56230634,2026-09-14 18:56:41.045000+00:00
16773026,アルモンド,L,2920,2928,109007057,56233099,2026-09-14 19:00:41.354000+00:00
16773026,アルモンド,L,2921,2928,109008094,56233099,2026-09-14 19:04:40.700000+00:00
16773026,アルモンド,L,2922,2928,109009139,56233099,2026-09-14 19:08:43.271000+00:00
16773026,アルモンド,L,2923,2928,109009234,56230634,2026-09-14 19:08:43.566000+00:00
16773026,アルモンド,L,2924,2928,109010167,56233099,2026-09-14 19:12:40.473000+00:00
16773026,アルモンド,L,2925,2928,109010567,56230634,2026-09-14 19:12:41.144000+00:00
16773026,アルモンド,L,2926,2928,109012503,56233099,2026-09-14 19:20:42.154000+00:00
16773026,アルモンド,L,2927,2928,109015724,56230634,2026-09-14 19:32:41.743000+00:00
16773026,アルモンド,C0,0,82,108937385,56233099,2026-09-14 14:30:49.596000+00:00
16773026,アルモンド,C0,1,82,108938405,56233099,2026-09-14 14:34:55.013000+00:00
16773026,アルモンド,C0,2,82,108939430,56233099,2026-09-14 14:38:54.505000+00:00
16773026,アルモンド,C0,3,82,108940456,56233099,2026-09-14 14:42:49.224000+00:00
16773026,アルモンド,C0,4,82,108941481,56233099,2026-09-14 14:46:48.788000+00:00
16773026,アルモンド,C0,5,82,108942491,56233099,2026-09-14 14:50:49.301000+00:00
16773026,アルモンド,C0,6,82,108943514,56233099,2026-09-14 14:54:49.173000+00:00
16773026,アルモンド,C0,7,82,108944639,56233099,2026-09-14 14:58:49.778000+00:00
16773026,アルモンド,C0,8,82,108945543,56233099,2026-09-14 15:02:51.099000+00:00
16773026,アルモンド,C0,9,82,108946580,56233099,2026-09-14 15:06:53.291000+00:00
16773026,アルモンド,C0,10,82,108947610,56233099,2026-09-14 15:10:49.092000+00:00
16773026,アルモンド,C0,11,82,108948643,56233099,2026-09-14 15:14:51.006000+00:00
16773026,アルモンド,C0,12,82,108949658,56233099,2026-09-14 15:18:52.886000+00:00
16773026,アルモンド,C0,13,82,108950711,56233099,2026-09-14 15:22:53.415000+00:00
16773026,アルモンド,C0,14,82,108951731,56233099,2026-09-14 15:26:56.058000+00:00
16773026,アルモンド,C0,15,82,108952770,56233099,2026-09-14 15:30:51.384000+00:00
16773026,アルモンド,C0,16,82,108953802,56233099,2026-09-14 15:34:51.988000+00:00
16773026,アルモンド,C0,17,82,108954870,56233099,2026-09-14 15:38:50.883000+00:00
16773026,アルモンド,C0,18,82,108955926,56233099,2026-09-14 15:42:53.744000+00:00
16773026,アルモンド,C0,19,82,108956974,56233099,2026-09-14 15:46:54.911000+00:00
16773026,アルモンド,C0,20,82,108958061,56233099,2026-09-14 15:50:56.993000+00:00
16773026,アルモンド,C0,21,82,108959125,56233099,2026-09-14 15:54:55.477000+00:00
16773026,アルモンド,C0,22,82,108960159,56233099,2026-09-14 15:58:56.903000+00:00
16773026,アルモンド,C0,23,82,108961013,56233099,2026-09-14 15:58:59.092000+00:00
16773026,アルモンド,C0,24,82,108961253,56233099,2026-09-14 16:02:56.936000+00:00
16773026,アルモンド,C0,25,82,108962351,56233099,2026-09-14 16:06:52.130000+00:00
16773026,アルモンド,C0,26,82,108962530,56233099,2026-09-14 16:06:52.592000+00:00
16773026,アルモンド,C0,27,82,108963349,56233099,2026-09-14 16:10:52.497000+00:00
16773026,アルモンド,C0,28,82,108964324,56233099,2026-09-14 16:14:49.133000+00:00
16773026,アルモンド,C0,29,82,108964492,56233099,2026-09-14 16:14:49.560000+00:00
16773026,アルモンド,C0,30,82,108965487,56233099,2026-09-14 16:18:55.696000+00:00
16773026,アルモンド,C0,31,82,108965628,56233099,2026-09-14 16:18:56.330000+00:00
16773026,アルモンド,C0,32,82,108966496,56233099,2026-09-14 16:22:54.319000+00:00
16773026,アルモンド,C0,33,82,108967552,56233099,2026-09-14 16:26:58.119000+00:00
16773026,アルモンド,C0,34,82,108968568,56233099,2026-09-14 16:30:49.885000+00:00
16773026,アルモンド,C0,35,82,108969761,56233099,2026-09-14 16:34:50.703000+00:00
16773026,アルモンド,C0,36,82,108970736,56233099,2026-09-14 16:38:55.210000+00:00
16773026,アルモンド,C0,37,82,108971693,56233099,2026-09-14 16:42:53.219000+00:00
16773026,アルモンド,C0,38,82,108971776,56233099,2026-09-14 16:42:53.398000+00:00
16773026,アルモンド,C0,39,82,108972738,56233099,2026-09-14 16:46:49.829000+00:00
16773026,アルモンド,C0,40,82,108973786,56233099,2026-09-14 16:50:50.639000+00:00
16773026,アルモンド,C0,41,82,108974829,56233099,2026-09-14 16:54:50.171000+00:00
16773026,アルモンド,C0,42,82,108975883,56233099,2026-09-14 16:58:52.479000+00:00
16773026,アルモンド,C0,43,82,108976067,56233099,2026-09-14 16:58:52.873000+00:00
16773026,アルモンド,C0,44,82,108977361,56233099,2026-09-14 17:02:49.857000+00:00
16773026,アルモンド,C0,45,82,108977067,56233099,2026-09-14 17:02:50.533000+00:00
16773026,アルモンド,C0,46,82,108977973,56233099,2026-09-14 17:08:55.963000+00:00
16773026,アルモンド,C0,47,82,108979016,56233099,2026-09-14 17:12:42.100000+00:00
16773026,アルモンド,C0,48,82,108980048,56233099,2026-09-14 17:16:43.577000+00:00
16773026,アルモンド,C0,49,82,108981066,56233099,2026-09-14 17:20:42.801000+00:00
16728071,AI是我的豆包,C0,0,160,108999414,56237149,2026-09-14 18:32:39.938000+00:00
16728071,AI是我的豆包,C0,1,160,109000419,56237149,2026-09-14 18:36:44.838000+00:00
16728071,AI是我的豆包,C0,2,160,109001457,56237149,2026-09-14 18:40:40.475000+00:00
16728071,AI是我的豆包,C0,3,160,109002466,56237149,2026-09-14 18:44:39.899000+00:00
16728071,AI是我的豆包,C0,4,160,109003501,56237149,2026-09-14 18:48:40.363000+00:00
16728071,AI是我的豆包,C0,5,160,109004522,56237149,2026-09-14 18:52:40.183000+00:00
16728071,AI是我的豆包,C0,6,160,109005556,56237149,2026-09-14 18:56:39.812000+00:00
16728071,AI是我的豆包,C0,7,160,109006587,56237149,2026-09-14 19:00:40.643000+00:00
16728071,AI是我的豆包,C0,8,160,109007620,56237149,2026-09-14 19:04:39.938000+00:00
16728071,AI是我的豆包,C0,9,160,109008634,56237149,2026-09-14 19:08:42.186000+00:00
16728071,AI是我的豆包,C0,10,160,109009663,56237149,2026-09-14 19:12:39.591000+00:00
16728071,AI是我的豆包,C0,11,160,109010695,56237149,2026-09-14 19:16:40.317000+00:00
16728071,AI是我的豆包,C0,12,160,109011712,56237149,2026-09-14 19:20:40.848000+00:00
16728071,AI是我的豆包,C0,13,160,109012747,56237149,2026-09-14 19:24:41.037000+00:00
16728071,AI是我的豆包,C0,14,160,109012755,56237149,2026-09-14 19:24:41.051000+00:00
16728071,AI是我的豆包,C0,15,160,109013773,56237149,2026-09-14 19:28:41.179000+00:00
16728071,AI是我的豆包,C0,16,160,109014798,56237149,2026-09-14 19:32:40.271000+00:00
16728071,AI是我的豆包,C0,17,160,109015829,56237149,2026-09-14 19:36:39.928000+00:00
16728071,AI是我的豆包,C0,18,160,109016858,56237149,2026-09-14 19:40:40.476000+00:00
16728071,AI是我的豆包,C0,19,160,109017673,56237149,2026-09-14 19:40:41.853000+00:00
16728071,AI是我的豆包,C0,20,160,109017917,56237149,2026-09-14 19:44:40.361000+00:00
16728071,AI是我的豆包,C0,21,160,109019027,56237149,2026-09-14 19:53:28.725000+00:00
16728071,AI是我的豆包,C0,22,160,109020068,56237149,2026-09-14 19:57:13.586000+00:00
16728071,AI是我的豆包,C0,23,160,109021098,56237149,2026-09-14 20:01:12.838000+00:00
16728071,AI是我的豆包,C0,24,160,109022142,56237149,2026-09-14 20:05:12.708000+00:00
16728071,AI是我的豆包,C0,25,160,109023203,56237149,2026-09-14 20:09:12.438000+00:00
16728071,AI是我的豆包,C0,26,160,109024220,56237149,2026-09-14 20:13:12.870000+00:00
16728071,AI是我的豆包,C0,27,160,109024531,56237149,2026-09-14 20:13:13.336000+00:00
16728071,AI是我的豆包,C0,28,160,109025295,56237149,2026-09-14 20:17:12.441000+00:00
16728071,AI是我的豆包,C0,29,160,109026320,56237149,2026-09-14 20:21:13.186000+00:00
16728071,AI是我的豆包,C0,30,160,109026888,56237149,2026-09-14 20:21:14.068000+00:00
16728071,AI是我的豆包,C0,31,160,109027360,56237149,2026-09-14 20:25:23.897000+00:00
16728071,AI是我的豆包,C0,32,160,109028403,56237149,2026-09-14 20:29:19.846000+00:00
16728071,AI是我的豆包,C0,33,160,109028504,56237149,2026-09-14 20:29:19.995000+00:00
16728071,AI是我的豆包,C0,34,160,109029443,56237149,2026-09-14 20:33:15.847000+00:00
16728071,AI是我的豆包,C0,35,160,109030483,56237149,2026-09-14 20:37:15.111000+00:00
16728071,AI是我的豆包,C0,36,160,109031507,56237149,2026-09-14 20:41:15.414000+00:00
16728071,AI是我的豆包,C0,37,160,109032543,56237149,2026-09-14 20:45:15.388000+00:00
16728071,AI是我的豆包,C0,38,160,109034041,56237149,2026-09-14 20:49:16.980000+00:00
16728071,AI是我的豆包,C0,39,160,109034619,56237149,2026-09-14 20:53:16.497000+00:00
16728071,AI是我的豆包,C0,40,160,109035652,56237149,2026-09-14 20:57:16.286000+00:00
16728071,AI是我的豆包,C0,41,160,109036686,56237149,2026-09-14 21:01:16.093000+00:00
16728071,AI是我的豆包,C0,42,160,109037715,56237149,2026-09-14 21:05:15.445000+00:00
16728071,AI是我的豆包,C0,43,160,109038747,56237149,2026-09-14 21:09:15.895000+00:00
16728071,AI是我的豆包,C0,44,160,109039780,56237149,2026-09-14 21:13:15.649000+00:00
16728071,AI是我的豆包,C0,45,160,109040812,56237149,2026-09-14 21:17:16.346000+00:00
16728071,AI是我的豆包,C0,46,160,109040978,56237149,2026-09-14 21:17:16.592000+00:00
16728071,AI是我的豆包,C0,47,160,109041850,56237149,2026-09-14 21:21:16.239000+00:00
16728071,AI是我的豆包,C0,48,160,109042885,56237149,2026-09-14 21:25:16.281000+00:00
16728071,AI是我的豆包,C0,49,160,109043919,56237149,2026-09-14 21:29:16.200000+00:00
16684093,fog flower,C0,0,124,109084803,56240814,2026-09-15 00:07:48.973000+00:00
16684093,fog flower,C0,1,124,109086025,56240814,2026-09-15 00:11:48.187000+00:00
16684093,fog flower,C0,2,124,109087403,56240814,2026-09-15 00:15:50.650000+00:00
16684093,fog flower,C0,3,124,109088666,56240814,2026-09-15 00:19:49.677000+00:00
16684093,fog flower,C0,4,124,109089883,56240814,2026-09-15 00:23:49.702000+00:00
16684093,fog flower,C0,5,124,109090988,56240814,2026-09-15 00:27:48.926000+00:00
16684093,fog flower,C0,6,124,109092206,56240814,2026-09-15 00:31:45.973000+00:00
16684093,fog flower,C0,7,124,109093288,56240814,2026-09-15 00:35:45.042000+00:00
16684093,fog flower,C0,8,124,109094426,56240814,2026-09-15 00:39:49.879000+00:00
16684093,fog flower,C0,9,124,109095752,56240814,2026-09-15 00:43:46.849000+00:00
16684093,fog flower,C0,10,124,109097106,56240814,2026-09-15 00:47:48.483000+00:00
16684093,fog flower,C0,11,124,109098220,56240814,2026-09-15 00:51:45+00:00
16684093,fog flower,C0,12,124,109099512,56240814,2026-09-15 00:55:47.971000+00:00
16684093,fog flower,C0,13,124,109100548,56240814,2026-09-15 00:59:47.666000+00:00
16684093,fog flower,C0,14,124,109101884,56240814,2026-09-15 01:03:46.583000+00:00
16684093,fog flower,C0,15,124,109102835,56240814,2026-09-15 01:03:48.306000+00:00
16684093,fog flower,C0,16,124,109103118,56240814,2026-09-15 01:07:45.689000+00:00
16684093,fog flower,C0,17,124,109104180,56240814,2026-09-15 01:11:45.312000+00:00
16684093,fog flower,C0,18,124,109105297,56240814,2026-09-15 01:15:46.658000+00:00
16684093,fog flower,C0,19,124,109106374,56240814,2026-09-15 01:19:47.155000+00:00
16684093,fog flower,C0,20,124,109107397,56240814,2026-09-15 01:23:45.213000+00:00
16684093,fog flower,C0,21,124,109108545,56240814,2026-09-15 01:27:46.522000+00:00
16684093,fog flower,C0,22,124,109109701,56240814,2026-09-15 01:31:47.066000+00:00
16684093,fog flower,C0,23,124,109110757,56240814,2026-09-15 01:35:45.208000+00:00
16684093,fog flower,C0,24,124,109112030,56240814,2026-09-15 01:39:49.595000+00:00
16684093,fog flower,C0,25,124,109113324,56240814,2026-09-15 01:43:47.898000+00:00
16684093,fog flower,C0,26,124,109114466,56240814,2026-09-15 01:47:45.551000+00:00
16684093,fog flower,C0,27,124,109115525,56240814,2026-09-15 01:51:46.879000+00:00
16684093,fog flower,C0,28,124,109116752,56240814,2026-09-15 01:55:46.470000+00:00
16684093,fog flower,C0,29,124,109117378,56240814,2026-09-15 01:55:47.585000+00:00
16684093,fog flower,C0,30,124,109117881,56240814,2026-09-15 01:59:49.689000+00:00
16684093,fog flower,C0,31,124,109119003,56240814,2026-09-15 02:03:47.265000+00:00
16684093,fog flower,C0,32,124,109119174,56240814,2026-09-15 02:03:47.581000+00:00
16684093,fog flower,C0,33,124,109120092,56240814,2026-09-15 02:07:46.102000+00:00
16684093,fog flower,C0,34,124,109121223,56240814,2026-09-15 02:11:47.183000+00:00
16684093,fog flower,C0,35,124,109122266,56240814,2026-09-15 02:15:46.057000+00:00
16684093,fog flower,C0,36,124,109123494,56240814,2026-09-15 02:19:49.016000+00:00
16684093,fog flower,C0,37,124,109124618,56240814,2026-09-15 02:23:46.624000+00:00
16684093,fog flower,C0,38,124,109124963,56240814,2026-09-15 02:23:47.432000+00:00
16684093,fog flower,C0,39,124,109125869,56240814,2026-09-15 02:27:55.790000+00:00
16684093,fog flower,C0,40,124,109126968,56240814,2026-09-15 02:31:50.497000+00:00
16684093,fog flower,C0,41,124,109128092,56240814,2026-09-15 02:35:50.863000+00:00
16684093,fog flower,C0,42,124,109128823,56240814,2026-09-15 02:35:52.361000+00:00
16684093,fog flower,C0,43,124,109129194,56240814,2026-09-15 02:39:57.406000+00:00
16684093,fog flower,C0,44,124,109129354,56240814,2026-09-15 02:39:57.963000+00:00
16684093,fog flower,C0,45,124,109130408,56240814,2026-09-15 02:43:55.714000+00:00
16684093,fog flower,C0,46,124,109131518,56240814,2026-09-15 02:47:51.183000+00:00
16684093,fog flower,C0,47,124,109132641,56240814,2026-09-15 02:51:49.821000+00:00
16684093,fog flower,C0,48,124,109133784,56240814,2026-09-15 02:55:49.596000+00:00
16684093,fog flower,C0,49,124,109134855,56240814,2026-09-15 02:59:55.960000+00:00
16760569,Otter Vibe,F,0,2189,100960098,55820772,2026-08-27 14:55:37.227000+00:00
16760569,Otter Vibe,F,1,2189,100962381,55820772,2026-08-27 14:59:36.218000+00:00
16760569,Otter Vibe,F,2,2189,100964649,55820772,2026-08-27 15:03:38.125000+00:00
16760569,Otter Vibe,F,3,2189,100966920,55820772,2026-08-27 15:07:36.871000+00:00
16760569,Otter Vibe,F,4,2189,100969191,55820772,2026-08-27 15:11:37.546000+00:00
16760569,Otter Vibe,F,5,2189,100971467,55820772,2026-08-27 15:15:41.320000+00:00
16760569,Otter Vibe,F,6,2189,100973747,55820772,2026-08-27 15:19:37.834000+00:00
16760569,Otter Vibe,F,7,2189,100976044,55820772,2026-08-27 15:23:35.874000+00:00
16760569,Otter Vibe,F,8,2189,100978344,55820772,2026-08-27 15:27:35.727000+00:00
16760569,Otter Vibe,F,9,2189,100980642,55820772,2026-08-27 15:31:37.567000+00:00
16760569,Otter Vibe,F,10,2189,100982953,55820772,2026-08-27 15:35:41.720000+00:00
16760569,Otter Vibe,F,11,2189,100985262,55820772,2026-08-27 15:39:35.859000+00:00
16760569,Otter Vibe,F,12,2189,100987546,55820772,2026-08-27 15:43:36.198000+00:00
16760569,Otter Vibe,F,13,2189,100989844,55820772,2026-08-27 15:47:39.572000+00:00
16760569,Otter Vibe,F,14,2189,100992113,55820772,2026-08-27 15:51:36.003000+00:00
16760569,Otter Vibe,F,15,2189,100994404,55820772,2026-08-27 15:55:36.165000+00:00
16760569,Otter Vibe,F,16,2189,100996719,55820772,2026-08-27 15:59:37.358000+00:00
16760569,Otter Vibe,F,17,2189,100999009,55820772,2026-08-27 16:03:36.335000+00:00
16760569,Otter Vibe,F,18,2189,101001312,55820772,2026-08-27 16:07:39.026000+00:00
16760569,Otter Vibe,F,19,2189,101003600,55820772,2026-08-27 16:11:37.859000+00:00
16760569,Otter Vibe,F,20,2189,101005884,55820772,2026-08-27 16:15:39.831000+00:00
16760569,Otter Vibe,F,21,2189,101008184,55820772,2026-08-27 16:19:36.572000+00:00
16760569,Otter Vibe,F,22,2189,101010464,55820772,2026-08-27 16:23:36.442000+00:00
16760569,Otter Vibe,F,23,2189,101012740,55820772,2026-08-27 16:27:37.526000+00:00
16760569,Otter Vibe,F,24,2189,101015016,55820772,2026-08-27 16:31:45.612000+00:00
16760569,Otter Vibe,F,25,2189,101017334,55820772,2026-08-27 16:35:38.580000+00:00
16760569,Otter Vibe,F,26,2189,101019612,55820772,2026-08-27 16:39:42.067000+00:00
16760569,Otter Vibe,F,27,2189,101021895,55820772,2026-08-27 16:43:36.251000+00:00
16760569,Otter Vibe,F,28,2189,101024191,55820772,2026-08-27 16:47:38.258000+00:00
16760569,Otter Vibe,F,29,2189,101026482,55820772,2026-08-27 16:51:38.445000+00:00
16760569,Otter Vibe,F,30,2189,101028769,55820772,2026-08-27 16:55:39.322000+00:00
16760569,Otter Vibe,F,31,2189,101031052,55820772,2026-08-27 16:59:39.417000+00:00
16760569,Otter Vibe,F,32,2189,101033321,55820772,2026-08-27 17:03:36.281000+00:00
16760569,Otter Vibe,F,33,2189,101035611,55820772,2026-08-27 17:07:47.523000+00:00
16760569,Otter Vibe,F,34,2189,101037901,55820772,2026-08-27 17:11:40.330000+00:00
16760569,Otter Vibe,F,35,2189,101040193,55820772,2026-08-27 17:15:41.043000+00:00
16760569,Otter Vibe,F,36,2189,101042245,55820772,2026-08-27 17:19:41.451000+00:00
16760569,Otter Vibe,F,37,2189,101042475,55820772,2026-08-27 17:19:41.881000+00:00
16760569,Otter Vibe,F,38,2189,101047165,55820772,2026-08-27 17:27:42.121000+00:00
16760569,Otter Vibe,F,39,2189,101049448,55820772,2026-08-27 17:31:39.961000+00:00
16760569,Otter Vibe,F,40,2189,101076760,55820772,2026-08-27 18:19:37.947000+00:00
16760569,Otter Vibe,F,41,2189,101101859,55820772,2026-08-27 19:03:37.380000+00:00
16760569,Otter Vibe,F,42,2189,101131491,55820772,2026-08-27 19:58:31.682000+00:00
16760569,Otter Vibe,F,43,2189,101158775,55820772,2026-08-27 20:47:04.945000+00:00
16760569,Otter Vibe,F,44,2189,101181621,55820772,2026-08-27 21:27:05.148000+00:00
16760569,Otter Vibe,F,45,2189,101204443,55820772,2026-08-27 22:07:04.237000+00:00
16760569,Otter Vibe,F,46,2189,101231762,55820772,2026-08-27 22:55:08.236000+00:00
16760569,Otter Vibe,F,47,2189,101243052,55820772,2026-08-27 23:15:13.550000+00:00
16760569,Otter Vibe,F,48,2189,101261082,55820772,2026-08-27 23:47:09.989000+00:00
16760569,Otter Vibe,F,49,2189,101317366,55820772,2026-08-28 01:27:06.957000+00:00
16760569,Otter Vibe,Q1,522,2189,104943902,55966244,2026-09-02 22:14:19.690000+00:00
16760569,Otter Vibe,Q1,523,2189,104944621,55966244,2026-09-02 22:18:18.536000+00:00
16760569,Otter Vibe,Q1,524,2189,104945586,55966244,2026-09-02 22:22:18.857000+00:00
16760569,Otter Vibe,Q1,525,2189,104946433,55966244,2026-09-02 22:26:18.642000+00:00
16760569,Otter Vibe,Q1,526,2189,104947279,55966244,2026-09-02 22:30:20.776000+00:00
16760569,Otter Vibe,Q1,527,2189,104948119,55966244,2026-09-02 22:34:19.333000+00:00
16760569,Otter Vibe,Q1,528,2189,104948961,55966244,2026-09-02 22:38:19.084000+00:00
16760569,Otter Vibe,Q1,529,2189,104949801,55966244,2026-09-02 22:42:19.458000+00:00
16760569,Otter Vibe,Q1,530,2189,104950639,55966244,2026-09-02 22:46:19.131000+00:00
16760569,Otter Vibe,Q1,531,2189,104951532,55966244,2026-09-02 22:50:19.263000+00:00
16760569,Otter Vibe,Q1,532,2189,104952367,55966244,2026-09-02 22:54:19.762000+00:00
16760569,Otter Vibe,Q1,533,2189,104960831,55966244,2026-09-02 23:34:20.395000+00:00
16760569,Otter Vibe,Q1,534,2189,104970082,55966244,2026-09-03 00:18:19.437000+00:00
16760569,Otter Vibe,Q1,535,2189,104977285,55966244,2026-09-03 00:50:19.884000+00:00
16760569,Otter Vibe,Q1,536,2189,104978859,55966244,2026-09-03 00:58:19.466000+00:00
16760569,Otter Vibe,Q1,537,2189,104988875,55966244,2026-09-03 01:46:19.074000+00:00
16760569,Otter Vibe,Q1,538,2189,104996326,55972534,2026-09-03 02:22:23.691000+00:00
16760569,Otter Vibe,Q1,539,2189,104997190,55972534,2026-09-03 02:26:24.042000+00:00
16760569,Otter Vibe,Q1,540,2189,104998024,55972534,2026-09-03 02:30:23.688000+00:00
16760569,Otter Vibe,Q1,541,2189,104998864,55972534,2026-09-03 02:34:24.434000+00:00
16760569,Otter Vibe,Q1,542,2189,104999632,55966244,2026-09-03 02:38:23.514000+00:00
16760569,Otter Vibe,Q1,543,2189,104999709,55972534,2026-09-03 02:38:23.640000+00:00
16760569,Otter Vibe,Q1,544,2189,105000177,55966244,2026-09-03 02:38:24.464000+00:00
16760569,Otter Vibe,Q1,545,2189,105000500,55972534,2026-09-03 02:42:24.006000+00:00
16760569,Otter Vibe,Q1,546,2189,105001386,55972534,2026-09-03 02:46:23.564000+00:00
16760569,Otter Vibe,Q1,547,2189,105002228,55972534,2026-09-03 02:50:24.374000+00:00
16760569,Otter Vibe,Q1,548,2189,105002517,55966244,2026-09-03 02:50:24.889000+00:00
16760569,Otter Vibe,Q1,549,2189,105003071,55972534,2026-09-03 02:54:25.536000+00:00
16760569,Otter Vibe,Q1,550,2189,105003902,55972534,2026-09-03 02:58:32.978000+00:00
16760569,Otter Vibe,Q1,551,2189,105004770,55972534,2026-09-03 03:02:30.744000+00:00
16760569,Otter Vibe,Q1,552,2189,105005609,55972534,2026-09-03 03:06:23.358000+00:00
16760569,Otter Vibe,Q1,553,2189,105006455,55972534,2026-09-03 03:10:23.568000+00:00
16760569,Otter Vibe,Q1,554,2189,105007360,55972534,2026-09-03 03:14:24.479000+00:00
16760569,Otter Vibe,Q1,555,2189,105008201,55972534,2026-09-03 03:18:23.435000+00:00
16760569,Otter Vibe,Q1,556,2189,105009090,55972534,2026-09-03 03:22:25.812000+00:00
16760569,Otter Vibe,Q1,557,2189,105009961,55972534,2026-09-03 03:26:24.448000+00:00
16760569,Otter Vibe,Q1,558,2189,105010832,55972534,2026-09-03 03:30:24.040000+00:00
16760569,Otter Vibe,Q1,559,2189,105011712,55972534,2026-09-03 03:34:24.970000+00:00
16760569,Otter Vibe,Q1,560,2189,105011794,55966244,2026-09-03 03:34:25.249000+00:00
16760569,Otter Vibe,Q1,561,2189,105012556,55972534,2026-09-03 03:38:23.673000+00:00
16760569,Otter Vibe,Q1,562,2189,105013417,55972534,2026-09-03 03:42:24.318000+00:00
16760569,Otter Vibe,Q1,563,2189,105013945,55972534,2026-09-03 03:42:25.106000+00:00
16760569,Otter Vibe,Q1,564,2189,105014282,55972534,2026-09-03 03:46:24.098000+00:00
16760569,Otter Vibe,Q1,565,2189,105015130,55972534,2026-09-03 03:50:23.679000+00:00
16760569,Otter Vibe,Q1,566,2189,105015982,55972534,2026-09-03 03:54:25.943000+00:00
16760569,Otter Vibe,Q1,567,2189,105016847,55972534,2026-09-03 03:58:23.977000+00:00
16760569,Otter Vibe,Q1,568,2189,105017701,55972534,2026-09-03 04:02:23.736000+00:00
16760569,Otter Vibe,Q1,569,2189,105018552,55972534,2026-09-03 04:06:25.036000+00:00
16760569,Otter Vibe,Q1,570,2189,105019420,55972534,2026-09-03 04:10:23.850000+00:00
16760569,Otter Vibe,Q1,571,2189,105020271,55972534,2026-09-03 04:14:25.893000+00:00
16760569,Otter Vibe,Q2,1069,2189,107009645,56097405,2026-09-09 04:28:24.586000+00:00
16760569,Otter Vibe,Q2,1070,2189,107010601,56097405,2026-09-09 04:32:24.687000+00:00
16760569,Otter Vibe,Q2,1071,2189,107010881,56094606,2026-09-09 04:36:23.509000+00:00
16760569,Otter Vibe,Q2,1072,2189,107014984,56097405,2026-09-09 04:52:24.788000+00:00
16760569,Otter Vibe,Q2,1073,2189,107014989,56097405,2026-09-09 04:52:24.791000+00:00
16760569,Otter Vibe,Q2,1074,2189,107016176,56094606,2026-09-09 04:56:24.803000+00:00
16760569,Otter Vibe,Q2,1075,2189,107019497,56094606,2026-09-09 05:12:25.336000+00:00
16760569,Otter Vibe,Q2,1076,2189,107020121,56097405,2026-09-09 05:12:26.371000+00:00
16760569,Otter Vibe,Q2,1077,2189,107022789,56094606,2026-09-09 05:24:39.018000+00:00
16760569,Otter Vibe,Q2,1078,2189,107025699,56097405,2026-09-09 05:36:33.498000+00:00
16760569,Otter Vibe,Q2,1079,2189,107027744,56094606,2026-09-09 05:44:35.516000+00:00
16760569,Otter Vibe,Q2,1080,2189,107030635,56097405,2026-09-09 05:56:34.509000+00:00
16760569,Otter Vibe,Q2,1081,2189,107033315,56094606,2026-09-09 06:08:37.108000+00:00
16760569,Otter Vibe,Q2,1082,2189,107034763,56094606,2026-09-09 06:16:31.421000+00:00
16760569,Otter Vibe,Q2,1083,2189,107036211,56097405,2026-09-09 06:20:33.014000+00:00
16760569,Otter Vibe,Q2,1084,2189,107040122,56094606,2026-09-09 06:36:33.069000+00:00
16760569,Otter Vibe,Q2,1085,2189,107041915,56097405,2026-09-09 06:44:33.105000+00:00
16760569,Otter Vibe,Q2,1086,2189,107042970,56094606,2026-09-09 06:48:32.671000+00:00
16760569,Otter Vibe,Q2,1087,2189,107044866,56094606,2026-09-09 06:56:33.150000+00:00
16760569,Otter Vibe,Q2,1088,2189,107047719,56097405,2026-09-09 07:08:35.011000+00:00
16760569,Otter Vibe,Q2,1089,2189,107050596,56094606,2026-09-09 07:20:33.409000+00:00
16760569,Otter Vibe,Q2,1090,2189,107053401,56097405,2026-09-09 07:32:32.469000+00:00
16760569,Otter Vibe,Q2,1091,2189,107054174,56094606,2026-09-09 07:36:32.535000+00:00
16760569,Otter Vibe,Q2,1092,2189,107054308,56094606,2026-09-09 07:36:32.813000+00:00
16760569,Otter Vibe,Q2,1093,2189,107057326,56094606,2026-09-09 07:48:32.696000+00:00
16760569,Otter Vibe,Q2,1094,2189,107059181,56097405,2026-09-09 07:56:32.176000+00:00
16760569,Otter Vibe,Q2,1095,2189,107059182,56097405,2026-09-09 07:56:32.176000+00:00
16760569,Otter Vibe,Q2,1096,2189,107060975,56094606,2026-09-09 08:04:37.511000+00:00
16760569,Otter Vibe,Q2,1097,2189,107064786,56097405,2026-09-09 08:20:33.158000+00:00
16760569,Otter Vibe,Q2,1098,2189,107066482,56097405,2026-09-09 08:28:33.375000+00:00
16760569,Otter Vibe,Q2,1099,2189,107066786,56094606,2026-09-09 08:28:33.946000+00:00
16760569,Otter Vibe,Q2,1100,2189,107070608,56094606,2026-09-09 08:44:35.265000+00:00
16760569,Otter Vibe,Q2,1101,2189,107071079,56094606,2026-09-09 08:48:32.074000+00:00
16760569,Otter Vibe,Q2,1102,2189,107071295,56097405,2026-09-09 08:48:32.472000+00:00
16760569,Otter Vibe,Q2,1103,2189,107071553,56097405,2026-09-09 08:48:33.002000+00:00
16760569,Otter Vibe,Q2,1104,2189,107075204,56097405,2026-09-09 09:04:37.984000+00:00
16760569,Otter Vibe,Q2,1105,2189,107077140,56097405,2026-09-09 09:12:40.668000+00:00
16760569,Otter Vibe,Q2,1106,2189,107077327,56097405,2026-09-09 09:12:41.025000+00:00
16760569,Otter Vibe,Q2,1107,2189,107077465,56094606,2026-09-09 09:12:41.405000+00:00
16760569,Otter Vibe,Q2,1108,2189,107082907,56097405,2026-09-09 09:36:38.984000+00:00
16760569,Otter Vibe,Q2,1109,2189,107084069,56094606,2026-09-09 09:40:41.524000+00:00
16760569,Otter Vibe,Q2,1110,2189,107088718,56097405,2026-09-09 10:00:31.592000+00:00
16760569,Otter Vibe,Q2,1111,2189,107088968,56097405,2026-09-09 10:00:32.013000+00:00
16760569,Otter Vibe,Q2,1112,2189,107089920,56094606,2026-09-09 10:04:37.864000+00:00
16760569,Otter Vibe,Q2,1113,2189,107090079,56094606,2026-09-09 10:08:31.970000+00:00
16760569,Otter Vibe,Q2,1114,2189,107093426,56094606,2026-09-09 10:20:37.696000+00:00
16760569,Otter Vibe,Q2,1115,2189,107094720,56097405,2026-09-09 10:24:36.571000+00:00
16760569,Otter Vibe,Q2,1116,2189,107095299,56097405,2026-09-09 10:28:32.298000+00:00
16760569,Otter Vibe,Q2,1117,2189,107096517,56094606,2026-09-09 10:32:32.807000+00:00
16760569,Otter Vibe,Q2,1118,2189,107100338,56097405,2026-09-09 10:48:34.523000+00:00
16760569,Otter Vibe,Q3,1617,2189,107935005,56097405,2026-09-11 20:12:22.792000+00:00
16760569,Otter Vibe,Q3,1618,2189,107937126,56097405,2026-09-11 20:20:26.892000+00:00
16760569,Otter Vibe,Q3,1619,2189,107937127,56097405,2026-09-11 20:20:26.892000+00:00
16760569,Otter Vibe,Q3,1620,2189,107938006,56094606,2026-09-11 20:24:22.998000+00:00
16760569,Otter Vibe,Q3,1621,2189,107939128,56094606,2026-09-11 20:28:23.385000+00:00
16760569,Otter Vibe,Q3,1622,2189,107941997,56097405,2026-09-11 20:40:24.393000+00:00
16760569,Otter Vibe,Q3,1623,2189,107941998,56097405,2026-09-11 20:40:24.394000+00:00
16760569,Otter Vibe,Q3,1624,2189,107942004,56097405,2026-09-11 20:40:24.400000+00:00
16760569,Otter Vibe,Q3,1625,2189,107943967,56094606,2026-09-11 20:48:22.615000+00:00
16760569,Otter Vibe,Q3,1626,2189,107944841,56094606,2026-09-11 20:52:22.502000+00:00
16760569,Otter Vibe,Q3,1627,2189,107946853,56097405,2026-09-11 21:02:33.085000+00:00
16760569,Otter Vibe,Q3,1628,2189,107949159,56094606,2026-09-11 21:10:18.509000+00:00
16760569,Otter Vibe,Q3,1629,2189,107949707,56094606,2026-09-11 21:14:18.594000+00:00
16760569,Otter Vibe,Q3,1630,2189,107951111,56097405,2026-09-11 21:18:18.252000+00:00
16760569,Otter Vibe,Q3,1631,2189,107951124,56097405,2026-09-11 21:18:18.253000+00:00
16760569,Otter Vibe,Q3,1632,2189,107951430,56094606,2026-09-11 21:22:17.946000+00:00
16760569,Otter Vibe,Q3,1633,2189,107955740,56097405,2026-09-11 21:38:17.476000+00:00
16760569,Otter Vibe,Q3,1634,2189,107955751,56097405,2026-09-11 21:38:17.487000+00:00
16760569,Otter Vibe,Q3,1635,2189,107955854,56094606,2026-09-11 21:38:17.640000+00:00
16760569,Otter Vibe,Q3,1636,2189,107958891,56094606,2026-09-11 21:50:17.697000+00:00
16760569,Otter Vibe,Q3,1637,2189,107959880,56097405,2026-09-11 21:54:17.680000+00:00
16760569,Otter Vibe,Q3,1638,2189,107959895,56094606,2026-09-11 21:54:17.697000+00:00
16760569,Otter Vibe,Q3,1639,2189,107959904,56094606,2026-09-11 21:54:17.708000+00:00
16760569,Otter Vibe,Q3,1640,2189,107961966,56094606,2026-09-11 22:06:56.257000+00:00
16760569,Otter Vibe,Q3,1641,2189,107962995,56094606,2026-09-11 22:10:43.047000+00:00
16760569,Otter Vibe,Q3,1642,2189,107964505,56097405,2026-09-11 22:18:41.991000+00:00
16760569,Otter Vibe,Q3,1643,2189,107964506,56097405,2026-09-11 22:18:41.994000+00:00
16760569,Otter Vibe,Q3,1644,2189,107966993,56094606,2026-09-11 22:26:42.906000+00:00
16760569,Otter Vibe,Q3,1645,2189,107967931,56094606,2026-09-11 22:30:43.900000+00:00
16760569,Otter Vibe,Q3,1646,2189,107968635,56097405,2026-09-11 22:34:48.632000+00:00
16760569,Otter Vibe,Q3,1647,2189,107970586,56094606,2026-09-11 22:42:44.880000+00:00
16760569,Otter Vibe,Q3,1648,2189,107971701,56094606,2026-09-11 22:46:44.116000+00:00
16760569,Otter Vibe,Q3,1649,2189,107972520,56097405,2026-09-11 22:50:43.090000+00:00
16760569,Otter Vibe,Q3,1650,2189,107972589,56097405,2026-09-11 22:50:43.182000+00:00
16760569,Otter Vibe,Q3,1651,2189,107975726,56094606,2026-09-11 23:02:43.132000+00:00
16760569,Otter Vibe,Q3,1652,2189,107976675,56097405,2026-09-11 23:06:42.464000+00:00
16760569,Otter Vibe,Q3,1653,2189,107976683,56097405,2026-09-11 23:06:42.475000+00:00
16760569,Otter Vibe,Q3,1654,2189,107978113,56094606,2026-09-11 23:14:41.249000+00:00
16760569,Otter Vibe,Q3,1655,2189,107978916,56094606,2026-09-11 23:18:40.997000+00:00
16760569,Otter Vibe,Q3,1656,2189,107980524,56097405,2026-09-11 23:22:43.049000+00:00
16760569,Otter Vibe,Q3,1657,2189,107980670,56097405,2026-09-11 23:22:43.251000+00:00
16760569,Otter Vibe,Q3,1658,2189,107982216,56094606,2026-09-11 23:30:46.296000+00:00
16760569,Otter Vibe,Q3,1659,2189,107982612,56097405,2026-09-11 23:30:46.977000+00:00
16760569,Otter Vibe,Q3,1660,2189,107986354,56094606,2026-09-11 23:46:47.517000+00:00
16760569,Otter Vibe,Q3,1661,2189,107986564,56097405,2026-09-11 23:46:47.820000+00:00
16760569,Otter Vibe,Q3,1662,2189,107989697,56094606,2026-09-11 23:59:12.188000+00:00
16760569,Otter Vibe,Q3,1663,2189,107990550,56097405,2026-09-12 00:03:17.364000+00:00
16760569,Otter Vibe,Q3,1664,2189,107992649,56097405,2026-09-12 00:11:12.636000+00:00
16760569,Otter Vibe,Q3,1665,2189,107992654,56097405,2026-09-12 00:11:12.651000+00:00
16760569,Otter Vibe,Q3,1666,2189,107994361,56094606,2026-09-12 00:19:13.301000+00:00
16760569,Otter Vibe,L,2139,2189,108797587,56097405,2026-09-14 05:22:48.417000+00:00
16760569,Otter Vibe,L,2140,2189,108801481,56097405,2026-09-14 05:38:54.606000+00:00
16760569,Otter Vibe,L,2141,2189,108807580,56097405,2026-09-14 06:02:57.028000+00:00
16760569,Otter Vibe,L,2142,2189,108810410,56097405,2026-09-14 06:14:54.502000+00:00
16760569,Otter Vibe,L,2143,2189,108813737,56097405,2026-09-14 06:26:51.418000+00:00
16760569,Otter Vibe,L,2144,2189,108814042,56097405,2026-09-14 06:26:51.904000+00:00
16760569,Otter Vibe,L,2145,2189,108819986,56097405,2026-09-14 06:50:50.226000+00:00
16760569,Otter Vibe,L,2146,2189,108826076,56097405,2026-09-14 07:14:49.692000+00:00
16760569,Otter Vibe,L,2147,2189,108831165,56097405,2026-09-14 07:34:49.722000+00:00
16760569,Otter Vibe,L,2148,2189,108836562,56097405,2026-09-14 07:54:50.120000+00:00
16760569,Otter Vibe,L,2149,2189,108840542,56097405,2026-09-14 08:10:50.098000+00:00
16760569,Otter Vibe,L,2150,2189,108843254,56097405,2026-09-14 08:22:51.269000+00:00
16760569,Otter Vibe,L,2151,2189,108848342,56097405,2026-09-14 08:42:52.304000+00:00
16760569,Otter Vibe,L,2152,2189,108848837,56097405,2026-09-14 08:42:53.108000+00:00
16760569,Otter Vibe,L,2153,2189,108852586,56097405,2026-09-14 08:59:00.217000+00:00
16760569,Otter Vibe,L,2154,2189,108854686,56097405,2026-09-14 09:07:04.008000+00:00
16760569,Otter Vibe,L,2155,2189,108855047,56097405,2026-09-14 09:07:04.630000+00:00
16760569,Otter Vibe,L,2156,2189,108860881,56097405,2026-09-14 09:30:52.849000+00:00
16760569,Otter Vibe,L,2157,2189,108866066,56097405,2026-09-14 09:50:54.117000+00:00
16760569,Otter Vibe,L,2158,2189,108872248,56097405,2026-09-14 10:14:51.027000+00:00
16760569,Otter Vibe,L,2159,2189,108874019,56097405,2026-09-14 10:22:54.890000+00:00
16760569,Otter Vibe,L,2160,2189,108880390,56097405,2026-09-14 10:46:52.303000+00:00
16760569,Otter Vibe,L,2161,2189,108886577,56097405,2026-09-14 11:10:50.279000+00:00
16760569,Otter Vibe,L,2162,2189,108886629,56097405,2026-09-14 11:10:50.344000+00:00
16760569,Otter Vibe,L,2163,2189,108892721,56097405,2026-09-14 11:34:51.811000+00:00
16760569,Otter Vibe,L,2164,2189,108896825,56097405,2026-09-14 11:50:50.496000+00:00
16760569,Otter Vibe,L,2165,2189,108903869,56097405,2026-09-14 12:18:52.203000+00:00
16760569,Otter Vibe,L,2166,2189,108910059,56097405,2026-09-14 12:42:50.478000+00:00
16760569,Otter Vibe,L,2167,2189,108910290,56097405,2026-09-14 12:42:50.918000+00:00
16760569,Otter Vibe,L,2168,2189,108915250,56097405,2026-09-14 13:02:49.880000+00:00
16760569,Otter Vibe,L,2169,2189,108922488,56097405,2026-09-14 13:30:51.139000+00:00
16760569,Otter Vibe,L,2170,2189,108929804,56097405,2026-09-14 13:58:58.428000+00:00
16760569,Otter Vibe,L,2171,2189,108931888,56097405,2026-09-14 14:06:50.104000+00:00
16760569,Otter Vibe,L,2172,2189,108939098,56097405,2026-09-14 14:34:56.205000+00:00
16760569,Otter Vibe,L,2173,2189,108946471,56097405,2026-09-14 15:02:53.188000+00:00
16760569,Otter Vibe,L,2174,2189,108953581,56097405,2026-09-14 15:30:52.588000+00:00
16760569,Otter Vibe,L,2175,2189,108960912,56097405,2026-09-14 15:58:58.958000+00:00
16760569,Otter Vibe,L,2176,2189,108968256,56097405,2026-09-14 16:26:59.312000+00:00
16760569,Otter Vibe,L,2177,2189,108972184,56097405,2026-09-14 16:42:54.176000+00:00
16760569,Otter Vibe,L,2178,2189,108979414,56097405,2026-09-14 17:12:42.744000+00:00
16760569,Otter Vibe,L,2179,2189,108983231,56097405,2026-09-14 17:28:45.257000+00:00
16760569,Otter Vibe,L,2180,2189,108983492,56097405,2026-09-14 17:28:45.697000+00:00
16760569,Otter Vibe,L,2181,2189,108989807,56097405,2026-09-14 17:52:41.792000+00:00
16760569,Otter Vibe,L,2182,2189,108989838,56097405,2026-09-14 17:52:41.846000+00:00
16760569,Otter Vibe,L,2183,2189,108996040,56097405,2026-09-14 18:16:41.187000+00:00
16760569,Otter Vibe,L,2184,2189,109001874,56097405,2026-09-14 18:40:41.106000+00:00
16760569,Otter Vibe,L,2185,2189,109002270,56097405,2026-09-14 18:40:41.483000+00:00
16760569,Otter Vibe,L,2186,2189,109002914,56097405,2026-09-14 18:44:40.777000+00:00
16760569,Otter Vibe,L,2187,2189,109008362,56097405,2026-09-14 19:04:41.202000+00:00
16760569,Otter Vibe,L,2188,2189,109012024,56097405,2026-09-14 19:20:41.349000+00:00
16760569,Otter Vibe,C0,0,721,106772566,56097405,2026-09-08 11:38:16.929000+00:00
16760569,Otter Vibe,C0,1,721,106773485,56097405,2026-09-08 11:42:17.186000+00:00
16760569,Otter Vibe,C0,2,721,106774391,56097405,2026-09-08 11:46:18.713000+00:00
16760569,Otter Vibe,C0,3,721,106775338,56097405,2026-09-08 11:50:17.309000+00:00
16760569,Otter Vibe,C0,4,721,106776252,56097405,2026-09-08 11:54:17.294000+00:00
16760569,Otter Vibe,C0,5,721,106777175,56097405,2026-09-08 11:58:16.913000+00:00
16760569,Otter Vibe,C0,6,721,106778115,56097405,2026-09-08 12:02:17.339000+00:00
16760569,Otter Vibe,C0,7,721,106779051,56097405,2026-09-08 12:06:21.900000+00:00
16760569,Otter Vibe,C0,8,721,106779988,56097405,2026-09-08 12:10:22.922000+00:00
16760569,Otter Vibe,C0,9,721,106780959,56097405,2026-09-08 12:14:17.277000+00:00
16760569,Otter Vibe,C0,10,721,106781854,56097405,2026-09-08 12:18:17.141000+00:00
16760569,Otter Vibe,C0,11,721,106782791,56097405,2026-09-08 12:22:16.786000+00:00
16760569,Otter Vibe,C0,12,721,106783728,56097405,2026-09-08 12:26:22.562000+00:00
16760569,Otter Vibe,C0,13,721,106784663,56097405,2026-09-08 12:30:17.617000+00:00
16760569,Otter Vibe,C0,14,721,106784986,56097405,2026-09-08 12:30:18.177000+00:00
16760569,Otter Vibe,C0,15,721,106785611,56097405,2026-09-08 12:34:16.847000+00:00
16760569,Otter Vibe,C0,16,721,106786541,56097405,2026-09-08 12:38:17.384000+00:00
16760569,Otter Vibe,C0,17,721,106787294,56097405,2026-09-08 12:38:18.884000+00:00
16760569,Otter Vibe,C0,18,721,106787537,56097405,2026-09-08 12:42:17.145000+00:00
16760569,Otter Vibe,C0,19,721,106788525,56097405,2026-09-08 12:46:18.631000+00:00
16760569,Otter Vibe,C0,20,721,106788984,56097405,2026-09-08 12:46:19.481000+00:00
16760569,Otter Vibe,C0,21,721,106789498,56097405,2026-09-08 12:50:17.499000+00:00
16760569,Otter Vibe,C0,22,721,106790483,56097405,2026-09-08 12:54:17.891000+00:00
16760569,Otter Vibe,C0,23,721,106791419,56097405,2026-09-08 12:58:17.785000+00:00
16760569,Otter Vibe,C0,24,721,106792389,56097405,2026-09-08 13:02:19.935000+00:00
16760569,Otter Vibe,C0,25,721,106793333,56097405,2026-09-08 13:06:20.730000+00:00
16760569,Otter Vibe,C0,26,721,106794277,56097405,2026-09-08 13:10:17.777000+00:00
16760569,Otter Vibe,C0,27,721,106794377,56097405,2026-09-08 13:10:18.074000+00:00
16760569,Otter Vibe,C0,28,721,106795242,56097405,2026-09-08 13:14:19.087000+00:00
16760569,Otter Vibe,C0,29,721,106795757,56097405,2026-09-08 13:14:20.100000+00:00
16760569,Otter Vibe,C0,30,721,106796212,56097405,2026-09-08 13:18:18.719000+00:00
16760569,Otter Vibe,C0,31,721,106797165,56097405,2026-09-08 13:22:19.708000+00:00
16760569,Otter Vibe,C0,32,721,106798134,56097405,2026-09-08 13:26:20.980000+00:00
16760569,Otter Vibe,C0,33,721,106799074,56097405,2026-09-08 13:30:18.626000+00:00
16760569,Otter Vibe,C0,34,721,106799589,56097405,2026-09-08 13:30:19.692000+00:00
16760569,Otter Vibe,C0,35,721,106800049,56097405,2026-09-08 13:34:18.304000+00:00
16760569,Otter Vibe,C0,36,721,106801011,56097405,2026-09-08 13:38:17.834000+00:00
16760569,Otter Vibe,C0,37,721,106801969,56097405,2026-09-08 13:42:17.994000+00:00
16760569,Otter Vibe,C0,38,721,106802934,56097405,2026-09-08 13:46:20.486000+00:00
16760569,Otter Vibe,C0,39,721,106803874,56097405,2026-09-08 13:50:20.030000+00:00
16760569,Otter Vibe,C0,40,721,106804039,56097405,2026-09-08 13:50:20.387000+00:00
16760569,Otter Vibe,C0,41,721,106804827,56097405,2026-09-08 13:54:18.736000+00:00
16760569,Otter Vibe,C0,42,721,106805788,56097405,2026-09-08 13:58:18.325000+00:00
16760569,Otter Vibe,C0,43,721,106806724,56097405,2026-09-08 14:02:18.309000+00:00
16760569,Otter Vibe,C0,44,721,106807697,56097405,2026-09-08 14:06:21.020000+00:00
16760569,Otter Vibe,C0,45,721,106808639,56097405,2026-09-08 14:10:18.086000+00:00
16760569,Otter Vibe,C0,46,721,106808948,56097405,2026-09-08 14:10:18.701000+00:00
16760569,Otter Vibe,C0,47,721,106808954,56097405,2026-09-08 14:10:18.708000+00:00
16760569,Otter Vibe,C0,48,721,106809605,56097405,2026-09-08 14:14:17.801000+00:00
16760569,Otter Vibe,C0,49,721,106810562,56097405,2026-09-08 14:18:17.940000+00:00
16848479,nilochan,C0,0,150,109000438,56237232,2026-09-14 18:36:44.857000+00:00
16848479,nilochan,C0,1,150,109001455,56237232,2026-09-14 18:40:40.475000+00:00
16848479,nilochan,C0,2,150,109002489,56237232,2026-09-14 18:44:39.937000+00:00
16848479,nilochan,C0,3,150,109003497,56237232,2026-09-14 18:48:40.354000+00:00
16848479,nilochan,C0,4,150,109004527,56237232,2026-09-14 18:52:40.190000+00:00
16848479,nilochan,C0,5,150,109005561,56237232,2026-09-14 18:56:39.818000+00:00
16848479,nilochan,C0,6,150,109006589,56237232,2026-09-14 19:00:40.647000+00:00
16848479,nilochan,C0,7,150,109007622,56237232,2026-09-14 19:04:39.940000+00:00
16848479,nilochan,C0,8,150,109008633,56237232,2026-09-14 19:08:42.179000+00:00
16848479,nilochan,C0,9,150,109009651,56237232,2026-09-14 19:12:39.576000+00:00
16848479,nilochan,C0,10,150,109010686,56237232,2026-09-14 19:16:40.308000+00:00
16848479,nilochan,C0,11,150,109011707,56237232,2026-09-14 19:20:40.842000+00:00
16848479,nilochan,C0,12,150,109012297,56237232,2026-09-14 19:20:41.833000+00:00
16848479,nilochan,C0,13,150,109012734,56237232,2026-09-14 19:24:41.031000+00:00
16848479,nilochan,C0,14,150,109013765,56237232,2026-09-14 19:28:41.168000+00:00
16848479,nilochan,C0,15,150,109014793,56237232,2026-09-14 19:32:40.266000+00:00
16848479,nilochan,C0,16,150,109015845,56237232,2026-09-14 19:36:39.955000+00:00
16848479,nilochan,C0,17,150,109016915,56237232,2026-09-14 19:40:40.544000+00:00
16848479,nilochan,C0,18,150,109017951,56237232,2026-09-14 19:44:40.434000+00:00
16848479,nilochan,C0,19,150,109019037,56237232,2026-09-14 19:53:28.791000+00:00
16848479,nilochan,C0,20,150,109020083,56237232,2026-09-14 19:57:13.609000+00:00
16848479,nilochan,C0,21,150,109021119,56237232,2026-09-14 20:01:12.888000+00:00
16848479,nilochan,C0,22,150,109022169,56237232,2026-09-14 20:05:12.736000+00:00
16848479,nilochan,C0,23,150,109022223,56237232,2026-09-14 20:05:12.834000+00:00
16848479,nilochan,C0,24,150,109023207,56237232,2026-09-14 20:09:12.483000+00:00
16848479,nilochan,C0,25,150,109023527,56237232,2026-09-14 20:09:13.081000+00:00
16848479,nilochan,C0,26,150,109023746,56237232,2026-09-14 20:09:13.423000+00:00
16848479,nilochan,C0,27,150,109024280,56237232,2026-09-14 20:13:12.988000+00:00
16848479,nilochan,C0,28,150,109024411,56237232,2026-09-14 20:13:13.042000+00:00
16848479,nilochan,C0,29,150,109025312,56237232,2026-09-14 20:17:12.490000+00:00
16848479,nilochan,C0,30,150,109026353,56237232,2026-09-14 20:21:13.212000+00:00
16848479,nilochan,C0,31,150,109027389,56237232,2026-09-14 20:25:23.927000+00:00
16848479,nilochan,C0,32,150,109028431,56237232,2026-09-14 20:29:19.892000+00:00
16848479,nilochan,C0,33,150,109029466,56237232,2026-09-14 20:33:15.894000+00:00
16848479,nilochan,C0,34,150,109030499,56237232,2026-09-14 20:37:15.129000+00:00
16848479,nilochan,C0,35,150,109031528,56237232,2026-09-14 20:41:15.436000+00:00
16848479,nilochan,C0,36,150,109031836,56237232,2026-09-14 20:41:15.988000+00:00
16848479,nilochan,C0,37,150,109032561,56237232,2026-09-14 20:45:15.410000+00:00
16848479,nilochan,C0,38,150,109033370,56237232,2026-09-14 20:45:16.916000+00:00
16848479,nilochan,C0,39,150,109034133,56237232,2026-09-14 20:49:17.300000+00:00
16848479,nilochan,C0,40,150,109034633,56237232,2026-09-14 20:53:16.511000+00:00
16848479,nilochan,C0,41,150,109035174,56237232,2026-09-14 20:53:17.399000+00:00
16848479,nilochan,C0,42,150,109035676,56237232,2026-09-14 20:57:16.310000+00:00
16848479,nilochan,C0,43,150,109036705,56237232,2026-09-14 21:01:16.112000+00:00
16848479,nilochan,C0,44,150,109037736,56237232,2026-09-14 21:05:15.491000+00:00
16848479,nilochan,C0,45,150,109038773,56237232,2026-09-14 21:09:15.925000+00:00
16848479,nilochan,C0,46,150,109039807,56237232,2026-09-14 21:13:15.702000+00:00
16848479,nilochan,C0,47,150,109040839,56237232,2026-09-14 21:17:16.394000+00:00
16848479,nilochan,C0,48,150,109041869,56237232,2026-09-14 21:21:16.296000+00:00
16848479,nilochan,C0,49,150,109042228,56237232,2026-09-14 21:21:16.817000+00:00
16641710,yjshyfy,C0,0,163,108945818,56233680,2026-09-14 15:02:52.009000+00:00
16641710,yjshyfy,C0,1,163,108946696,56233680,2026-09-14 15:06:53.481000+00:00
16641710,yjshyfy,C0,2,163,108947704,56233680,2026-09-14 15:10:49.233000+00:00
16641710,yjshyfy,C0,3,163,108948717,56233680,2026-09-14 15:14:51.120000+00:00
16641710,yjshyfy,C0,4,163,108949787,56233680,2026-09-14 15:18:53.278000+00:00
16641710,yjshyfy,C0,5,163,108950767,56233680,2026-09-14 15:22:53.490000+00:00
16641710,yjshyfy,C0,6,163,108951775,56233680,2026-09-14 15:26:56.108000+00:00
16641710,yjshyfy,C0,7,163,108952800,56233680,2026-09-14 15:30:51.411000+00:00
16641710,yjshyfy,C0,8,163,108953833,56233680,2026-09-14 15:34:52.017000+00:00
16641710,yjshyfy,C0,9,163,108954868,56233680,2026-09-14 15:38:50.886000+00:00
16641710,yjshyfy,C0,10,163,108955904,56233680,2026-09-14 15:42:53.707000+00:00
16641710,yjshyfy,C0,11,163,108956931,56233680,2026-09-14 15:46:54.842000+00:00
16641710,yjshyfy,C0,12,163,108957974,56233680,2026-09-14 15:50:56.883000+00:00
16641710,yjshyfy,C0,13,163,108958314,56233680,2026-09-14 15:50:57.221000+00:00
16641710,yjshyfy,C0,14,163,108959001,56233680,2026-09-14 15:54:55.165000+00:00
16641710,yjshyfy,C0,15,163,108960033,56233680,2026-09-14 15:58:56.675000+00:00
16641710,yjshyfy,C0,16,163,108961063,56233680,2026-09-14 16:02:56.585000+00:00
16641710,yjshyfy,C0,17,163,108962133,56233680,2026-09-14 16:06:51.715000+00:00
16641710,yjshyfy,C0,18,163,108963222,56233680,2026-09-14 16:10:52.364000+00:00
16641710,yjshyfy,C0,19,163,108964412,56233680,2026-09-14 16:14:49.328000+00:00
16641710,yjshyfy,C0,20,163,108965356,56233680,2026-09-14 16:18:55.576000+00:00
16641710,yjshyfy,C0,21,163,108965406,56233680,2026-09-14 16:18:55.635000+00:00
16641710,yjshyfy,C0,22,163,108966424,56233680,2026-09-14 16:22:54.180000+00:00
16641710,yjshyfy,C0,23,163,108967453,56233680,2026-09-14 16:26:57.983000+00:00
16641710,yjshyfy,C0,24,163,108968551,56233680,2026-09-14 16:30:49.873000+00:00
16641710,yjshyfy,C0,25,163,108969603,56233680,2026-09-14 16:34:50.484000+00:00
16641710,yjshyfy,C0,26,163,108970598,56233680,2026-09-14 16:38:54.520000+00:00
16641710,yjshyfy,C0,27,163,108971617,56233680,2026-09-14 16:42:52.991000+00:00
16641710,yjshyfy,C0,28,163,108972652,56233680,2026-09-14 16:46:49.603000+00:00
16641710,yjshyfy,C0,29,163,108973694,56233680,2026-09-14 16:50:50.425000+00:00
16641710,yjshyfy,C0,30,163,108974737,56233680,2026-09-14 16:54:49.904000+00:00
16641710,yjshyfy,C0,31,163,108975042,56233680,2026-09-14 16:54:50.507000+00:00
16641710,yjshyfy,C0,32,163,108975807,56233680,2026-09-14 16:58:52.312000+00:00
16641710,yjshyfy,C0,33,163,108977464,56233680,2026-09-14 17:02:51.517000+00:00
16641710,yjshyfy,C0,34,163,108977881,56233680,2026-09-14 17:08:55.694000+00:00
16641710,yjshyfy,C0,35,163,108978917,56233680,2026-09-14 17:12:41.865000+00:00
16641710,yjshyfy,C0,36,163,108979167,56233680,2026-09-14 17:12:42.348000+00:00
16641710,yjshyfy,C0,37,163,108979955,56233680,2026-09-14 17:16:43.437000+00:00
16641710,yjshyfy,C0,38,163,108980990,56233680,2026-09-14 17:20:42.675000+00:00
16641710,yjshyfy,C0,39,163,108982032,56233680,2026-09-14 17:24:41.788000+00:00
16641710,yjshyfy,C0,40,163,108982579,56233680,2026-09-14 17:24:42.731000+00:00
16641710,yjshyfy,C0,41,163,108983059,56233680,2026-09-14 17:28:44.980000+00:00
16641710,yjshyfy,C0,42,163,108984115,56233680,2026-09-14 17:32:41.103000+00:00
16641710,yjshyfy,C0,43,163,108985150,56233680,2026-09-14 17:36:42.135000+00:00
16641710,yjshyfy,C0,44,163,108986172,56233680,2026-09-14 17:40:40.684000+00:00
16641710,yjshyfy,C0,45,163,108986407,56233680,2026-09-14 17:40:41.067000+00:00
16641710,yjshyfy,C0,46,163,108987229,56233680,2026-09-14 17:44:41.136000+00:00
16641710,yjshyfy,C0,47,163,108988255,56233680,2026-09-14 17:48:41.864000+00:00
16641710,yjshyfy,C0,48,163,108989169,56233680,2026-09-14 17:52:40.657000+00:00
16641710,yjshyfy,C0,49,163,108990365,56233680,2026-09-14 17:56:40.541000+00:00
16845367,kyy666,F,0,1600,107005125,56113147,2026-09-09 04:12:25.776000+00:00
16845367,kyy666,F,1,1600,107006048,56113147,2026-09-09 04:16:23.940000+00:00
16845367,kyy666,F,2,1600,107007048,56113147,2026-09-09 04:20:23.689000+00:00
16845367,kyy666,F,3,1600,107007932,56113147,2026-09-09 04:24:25.668000+00:00
16845367,kyy666,F,4,1600,107008870,56113147,2026-09-09 04:28:23.330000+00:00
16845367,kyy666,F,5,1600,107009795,56113147,2026-09-09 04:32:23.457000+00:00
16845367,kyy666,F,6,1600,107010743,56113147,2026-09-09 04:36:23.253000+00:00
16845367,kyy666,F,7,1600,107011667,56113147,2026-09-09 04:40:23.707000+00:00
16845367,kyy666,F,8,1600,107012624,56113147,2026-09-09 04:44:28.612000+00:00
16845367,kyy666,F,9,1600,107013589,56113147,2026-09-09 04:48:25.737000+00:00
16845367,kyy666,F,10,1600,107014651,56113147,2026-09-09 04:52:24.153000+00:00
16845367,kyy666,F,11,1600,107014670,56113147,2026-09-09 04:52:24.177000+00:00
16845367,kyy666,F,12,1600,107015028,56113147,2026-09-09 04:52:24.862000+00:00
16845367,kyy666,F,13,1600,107015551,56113147,2026-09-09 04:56:23.776000+00:00
16845367,kyy666,F,14,1600,107016543,56113147,2026-09-09 05:00:23.471000+00:00
16845367,kyy666,F,15,1600,107017502,56113147,2026-09-09 05:04:25.870000+00:00
16845367,kyy666,F,16,1600,107018577,56113147,2026-09-09 05:08:23.881000+00:00
16845367,kyy666,F,17,1600,107019401,56113147,2026-09-09 05:12:25.181000+00:00
16845367,kyy666,F,18,1600,107020428,56113147,2026-09-09 05:16:24.808000+00:00
16845367,kyy666,F,19,1600,107020517,56113147,2026-09-09 05:16:25.018000+00:00
16845367,kyy666,F,20,1600,107021379,56113147,2026-09-09 05:20:37.172000+00:00
16845367,kyy666,F,21,1600,107022396,56113147,2026-09-09 05:24:38.099000+00:00
16845367,kyy666,F,22,1600,107023317,56113147,2026-09-09 05:28:31.582000+00:00
16845367,kyy666,F,23,1600,107024247,56113147,2026-09-09 05:32:31.322000+00:00
16845367,kyy666,F,24,1600,107025174,56113147,2026-09-09 05:36:32.705000+00:00
16845367,kyy666,F,25,1600,107026187,56113147,2026-09-09 05:40:31.383000+00:00
16845367,kyy666,F,26,1600,107027282,56113147,2026-09-09 05:44:34.736000+00:00
16845367,kyy666,F,27,1600,107028172,56113147,2026-09-09 05:48:32.532000+00:00
16845367,kyy666,F,28,1600,107029099,56113147,2026-09-09 05:52:33.978000+00:00
16845367,kyy666,F,29,1600,107030037,56113147,2026-09-09 05:56:33.466000+00:00
16845367,kyy666,F,30,1600,107031003,56113147,2026-09-09 06:00:32.067000+00:00
16845367,kyy666,F,31,1600,107031959,56113147,2026-09-09 06:04:33.218000+00:00
16845367,kyy666,F,32,1600,107033097,56113147,2026-09-09 06:08:36.590000+00:00
16845367,kyy666,F,33,1600,107033895,56113147,2026-09-09 06:12:32.967000+00:00
16845367,kyy666,F,34,1600,107034852,56113147,2026-09-09 06:16:31.550000+00:00
16845367,kyy666,F,35,1600,107035830,56113147,2026-09-09 06:20:32.193000+00:00
16845367,kyy666,F,36,1600,107036542,56113147,2026-09-09 06:24:34.510000+00:00
16845367,kyy666,F,37,1600,107037766,56113147,2026-09-09 06:28:31.966000+00:00
16845367,kyy666,F,38,1600,107038736,56113147,2026-09-09 06:32:32.821000+00:00
16845367,kyy666,F,39,1600,107039679,56113147,2026-09-09 06:36:32.224000+00:00
16845367,kyy666,F,40,1600,107040401,56113147,2026-09-09 06:40:32.473000+00:00
16845367,kyy666,F,41,1600,107040647,56113147,2026-09-09 06:40:32.970000+00:00
16845367,kyy666,F,42,1600,107041618,56113147,2026-09-09 06:44:32.607000+00:00
16845367,kyy666,F,43,1600,107042573,56113147,2026-09-09 06:48:32.013000+00:00
16845367,kyy666,F,44,1600,107043539,56113147,2026-09-09 06:52:32.091000+00:00
16845367,kyy666,F,45,1600,107044520,56113147,2026-09-09 06:56:32.626000+00:00
16845367,kyy666,F,46,1600,107045489,56113147,2026-09-09 07:00:33.204000+00:00
16845367,kyy666,F,47,1600,107046456,56113147,2026-09-09 07:04:38.021000+00:00
16845367,kyy666,F,48,1600,107047385,56113147,2026-09-09 07:08:34.392000+00:00
16845367,kyy666,F,49,1600,107048450,56113147,2026-09-09 07:12:32.996000+00:00
16845367,kyy666,Q1,375,1600,107754294,56159057,2026-09-11 07:53:23.872000+00:00
16845367,kyy666,Q1,376,1600,107755514,56159057,2026-09-11 07:57:26.945000+00:00
16845367,kyy666,Q1,377,1600,107756511,56159057,2026-09-11 08:01:29.189000+00:00
16845367,kyy666,Q1,378,1600,107757395,56159057,2026-09-11 08:05:23.145000+00:00
16845367,kyy666,Q1,379,1600,107758382,56159057,2026-09-11 08:09:23.170000+00:00
16845367,kyy666,Q1,380,1600,107758870,56159057,2026-09-11 08:09:23.970000+00:00
16845367,kyy666,Q1,381,1600,107759383,56159057,2026-09-11 08:13:23.142000+00:00
16845367,kyy666,Q1,382,1600,107760362,56159057,2026-09-11 08:17:22.791000+00:00
16845367,kyy666,Q1,383,1600,107761350,56159057,2026-09-11 08:21:24.085000+00:00
16845367,kyy666,Q1,384,1600,107762361,56159057,2026-09-11 08:25:23.405000+00:00
16845367,kyy666,Q1,385,1600,107763358,56159057,2026-09-11 08:29:25.044000+00:00
16845367,kyy666,Q1,386,1600,107764334,56159057,2026-09-11 08:33:23.572000+00:00
16845367,kyy666,Q1,387,1600,107765329,56159057,2026-09-11 08:37:23.112000+00:00
16845367,kyy666,Q1,388,1600,107766227,56159057,2026-09-11 08:41:24.096000+00:00
16845367,kyy666,Q1,389,1600,107767328,56159057,2026-09-11 08:45:22.935000+00:00
16845367,kyy666,Q1,390,1600,107767691,56159057,2026-09-11 08:45:23.481000+00:00
16845367,kyy666,Q1,391,1600,107767812,56159057,2026-09-11 08:45:23.670000+00:00
16845367,kyy666,Q1,392,1600,107768327,56159057,2026-09-11 08:49:24.779000+00:00
16845367,kyy666,Q1,393,1600,107769127,56159057,2026-09-11 08:53:29.322000+00:00
16845367,kyy666,Q1,394,1600,107770038,56159057,2026-09-11 08:57:30.894000+00:00
16845367,kyy666,Q1,395,1600,107770333,56159057,2026-09-11 08:57:31.392000+00:00
16845367,kyy666,Q1,396,1600,107771241,56159057,2026-09-11 09:01:34.705000+00:00
16845367,kyy666,Q1,397,1600,107771341,56159057,2026-09-11 09:01:34.905000+00:00
16845367,kyy666,Q1,398,1600,107772353,56159057,2026-09-11 09:05:35.600000+00:00
16845367,kyy666,Q1,399,1600,107773340,56159057,2026-09-11 09:09:30.003000+00:00
16845367,kyy666,Q1,400,1600,107774324,56159057,2026-09-11 09:13:28.193000+00:00
16845367,kyy666,Q1,401,1600,107775330,56159057,2026-09-11 09:17:29.009000+00:00
16845367,kyy666,Q1,402,1600,107776317,56159057,2026-09-11 09:21:25.412000+00:00
16845367,kyy666,Q1,403,1600,107777266,56159057,2026-09-11 09:25:23.330000+00:00
16845367,kyy666,Q1,404,1600,107777328,56159057,2026-09-11 09:25:23.413000+00:00
16845367,kyy666,Q1,405,1600,107778310,56159057,2026-09-11 09:29:23.315000+00:00
16845367,kyy666,Q1,406,1600,107779358,56159057,2026-09-11 09:33:23.428000+00:00
16845367,kyy666,Q1,407,1600,107781274,56159057,2026-09-11 09:41:24.105000+00:00
16845367,kyy666,Q1,408,1600,107782940,56159057,2026-09-11 09:49:23.016000+00:00
16845367,kyy666,Q1,409,1600,107789285,56159057,2026-09-11 10:13:25.569000+00:00
16845367,kyy666,Q1,410,1600,107789410,56159057,2026-09-11 10:13:25.798000+00:00
16845367,kyy666,Q1,411,1600,107795338,56159057,2026-09-11 10:37:24.180000+00:00
16845367,kyy666,Q1,412,1600,107801124,56159057,2026-09-11 11:01:23.026000+00:00
16845367,kyy666,Q1,413,1600,107806222,56159057,2026-09-11 11:21:28.376000+00:00
16845367,kyy666,Q1,414,1600,107811214,56159057,2026-09-11 11:41:23.300000+00:00
16845367,kyy666,Q1,415,1600,107812085,56159057,2026-09-11 11:45:24.105000+00:00
16845367,kyy666,Q1,416,1600,107812198,56159057,2026-09-11 11:45:24.281000+00:00
16845367,kyy666,Q1,417,1600,107814142,56159057,2026-09-11 11:53:24.198000+00:00
16845367,kyy666,Q1,418,1600,107819850,56159057,2026-09-11 12:17:22.731000+00:00
16845367,kyy666,Q1,419,1600,107820852,56159057,2026-09-11 12:21:23.076000+00:00
16845367,kyy666,Q1,420,1600,107821727,56159057,2026-09-11 12:25:22.477000+00:00
16845367,kyy666,Q1,421,1600,107826684,56159057,2026-09-11 12:45:22.979000+00:00
16845367,kyy666,Q1,422,1600,107827012,56159057,2026-09-11 12:45:23.510000+00:00
16845367,kyy666,Q1,423,1600,107827020,56159057,2026-09-11 12:45:23.518000+00:00
16845367,kyy666,Q1,424,1600,107832803,56159057,2026-09-11 13:09:23.142000+00:00
16845367,kyy666,Q2,775,1600,108180202,56177391,2026-09-12 12:46:35.325000+00:00
16845367,kyy666,Q2,776,1600,108183201,56177391,2026-09-12 12:58:36.489000+00:00
16845367,kyy666,Q2,777,1600,108183205,56177391,2026-09-12 12:58:36.494000+00:00
16845367,kyy666,Q2,778,1600,108183941,56168053,2026-09-12 13:02:34.932000+00:00
16845367,kyy666,Q2,779,1600,108187291,56177391,2026-09-12 13:14:35.621000+00:00
16845367,kyy666,Q2,780,1600,108188320,56177391,2026-09-12 13:18:41.710000+00:00
16845367,kyy666,Q2,781,1600,108190138,56168053,2026-09-12 13:26:40.501000+00:00
16845367,kyy666,Q2,782,1600,108190371,56168053,2026-09-12 13:26:40.843000+00:00
16845367,kyy666,Q2,783,1600,108192691,56168053,2026-09-12 13:38:36.202000+00:00
16845367,kyy666,Q2,784,1600,108193161,56168053,2026-09-12 13:38:36.893000+00:00
16845367,kyy666,Q2,785,1600,108194064,56177391,2026-09-12 13:42:35.194000+00:00
16845367,kyy666,Q2,786,1600,108194773,56168053,2026-09-12 13:46:34.487000+00:00
16845367,kyy666,Q2,787,1600,108197256,56177391,2026-09-12 13:54:40.501000+00:00
16845367,kyy666,Q2,788,1600,108199904,56168053,2026-09-12 14:06:34.984000+00:00
16845367,kyy666,Q2,789,1600,108200326,56168053,2026-09-12 14:06:35.604000+00:00
16845367,kyy666,Q2,790,1600,108202154,56177391,2026-09-12 14:14:36.127000+00:00
16845367,kyy666,Q2,791,1600,108203002,56168053,2026-09-12 14:18:37.118000+00:00
16845367,kyy666,Q2,792,1600,108203130,56177391,2026-09-12 14:18:37.288000+00:00
16845367,kyy666,Q2,793,1600,108207039,56168053,2026-09-12 14:34:38.805000+00:00
16845367,kyy666,Q2,794,1600,108207791,56168053,2026-09-12 14:38:40.176000+00:00
16845367,kyy666,Q2,795,1600,108208166,56168053,2026-09-12 14:38:40.780000+00:00
16845367,kyy666,Q2,796,1600,108208423,56177391,2026-09-12 14:38:41.129000+00:00
16845367,kyy666,Q2,797,1600,108209780,56168053,2026-09-12 14:46:35.090000+00:00
16845367,kyy666,Q2,798,1600,108213285,56177391,2026-09-12 14:58:36.486000+00:00
16845367,kyy666,Q2,799,1600,108215415,56168053,2026-09-12 15:06:35.987000+00:00
16845367,kyy666,Q2,800,1600,108216222,56177391,2026-09-12 15:10:35.625000+00:00
16845367,kyy666,Q2,801,1600,108217077,56177391,2026-09-12 15:14:35.219000+00:00
16845367,kyy666,Q2,802,1600,108217249,56168053,2026-09-12 15:14:35.478000+00:00
16845367,kyy666,Q2,803,1600,108219399,56177391,2026-09-12 15:22:36.024000+00:00
16845367,kyy666,Q2,804,1600,108223282,56168053,2026-09-12 15:38:35.940000+00:00
16845367,kyy666,Q2,805,1600,108224985,56177391,2026-09-12 15:46:36.589000+00:00
16845367,kyy666,Q2,806,1600,108225337,56168053,2026-09-12 15:46:37.173000+00:00
16845367,kyy666,Q2,807,1600,108225371,56177391,2026-09-12 15:46:37.225000+00:00
16845367,kyy666,Q2,808,1600,108228153,56168053,2026-09-12 15:58:40.524000+00:00
16845367,kyy666,Q2,809,1600,108228248,56168053,2026-09-12 15:58:40.674000+00:00
16845367,kyy666,Q2,810,1600,108228957,56168053,2026-09-12 16:02:35.806000+00:00
16845367,kyy666,Q2,811,1600,108231426,56177391,2026-09-12 16:10:36.579000+00:00
16845367,kyy666,Q2,812,1600,108232000,56168053,2026-09-12 16:14:35.696000+00:00
16845367,kyy666,Q2,813,1600,108234958,56168053,2026-09-12 16:26:35.695000+00:00
16845367,kyy666,Q2,814,1600,108237414,56177391,2026-09-12 16:34:35.517000+00:00
16845367,kyy666,Q2,815,1600,108237434,56177391,2026-09-12 16:34:35.542000+00:00
16845367,kyy666,Q2,816,1600,108239090,56168053,2026-09-12 16:42:35.229000+00:00
16845367,kyy666,Q2,817,1600,108241033,56168053,2026-09-12 16:50:35.337000+00:00
16845367,kyy666,Q2,818,1600,108242039,56168053,2026-09-12 16:54:35.732000+00:00
16845367,kyy666,Q2,819,1600,108243186,56177391,2026-09-12 16:58:44.439000+00:00
16845367,kyy666,Q2,820,1600,108243417,56177391,2026-09-12 16:58:44.888000+00:00
16845367,kyy666,Q2,821,1600,108244158,56168053,2026-09-12 17:02:35.216000+00:00
16845367,kyy666,Q2,822,1600,108244414,56177391,2026-09-12 17:02:35.708000+00:00
16845367,kyy666,Q2,823,1600,108244933,56168053,2026-09-12 17:06:37.122000+00:00
16845367,kyy666,Q2,824,1600,108247941,56168053,2026-09-12 17:18:37.023000+00:00
16845367,kyy666,Q3,1175,1600,108539470,56206424,2026-09-13 12:34:41.342000+00:00
16845367,kyy666,Q3,1176,1600,108540517,56206424,2026-09-13 12:38:46.285000+00:00
16845367,kyy666,Q3,1177,1600,108541489,56206424,2026-09-13 12:42:40.329000+00:00
16845367,kyy666,Q3,1178,1600,108542498,56206424,2026-09-13 12:46:43.023000+00:00
16845367,kyy666,Q3,1179,1600,108543372,56198529,2026-09-13 12:46:44.475000+00:00
16845367,kyy666,Q3,1180,1600,108543510,56206424,2026-09-13 12:50:41.265000+00:00
16845367,kyy666,Q3,1181,1600,108544518,56206424,2026-09-13 12:54:41.090000+00:00
16845367,kyy666,Q3,1182,1600,108545540,56206424,2026-09-13 12:58:49.097000+00:00
16845367,kyy666,Q3,1183,1600,108545543,56206424,2026-09-13 12:58:49.099000+00:00
16845367,kyy666,Q3,1184,1600,108546555,56206424,2026-09-13 13:02:41.593000+00:00
16845367,kyy666,Q3,1185,1600,108547622,56206424,2026-09-13 13:06:41.571000+00:00
16845367,kyy666,Q3,1186,1600,108548649,56206424,2026-09-13 13:10:42.448000+00:00
16845367,kyy666,Q3,1187,1600,108549544,56206424,2026-09-13 13:10:43.910000+00:00
16845367,kyy666,Q3,1188,1600,108549549,56198529,2026-09-13 13:10:43.915000+00:00
16845367,kyy666,Q3,1189,1600,108549730,56206424,2026-09-13 13:14:43.289000+00:00
16845367,kyy666,Q3,1190,1600,108550535,56206424,2026-09-13 13:14:44.506000+00:00
16845367,kyy666,Q3,1191,1600,108550798,56206424,2026-09-13 13:18:45.012000+00:00
16845367,kyy666,Q3,1192,1600,108551830,56206424,2026-09-13 13:22:40.132000+00:00
16845367,kyy666,Q3,1193,1600,108552862,56206424,2026-09-13 13:26:43.405000+00:00
16845367,kyy666,Q3,1194,1600,108553894,56206424,2026-09-13 13:30:44.209000+00:00
16845367,kyy666,Q3,1195,1600,108554918,56206424,2026-09-13 13:34:43.730000+00:00
16845367,kyy666,Q3,1196,1600,108555972,56206424,2026-09-13 13:38:43.027000+00:00
16845367,kyy666,Q3,1197,1600,108556450,56198529,2026-09-13 13:38:43.781000+00:00
16845367,kyy666,Q3,1198,1600,108556551,56206424,2026-09-13 13:38:43.997000+00:00
16845367,kyy666,Q3,1199,1600,108557009,56206424,2026-09-13 13:42:42.288000+00:00
16845367,kyy666,Q3,1200,1600,108558019,56206424,2026-09-13 13:46:41.376000+00:00
16845367,kyy666,Q3,1201,1600,108559044,56206424,2026-09-13 13:50:42.246000+00:00
16845367,kyy666,Q3,1202,1600,108560068,56206424,2026-09-13 13:54:41.701000+00:00
16845367,kyy666,Q3,1203,1600,108561091,56206424,2026-09-13 13:58:44.596000+00:00
16845367,kyy666,Q3,1204,1600,108562116,56206424,2026-09-13 14:02:45.986000+00:00
16845367,kyy666,Q3,1205,1600,108562728,56198529,2026-09-13 14:02:46.929000+00:00
16845367,kyy666,Q3,1206,1600,108563156,56206424,2026-09-13 14:06:40.735000+00:00
16845367,kyy666,Q3,1207,1600,108564191,56206424,2026-09-13 14:10:40.382000+00:00
16845367,kyy666,Q3,1208,1600,108564342,56206424,2026-09-13 14:10:40.599000+00:00
16845367,kyy666,Q3,1209,1600,108564491,56198529,2026-09-13 14:10:40.839000+00:00
16845367,kyy666,Q3,1210,1600,108565221,56206424,2026-09-13 14:14:40.177000+00:00
16845367,kyy666,Q3,1211,1600,108566127,56206424,2026-09-13 14:18:41.416000+00:00
16845367,kyy666,Q3,1212,1600,108567294,56206424,2026-09-13 14:22:40.522000+00:00
16845367,kyy666,Q3,1213,1600,108567689,56198529,2026-09-13 14:22:41.917000+00:00
16845367,kyy666,Q3,1214,1600,108568333,56206424,2026-09-13 14:26:43.425000+00:00
16845367,kyy666,Q3,1215,1600,108569360,56206424,2026-09-13 14:30:43.295000+00:00
16845367,kyy666,Q3,1216,1600,108569631,56206424,2026-09-13 14:30:43.690000+00:00
16845367,kyy666,Q3,1217,1600,108570389,56206424,2026-09-13 14:34:43.608000+00:00
16845367,kyy666,Q3,1218,1600,108571412,56206424,2026-09-13 14:38:44.482000+00:00
16845367,kyy666,Q3,1219,1600,108572445,56206424,2026-09-13 14:42:43.532000+00:00
16845367,kyy666,Q3,1220,1600,108573467,56206424,2026-09-13 14:46:43.318000+00:00
16845367,kyy666,Q3,1221,1600,108573989,56198529,2026-09-13 14:46:44.307000+00:00
16845367,kyy666,Q3,1222,1600,108574594,56206424,2026-09-13 14:50:44.618000+00:00
16845367,kyy666,Q3,1223,1600,108575527,56206424,2026-09-13 14:54:48.425000+00:00
16845367,kyy666,Q3,1224,1600,108576543,56206424,2026-09-13 14:58:47.786000+00:00
16845367,kyy666,L,1550,1600,109011621,56206424,2026-09-14 19:16:41.797000+00:00
16845367,kyy666,L,1551,1600,109012021,56232519,2026-09-14 19:20:41.346000+00:00
16845367,kyy666,L,1552,1600,109014564,56206424,2026-09-14 19:28:42.471000+00:00
16845367,kyy666,L,1553,1600,109017519,56232519,2026-09-14 19:40:41.581000+00:00
16845367,kyy666,L,1554,1600,109018575,56232519,2026-09-14 19:44:41.538000+00:00
16845367,kyy666,L,1555,1600,109019297,56232519,2026-09-14 19:53:29.431000+00:00
16845367,kyy666,L,1556,1600,109019873,56206424,2026-09-14 19:53:31.188000+00:00
16845367,kyy666,L,1557,1600,109020855,56232519,2026-09-14 19:57:14.858000+00:00
16845367,kyy666,L,1558,1600,109023971,56232519,2026-09-14 20:09:13.815000+00:00
16845367,kyy666,L,1559,1600,109024819,56206424,2026-09-14 20:13:13.784000+00:00
16845367,kyy666,L,1560,1600,109024979,56206424,2026-09-14 20:13:14.049000+00:00
16845367,kyy666,L,1561,1600,109026637,56206424,2026-09-14 20:21:13.621000+00:00
16845367,kyy666,L,1562,1600,109027901,56206424,2026-09-14 20:25:24.634000+00:00
16845367,kyy666,L,1563,1600,109028916,56232519,2026-09-14 20:29:20.611000+00:00
16845367,kyy666,L,1564,1600,109029032,56232519,2026-09-14 20:29:20.784000+00:00
16845367,kyy666,L,1565,1600,109030626,56206424,2026-09-14 20:37:15.322000+00:00
16845367,kyy666,L,1566,1600,109032252,56206424,2026-09-14 20:41:16.586000+00:00
16845367,kyy666,L,1567,1600,109034081,56232519,2026-09-14 20:49:17.143000+00:00
16845367,kyy666,L,1568,1600,109036384,56232519,2026-09-14 20:57:17.505000+00:00
16845367,kyy666,L,1569,1600,109037120,56206424,2026-09-14 21:01:16.786000+00:00
16845367,kyy666,L,1570,1600,109037264,56206424,2026-09-14 21:01:17.009000+00:00
16845367,kyy666,L,1571,1600,109039330,56206424,2026-09-14 21:09:16.753000+00:00
16845367,kyy666,L,1572,1600,109039847,56206424,2026-09-14 21:13:15.747000+00:00
16845367,kyy666,L,1573,1600,109041174,56232519,2026-09-14 21:17:16.848000+00:00
16845367,kyy666,L,1574,1600,109041593,56232519,2026-09-14 21:17:17.527000+00:00
16845367,kyy666,L,1575,1600,109044431,56206424,2026-09-14 21:29:17.035000+00:00
16845367,kyy666,L,1576,1600,109044685,56206424,2026-09-14 21:29:17.566000+00:00
16845367,kyy666,L,1577,1600,109045108,56232519,2026-09-14 21:33:16.254000+00:00
16845367,kyy666,L,1578,1600,109045272,56206424,2026-09-14 21:33:16.619000+00:00
16845367,kyy666,L,1579,1600,109049520,56232519,2026-09-14 21:49:17.542000+00:00
16845367,kyy666,L,1580,1600,109049560,56206424,2026-09-14 21:49:17.653000+00:00
16845367,kyy666,L,1581,1600,109053756,56232519,2026-09-14 22:05:20.786000+00:00
16845367,kyy666,L,1582,1600,109053797,56206424,2026-09-14 22:05:20.842000+00:00
16845367,kyy666,L,1583,1600,109054747,56232519,2026-09-14 22:09:18.432000+00:00
16845367,kyy666,L,1584,1600,109055750,56232519,2026-09-14 22:13:17.562000+00:00
16845367,kyy666,L,1585,1600,109055934,56232519,2026-09-14 22:13:17.916000+00:00
16845367,kyy666,L,1586,1600,109060006,56232519,2026-09-14 22:31:22.218000+00:00
16845367,kyy666,L,1587,1600,109060171,56232519,2026-09-14 22:31:22.441000+00:00
16845367,kyy666,L,1588,1600,109064698,56232519,2026-09-14 22:53:35.859000+00:00
16845367,kyy666,L,1589,1600,109064964,56232519,2026-09-14 22:53:36.197000+00:00
16845367,kyy666,L,1590,1600,109069132,56232519,2026-09-14 23:09:33.981000+00:00
16845367,kyy666,L,1591,1600,109072344,56232519,2026-09-14 23:21:35.011000+00:00
16845367,kyy666,L,1592,1600,109073844,56232519,2026-09-14 23:29:33.883000+00:00
16845367,kyy666,L,1593,1600,109078227,56232519,2026-09-14 23:43:53.072000+00:00
16845367,kyy666,L,1594,1600,109083031,56232519,2026-09-14 23:59:53.071000+00:00
16845367,kyy666,L,1595,1600,109088281,56232519,2026-09-15 00:15:52.299000+00:00
16845367,kyy666,L,1596,1600,109088305,56232519,2026-09-15 00:15:52.362000+00:00
16845367,kyy666,L,1597,1600,109089185,56232519,2026-09-15 00:19:50.851000+00:00
16845367,kyy666,L,1598,1600,109094120,56232519,2026-09-15 00:35:46.502000+00:00
16845367,kyy666,L,1599,1600,109094127,56232519,2026-09-15 00:35:46.509000+00:00
16845367,kyy666,C0,0,116,108930124,56232519,2026-09-14 14:02:48.888000+00:00
16845367,kyy666,C0,1,116,108931151,56232519,2026-09-14 14:06:48.882000+00:00
16845367,kyy666,C0,2,116,108932187,56232519,2026-09-14 14:10:49.225000+00:00
16845367,kyy666,C0,3,116,108933196,56232519,2026-09-14 14:14:50.577000+00:00
16845367,kyy666,C0,4,116,108934225,56232519,2026-09-14 14:18:51.307000+00:00
16845367,kyy666,C0,5,116,108935239,56232519,2026-09-14 14:22:51.539000+00:00
16845367,kyy666,C0,6,116,108936072,56232519,2026-09-14 14:22:53.026000+00:00
16845367,kyy666,C0,7,116,108936250,56232519,2026-09-14 14:26:50.804000+00:00
16845367,kyy666,C0,8,116,108937280,56232519,2026-09-14 14:30:49.409000+00:00
16845367,kyy666,C0,9,116,108938307,56232519,2026-09-14 14:34:54.827000+00:00
16845367,kyy666,C0,10,116,108939341,56232519,2026-09-14 14:38:54.360000+00:00
16845367,kyy666,C0,11,116,108940366,56232519,2026-09-14 14:42:49.086000+00:00
16845367,kyy666,C0,12,116,108941389,56232519,2026-09-14 14:46:48.574000+00:00
16845367,kyy666,C0,13,116,108942419,56232519,2026-09-14 14:50:49.157000+00:00
16845367,kyy666,C0,14,116,108943442,56232519,2026-09-14 14:54:49.042000+00:00
16845367,kyy666,C0,15,116,108944468,56232519,2026-09-14 14:58:49.454000+00:00
16845367,kyy666,C0,16,116,108945495,56232519,2026-09-14 15:02:51.036000+00:00
16845367,kyy666,C0,17,116,108946031,56232519,2026-09-14 15:02:52.481000+00:00
16845367,kyy666,C0,18,116,108946564,56232519,2026-09-14 15:06:53.273000+00:00
16845367,kyy666,C0,19,116,108947646,56232519,2026-09-14 15:10:49.131000+00:00
16845367,kyy666,C0,20,116,108947651,56232519,2026-09-14 15:10:49.139000+00:00
16845367,kyy666,C0,21,116,108948684,56232519,2026-09-14 15:14:51.077000+00:00
16845367,kyy666,C0,22,116,108948967,56232519,2026-09-14 15:14:51.584000+00:00
16845367,kyy666,C0,23,116,108949946,56232519,2026-09-14 15:18:53.046000+00:00
16845367,kyy666,C0,24,116,108950861,56232519,2026-09-14 15:22:53.595000+00:00
16845367,kyy666,C0,25,116,108951841,56232519,2026-09-14 15:26:56.289000+00:00
16845367,kyy666,C0,26,116,108952294,56232519,2026-09-14 15:26:57.133000+00:00
16845367,kyy666,C0,27,116,108952579,56232519,2026-09-14 15:26:57.742000+00:00
16845367,kyy666,C0,28,116,108952981,56232519,2026-09-14 15:30:51.805000+00:00
16845367,kyy666,C0,29,116,108954039,56232519,2026-09-14 15:34:52.450000+00:00
16845367,kyy666,C0,30,116,108955065,56232519,2026-09-14 15:38:54.318000+00:00
16845367,kyy666,C0,31,116,108956202,56232519,2026-09-14 15:42:54.037000+00:00
16845367,kyy666,C0,32,116,108956232,56232519,2026-09-14 15:42:54.413000+00:00
16845367,kyy666,C0,33,116,108957303,56232519,2026-09-14 15:46:55.711000+00:00
16845367,kyy666,C0,34,116,108958291,56232519,2026-09-14 15:50:57.391000+00:00
16845367,kyy666,C0,35,116,108959311,56232519,2026-09-14 15:54:55.779000+00:00
16845367,kyy666,C0,36,116,108960553,56232519,2026-09-14 15:58:57.089000+00:00
16845367,kyy666,C0,37,116,108961388,56232519,2026-09-14 16:02:57.187000+00:00
16845367,kyy666,C0,38,116,108962455,56232519,2026-09-14 16:06:52.500000+00:00
16845367,kyy666,C0,39,116,108963514,56232519,2026-09-14 16:10:52.893000+00:00
16845367,kyy666,C0,40,116,108963641,56232519,2026-09-14 16:10:53.284000+00:00
16845367,kyy666,C0,41,116,108965133,56232519,2026-09-14 16:14:50.358000+00:00
16845367,kyy666,C0,42,116,108965673,56232519,2026-09-14 16:18:56.638000+00:00
16845367,kyy666,C0,43,116,108966618,56232519,2026-09-14 16:22:54.516000+00:00
16845367,kyy666,C0,44,116,108967648,56232519,2026-09-14 16:26:58.294000+00:00
16845367,kyy666,C0,45,116,108968688,56232519,2026-09-14 16:30:50.086000+00:00
16845367,kyy666,C0,46,116,108969298,56232519,2026-09-14 16:30:51.219000+00:00
16845367,kyy666,C0,47,116,108969653,56232519,2026-09-14 16:34:50.535000+00:00
16845367,kyy666,C0,48,116,108970887,56232519,2026-09-14 16:38:55.622000+00:00
16845367,kyy666,C0,49,116,108971790,56232519,2026-09-14 16:42:53.445000+00:00
16781445,𝕯𝖊𝖔𝖉𝖎𝖒𝖘 & 𝕮𝖔,F,0,728,104877173,55965268,2026-09-02 16:51:50.625000+00:00
16781445,𝕯𝖊𝖔𝖉𝖎𝖒𝖘 & 𝕮𝖔,F,1,728,104877995,55965268,2026-09-02 16:55:49.696000+00:00
16781445,𝕯𝖊𝖔𝖉𝖎𝖒𝖘 & 𝕮𝖔,F,2,728,104878871,55965268,2026-09-02 16:59:51.236000+00:00
16781445,𝕯𝖊𝖔𝖉𝖎𝖒𝖘 & 𝕮𝖔,F,3,728,104879725,55965268,2026-09-02 17:03:50.889000+00:00
16781445,𝕯𝖊𝖔𝖉𝖎𝖒𝖘 & 𝕮𝖔,F,4,728,104880537,55965268,2026-09-02 17:07:52.043000+00:00
16781445,𝕯𝖊𝖔𝖉𝖎𝖒𝖘 & 𝕮𝖔,F,5,728,104881409,55965268,2026-09-02 17:11:49.618000+00:00
16781445,𝕯𝖊𝖔𝖉𝖎𝖒𝖘 & 𝕮𝖔,F,6,728,104882260,55965268,2026-09-02 17:15:50.798000+00:00
16781445,𝕯𝖊𝖔𝖉𝖎𝖒𝖘 & 𝕮𝖔,F,7,728,104883140,55965268,2026-09-02 17:19:51.132000+00:00
16781445,𝕯𝖊𝖔𝖉𝖎𝖒𝖘 & 𝕮𝖔,F,8,728,104883989,55965268,2026-09-02 17:23:52.010000+00:00
16781445,𝕯𝖊𝖔𝖉𝖎𝖒𝖘 & 𝕮𝖔,F,9,728,104884844,55965268,2026-09-02 17:27:50.393000+00:00
16781445,𝕯𝖊𝖔𝖉𝖎𝖒𝖘 & 𝕮𝖔,F,10,728,104885688,55965268,2026-09-02 17:31:50.933000+00:00
16781445,𝕯𝖊𝖔𝖉𝖎𝖒𝖘 & 𝕮𝖔,F,11,728,104886531,55965268,2026-09-02 17:35:49.961000+00:00
16781445,𝕯𝖊𝖔𝖉𝖎𝖒𝖘 & 𝕮𝖔,F,12,728,104887395,55965268,2026-09-02 17:39:49.894000+00:00
16781445,𝕯𝖊𝖔𝖉𝖎𝖒𝖘 & 𝕮𝖔,F,13,728,104888254,55965268,2026-09-02 17:43:52.588000+00:00
16781445,𝕯𝖊𝖔𝖉𝖎𝖒𝖘 & 𝕮𝖔,F,14,728,104889175,55965268,2026-09-02 17:52:15.472000+00:00
16781445,𝕯𝖊𝖔𝖉𝖎𝖒𝖘 & 𝕮𝖔,F,15,728,104890014,55965268,2026-09-02 17:56:01.241000+00:00
16781445,𝕯𝖊𝖔𝖉𝖎𝖒𝖘 & 𝕮𝖔,F,16,728,104890890,55965268,2026-09-02 18:00:00.958000+00:00
16781445,𝕯𝖊𝖔𝖉𝖎𝖒𝖘 & 𝕮𝖔,F,17,728,104891737,55965268,2026-09-02 18:04:04.728000+00:00
16781445,𝕯𝖊𝖔𝖉𝖎𝖒𝖘 & 𝕮𝖔,F,18,728,104892622,55965268,2026-09-02 18:08:01.127000+00:00
16781445,𝕯𝖊𝖔𝖉𝖎𝖒𝖘 & 𝕮𝖔,F,19,728,104893463,55965268,2026-09-02 18:12:01.898000+00:00
16781445,𝕯𝖊𝖔𝖉𝖎𝖒𝖘 & 𝕮𝖔,F,20,728,104894313,55965268,2026-09-02 18:16:00.771000+00:00
16781445,𝕯𝖊𝖔𝖉𝖎𝖒𝖘 & 𝕮𝖔,F,21,728,104895186,55965268,2026-09-02 18:20:00.952000+00:00
16781445,𝕯𝖊𝖔𝖉𝖎𝖒𝖘 & 𝕮𝖔,F,22,728,104896052,55965268,2026-09-02 18:24:01.057000+00:00
16781445,𝕯𝖊𝖔𝖉𝖎𝖒𝖘 & 𝕮𝖔,F,23,728,104896888,55965268,2026-09-02 18:28:00.856000+00:00
16781445,𝕯𝖊𝖔𝖉𝖎𝖒𝖘 & 𝕮𝖔,F,24,728,104906171,55965268,2026-09-02 19:12:25.681000+00:00
16781445,𝕯𝖊𝖔𝖉𝖎𝖒𝖘 & 𝕮𝖔,F,25,728,104923021,55965268,2026-09-02 20:32:24.971000+00:00
16781445,𝕯𝖊𝖔𝖉𝖎𝖒𝖘 & 𝕮𝖔,F,26,728,104927111,55965268,2026-09-02 20:52:24.283000+00:00
16781445,𝕯𝖊𝖔𝖉𝖎𝖒𝖘 & 𝕮𝖔,F,27,728,104931035,55965268,2026-09-02 21:12:23.284000+00:00
16781445,𝕯𝖊𝖔𝖉𝖎𝖒𝖘 & 𝕮𝖔,F,28,728,104962495,55965268,2026-09-02 23:42:19.135000+00:00
16781445,𝕯𝖊𝖔𝖉𝖎𝖒𝖘 & 𝕮𝖔,F,29,728,104980201,55965268,2026-09-03 01:06:20.641000+00:00
16781445,𝕯𝖊𝖔𝖉𝖎𝖒𝖘 & 𝕮𝖔,F,30,728,105005285,55965268,2026-09-03 03:02:31.735000+00:00
16781445,𝕯𝖊𝖔𝖉𝖎𝖒𝖘 & 𝕮𝖔,F,31,728,105029616,55965268,2026-09-03 04:58:24.329000+00:00
16781445,𝕯𝖊𝖔𝖉𝖎𝖒𝖘 & 𝕮𝖔,F,32,728,105073584,55965268,2026-09-03 08:22:24.382000+00:00
16781445,𝕯𝖊𝖔𝖉𝖎𝖒𝖘 & 𝕮𝖔,F,33,728,105092174,55965268,2026-09-03 09:50:25.384000+00:00
16781445,𝕯𝖊𝖔𝖉𝖎𝖒𝖘 & 𝕮𝖔,F,34,728,105142829,55965268,2026-09-03 13:46:25.086000+00:00
16781445,𝕯𝖊𝖔𝖉𝖎𝖒𝖘 & 𝕮𝖔,F,35,728,105194551,55965268,2026-09-03 17:42:33.363000+00:00
16781445,𝕯𝖊𝖔𝖉𝖎𝖒𝖘 & 𝕮𝖔,F,36,728,105242707,55965268,2026-09-03 20:50:34.248000+00:00
16781445,𝕯𝖊𝖔𝖉𝖎𝖒𝖘 & 𝕮𝖔,F,37,728,105273088,55965268,2026-09-03 23:08:28.027000+00:00
16781445,𝕯𝖊𝖔𝖉𝖎𝖒𝖘 & 𝕮𝖔,F,38,728,105326640,55965268,2026-09-04 02:00:34.306000+00:00
16781445,𝕯𝖊𝖔𝖉𝖎𝖒𝖘 & 𝕮𝖔,F,39,728,105339192,55965268,2026-09-04 02:56:35.963000+00:00
16781445,𝕯𝖊𝖔𝖉𝖎𝖒𝖘 & 𝕮𝖔,F,40,728,105356813,55965268,2026-09-04 04:16:34.884000+00:00
16781445,𝕯𝖊𝖔𝖉𝖎𝖒𝖘 & 𝕮𝖔,F,41,728,105410161,55965268,2026-09-04 08:17:03.212000+00:00
16781445,𝕯𝖊𝖔𝖉𝖎𝖒𝖘 & 𝕮𝖔,F,42,728,105421504,55965268,2026-09-04 09:05:10.272000+00:00
16781445,𝕯𝖊𝖔𝖉𝖎𝖒𝖘 & 𝕮𝖔,F,43,728,105484120,55965268,2026-09-04 13:49:48.664000+00:00
16781445,𝕯𝖊𝖔𝖉𝖎𝖒𝖘 & 𝕮𝖔,F,44,728,105517595,55965268,2026-09-04 16:21:41.159000+00:00
16781445,𝕯𝖊𝖔𝖉𝖎𝖒𝖘 & 𝕮𝖔,F,45,728,105537326,55965268,2026-09-04 17:49:39.306000+00:00
16781445,𝕯𝖊𝖔𝖉𝖎𝖒𝖘 & 𝕮𝖔,F,46,728,105561094,55965268,2026-09-04 19:37:55.679000+00:00
16781445,𝕯𝖊𝖔𝖉𝖎𝖒𝖘 & 𝕮𝖔,F,47,728,105610450,55965268,2026-09-04 23:09:48.023000+00:00
16781445,𝕯𝖊𝖔𝖉𝖎𝖒𝖘 & 𝕮𝖔,F,48,728,105657068,55965268,2026-09-05 02:29:41.058000+00:00
16781445,𝕯𝖊𝖔𝖉𝖎𝖒𝖘 & 𝕮𝖔,F,49,728,105683934,55965268,2026-09-05 04:25:44.189000+00:00
16781445,𝕯𝖊𝖔𝖉𝖎𝖒𝖘 & 𝕮𝖔,Q1,157,728,108491645,56202783,2026-09-13 09:26:39.263000+00:00
16781445,𝕯𝖊𝖔𝖉𝖎𝖒𝖘 & 𝕮𝖔,Q1,158,728,108491856,56201931,2026-09-13 09:26:39.648000+00:00
16781445,𝕯𝖊𝖔𝖉𝖎𝖒𝖘 & 𝕮𝖔,Q1,159,728,108492707,56202783,2026-09-13 09:30:39.302000+00:00
16781445,𝕯𝖊𝖔𝖉𝖎𝖒𝖘 & 𝕮𝖔,Q1,160,728,108492888,56201931,2026-09-13 09:30:39.695000+00:00
16781445,𝕯𝖊𝖔𝖉𝖎𝖒𝖘 & 𝕮𝖔,Q1,161,728,108492908,56202783,2026-09-13 09:30:39.716000+00:00
16781445,𝕯𝖊𝖔𝖉𝖎𝖒𝖘 & 𝕮𝖔,Q1,162,728,108493769,56202783,2026-09-13 09:34:39.571000+00:00
16781445,𝕯𝖊𝖔𝖉𝖎𝖒𝖘 & 𝕮𝖔,Q1,163,728,108494026,56201931,2026-09-13 09:34:39.831000+00:00
16781445,𝕯𝖊𝖔𝖉𝖎𝖒𝖘 & 𝕮𝖔,Q1,164,728,108494815,56202783,2026-09-13 09:38:46.319000+00:00
16781445,𝕯𝖊𝖔𝖉𝖎𝖒𝖘 & 𝕮𝖔,Q1,165,728,108494943,56201931,2026-09-13 09:38:46.526000+00:00
16781445,𝕯𝖊𝖔𝖉𝖎𝖒𝖘 & 𝕮𝖔,Q1,166,728,108495366,56201931,2026-09-13 09:38:47.230000+00:00
16781445,𝕯𝖊𝖔𝖉𝖎𝖒𝖘 & 𝕮𝖔,Q1,167,728,108495839,56202783,2026-09-13 09:42:39.745000+00:00
16781445,𝕯𝖊𝖔𝖉𝖎𝖒𝖘 & 𝕮𝖔,Q1,168,728,108495965,56201931,2026-09-13 09:42:39.937000+00:00
16781445,𝕯𝖊𝖔𝖉𝖎𝖒𝖘 & 𝕮𝖔,Q1,169,728,108496643,56201931,2026-09-13 09:42:41.094000+00:00
16781445,𝕯𝖊𝖔𝖉𝖎𝖒𝖘 & 𝕮𝖔,Q1,170,728,108496860,56202783,2026-09-13 09:46:40.773000+00:00
16781445,𝕯𝖊𝖔𝖉𝖎𝖒𝖘 & 𝕮𝖔,Q1,171,728,108496997,56201931,2026-09-13 09:46:41.101000+00:00
16781445,𝕯𝖊𝖔𝖉𝖎𝖒𝖘 & 𝕮𝖔,Q1,172,728,108497632,56202783,2026-09-13 09:46:42.187000+00:00
16781445,𝕯𝖊𝖔𝖉𝖎𝖒𝖘 & 𝕮𝖔,Q1,173,728,108497918,56202783,2026-09-13 09:50:45.376000+00:00
16781445,𝕯𝖊𝖔𝖉𝖎𝖒𝖘 & 𝕮𝖔,Q1,174,728,108498011,56201931,2026-09-13 09:50:45.513000+00:00
16781445,𝕯𝖊𝖔𝖉𝖎𝖒𝖘 & 𝕮𝖔,Q1,175,728,108498930,56202783,2026-09-13 09:54:43.701000+00:00
16781445,𝕯𝖊𝖔𝖉𝖎𝖒𝖘 & 𝕮𝖔,Q1,176,728,108499056,56201931,2026-09-13 09:54:43.898000+00:00
16781445,𝕯𝖊𝖔𝖉𝖎𝖒𝖘 & 𝕮𝖔,Q1,177,728,108499949,56202783,2026-09-13 09:58:41.193000+00:00
16781445,𝕯𝖊𝖔𝖉𝖎𝖒𝖘 & 𝕮𝖔,Q1,178,728,108500068,56201931,2026-09-13 09:58:41.377000+00:00
16781445,𝕯𝖊𝖔𝖉𝖎𝖒𝖘 & 𝕮𝖔,Q1,179,728,108500969,56202783,2026-09-13 10:02:42.533000+00:00
16781445,𝕯𝖊𝖔𝖉𝖎𝖒𝖘 & 𝕮𝖔,Q1,180,728,108501091,56201931,2026-09-13 10:02:42.831000+00:00
16781445,𝕯𝖊𝖔𝖉𝖎𝖒𝖘 & 𝕮𝖔,Q1,181,728,108501548,56202783,2026-09-13 10:02:43.597000+00:00
16781445,𝕯𝖊𝖔𝖉𝖎𝖒𝖘 & 𝕮𝖔,Q1,182,728,108501985,56202783,2026-09-13 10:06:43.308000+00:00
16781445,𝕯𝖊𝖔𝖉𝖎𝖒𝖘 & 𝕮𝖔,Q1,183,728,108502115,56201931,2026-09-13 10:06:43.533000+00:00
16781445,𝕯𝖊𝖔𝖉𝖎𝖒𝖘 & 𝕮𝖔,Q1,184,728,108503011,56202783,2026-09-13 10:10:41.541000+00:00
16781445,𝕯𝖊𝖔𝖉𝖎𝖒𝖘 & 𝕮𝖔,Q1,185,728,108503142,56201931,2026-09-13 10:10:41.743000+00:00
16781445,𝕯𝖊𝖔𝖉𝖎𝖒𝖘 & 𝕮𝖔,Q1,186,728,108503309,56202783,2026-09-13 10:10:42.022000+00:00
16781445,𝕯𝖊𝖔𝖉𝖎𝖒𝖘 & 𝕮𝖔,Q1,187,728,108504043,56202783,2026-09-13 10:14:38.826000+00:00
16781445,𝕯𝖊𝖔𝖉𝖎𝖒𝖘 & 𝕮𝖔,Q1,188,728,108504175,56201931,2026-09-13 10:14:39.020000+00:00
16781445,𝕯𝖊𝖔𝖉𝖎𝖒𝖘 & 𝕮𝖔,Q1,189,728,108504569,56202783,2026-09-13 10:14:39.715000+00:00
16781445,𝕯𝖊𝖔𝖉𝖎𝖒𝖘 & 𝕮𝖔,Q1,190,728,108505077,56202783,2026-09-13 10:18:40.911000+00:00
16781445,𝕯𝖊𝖔𝖉𝖎𝖒𝖘 & 𝕮𝖔,Q1,191,728,108505185,56201931,2026-09-13 10:18:41.100000+00:00
16781445,𝕯𝖊𝖔𝖉𝖎𝖒𝖘 & 𝕮𝖔,Q1,192,728,108506093,56202783,2026-09-13 10:22:38.889000+00:00
16781445,𝕯𝖊𝖔𝖉𝖎𝖒𝖘 & 𝕮𝖔,Q1,193,728,108506205,56201931,2026-09-13 10:22:39.090000+00:00
16781445,𝕯𝖊𝖔𝖉𝖎𝖒𝖘 & 𝕮𝖔,Q1,194,728,108507138,56202783,2026-09-13 10:26:39.274000+00:00
16781445,𝕯𝖊𝖔𝖉𝖎𝖒𝖘 & 𝕮𝖔,Q1,195,728,108507235,56201931,2026-09-13 10:26:39.408000+00:00
16781445,𝕯𝖊𝖔𝖉𝖎𝖒𝖘 & 𝕮𝖔,Q1,196,728,108508164,56202783,2026-09-13 10:30:45.020000+00:00
16781445,𝕯𝖊𝖔𝖉𝖎𝖒𝖘 & 𝕮𝖔,Q1,197,728,108508270,56201931,2026-09-13 10:30:45.187000+00:00
16781445,𝕯𝖊𝖔𝖉𝖎𝖒𝖘 & 𝕮𝖔,Q1,198,728,108509189,56202783,2026-09-13 10:34:43.881000+00:00
16781445,𝕯𝖊𝖔𝖉𝖎𝖒𝖘 & 𝕮𝖔,Q1,199,728,108509316,56201931,2026-09-13 10:34:44.072000+00:00
16781445,𝕯𝖊𝖔𝖉𝖎𝖒𝖘 & 𝕮𝖔,Q1,200,728,108510226,56202783,2026-09-13 10:38:41.814000+00:00
16781445,𝕯𝖊𝖔𝖉𝖎𝖒𝖘 & 𝕮𝖔,Q1,201,728,108510338,56201931,2026-09-13 10:38:42.089000+00:00
16781445,𝕯𝖊𝖔𝖉𝖎𝖒𝖘 & 𝕮𝖔,Q1,202,728,108511262,56202783,2026-09-13 10:42:38.694000+00:00
16781445,𝕯𝖊𝖔𝖉𝖎𝖒𝖘 & 𝕮𝖔,Q1,203,728,108511366,56201931,2026-09-13 10:42:38.874000+00:00
16781445,𝕯𝖊𝖔𝖉𝖎𝖒𝖘 & 𝕮𝖔,Q1,204,728,108512292,56202783,2026-09-13 10:46:39.131000+00:00
16781445,𝕯𝖊𝖔𝖉𝖎𝖒𝖘 & 𝕮𝖔,Q1,205,728,108512400,56201931,2026-09-13 10:46:39.310000+00:00
16781445,𝕯𝖊𝖔𝖉𝖎𝖒𝖘 & 𝕮𝖔,Q1,206,728,108513298,56202783,2026-09-13 10:50:38.700000+00:00
16781445,𝕯𝖊𝖔𝖉𝖎𝖒𝖘 & 𝕮𝖔,Q2,339,728,108674740,56202783,2026-09-13 21:22:45.383000+00:00
16781445,𝕯𝖊𝖔𝖉𝖎𝖒𝖘 & 𝕮𝖔,Q2,340,728,108678982,56202783,2026-09-13 21:38:46.378000+00:00
16781445,𝕯𝖊𝖔𝖉𝖎𝖒𝖘 & 𝕮𝖔,Q2,341,728,108681177,56202783,2026-09-13 21:50:48.346000+00:00
16781445,𝕯𝖊𝖔𝖉𝖎𝖒𝖘 & 𝕮𝖔,Q2,342,728,108682371,56202783,2026-09-13 21:54:47.117000+00:00
16781445,𝕯𝖊𝖔𝖉𝖎𝖒𝖘 & 𝕮𝖔,Q2,343,728,108686779,56202783,2026-09-13 22:10:49.844000+00:00
16781445,𝕯𝖊𝖔𝖉𝖎𝖒𝖘 & 𝕮𝖔,Q2,344,728,108686871,56202783,2026-09-13 22:10:49.988000+00:00
16781445,𝕯𝖊𝖔𝖉𝖎𝖒𝖘 & 𝕮𝖔,Q2,345,728,108687031,56202783,2026-09-13 22:10:50.215000+00:00
16781445,𝕯𝖊𝖔𝖉𝖎𝖒𝖘 & 𝕮𝖔,Q2,346,728,108690062,56202783,2026-09-13 22:22:45.483000+00:00
16781445,𝕯𝖊𝖔𝖉𝖎𝖒𝖘 & 𝕮𝖔,Q2,347,728,108694181,56202783,2026-09-13 22:38:46.779000+00:00
16781445,𝕯𝖊𝖔𝖉𝖎𝖒𝖘 & 𝕮𝖔,Q2,348,728,108695518,56202783,2026-09-13 22:46:48.332000+00:00
16781445,𝕯𝖊𝖔𝖉𝖎𝖒𝖘 & 𝕮𝖔,Q2,349,728,108698362,56202783,2026-09-13 22:54:50.628000+00:00
16781445,𝕯𝖊𝖔𝖉𝖎𝖒𝖘 & 𝕮𝖔,Q2,350,728,108698554,56202783,2026-09-13 22:58:47.182000+00:00
16781445,𝕯𝖊𝖔𝖉𝖎𝖒𝖘 & 𝕮𝖔,Q2,351,728,108699213,56202783,2026-09-13 22:58:48.151000+00:00
16781445,𝕯𝖊𝖔𝖉𝖎𝖒𝖘 & 𝕮𝖔,Q2,352,728,108703338,56202783,2026-09-13 23:14:46.539000+00:00
16781445,𝕯𝖊𝖔𝖉𝖎𝖒𝖘 & 𝕮𝖔,Q2,353,728,108707472,56202783,2026-09-13 23:30:49.185000+00:00
16781445,𝕯𝖊𝖔𝖉𝖎𝖒𝖘 & 𝕮𝖔,Q2,354,728,108709683,56202783,2026-09-13 23:42:46.893000+00:00
16781445,𝕯𝖊𝖔𝖉𝖎𝖒𝖘 & 𝕮𝖔,Q2,355,728,108711374,56202783,2026-09-13 23:46:45.116000+00:00
16781445,𝕯𝖊𝖔𝖉𝖎𝖒𝖘 & 𝕮𝖔,Q2,356,728,108713370,56202783,2026-09-13 23:54:47.596000+00:00
16781445,𝕯𝖊𝖔𝖉𝖎𝖒𝖘 & 𝕮𝖔,Q2,357,728,108713932,56202783,2026-09-13 23:58:44.789000+00:00
16781445,𝕯𝖊𝖔𝖉𝖎𝖒𝖘 & 𝕮𝖔,Q2,358,728,108718430,56202783,2026-09-14 00:14:51.810000+00:00
16781445,𝕯𝖊𝖔𝖉𝖎𝖒𝖘 & 𝕮𝖔,Q2,359,728,108722689,56202783,2026-09-14 00:30:46.320000+00:00
16781445,𝕯𝖊𝖔𝖉𝖎𝖒𝖘 & 𝕮𝖔,Q2,360,728,108726161,56202783,2026-09-14 00:46:47.803000+00:00
16781445,𝕯𝖊𝖔𝖉𝖎𝖒𝖘 & 𝕮𝖔,Q2,361,728,108726897,56202783,2026-09-14 00:46:49.273000+00:00
16781445,𝕯𝖊𝖔𝖉𝖎𝖒𝖘 & 𝕮𝖔,Q2,362,728,108728346,56202783,2026-09-14 00:54:51.696000+00:00
16781445,𝕯𝖊𝖔𝖉𝖎𝖒𝖘 & 𝕮𝖔,Q2,363,728,108728818,56202783,2026-09-14 00:54:52.384000+00:00
16781445,𝕯𝖊𝖔𝖉𝖎𝖒𝖘 & 𝕮𝖔,Q2,364,728,108729871,56202783,2026-09-14 00:58:53.918000+00:00
16781445,𝕯𝖊𝖔𝖉𝖎𝖒𝖘 & 𝕮𝖔,Q2,365,728,108733483,56202783,2026-09-14 01:14:47.982000+00:00
16781445,𝕯𝖊𝖔𝖉𝖎𝖒𝖘 & 𝕮𝖔,Q2,366,728,108738017,56202783,2026-09-14 01:30:45.255000+00:00
16781445,𝕯𝖊𝖔𝖉𝖎𝖒𝖘 & 𝕮𝖔,Q2,367,728,108743050,56202783,2026-09-14 01:50:44.521000+00:00
16781445,𝕯𝖊𝖔𝖉𝖎𝖒𝖘 & 𝕮𝖔,Q2,368,728,108743591,56202783,2026-09-14 01:54:48.682000+00:00
16781445,𝕯𝖊𝖔𝖉𝖎𝖒𝖘 & 𝕮𝖔,Q2,369,728,108743766,56202783,2026-09-14 01:54:48.920000+00:00
16781445,𝕯𝖊𝖔𝖉𝖎𝖒𝖘 & 𝕮𝖔,Q2,370,728,108747717,56202783,2026-09-14 02:10:48.317000+00:00
16781445,𝕯𝖊𝖔𝖉𝖎𝖒𝖘 & 𝕮𝖔,Q2,371,728,108748143,56202783,2026-09-14 02:10:49.084000+00:00
16781445,𝕯𝖊𝖔𝖉𝖎𝖒𝖘 & 𝕮𝖔,Q2,372,728,108748340,56202783,2026-09-14 02:10:49.410000+00:00
16781445,𝕯𝖊𝖔𝖉𝖎𝖒𝖘 & 𝕮𝖔,Q2,373,728,108749087,56202783,2026-09-14 02:14:45.415000+00:00
16781445,𝕯𝖊𝖔𝖉𝖎𝖒𝖘 & 𝕮𝖔,Q2,374,728,108750744,56202783,2026-09-14 02:22:50.173000+00:00
16781445,𝕯𝖊𝖔𝖉𝖎𝖒𝖘 & 𝕮𝖔,Q2,375,728,108750942,56202783,2026-09-14 02:22:50.490000+00:00
16781445,𝕯𝖊𝖔𝖉𝖎𝖒𝖘 & 𝕮𝖔,Q2,376,728,108754405,56202783,2026-09-14 02:34:50.366000+00:00
16781445,𝕯𝖊𝖔𝖉𝖎𝖒𝖘 & 𝕮𝖔,Q2,377,728,108758297,56202783,2026-09-14 02:50:53.932000+00:00
16781445,𝕯𝖊𝖔𝖉𝖎𝖒𝖘 & 𝕮𝖔,Q2,378,728,108763460,56202783,2026-09-14 03:10:46.734000+00:00
16781445,𝕯𝖊𝖔𝖉𝖎𝖒𝖘 & 𝕮𝖔,Q2,379,728,108768745,56202783,2026-09-14 03:30:46.511000+00:00
16781445,𝕯𝖊𝖔𝖉𝖎𝖒𝖘 & 𝕮𝖔,Q2,380,728,108770339,56202783,2026-09-14 03:38:54.076000+00:00
16781445,𝕯𝖊𝖔𝖉𝖎𝖒𝖘 & 𝕮𝖔,Q2,381,728,108771259,56202783,2026-09-14 03:42:48.528000+00:00
16781445,𝕯𝖊𝖔𝖉𝖎𝖒𝖘 & 𝕮𝖔,Q2,382,728,108772231,56202783,2026-09-14 03:46:46.227000+00:00
16781445,𝕯𝖊𝖔𝖉𝖎𝖒𝖘 & 𝕮𝖔,Q2,383,728,108777984,56202783,2026-09-14 04:06:48.122000+00:00
16781445,𝕯𝖊𝖔𝖉𝖎𝖒𝖘 & 𝕮𝖔,Q2,384,728,108781104,56202783,2026-09-14 04:18:55.808000+00:00
16781445,𝕯𝖊𝖔𝖉𝖎𝖒𝖘 & 𝕮𝖔,Q2,385,728,108783189,56202783,2026-09-14 04:26:46.999000+00:00
16781445,𝕯𝖊𝖔𝖉𝖎𝖒𝖘 & 𝕮𝖔,Q2,386,728,108783259,56202783,2026-09-14 04:26:47.112000+00:00
16781445,𝕯𝖊𝖔𝖉𝖎𝖒𝖘 & 𝕮𝖔,Q2,387,728,108789253,56202783,2026-09-14 04:50:47.033000+00:00
16781445,𝕯𝖊𝖔𝖉𝖎𝖒𝖘 & 𝕮𝖔,Q2,388,728,108790865,56202783,2026-09-14 04:58:47.425000+00:00
16781445,𝕯𝖊𝖔𝖉𝖎𝖒𝖘 & 𝕮𝖔,Q3,521,728,108864737,56222186,2026-09-14 09:46:51.104000+00:00
16781445,𝕯𝖊𝖔𝖉𝖎𝖒𝖘 & 𝕮𝖔,Q3,522,728,108865634,56223630,2026-09-14 09:50:52.993000+00:00
16781445,𝕯𝖊𝖔𝖉𝖎𝖒𝖘 & 𝕮𝖔,Q3,523,728,108865777,56222186,2026-09-14 09:50:53.335000+00:00
16781445,𝕯𝖊𝖔𝖉𝖎𝖒𝖘 & 𝕮𝖔,Q3,524,728,108866695,56223630,2026-09-14 09:54:54.915000+00:00
16781445,𝕯𝖊𝖔𝖉𝖎𝖒𝖘 & 𝕮𝖔,Q3,525,728,108866817,56222186,2026-09-14 09:54:55.105000+00:00
16781445,𝕯𝖊𝖔𝖉𝖎𝖒𝖘 & 𝕮𝖔,Q3,526,728,108867745,56223630,2026-09-14 09:58:52.732000+00:00
16781445,𝕯𝖊𝖔𝖉𝖎𝖒𝖘 & 𝕮𝖔,Q3,527,728,108867929,56222186,2026-09-14 09:58:53.003000+00:00
16781445,𝕯𝖊𝖔𝖉𝖎𝖒𝖘 & 𝕮𝖔,Q3,528,728,108868784,56223630,2026-09-14 10:02:50.688000+00:00
16781445,𝕯𝖊𝖔𝖉𝖎𝖒𝖘 & 𝕮𝖔,Q3,529,728,108869827,56223630,2026-09-14 10:06:50.629000+00:00
16781445,𝕯𝖊𝖔𝖉𝖎𝖒𝖘 & 𝕮𝖔,Q3,530,728,108870856,56223630,2026-09-14 10:10:52.033000+00:00
16781445,𝕯𝖊𝖔𝖉𝖎𝖒𝖘 & 𝕮𝖔,Q3,531,728,108871902,56223630,2026-09-14 10:14:50.475000+00:00
16781445,𝕯𝖊𝖔𝖉𝖎𝖒𝖘 & 𝕮𝖔,Q3,532,728,108872936,56223630,2026-09-14 10:18:55.213000+00:00
16781445,𝕯𝖊𝖔𝖉𝖎𝖒𝖘 & 𝕮𝖔,Q3,533,728,108873418,56222186,2026-09-14 10:18:56.043000+00:00
16781445,𝕯𝖊𝖔𝖉𝖎𝖒𝖘 & 𝕮𝖔,Q3,534,728,108873806,56223630,2026-09-14 10:22:54.517000+00:00
16781445,𝕯𝖊𝖔𝖉𝖎𝖒𝖘 & 𝕮𝖔,Q3,535,728,108873970,56223630,2026-09-14 10:22:54.802000+00:00
16781445,𝕯𝖊𝖔𝖉𝖎𝖒𝖘 & 𝕮𝖔,Q3,536,728,108874225,56222186,2026-09-14 10:22:55.288000+00:00
16781445,𝕯𝖊𝖔𝖉𝖎𝖒𝖘 & 𝕮𝖔,Q3,537,728,108875015,56223630,2026-09-14 10:26:49.716000+00:00
16781445,𝕯𝖊𝖔𝖉𝖎𝖒𝖘 & 𝕮𝖔,Q3,538,728,108876061,56223630,2026-09-14 10:30:52.581000+00:00
16781445,𝕯𝖊𝖔𝖉𝖎𝖒𝖘 & 𝕮𝖔,Q3,539,728,108877098,56223630,2026-09-14 10:34:52.327000+00:00
16781445,𝕯𝖊𝖔𝖉𝖎𝖒𝖘 & 𝕮𝖔,Q3,540,728,108878125,56223630,2026-09-14 10:38:53.076000+00:00
16781445,𝕯𝖊𝖔𝖉𝖎𝖒𝖘 & 𝕮𝖔,Q3,541,728,108878281,56222186,2026-09-14 10:38:53.300000+00:00
16781445,𝕯𝖊𝖔𝖉𝖎𝖒𝖘 & 𝕮𝖔,Q3,542,728,108879162,56223630,2026-09-14 10:42:49.929000+00:00
16781445,𝕯𝖊𝖔𝖉𝖎𝖒𝖘 & 𝕮𝖔,Q3,543,728,108880196,56223630,2026-09-14 10:46:51.981000+00:00
16781445,𝕯𝖊𝖔𝖉𝖎𝖒𝖘 & 𝕮𝖔,Q3,544,728,108881235,56223630,2026-09-14 10:50:51.592000+00:00
16781445,𝕯𝖊𝖔𝖉𝖎𝖒𝖘 & 𝕮𝖔,Q3,545,728,108881232,56222186,2026-09-14 10:50:51.593000+00:00
16781445,𝕯𝖊𝖔𝖉𝖎𝖒𝖘 & 𝕮𝖔,Q3,546,728,108882270,56223630,2026-09-14 10:54:51.880000+00:00
16781445,𝕯𝖊𝖔𝖉𝖎𝖒𝖘 & 𝕮𝖔,Q3,547,728,108883309,56223630,2026-09-14 10:58:53.581000+00:00
16781445,𝕯𝖊𝖔𝖉𝖎𝖒𝖘 & 𝕮𝖔,Q3,548,728,108883608,56223630,2026-09-14 10:58:54.078000+00:00
16781445,𝕯𝖊𝖔𝖉𝖎𝖒𝖘 & 𝕮𝖔,Q3,549,728,108884346,56223630,2026-09-14 11:02:49.707000+00:00
16781445,𝕯𝖊𝖔𝖉𝖎𝖒𝖘 & 𝕮𝖔,Q3,550,728,108885424,56223630,2026-09-14 11:06:49.773000+00:00
16781445,𝕯𝖊𝖔𝖉𝖎𝖒𝖘 & 𝕮𝖔,Q3,551,728,108886443,56223630,2026-09-14 11:10:50.045000+00:00
16781445,𝕯𝖊𝖔𝖉𝖎𝖒𝖘 & 𝕮𝖔,Q3,552,728,108887583,56222186,2026-09-14 11:14:51.325000+00:00
16781445,𝕯𝖊𝖔𝖉𝖎𝖒𝖘 & 𝕮𝖔,Q3,553,728,108888697,56223630,2026-09-14 11:18:55.212000+00:00
16781445,𝕯𝖊𝖔𝖉𝖎𝖒𝖘 & 𝕮𝖔,Q3,554,728,108892482,56223630,2026-09-14 11:34:51.431000+00:00
16781445,𝕯𝖊𝖔𝖉𝖎𝖒𝖘 & 𝕮𝖔,Q3,555,728,108893216,56222186,2026-09-14 11:38:52.474000+00:00
16781445,𝕯𝖊𝖔𝖉𝖎𝖒𝖘 & 𝕮𝖔,Q3,556,728,108893700,56222186,2026-09-14 11:38:53.299000+00:00
16781445,𝕯𝖊𝖔𝖉𝖎𝖒𝖘 & 𝕮𝖔,Q3,557,728,108895414,56222186,2026-09-14 11:46:49.929000+00:00
16781445,𝕯𝖊𝖔𝖉𝖎𝖒𝖘 & 𝕮𝖔,Q3,558,728,108895811,56223630,2026-09-14 11:46:50.692000+00:00
16781445,𝕯𝖊𝖔𝖉𝖎𝖒𝖘 & 𝕮𝖔,Q3,559,728,108896777,56222186,2026-09-14 11:50:50.397000+00:00
16781445,𝕯𝖊𝖔𝖉𝖎𝖒𝖘 & 𝕮𝖔,Q3,560,728,108896813,56223630,2026-09-14 11:50:50.477000+00:00
16781445,𝕯𝖊𝖔𝖉𝖎𝖒𝖘 & 𝕮𝖔,Q3,561,728,108903843,56222186,2026-09-14 12:18:52.172000+00:00
16781445,𝕯𝖊𝖔𝖉𝖎𝖒𝖘 & 𝕮𝖔,Q3,562,728,108903861,56223630,2026-09-14 12:18:52.194000+00:00
16781445,𝕯𝖊𝖔𝖉𝖎𝖒𝖘 & 𝕮𝖔,Q3,563,728,108907566,56222186,2026-09-14 12:34:49.697000+00:00
16781445,𝕯𝖊𝖔𝖉𝖎𝖒𝖘 & 𝕮𝖔,Q3,564,728,108908655,56222186,2026-09-14 12:38:51.123000+00:00
16781445,𝕯𝖊𝖔𝖉𝖎𝖒𝖘 & 𝕮𝖔,Q3,565,728,108909794,56222186,2026-09-14 12:42:49.922000+00:00
16781445,𝕯𝖊𝖔𝖉𝖎𝖒𝖘 & 𝕮𝖔,Q3,566,728,108910281,56223630,2026-09-14 12:42:50.906000+00:00
16781445,𝕯𝖊𝖔𝖉𝖎𝖒𝖘 & 𝕮𝖔,Q3,567,728,108914416,56223630,2026-09-14 12:58:52.494000+00:00
16781445,𝕯𝖊𝖔𝖉𝖎𝖒𝖘 & 𝕮𝖔,Q3,568,728,108915801,56222186,2026-09-14 13:06:49.395000+00:00
16781445,𝕯𝖊𝖔𝖉𝖎𝖒𝖘 & 𝕮𝖔,Q3,569,728,108916427,56222186,2026-09-14 13:06:50.804000+00:00
16781445,𝕯𝖊𝖔𝖉𝖎𝖒𝖘 & 𝕮𝖔,Q3,570,728,108917527,56222186,2026-09-14 13:10:50.692000+00:00
16781445,𝕯𝖊𝖔𝖉𝖎𝖒𝖘 & 𝕮𝖔,L,678,728,109053750,56223630,2026-09-14 22:05:20.761000+00:00
16781445,𝕯𝖊𝖔𝖉𝖎𝖒𝖘 & 𝕮𝖔,L,679,728,109054201,56238035,2026-09-14 22:09:17.402000+00:00
16781445,𝕯𝖊𝖔𝖉𝖎𝖒𝖘 & 𝕮𝖔,L,680,728,109055236,56238035,2026-09-14 22:13:16.561000+00:00
16781445,𝕯𝖊𝖔𝖉𝖎𝖒𝖘 & 𝕮𝖔,L,681,728,109056272,56238035,2026-09-14 22:17:15.943000+00:00
16781445,𝕯𝖊𝖔𝖉𝖎𝖒𝖘 & 𝕮𝖔,L,682,728,109057311,56238035,2026-09-14 22:21:15.833000+00:00
16781445,𝕯𝖊𝖔𝖉𝖎𝖒𝖘 & 𝕮𝖔,L,683,728,109057929,56223630,2026-09-14 22:21:16.888000+00:00
16781445,𝕯𝖊𝖔𝖉𝖎𝖒𝖘 & 𝕮𝖔,L,684,728,109058040,56238035,2026-09-14 22:21:17.071000+00:00
16781445,𝕯𝖊𝖔𝖉𝖎𝖒𝖘 & 𝕮𝖔,L,685,728,109058361,56238035,2026-09-14 22:27:34.112000+00:00
16781445,𝕯𝖊𝖔𝖉𝖎𝖒𝖘 & 𝕮𝖔,L,686,728,109059385,56238035,2026-09-14 22:31:21.151000+00:00
16781445,𝕯𝖊𝖔𝖉𝖎𝖒𝖘 & 𝕮𝖔,L,687,728,109060426,56238035,2026-09-14 22:37:47.596000+00:00
16781445,𝕯𝖊𝖔𝖉𝖎𝖒𝖘 & 𝕮𝖔,L,688,728,109061484,56238035,2026-09-14 22:41:34.643000+00:00
16781445,𝕯𝖊𝖔𝖉𝖎𝖒𝖘 & 𝕮𝖔,L,689,728,109062235,56223630,2026-09-14 22:41:35.812000+00:00
16781445,𝕯𝖊𝖔𝖉𝖎𝖒𝖘 & 𝕮𝖔,L,690,728,109062525,56238035,2026-09-14 22:45:38.328000+00:00
16781445,𝕯𝖊𝖔𝖉𝖎𝖒𝖘 & 𝕮𝖔,L,691,728,109063551,56238035,2026-09-14 22:49:33.709000+00:00
16781445,𝕯𝖊𝖔𝖉𝖎𝖒𝖘 & 𝕮𝖔,L,692,728,109064520,56223630,2026-09-14 22:53:35.537000+00:00
16781445,𝕯𝖊𝖔𝖉𝖎𝖒𝖘 & 𝕮𝖔,L,693,728,109064654,56238035,2026-09-14 22:53:35.782000+00:00
16781445,𝕯𝖊𝖔𝖉𝖎𝖒𝖘 & 𝕮𝖔,L,694,728,109065629,56238035,2026-09-14 22:57:34.241000+00:00
16781445,𝕯𝖊𝖔𝖉𝖎𝖒𝖘 & 𝕮𝖔,L,695,728,109066660,56238035,2026-09-14 23:01:33.316000+00:00
16781445,𝕯𝖊𝖔𝖉𝖎𝖒𝖘 & 𝕮𝖔,L,696,728,109067696,56238035,2026-09-14 23:05:33.215000+00:00
16781445,𝕯𝖊𝖔𝖉𝖎𝖒𝖘 & 𝕮𝖔,L,697,728,109068739,56238035,2026-09-14 23:09:33.340000+00:00
16781445,𝕯𝖊𝖔𝖉𝖎𝖒𝖘 & 𝕮𝖔,L,698,728,109068778,56223630,2026-09-14 23:09:33.394000+00:00
16781445,𝕯𝖊𝖔𝖉𝖎𝖒𝖘 & 𝕮𝖔,L,699,728,109069179,56223630,2026-09-14 23:09:34.013000+00:00
16781445,𝕯𝖊𝖔𝖉𝖎𝖒𝖘 & 𝕮𝖔,L,700,728,109069850,56238035,2026-09-14 23:13:33.723000+00:00
16781445,𝕯𝖊𝖔𝖉𝖎𝖒𝖘 & 𝕮𝖔,L,701,728,109070888,56238035,2026-09-14 23:17:34.907000+00:00
16781445,𝕯𝖊𝖔𝖉𝖎𝖒𝖘 & 𝕮𝖔,L,702,728,109071204,56238035,2026-09-14 23:17:35.348000+00:00
16781445,𝕯𝖊𝖔𝖉𝖎𝖒𝖘 & 𝕮𝖔,L,703,728,109071511,56238035,2026-09-14 23:17:35.768000+00:00
16781445,𝕯𝖊𝖔𝖉𝖎𝖒𝖘 & 𝕮𝖔,L,704,728,109071845,56238035,2026-09-14 23:21:34.330000+00:00
16781445,𝕯𝖊𝖔𝖉𝖎𝖒𝖘 & 𝕮𝖔,L,705,728,109072890,56238035,2026-09-14 23:25:34.401000+00:00
16781445,𝕯𝖊𝖔𝖉𝖎𝖒𝖘 & 𝕮𝖔,L,706,728,109073325,56223630,2026-09-14 23:25:35.043000+00:00
16781445,𝕯𝖊𝖔𝖉𝖎𝖒𝖘 & 𝕮𝖔,L,707,728,109073936,56238035,2026-09-14 23:29:34.093000+00:00
16781445,𝕯𝖊𝖔𝖉𝖎𝖒𝖘 & 𝕮𝖔,L,708,728,109074985,56238035,2026-09-14 23:33:33.825000+00:00
16781445,𝕯𝖊𝖔𝖉𝖎𝖒𝖘 & 𝕮𝖔,L,709,728,109076277,56238035,2026-09-14 23:40:05.867000+00:00
16781445,𝕯𝖊𝖔𝖉𝖎𝖒𝖘 & 𝕮𝖔,L,710,728,109077670,56238035,2026-09-14 23:43:51.967000+00:00
16781445,𝕯𝖊𝖔𝖉𝖎𝖒𝖘 & 𝕮𝖔,L,711,728,109078098,56223630,2026-09-14 23:43:52.840000+00:00
16781445,𝕯𝖊𝖔𝖉𝖎𝖒𝖘 & 𝕮𝖔,L,712,728,109078678,56238035,2026-09-14 23:47:45.764000+00:00
16781445,𝕯𝖊𝖔𝖉𝖎𝖒𝖘 & 𝕮𝖔,L,713,728,109080228,56238035,2026-09-14 23:51:48.217000+00:00
16781445,𝕯𝖊𝖔𝖉𝖎𝖒𝖘 & 𝕮𝖔,L,714,728,109081331,56238035,2026-09-14 23:55:45.168000+00:00
16781445,𝕯𝖊𝖔𝖉𝖎𝖒𝖘 & 𝕮𝖔,L,715,728,109082498,56238035,2026-09-14 23:59:51.955000+00:00
16781445,𝕯𝖊𝖔𝖉𝖎𝖒𝖘 & 𝕮𝖔,L,716,728,109082920,56223630,2026-09-14 23:59:52.822000+00:00
16781445,𝕯𝖊𝖔𝖉𝖎𝖒𝖘 & 𝕮𝖔,L,717,728,109083736,56238035,2026-09-15 00:03:45.773000+00:00
16781445,𝕯𝖊𝖔𝖉𝖎𝖒𝖘 & 𝕮𝖔,L,718,728,109084396,56238035,2026-09-15 00:03:47.140000+00:00
16781445,𝕯𝖊𝖔𝖉𝖎𝖒𝖘 & 𝕮𝖔,L,719,728,109085064,56238035,2026-09-15 00:07:49.457000+00:00
16781445,𝕯𝖊𝖔𝖉𝖎𝖒𝖘 & 𝕮𝖔,L,720,728,109086324,56238035,2026-09-15 00:11:48.659000+00:00
16781445,𝕯𝖊𝖔𝖉𝖎𝖒𝖘 & 𝕮𝖔,L,721,728,109087580,56223630,2026-09-15 00:15:50.966000+00:00
16781445,𝕯𝖊𝖔𝖉𝖎𝖒𝖘 & 𝕮𝖔,L,722,728,109087727,56238035,2026-09-15 00:15:51.256000+00:00
16781445,𝕯𝖊𝖔𝖉𝖎𝖒𝖘 & 𝕮𝖔,L,723,728,109088212,56223630,2026-09-15 00:15:52.113000+00:00
16781445,𝕯𝖊𝖔𝖉𝖎𝖒𝖘 & 𝕮𝖔,L,724,728,109089018,56238035,2026-09-15 00:19:50.462000+00:00
16781445,𝕯𝖊𝖔𝖉𝖎𝖒𝖘 & 𝕮𝖔,L,725,728,109093844,56223630,2026-09-15 00:35:45.953000+00:00
16781445,𝕯𝖊𝖔𝖉𝖎𝖒𝖘 & 𝕮𝖔,L,726,728,109094065,56238035,2026-09-15 00:35:46.409000+00:00
16781445,𝕯𝖊𝖔𝖉𝖎𝖒𝖘 & 𝕮𝖔,L,727,728,109094111,56238035,2026-09-15 00:35:46.492000+00:00
16781445,𝕯𝖊𝖔𝖉𝖎𝖒𝖘 & 𝕮𝖔,C0,0,136,108814243,56223630,2026-09-14 06:30:54.786000+00:00
16781445,𝕯𝖊𝖔𝖉𝖎𝖒𝖘 & 𝕮𝖔,C0,1,136,108815288,56223630,2026-09-14 06:34:54.595000+00:00
16781445,𝕯𝖊𝖔𝖉𝖎𝖒𝖘 & 𝕮𝖔,C0,2,136,108816246,56223630,2026-09-14 06:38:53.982000+00:00
16781445,𝕯𝖊𝖔𝖉𝖎𝖒𝖘 & 𝕮𝖔,C0,3,136,108817249,56223630,2026-09-14 06:42:51.933000+00:00
16781445,𝕯𝖊𝖔𝖉𝖎𝖒𝖘 & 𝕮𝖔,C0,4,136,108818261,56223630,2026-09-14 06:46:48.597000+00:00
16781445,𝕯𝖊𝖔𝖉𝖎𝖒𝖘 & 𝕮𝖔,C0,5,136,108819276,56223630,2026-09-14 06:50:48.989000+00:00
16781445,𝕯𝖊𝖔𝖉𝖎𝖒𝖘 & 𝕮𝖔,C0,6,136,108820307,56223630,2026-09-14 06:54:48.679000+00:00
16781445,𝕯𝖊𝖔𝖉𝖎𝖒𝖘 & 𝕮𝖔,C0,7,136,108821296,56223630,2026-09-14 06:58:51.529000+00:00
16781445,𝕯𝖊𝖔𝖉𝖎𝖒𝖘 & 𝕮𝖔,C0,8,136,108822312,56223630,2026-09-14 07:02:53.069000+00:00
16781445,𝕯𝖊𝖔𝖉𝖎𝖒𝖘 & 𝕮𝖔,C0,9,136,108823320,56223630,2026-09-14 07:06:50.099000+00:00
16781445,𝕯𝖊𝖔𝖉𝖎𝖒𝖘 & 𝕮𝖔,C0,10,136,108824347,56223630,2026-09-14 07:10:49.770000+00:00
16781445,𝕯𝖊𝖔𝖉𝖎𝖒𝖘 & 𝕮𝖔,C0,11,136,108825377,56223630,2026-09-14 07:14:48.607000+00:00
16781445,𝕯𝖊𝖔𝖉𝖎𝖒𝖘 & 𝕮𝖔,C0,12,136,108826400,56223630,2026-09-14 07:18:52.023000+00:00
16781445,𝕯𝖊𝖔𝖉𝖎𝖒𝖘 & 𝕮𝖔,C0,13,136,108827418,56223630,2026-09-14 07:22:48.483000+00:00
16781445,𝕯𝖊𝖔𝖉𝖎𝖒𝖘 & 𝕮𝖔,C0,14,136,108828442,56223630,2026-09-14 07:26:48.850000+00:00
16781445,𝕯𝖊𝖔𝖉𝖎𝖒𝖘 & 𝕮𝖔,C0,15,136,108829215,56223630,2026-09-14 07:26:50.091000+00:00
16781445,𝕯𝖊𝖔𝖉𝖎𝖒𝖘 & 𝕮𝖔,C0,16,136,108829493,56223630,2026-09-14 07:30:49.070000+00:00
16781445,𝕯𝖊𝖔𝖉𝖎𝖒𝖘 & 𝕮𝖔,C0,17,136,108830558,56223630,2026-09-14 07:34:48.677000+00:00
16781445,𝕯𝖊𝖔𝖉𝖎𝖒𝖘 & 𝕮𝖔,C0,18,136,108831591,56223630,2026-09-14 07:38:52.525000+00:00
16781445,𝕯𝖊𝖔𝖉𝖎𝖒𝖘 & 𝕮𝖔,C0,19,136,108832634,56223630,2026-09-14 07:42:49.241000+00:00
16781445,𝕯𝖊𝖔𝖉𝖎𝖒𝖘 & 𝕮𝖔,C0,20,136,108833685,56223630,2026-09-14 07:46:49.297000+00:00
16781445,𝕯𝖊𝖔𝖉𝖎𝖒𝖘 & 𝕮𝖔,C0,21,136,108834722,56223630,2026-09-14 07:50:48.641000+00:00
16781445,𝕯𝖊𝖔𝖉𝖎𝖒𝖘 & 𝕮𝖔,C0,22,136,108835780,56223630,2026-09-14 07:54:48.802000+00:00
16781445,𝕯𝖊𝖔𝖉𝖎𝖒𝖘 & 𝕮𝖔,C0,23,136,108836808,56223630,2026-09-14 07:58:52.646000+00:00
16781445,𝕯𝖊𝖔𝖉𝖎𝖒𝖘 & 𝕮𝖔,C0,24,136,108837023,56223630,2026-09-14 07:58:52.982000+00:00
16781445,𝕯𝖊𝖔𝖉𝖎𝖒𝖘 & 𝕮𝖔,C0,25,136,108837856,56223630,2026-09-14 08:02:50.341000+00:00
16781445,𝕯𝖊𝖔𝖉𝖎𝖒𝖘 & 𝕮𝖔,C0,26,136,108838843,56223630,2026-09-14 08:06:48.883000+00:00
16781445,𝕯𝖊𝖔𝖉𝖎𝖒𝖘 & 𝕮𝖔,C0,27,136,108839367,56223630,2026-09-14 08:06:49.821000+00:00
16781445,𝕯𝖊𝖔𝖉𝖎𝖒𝖘 & 𝕮𝖔,C0,28,136,108839940,56223630,2026-09-14 08:10:48.900000+00:00
16781445,𝕯𝖊𝖔𝖉𝖎𝖒𝖘 & 𝕮𝖔,C0,29,136,108840973,56223630,2026-09-14 08:14:50.796000+00:00
16781445,𝕯𝖊𝖔𝖉𝖎𝖒𝖘 & 𝕮𝖔,C0,30,136,108842005,56223630,2026-09-14 08:19:01.433000+00:00
16781445,𝕯𝖊𝖔𝖉𝖎𝖒𝖘 & 𝕮𝖔,C0,31,136,108843027,56223630,2026-09-14 08:22:49.775000+00:00
16781445,𝕯𝖊𝖔𝖉𝖎𝖒𝖘 & 𝕮𝖔,C0,32,136,108844060,56223630,2026-09-14 08:26:49.419000+00:00
16781445,𝕯𝖊𝖔𝖉𝖎𝖒𝖘 & 𝕮𝖔,C0,33,136,108845098,56223630,2026-09-14 08:30:51.225000+00:00
16781445,𝕯𝖊𝖔𝖉𝖎𝖒𝖘 & 𝕮𝖔,C0,34,136,108845099,56223630,2026-09-14 08:30:51.225000+00:00
16781445,𝕯𝖊𝖔𝖉𝖎𝖒𝖘 & 𝕮𝖔,C0,35,136,108846143,56223630,2026-09-14 08:34:50.681000+00:00
16781445,𝕯𝖊𝖔𝖉𝖎𝖒𝖘 & 𝕮𝖔,C0,36,136,108847166,56223630,2026-09-14 08:38:58.320000+00:00
16781445,𝕯𝖊𝖔𝖉𝖎𝖒𝖘 & 𝕮𝖔,C0,37,136,108847606,56223630,2026-09-14 08:38:58.990000+00:00
16781445,𝕯𝖊𝖔𝖉𝖎𝖒𝖘 & 𝕮𝖔,C0,38,136,108848221,56223630,2026-09-14 08:42:52.086000+00:00
16781445,𝕯𝖊𝖔𝖉𝖎𝖒𝖘 & 𝕮𝖔,C0,39,136,108849255,56223630,2026-09-14 08:46:54.697000+00:00
16781445,𝕯𝖊𝖔𝖉𝖎𝖒𝖘 & 𝕮𝖔,C0,40,136,108850279,56223630,2026-09-14 08:50:54.676000+00:00
16781445,𝕯𝖊𝖔𝖉𝖎𝖒𝖘 & 𝕮𝖔,C0,41,136,108851306,56223630,2026-09-14 08:54:56.215000+00:00
16781445,𝕯𝖊𝖔𝖉𝖎𝖒𝖘 & 𝕮𝖔,C0,42,136,108852345,56223630,2026-09-14 08:58:59.795000+00:00
16781445,𝕯𝖊𝖔𝖉𝖎𝖒𝖘 & 𝕮𝖔,C0,43,136,108853391,56223630,2026-09-14 09:02:54.610000+00:00
16781445,𝕯𝖊𝖔𝖉𝖎𝖒𝖘 & 𝕮𝖔,C0,44,136,108854403,56223630,2026-09-14 09:07:03.474000+00:00
16781445,𝕯𝖊𝖔𝖉𝖎𝖒𝖘 & 𝕮𝖔,C0,45,136,108855463,56223630,2026-09-14 09:11:00.009000+00:00
16781445,𝕯𝖊𝖔𝖉𝖎𝖒𝖘 & 𝕮𝖔,C0,46,136,108856500,56223630,2026-09-14 09:14:50.689000+00:00
16781445,𝕯𝖊𝖔𝖉𝖎𝖒𝖘 & 𝕮𝖔,C0,47,136,108857098,56223630,2026-09-14 09:14:52.079000+00:00
16781445,𝕯𝖊𝖔𝖉𝖎𝖒𝖘 & 𝕮𝖔,C0,48,136,108857545,56223630,2026-09-14 09:18:54.277000+00:00
16781445,𝕯𝖊𝖔𝖉𝖎𝖒𝖘 & 𝕮𝖔,C0,49,136,108858521,56223630,2026-09-14 09:22:49.225000+00:00
16732521,redblackbst,F,0,4822,100248416,55800660,2026-08-26 18:02:45.462315700+00:00
16732521,redblackbst,F,1,4822,100250690,55800660,2026-08-26 18:06:46.534497800+00:00
16732521,redblackbst,F,2,4822,100252956,55800660,2026-08-26 18:10:44.788782700+00:00
16732521,redblackbst,F,3,4822,100255228,55800660,2026-08-26 18:14:45.135301300+00:00
16732521,redblackbst,F,4,4822,100257499,55800660,2026-08-26 18:18:45.392950600+00:00
16732521,redblackbst,F,5,4822,100259793,55800660,2026-08-26 18:22:51.823270500+00:00
16732521,redblackbst,F,6,4822,100262089,55800660,2026-08-26 18:26:50.478676200+00:00
16732521,redblackbst,F,7,4822,100264353,55800660,2026-08-26 18:30:47.032369400+00:00
16732521,redblackbst,F,8,4822,100266647,55800660,2026-08-26 18:34:48.827316300+00:00
16732521,redblackbst,F,9,4822,100268949,55800660,2026-08-26 18:38:45.885957900+00:00
16732521,redblackbst,F,10,4822,100271235,55800660,2026-08-26 18:42:44.300923700+00:00
16732521,redblackbst,F,11,4822,100273510,55800660,2026-08-26 18:46:47.807969100+00:00
16732521,redblackbst,F,12,4822,100275818,55800660,2026-08-26 18:50:44.082283600+00:00
16732521,redblackbst,F,13,4822,100278099,55800660,2026-08-26 18:54:44.129882400+00:00
16732521,redblackbst,F,14,4822,100280393,55800660,2026-08-26 18:58:43.831141900+00:00
16732521,redblackbst,F,15,4822,100282672,55800660,2026-08-26 19:03:14.094513600+00:00
16732521,redblackbst,F,16,4822,100284873,55800660,2026-08-26 19:07:15.878666800+00:00
16732521,redblackbst,F,17,4822,100284952,55800660,2026-08-26 19:07:15.984012400+00:00
16732521,redblackbst,F,18,4822,100287242,55800660,2026-08-26 19:11:16.754133400+00:00
16732521,redblackbst,F,19,4822,100289514,55800660,2026-08-26 19:15:14.529471900+00:00
16732521,redblackbst,F,20,4822,100291817,55800660,2026-08-26 19:19:14.544225500+00:00
16732521,redblackbst,F,21,4822,100294098,55800660,2026-08-26 19:23:13.518619400+00:00
16732521,redblackbst,F,22,4822,100296369,55800660,2026-08-26 19:27:18.404204400+00:00
16732521,redblackbst,F,23,4822,100298651,55800660,2026-08-26 19:31:14.830050400+00:00
16732521,redblackbst,F,24,4822,100300942,55800660,2026-08-26 19:35:13.224196500+00:00
16732521,redblackbst,F,25,4822,100303229,55800660,2026-08-26 19:39:13.610723600+00:00
16732521,redblackbst,F,26,4822,100305519,55800660,2026-08-26 19:43:13.613916900+00:00
16732521,redblackbst,F,27,4822,100307797,55800660,2026-08-26 19:47:17.077967200+00:00
16732521,redblackbst,F,28,4822,100310077,55800660,2026-08-26 19:51:20.394036400+00:00
16732521,redblackbst,F,29,4822,100312340,55800660,2026-08-26 19:55:19.486040100+00:00
16732521,redblackbst,F,30,4822,100314638,55800660,2026-08-26 19:59:15.931247300+00:00
16732521,redblackbst,F,31,4822,100316926,55800660,2026-08-26 20:03:18.698934600+00:00
16732521,redblackbst,F,32,4822,100319212,55800660,2026-08-26 20:07:16.638774100+00:00
16732521,redblackbst,F,33,4822,100321488,55800660,2026-08-26 20:11:13.624488500+00:00
16732521,redblackbst,F,34,4822,100323770,55800660,2026-08-26 20:15:16.494511400+00:00
16732521,redblackbst,F,35,4822,100326052,55800660,2026-08-26 20:19:15.008057200+00:00
16732521,redblackbst,F,36,4822,100328335,55800660,2026-08-26 20:23:14.343501800+00:00
16732521,redblackbst,F,37,4822,100330634,55800660,2026-08-26 20:27:18.005655100+00:00
16732521,redblackbst,F,38,4822,100332917,55800660,2026-08-26 20:31:16.780975100+00:00
16732521,redblackbst,F,39,4822,100335168,55800660,2026-08-26 20:35:13.886685100+00:00
16732521,redblackbst,F,40,4822,100337453,55800660,2026-08-26 20:39:14.243255100+00:00
16732521,redblackbst,F,41,4822,100337492,55800660,2026-08-26 20:39:14.311473500+00:00
16732521,redblackbst,F,42,4822,100339755,55800660,2026-08-26 20:43:14.289827+00:00
16732521,redblackbst,F,43,4822,100342049,55800660,2026-08-26 20:47:17.246913600+00:00
16732521,redblackbst,F,44,4822,100351283,55800660,2026-08-26 21:03:15.300934600+00:00
16732521,redblackbst,F,45,4822,100364974,55800660,2026-08-26 21:27:20.979247400+00:00
16732521,redblackbst,F,46,4822,100374062,55800660,2026-08-26 21:43:14.338283300+00:00
16732521,redblackbst,F,47,4822,100396799,55800660,2026-08-26 22:23:16.263292500+00:00
16732521,redblackbst,F,48,4822,100401117,55800660,2026-08-26 22:31:15.803423600+00:00
16732521,redblackbst,F,49,4822,100428707,55800660,2026-08-26 23:19:21.722146200+00:00
16732521,redblackbst,Q1,1181,4822,105243787,55969620,2026-09-03 20:56:32.698000+00:00
16732521,redblackbst,Q1,1182,4822,105245101,55974678,2026-09-03 21:00:20.588000+00:00
16732521,redblackbst,Q1,1183,4822,105245294,55969620,2026-09-03 21:00:21.017000+00:00
16732521,redblackbst,Q1,1184,4822,105247277,55974678,2026-09-03 21:08:23.323000+00:00
16732521,redblackbst,Q1,1185,4822,105248690,55969620,2026-09-03 21:16:19.380000+00:00
16732521,redblackbst,Q1,1186,4822,105249901,55974678,2026-09-03 21:22:13.614000+00:00
16732521,redblackbst,Q1,1187,4822,105252039,55969620,2026-09-03 21:39:51.800000+00:00
16732521,redblackbst,Q1,1188,4822,105253079,55974678,2026-09-03 21:40:15.025000+00:00
16732521,redblackbst,Q1,1189,4822,105254862,55969620,2026-09-03 21:48:09.620000+00:00
16732521,redblackbst,Q1,1190,4822,105254924,55969620,2026-09-03 21:48:09.701000+00:00
16732521,redblackbst,Q1,1191,4822,105255794,55974678,2026-09-03 21:52:09.425000+00:00
16732521,redblackbst,Q1,1192,4822,105256492,55969620,2026-09-03 21:56:09.363000+00:00
16732521,redblackbst,Q1,1193,4822,105256545,55974678,2026-09-03 21:56:09.430000+00:00
16732521,redblackbst,Q1,1194,4822,105258298,55969620,2026-09-03 22:04:12.894000+00:00
16732521,redblackbst,Q1,1195,4822,105258300,55969620,2026-09-03 22:04:12.896000+00:00
16732521,redblackbst,Q1,1196,4822,105258474,55969620,2026-09-03 22:08:12.153000+00:00
16732521,redblackbst,Q1,1197,4822,105259105,55974678,2026-09-03 22:08:13.207000+00:00
16732521,redblackbst,Q1,1198,4822,105259630,55969620,2026-09-03 22:12:11.996000+00:00
16732521,redblackbst,Q1,1199,4822,105259768,55969620,2026-09-03 22:12:12.254000+00:00
16732521,redblackbst,Q1,1200,4822,105262189,55969620,2026-09-03 22:22:48.907000+00:00
16732521,redblackbst,Q1,1201,4822,105262529,55969620,2026-09-03 22:22:49.436000+00:00
16732521,redblackbst,Q1,1202,4822,105262650,55974678,2026-09-03 22:22:49.638000+00:00
16732521,redblackbst,Q1,1203,4822,105262718,55974678,2026-09-03 22:22:49.741000+00:00
16732521,redblackbst,Q1,1204,4822,105264569,55974678,2026-09-03 22:30:37.737000+00:00
16732521,redblackbst,Q1,1205,4822,105264826,55969620,2026-09-03 22:30:38.102000+00:00
16732521,redblackbst,Q1,1206,4822,105265310,55974678,2026-09-03 22:30:38.885000+00:00
16732521,redblackbst,Q1,1207,4822,105266103,55969620,2026-09-03 22:34:37.758000+00:00
16732521,redblackbst,Q1,1208,4822,105267112,55969620,2026-09-03 22:40:45.193000+00:00
16732521,redblackbst,Q1,1209,4822,105268166,55974678,2026-09-03 22:44:30.907000+00:00
16732521,redblackbst,Q1,1210,4822,105269769,55969620,2026-09-03 22:52:29.697000+00:00
16732521,redblackbst,Q1,1211,4822,105269795,55974678,2026-09-03 22:52:29.725000+00:00
16732521,redblackbst,Q1,1212,4822,105269909,55969620,2026-09-03 22:52:29.891000+00:00
16732521,redblackbst,Q1,1213,4822,105271080,55974678,2026-09-03 23:00:29.479000+00:00
16732521,redblackbst,Q1,1214,4822,105272639,55969620,2026-09-03 23:04:29.096000+00:00
16732521,redblackbst,Q1,1215,4822,105273669,55974678,2026-09-03 23:08:29.075000+00:00
16732521,redblackbst,Q1,1216,4822,105273823,55974678,2026-09-03 23:08:29.296000+00:00
16732521,redblackbst,Q1,1217,4822,105273825,55974678,2026-09-03 23:08:29.298000+00:00
16732521,redblackbst,Q1,1218,4822,105274110,55969620,2026-09-03 23:12:28.328000+00:00
16732521,redblackbst,Q1,1219,4822,105276890,55969620,2026-09-03 23:20:33.022000+00:00
16732521,redblackbst,Q1,1220,4822,105276896,55974678,2026-09-03 23:20:33.027000+00:00
16732521,redblackbst,Q1,1221,4822,105276971,55969620,2026-09-03 23:20:33.128000+00:00
16732521,redblackbst,Q1,1222,4822,105280285,55974678,2026-09-03 23:32:30.872000+00:00
16732521,redblackbst,Q1,1223,4822,105280329,55974678,2026-09-03 23:32:30.916000+00:00
16732521,redblackbst,Q1,1224,4822,105280384,55969620,2026-09-03 23:32:31.001000+00:00
16732521,redblackbst,Q1,1225,4822,105282511,55974678,2026-09-03 23:40:32.601000+00:00
16732521,redblackbst,Q1,1226,4822,105283828,55969620,2026-09-03 23:44:31.302000+00:00
16732521,redblackbst,Q1,1227,4822,105285172,55974678,2026-09-03 23:48:32.179000+00:00
16732521,redblackbst,Q1,1228,4822,105287047,55969620,2026-09-03 23:56:29.527000+00:00
16732521,redblackbst,Q1,1229,4822,105287245,55969620,2026-09-03 23:56:29.875000+00:00
16732521,redblackbst,Q1,1230,4822,105288568,55974678,2026-09-04 00:00:31.421000+00:00
16732521,redblackbst,Q2,2386,4822,106656020,56086175,2026-09-08 03:18:18.032000+00:00
16732521,redblackbst,Q2,2387,4822,106656961,56086175,2026-09-08 03:22:18.035000+00:00
16732521,redblackbst,Q2,2388,4822,106657912,56086175,2026-09-08 03:26:19.792000+00:00
16732521,redblackbst,Q2,2389,4822,106658746,56086175,2026-09-08 03:30:17.646000+00:00
16732521,redblackbst,Q2,2390,4822,106659789,56086175,2026-09-08 03:34:17.583000+00:00
16732521,redblackbst,Q2,2391,4822,106660722,56086175,2026-09-08 03:38:18.042000+00:00
16732521,redblackbst,Q2,2392,4822,106661670,56086175,2026-09-08 03:42:17.641000+00:00
16732521,redblackbst,Q2,2393,4822,106661940,56086175,2026-09-08 03:42:18.076000+00:00
16732521,redblackbst,Q2,2394,4822,106662324,56086175,2026-09-08 03:46:20.296000+00:00
16732521,redblackbst,Q2,2395,4822,106662619,56086175,2026-09-08 03:46:20.706000+00:00
16732521,redblackbst,Q2,2396,4822,106663544,56086175,2026-09-08 03:50:18.117000+00:00
16732521,redblackbst,Q2,2397,4822,106664484,56086175,2026-09-08 03:54:18.280000+00:00
16732521,redblackbst,Q2,2398,4822,106665428,56086175,2026-09-08 03:58:17.926000+00:00
16732521,redblackbst,Q2,2399,4822,106666058,56086175,2026-09-08 04:02:17.191000+00:00
16732521,redblackbst,Q2,2400,4822,106666364,56086175,2026-09-08 04:02:17.626000+00:00
16732521,redblackbst,Q2,2401,4822,106667301,56086175,2026-09-08 04:06:19.308000+00:00
16732521,redblackbst,Q2,2402,4822,106668456,56086175,2026-09-08 04:10:18.721000+00:00
16732521,redblackbst,Q2,2403,4822,106669365,56086175,2026-09-08 04:14:18.724000+00:00
16732521,redblackbst,Q2,2404,4822,106672081,56086175,2026-09-08 04:26:22.209000+00:00
16732521,redblackbst,Q2,2405,4822,106676910,56086175,2026-09-08 04:46:27.078000+00:00
16732521,redblackbst,Q2,2406,4822,106678182,56086175,2026-09-08 04:54:17.118000+00:00
16732521,redblackbst,Q2,2407,4822,106683322,56086175,2026-09-08 05:14:18.606000+00:00
16732521,redblackbst,Q2,2408,4822,106686093,56086175,2026-09-08 05:26:20.092000+00:00
16732521,redblackbst,Q2,2409,4822,106687525,56086175,2026-09-08 05:34:17.308000+00:00
16732521,redblackbst,Q2,2410,4822,106688649,56086175,2026-09-08 05:38:18.026000+00:00
16732521,redblackbst,Q2,2411,4822,106689762,56086175,2026-09-08 05:42:17.911000+00:00
16732521,redblackbst,Q2,2412,4822,106695403,56086175,2026-09-08 06:06:20.083000+00:00
16732521,redblackbst,Q2,2413,4822,106697258,56086175,2026-09-08 06:14:18.098000+00:00
16732521,redblackbst,Q2,2414,4822,106700298,56086175,2026-09-08 06:30:16.705000+00:00
16732521,redblackbst,Q2,2415,4822,106705751,56086175,2026-09-08 06:50:18.275000+00:00
16732521,redblackbst,Q2,2416,4822,106706715,56086175,2026-09-08 06:54:18.578000+00:00
16732521,redblackbst,Q2,2417,4822,106707082,56086175,2026-09-08 06:58:17.380000+00:00
16732521,redblackbst,Q2,2418,4822,106712277,56086175,2026-09-08 07:18:18.327000+00:00
16732521,redblackbst,Q2,2419,4822,106714332,56086175,2026-09-08 07:30:16.810000+00:00
16732521,redblackbst,Q2,2420,4822,106719790,56086175,2026-09-08 07:50:18.173000+00:00
16732521,redblackbst,Q2,2421,4822,106725297,56086175,2026-09-08 08:14:18.045000+00:00
16732521,redblackbst,Q2,2422,4822,106730174,56086175,2026-09-08 08:34:18.698000+00:00
16732521,redblackbst,Q2,2423,4822,106732451,56086175,2026-09-08 08:46:19.500000+00:00
16732521,redblackbst,Q2,2424,4822,106733321,56086175,2026-09-08 08:50:19.007000+00:00
16732521,redblackbst,Q2,2425,4822,106738529,56086175,2026-09-08 09:10:24.001000+00:00
16732521,redblackbst,Q2,2426,4822,106741217,56086175,2026-09-08 09:22:22.706000+00:00
16732521,redblackbst,Q2,2427,4822,106745999,56086175,2026-09-08 09:42:18.513000+00:00
16732521,redblackbst,Q2,2428,4822,106750668,56086175,2026-09-08 10:02:18.771000+00:00
16732521,redblackbst,Q2,2429,4822,106750685,56086175,2026-09-08 10:02:18.791000+00:00
16732521,redblackbst,Q2,2430,4822,106750695,56086175,2026-09-08 10:02:18.805000+00:00
16732521,redblackbst,Q2,2431,4822,106753518,56086175,2026-09-08 10:14:18.613000+00:00
16732521,redblackbst,Q2,2432,4822,106754270,56086175,2026-09-08 10:18:19.189000+00:00
16732521,redblackbst,Q2,2433,4822,106758392,56086175,2026-09-08 10:38:17.778000+00:00
16732521,redblackbst,Q2,2434,4822,106759029,56086175,2026-09-08 10:38:18.992000+00:00
16732521,redblackbst,Q2,2435,4822,106763838,56086175,2026-09-08 10:58:18.402000+00:00
16732521,redblackbst,Q3,3591,4822,107753334,56159109,2026-09-11 07:49:22.424000+00:00
16732521,redblackbst,Q3,3592,4822,107754240,56159109,2026-09-11 07:53:23.769000+00:00
16732521,redblackbst,Q3,3593,4822,107754909,56153223,2026-09-11 07:53:24.856000+00:00
16732521,redblackbst,Q3,3594,4822,107755425,56159109,2026-09-11 07:57:26.904000+00:00
16732521,redblackbst,Q3,3595,4822,107756221,56159109,2026-09-11 08:01:28.606000+00:00
16732521,redblackbst,Q3,3596,4822,107757301,56159109,2026-09-11 08:05:23.015000+00:00
16732521,redblackbst,Q3,3597,4822,107758290,56159109,2026-09-11 08:09:23.011000+00:00
16732521,redblackbst,Q3,3598,4822,107759286,56159109,2026-09-11 08:13:23.011000+00:00
16732521,redblackbst,Q3,3599,4822,107760267,56159109,2026-09-11 08:17:22.673000+00:00
16732521,redblackbst,Q3,3600,4822,107760729,56153223,2026-09-11 08:17:23.305000+00:00
16732521,redblackbst,Q3,3601,4822,107761265,56159109,2026-09-11 08:21:23.969000+00:00
16732521,redblackbst,Q3,3602,4822,107761618,56159109,2026-09-11 08:21:24.490000+00:00
16732521,redblackbst,Q3,3603,4822,107762278,56159109,2026-09-11 08:25:23.291000+00:00
16732521,redblackbst,Q3,3604,4822,107763264,56159109,2026-09-11 08:29:24.921000+00:00
16732521,redblackbst,Q3,3605,4822,107764255,56159109,2026-09-11 08:33:23.434000+00:00
16732521,redblackbst,Q3,3606,4822,107764710,56159109,2026-09-11 08:33:24.231000+00:00
16732521,redblackbst,Q3,3607,4822,107765249,56159109,2026-09-11 08:37:22.997000+00:00
16732521,redblackbst,Q3,3608,4822,107766401,56159109,2026-09-11 08:41:24.470000+00:00
16732521,redblackbst,Q3,3609,4822,107766628,56153223,2026-09-11 08:41:24.709000+00:00
16732521,redblackbst,Q3,3610,4822,107766674,56153223,2026-09-11 08:41:24.795000+00:00
16732521,redblackbst,Q3,3611,4822,107767234,56159109,2026-09-11 08:45:22.801000+00:00
16732521,redblackbst,Q3,3612,4822,107768235,56159109,2026-09-11 08:49:24.631000+00:00
16732521,redblackbst,Q3,3613,4822,107769053,56159109,2026-09-11 08:53:29.209000+00:00
16732521,redblackbst,Q3,3614,4822,107770221,56159109,2026-09-11 08:57:31.226000+00:00
16732521,redblackbst,Q3,3615,4822,107771223,56159109,2026-09-11 09:01:34.674000+00:00
16732521,redblackbst,Q3,3616,4822,107771344,56153223,2026-09-11 09:01:34.908000+00:00
16732521,redblackbst,Q3,3617,4822,107772226,56159109,2026-09-11 09:05:35.401000+00:00
16732521,redblackbst,Q3,3618,4822,107773219,56159109,2026-09-11 09:09:29.705000+00:00
16732521,redblackbst,Q3,3619,4822,107774207,56159109,2026-09-11 09:13:27.945000+00:00
16732521,redblackbst,Q3,3620,4822,107775208,56159109,2026-09-11 09:17:28.736000+00:00
16732521,redblackbst,Q3,3621,4822,107776195,56159109,2026-09-11 09:21:25.178000+00:00
16732521,redblackbst,Q3,3622,4822,107776659,56153223,2026-09-11 09:21:26.123000+00:00
16732521,redblackbst,Q3,3623,4822,107777192,56159109,2026-09-11 09:25:23.223000+00:00
16732521,redblackbst,Q3,3624,4822,107778183,56159109,2026-09-11 09:29:23.116000+00:00
16732521,redblackbst,Q3,3625,4822,107779195,56159109,2026-09-11 09:33:23.024000+00:00
16732521,redblackbst,Q3,3626,4822,107779393,56159109,2026-09-11 09:33:23.492000+00:00
16732521,redblackbst,Q3,3627,4822,107780189,56159109,2026-09-11 09:37:23.509000+00:00
16732521,redblackbst,Q3,3628,4822,107781192,56159109,2026-09-11 09:41:23.995000+00:00
16732521,redblackbst,Q3,3629,4822,107782191,56159109,2026-09-11 09:45:23.122000+00:00
16732521,redblackbst,Q3,3630,4822,107782522,56153223,2026-09-11 09:45:23.612000+00:00
16732521,redblackbst,Q3,3631,4822,107783180,56159109,2026-09-11 09:49:23.384000+00:00
16732521,redblackbst,Q3,3632,4822,107784181,56159109,2026-09-11 09:53:23.126000+00:00
16732521,redblackbst,Q3,3633,4822,107785243,56159109,2026-09-11 09:57:23.981000+00:00
16732521,redblackbst,Q3,3634,4822,107786170,56159109,2026-09-11 10:01:23.119000+00:00
16732521,redblackbst,Q3,3635,4822,107787173,56159109,2026-09-11 10:05:23.475000+00:00
16732521,redblackbst,Q3,3636,4822,107788174,56159109,2026-09-11 10:09:23.581000+00:00
16732521,redblackbst,Q3,3637,4822,107788473,56153223,2026-09-11 10:09:24.039000+00:00
16732521,redblackbst,Q3,3638,4822,107789177,56159109,2026-09-11 10:13:25.376000+00:00
16732521,redblackbst,Q3,3639,4822,107790157,56159109,2026-09-11 10:17:24.235000+00:00
16732521,redblackbst,Q3,3640,4822,107791171,56159109,2026-09-11 10:21:26.907000+00:00
16732521,redblackbst,L,4772,4822,108843370,56221758,2026-09-14 08:22:51.623000+00:00
16732521,redblackbst,L,4773,4822,108844305,56221758,2026-09-14 08:26:57.237000+00:00
16732521,redblackbst,L,4774,4822,108845338,56221758,2026-09-14 08:30:51.780000+00:00
16732521,redblackbst,L,4775,4822,108846372,56221758,2026-09-14 08:34:51.003000+00:00
16732521,redblackbst,L,4776,4822,108847389,56221758,2026-09-14 08:38:58.694000+00:00
16732521,redblackbst,L,4777,4822,108848338,56221758,2026-09-14 08:42:52.291000+00:00
16732521,redblackbst,L,4778,4822,108848446,56221758,2026-09-14 08:42:52.493000+00:00
16732521,redblackbst,L,4779,4822,108849468,56221758,2026-09-14 08:46:55.132000+00:00
16732521,redblackbst,L,4780,4822,108849659,56221758,2026-09-14 08:46:55.484000+00:00
16732521,redblackbst,L,4781,4822,108850492,56221758,2026-09-14 08:50:55.027000+00:00
16732521,redblackbst,L,4782,4822,108851554,56221758,2026-09-14 08:54:56.730000+00:00
16732521,redblackbst,L,4783,4822,108851722,56221758,2026-09-14 08:54:57.077000+00:00
16732521,redblackbst,L,4784,4822,108852586,56221758,2026-09-14 08:59:00.217000+00:00
16732521,redblackbst,L,4785,4822,108853634,56221758,2026-09-14 09:02:55.081000+00:00
16732521,redblackbst,L,4786,4822,108854686,56221758,2026-09-14 09:07:04.008000+00:00
16732521,redblackbst,L,4787,4822,108860238,56221758,2026-09-14 09:26:51.377000+00:00
16732521,redblackbst,L,4788,4822,108861612,56221758,2026-09-14 09:34:57.631000+00:00
16732521,redblackbst,L,4789,4822,108867992,56221758,2026-09-14 09:58:53.099000+00:00
16732521,redblackbst,L,4790,4822,108874237,56221758,2026-09-14 10:22:55.302000+00:00
16732521,redblackbst,L,4791,4822,108880476,56221758,2026-09-14 10:46:52.445000+00:00
16732521,redblackbst,L,4792,4822,108886632,56221758,2026-09-14 11:10:50.371000+00:00
16732521,redblackbst,L,4793,4822,108889803,56221758,2026-09-14 11:22:53.836000+00:00
16732521,redblackbst,L,4794,4822,108892599,56221758,2026-09-14 11:34:51.614000+00:00
16732521,redblackbst,L,4795,4822,108895738,56221758,2026-09-14 11:46:50.543000+00:00
16732521,redblackbst,L,4796,4822,108897425,56221758,2026-09-14 11:54:49.688000+00:00
16732521,redblackbst,L,4797,4822,108904007,56221758,2026-09-14 12:18:52.507000+00:00
16732521,redblackbst,L,4798,4822,108911108,56221758,2026-09-14 12:46:50.792000+00:00
16732521,redblackbst,L,4799,4822,108917521,56221758,2026-09-14 13:10:50.686000+00:00
16732521,redblackbst,L,4800,4822,108924668,56221758,2026-09-14 13:39:01.778000+00:00
16732521,redblackbst,L,4801,4822,108931869,56221758,2026-09-14 14:06:50.088000+00:00
16732521,redblackbst,L,4802,4822,108931918,56221758,2026-09-14 14:06:50.149000+00:00
16732521,redblackbst,L,4803,4822,108939122,56221758,2026-09-14 14:34:56.235000+00:00
16732521,redblackbst,L,4804,4822,108946330,56221758,2026-09-14 15:02:53.207000+00:00
16732521,redblackbst,L,4805,4822,108953606,56221758,2026-09-14 15:30:52.617000+00:00
16732521,redblackbst,L,4806,4822,108960912,56221758,2026-09-14 15:58:58.958000+00:00
16732521,redblackbst,L,4807,4822,108960930,56221758,2026-09-14 15:58:58.994000+00:00
16732521,redblackbst,L,4808,4822,108960975,56221758,2026-09-14 15:58:59.047000+00:00
16732521,redblackbst,L,4809,4822,108964006,56221758,2026-09-14 16:10:54.326000+00:00
16732521,redblackbst,L,4810,4822,108969080,56221758,2026-09-14 16:30:50.742000+00:00
16732521,redblackbst,L,4811,4822,108975016,56221758,2026-09-14 16:54:50.412000+00:00
16732521,redblackbst,L,4812,4822,108976239,56221758,2026-09-14 16:58:53.213000+00:00
16732521,redblackbst,L,4813,4822,108976351,56221758,2026-09-14 16:58:53.384000+00:00
16732521,redblackbst,L,4814,4822,108983521,56221758,2026-09-14 17:28:45.756000+00:00
16732521,redblackbst,L,4815,4822,108983569,56221758,2026-09-14 17:28:45.843000+00:00
16732521,redblackbst,L,4816,4822,108985371,56221758,2026-09-14 17:36:42.547000+00:00
16732521,redblackbst,L,4817,4822,108991812,56221758,2026-09-14 18:00:43.081000+00:00
16732521,redblackbst,L,4818,4822,108998030,56221758,2026-09-14 18:24:41.135000+00:00
16732521,redblackbst,L,4819,4822,109004107,56221758,2026-09-14 18:48:41.548000+00:00
16732521,redblackbst,L,4820,4822,109007995,56221758,2026-09-14 19:04:40.552000+00:00
16732521,redblackbst,L,4821,4822,109013497,56221758,2026-09-14 19:24:42.444000+00:00
16732521,redblackbst,C0,0,115,108788579,56221758,2026-09-14 04:50:45.893000+00:00
16732521,redblackbst,C0,1,115,108789618,56221758,2026-09-14 04:54:45.636000+00:00
16732521,redblackbst,C0,2,115,108790619,56221758,2026-09-14 04:58:47.089000+00:00
16732521,redblackbst,C0,3,115,108791625,56221758,2026-09-14 05:02:45.495000+00:00
16732521,redblackbst,C0,4,115,108792660,56221758,2026-09-14 05:06:48.815000+00:00
16732521,redblackbst,C0,5,115,108793642,56221758,2026-09-14 05:10:48.798000+00:00
16732521,redblackbst,C0,6,115,108794653,56221758,2026-09-14 05:14:50.973000+00:00
16732521,redblackbst,C0,7,115,108795680,56221758,2026-09-14 05:18:47.284000+00:00
16732521,redblackbst,C0,8,115,108796740,56221758,2026-09-14 05:22:46.996000+00:00
16732521,redblackbst,C0,9,115,108797715,56221758,2026-09-14 05:26:50.819000+00:00
16732521,redblackbst,C0,10,115,108798722,56221758,2026-09-14 05:30:51.772000+00:00
16732521,redblackbst,C0,11,115,108799739,56221758,2026-09-14 05:34:51.367000+00:00
16732521,redblackbst,C0,12,115,108800760,56221758,2026-09-14 05:38:53.444000+00:00
16732521,redblackbst,C0,13,115,108801777,56221758,2026-09-14 05:42:49.965000+00:00
16732521,redblackbst,C0,14,115,108802791,56221758,2026-09-14 05:46:51.297000+00:00
16732521,redblackbst,C0,15,115,108803817,56221758,2026-09-14 05:50:52.651000+00:00
16732521,redblackbst,C0,16,115,108803837,56221758,2026-09-14 05:50:52.681000+00:00
16732521,redblackbst,C0,17,115,108804874,56221758,2026-09-14 05:54:49.344000+00:00
16732521,redblackbst,C0,18,115,108805928,56221758,2026-09-14 05:58:56.001000+00:00
16732521,redblackbst,C0,19,115,108806986,56221758,2026-09-14 06:02:55.728000+00:00
16732521,redblackbst,C0,20,115,108808048,56221758,2026-09-14 06:06:51.233000+00:00
16732521,redblackbst,C0,21,115,108808652,56221758,2026-09-14 06:06:52.398000+00:00
16732521,redblackbst,C0,22,115,108809080,56221758,2026-09-14 06:10:51.241000+00:00
16732521,redblackbst,C0,23,115,108810148,56221758,2026-09-14 06:14:54.126000+00:00
16732521,redblackbst,C0,24,115,108811191,56221758,2026-09-14 06:18:55.327000+00:00
16732521,redblackbst,C0,25,115,108812235,56221758,2026-09-14 06:22:50.789000+00:00
16732521,redblackbst,C0,26,115,108813002,56221758,2026-09-14 06:22:52.014000+00:00
16732521,redblackbst,C0,27,115,108813269,56221758,2026-09-14 06:26:50.620000+00:00
16732521,redblackbst,C0,28,115,108813298,56221758,2026-09-14 06:26:50.685000+00:00
16732521,redblackbst,C0,29,115,108814313,56221758,2026-09-14 06:30:54.977000+00:00
16732521,redblackbst,C0,30,115,108814900,56221758,2026-09-14 06:30:56.110000+00:00
16732521,redblackbst,C0,31,115,108815185,56221758,2026-09-14 06:34:54.132000+00:00
16732521,redblackbst,C0,32,115,108816364,56221758,2026-09-14 06:38:54.182000+00:00
16732521,redblackbst,C0,33,115,108817400,56221758,2026-09-14 06:42:52.279000+00:00
16732521,redblackbst,C0,34,115,108818021,56221758,2026-09-14 06:42:53.530000+00:00
16732521,redblackbst,C0,35,115,108818431,56221758,2026-09-14 06:46:48.912000+00:00
16732521,redblackbst,C0,36,115,108819467,56221758,2026-09-14 06:50:49.285000+00:00
16732521,redblackbst,C0,37,115,108820502,56221758,2026-09-14 06:54:48.998000+00:00
16732521,redblackbst,C0,38,115,108821529,56221758,2026-09-14 06:58:51.896000+00:00
16732521,redblackbst,C0,39,115,108822144,56221758,2026-09-14 06:58:52.908000+00:00
16732521,redblackbst,C0,40,115,108822572,56221758,2026-09-14 07:02:53.532000+00:00
16732521,redblackbst,C0,41,115,108823604,56221758,2026-09-14 07:06:50.618000+00:00
16732521,redblackbst,C0,42,115,108823972,56221758,2026-09-14 07:06:51.193000+00:00
16732521,redblackbst,C0,43,115,108824705,56221758,2026-09-14 07:10:50.471000+00:00
16732521,redblackbst,C0,44,115,108825689,56221758,2026-09-14 07:14:49.072000+00:00
16732521,redblackbst,C0,45,115,108826722,56221758,2026-09-14 07:18:52.495000+00:00
16732521,redblackbst,C0,46,115,108827155,56221758,2026-09-14 07:18:53.302000+00:00
16732521,redblackbst,C0,47,115,108827735,56221758,2026-09-14 07:22:49.003000+00:00
16732521,redblackbst,C0,48,115,108828381,56221758,2026-09-14 07:22:50.002000+00:00
16732521,redblackbst,C0,49,115,108828793,56221758,2026-09-14 07:26:49.473000+00:00
16778640,Kilupy,F,0,890,105167257,55987996,2026-09-03 15:42:24.881000+00:00
16778640,Kilupy,F,1,890,105168120,55987996,2026-09-03 15:46:23.491000+00:00
16778640,Kilupy,F,2,890,105168977,55987996,2026-09-03 15:50:23.169000+00:00
16778640,Kilupy,F,3,890,105169831,55987996,2026-09-03 15:54:27.808000+00:00
16778640,Kilupy,F,4,890,105170731,55987996,2026-09-03 15:58:23.905000+00:00
16778640,Kilupy,F,5,890,105171546,55987996,2026-09-03 16:02:23.298000+00:00
16778640,Kilupy,F,6,890,105172430,55987996,2026-09-03 16:06:23.467000+00:00
16778640,Kilupy,F,7,890,105173296,55987996,2026-09-03 16:10:23.304000+00:00
16778640,Kilupy,F,8,890,105174229,55987996,2026-09-03 16:14:25.539000+00:00
16778640,Kilupy,F,9,890,105175031,55987996,2026-09-03 16:18:25.850000+00:00
16778640,Kilupy,F,10,890,105175896,55987996,2026-09-03 16:22:23.252000+00:00
16778640,Kilupy,F,11,890,105176772,55987996,2026-09-03 16:26:23.243000+00:00
16778640,Kilupy,F,12,890,105177682,55987996,2026-09-03 16:30:26.007000+00:00
16778640,Kilupy,F,13,890,105178544,55987996,2026-09-03 16:34:25.004000+00:00
16778640,Kilupy,F,14,890,105179416,55987996,2026-09-03 16:38:23.363000+00:00
16778640,Kilupy,F,15,890,105180284,55987996,2026-09-03 16:42:23.259000+00:00
16778640,Kilupy,F,16,890,105181157,55987996,2026-09-03 16:46:23.629000+00:00
16778640,Kilupy,F,17,890,105182018,55987996,2026-09-03 16:50:23.644000+00:00
16778640,Kilupy,F,18,890,105182881,55987996,2026-09-03 16:54:23.669000+00:00
16778640,Kilupy,F,19,890,105183743,55987996,2026-09-03 16:58:23.441000+00:00
16778640,Kilupy,F,20,890,105184621,55987996,2026-09-03 17:02:24.238000+00:00
16778640,Kilupy,F,21,890,105185492,55987996,2026-09-03 17:06:23.336000+00:00
16778640,Kilupy,F,22,890,105186389,55987996,2026-09-03 17:10:23.599000+00:00
16778640,Kilupy,F,23,890,105187242,55987996,2026-09-03 17:14:24.818000+00:00
16778640,Kilupy,F,24,890,105188125,55987996,2026-09-03 17:18:26.810000+00:00
16778640,Kilupy,F,25,890,105189145,55987996,2026-09-03 17:22:29.364000+00:00
16778640,Kilupy,F,26,890,105189895,55987996,2026-09-03 17:26:28.436000+00:00
16778640,Kilupy,F,27,890,105190804,55987996,2026-09-03 17:30:27.573000+00:00
16778640,Kilupy,F,28,890,105191846,55987996,2026-09-03 17:34:38.962000+00:00
16778640,Kilupy,F,29,890,105193034,55987996,2026-09-03 17:38:31.228000+00:00
16778640,Kilupy,F,30,890,105194392,55987996,2026-09-03 17:42:33.155000+00:00
16778640,Kilupy,F,31,890,105195521,55987996,2026-09-03 17:46:29.094000+00:00
16778640,Kilupy,F,32,890,105196391,55987996,2026-09-03 17:50:28.663000+00:00
16778640,Kilupy,F,33,890,105197570,55987996,2026-09-03 17:54:33.348000+00:00
16778640,Kilupy,F,34,890,105198658,55987996,2026-09-03 17:58:31.147000+00:00
16778640,Kilupy,F,35,890,105199687,55987996,2026-09-03 18:02:29.003000+00:00
16778640,Kilupy,F,36,890,105218154,55987996,2026-09-03 19:10:29.677000+00:00
16778640,Kilupy,F,37,890,105232864,55987996,2026-09-03 20:10:30.647000+00:00
16778640,Kilupy,F,38,890,105259241,55987996,2026-09-03 22:08:13.428000+00:00
16778640,Kilupy,F,39,890,105293040,55987996,2026-09-04 00:16:29.704000+00:00
16778640,Kilupy,F,40,890,105307935,55987996,2026-09-04 01:04:29.227000+00:00
16778640,Kilupy,F,41,890,105326407,55987996,2026-09-04 02:00:33.906000+00:00
16778640,Kilupy,F,42,890,105333172,55987996,2026-09-04 02:28:36.411000+00:00
16778640,Kilupy,F,43,890,105357595,55987996,2026-09-04 04:20:38.108000+00:00
16778640,Kilupy,F,44,890,105360753,55987996,2026-09-04 04:32:34.868000+00:00
16778640,Kilupy,F,45,890,105400088,55987996,2026-09-04 07:29:03.870000+00:00
16778640,Kilupy,F,46,890,105439824,55987996,2026-09-04 10:29:34.473000+00:00
16778640,Kilupy,F,47,890,105440547,55987996,2026-09-04 10:33:34.917000+00:00
16778640,Kilupy,F,48,890,105461187,55987996,2026-09-04 12:05:49.392000+00:00
16778640,Kilupy,F,49,890,105461759,55987996,2026-09-04 12:09:55.563000+00:00
16778640,Kilupy,Q1,197,890,107430758,56140431,2026-09-10 09:47:58.480000+00:00
16778640,Kilupy,Q1,198,890,107431620,56140431,2026-09-10 09:52:01.194000+00:00
16778640,Kilupy,Q1,199,890,107432601,56140431,2026-09-10 09:55:58.275000+00:00
16778640,Kilupy,Q1,200,890,107433603,56140431,2026-09-10 09:59:58.206000+00:00
16778640,Kilupy,Q1,201,890,107434604,56140431,2026-09-10 10:03:58.004000+00:00
16778640,Kilupy,Q1,202,890,107435592,56140431,2026-09-10 10:07:57.904000+00:00
16778640,Kilupy,Q1,203,890,107435700,56140431,2026-09-10 10:07:58.106000+00:00
16778640,Kilupy,Q1,204,890,107436592,56140431,2026-09-10 10:12:01.824000+00:00
16778640,Kilupy,Q1,205,890,107437546,56140431,2026-09-10 10:15:58.045000+00:00
16778640,Kilupy,Q1,206,890,107438542,56140431,2026-09-10 10:19:57.875000+00:00
16778640,Kilupy,Q1,207,890,107439537,56140431,2026-09-10 10:23:58.082000+00:00
16778640,Kilupy,Q1,208,890,107440546,56140431,2026-09-10 10:27:59.040000+00:00
16778640,Kilupy,Q1,209,890,107441526,56140431,2026-09-10 10:32:09.340000+00:00
16778640,Kilupy,Q1,210,890,107442500,56140431,2026-09-10 10:35:59.518000+00:00
16778640,Kilupy,Q1,211,890,107442961,56140431,2026-09-10 10:40:03.939000+00:00
16778640,Kilupy,Q1,212,890,107443491,56140431,2026-09-10 10:40:04.714000+00:00
16778640,Kilupy,Q1,213,890,107444474,56140431,2026-09-10 10:44:07.749000+00:00
16778640,Kilupy,Q1,214,890,107450106,56140431,2026-09-10 11:07:58.514000+00:00
16778640,Kilupy,Q1,215,890,107456604,56140431,2026-09-10 11:36:11.979000+00:00
16778640,Kilupy,Q1,216,890,107476671,56140431,2026-09-10 12:56:03.791000+00:00
16778640,Kilupy,Q1,217,890,107500082,56140431,2026-09-10 14:32:15.908000+00:00
16778640,Kilupy,Q1,218,890,107518856,56140431,2026-09-10 15:48:09.382000+00:00
16778640,Kilupy,Q1,219,890,107522210,56140431,2026-09-10 16:04:08.492000+00:00
16778640,Kilupy,Q1,220,890,107551233,56140431,2026-09-10 18:00:10.912000+00:00
16778640,Kilupy,Q1,221,890,107581374,56140431,2026-09-10 20:04:11.329000+00:00
16778640,Kilupy,Q1,222,890,107593673,56140431,2026-09-10 20:56:09.596000+00:00
16778640,Kilupy,Q1,223,890,107595607,56140431,2026-09-10 21:04:09.778000+00:00
16778640,Kilupy,Q1,224,890,107628332,56140431,2026-09-10 23:20:47.783000+00:00
16778640,Kilupy,Q1,225,890,107630873,56140431,2026-09-10 23:32:48.576000+00:00
16778640,Kilupy,Q1,226,890,107666786,56140431,2026-09-11 01:56:46.119000+00:00
16778640,Kilupy,Q1,227,890,107693060,56140431,2026-09-11 03:44:52.412000+00:00
16778640,Kilupy,Q1,228,890,107725902,56140431,2026-09-11 05:57:22.813000+00:00
16778640,Kilupy,Q1,229,890,107727976,56140431,2026-09-11 06:05:22.934000+00:00
16778640,Kilupy,Q1,230,890,108296908,56192509,2026-09-12 20:34:35.915000+00:00
16778640,Kilupy,Q1,231,890,108297892,56192509,2026-09-12 20:38:45.989000+00:00
16778640,Kilupy,Q1,232,890,108298900,56192509,2026-09-12 20:42:35.880000+00:00
16778640,Kilupy,Q1,233,890,108298928,56192509,2026-09-12 20:42:35.915000+00:00
16778640,Kilupy,Q1,234,890,108299885,56192509,2026-09-12 20:46:35.118000+00:00
16778640,Kilupy,Q1,235,890,108300879,56192509,2026-09-12 20:50:35.681000+00:00
16778640,Kilupy,Q1,236,890,108301886,56192509,2026-09-12 20:54:37.086000+00:00
16778640,Kilupy,Q1,237,890,108302878,56192509,2026-09-12 20:58:37.647000+00:00
16778640,Kilupy,Q1,238,890,108303877,56192509,2026-09-12 21:02:38.021000+00:00
16778640,Kilupy,Q1,239,890,108304896,56192509,2026-09-12 21:06:37.604000+00:00
16778640,Kilupy,Q1,240,890,108305886,56192509,2026-09-12 21:10:36.892000+00:00
16778640,Kilupy,Q1,241,890,108306888,56192509,2026-09-12 21:14:36.343000+00:00
16778640,Kilupy,Q1,242,890,108307892,56192509,2026-09-12 21:18:45.073000+00:00
16778640,Kilupy,Q1,243,890,108308888,56192509,2026-09-12 21:22:37.585000+00:00
16778640,Kilupy,Q1,244,890,108309902,56192509,2026-09-12 21:26:39.381000+00:00
16778640,Kilupy,Q1,245,890,108310896,56192509,2026-09-12 21:30:38.751000+00:00
16778640,Kilupy,Q1,246,890,108311892,56192509,2026-09-12 21:34:39.230000+00:00
16778640,Kilupy,Q2,420,890,108604957,56209570,2026-09-13 16:50:44.785000+00:00
16778640,Kilupy,Q2,421,890,108605611,56209570,2026-09-13 16:50:45.825000+00:00
16778640,Kilupy,Q2,422,890,108605980,56209570,2026-09-13 16:54:47.034000+00:00
16778640,Kilupy,Q2,423,890,108606320,56209570,2026-09-13 16:54:47.625000+00:00
16778640,Kilupy,Q2,424,890,108606684,56192509,2026-09-13 16:54:48.131000+00:00
16778640,Kilupy,Q2,425,890,108606997,56209570,2026-09-13 16:58:44.428000+00:00
16778640,Kilupy,Q2,426,890,108607529,56192509,2026-09-13 16:58:45.281000+00:00
16778640,Kilupy,Q2,427,890,108608015,56209570,2026-09-13 17:02:42.978000+00:00
16778640,Kilupy,Q2,428,890,108609039,56209570,2026-09-13 17:06:43.723000+00:00
16778640,Kilupy,Q2,429,890,108610075,56209570,2026-09-13 17:10:46.984000+00:00
16778640,Kilupy,Q2,430,890,108611092,56209570,2026-09-13 17:14:42.341000+00:00
16778640,Kilupy,Q2,431,890,108612120,56209570,2026-09-13 17:18:43.894000+00:00
16778640,Kilupy,Q2,432,890,108613156,56209570,2026-09-13 17:22:43.694000+00:00
16778640,Kilupy,Q2,433,890,108613390,56192509,2026-09-13 17:22:44.044000+00:00
16778640,Kilupy,Q2,434,890,108613402,56209570,2026-09-13 17:22:44.080000+00:00
16778640,Kilupy,Q2,435,890,108613703,56192509,2026-09-13 17:22:44.526000+00:00
16778640,Kilupy,Q2,436,890,108614186,56209570,2026-09-13 17:26:44.016000+00:00
16778640,Kilupy,Q2,437,890,108614384,56209570,2026-09-13 17:26:44.306000+00:00
16778640,Kilupy,Q2,438,890,108615222,56209570,2026-09-13 17:30:42.706000+00:00
16778640,Kilupy,Q2,439,890,108615290,56192509,2026-09-13 17:30:42.818000+00:00
16778640,Kilupy,Q2,440,890,108616238,56209570,2026-09-13 17:34:43.518000+00:00
16778640,Kilupy,Q2,441,890,108617272,56209570,2026-09-13 17:38:45.646000+00:00
16778640,Kilupy,Q2,442,890,108618299,56209570,2026-09-13 17:42:43.334000+00:00
16778640,Kilupy,Q2,443,890,108618882,56209570,2026-09-13 17:42:44.322000+00:00
16778640,Kilupy,Q2,444,890,108619341,56209570,2026-09-13 17:46:42.986000+00:00
16778640,Kilupy,Q2,445,890,108620360,56209570,2026-09-13 17:50:46.006000+00:00
16778640,Kilupy,Q2,446,890,108620921,56192509,2026-09-13 17:50:47.011000+00:00
16778640,Kilupy,Q2,447,890,108621393,56209570,2026-09-13 17:54:48.231000+00:00
16778640,Kilupy,Q2,448,890,108622526,56209570,2026-09-13 17:58:50.335000+00:00
16778640,Kilupy,Q2,449,890,108622461,56209570,2026-09-13 17:58:50.591000+00:00
16778640,Kilupy,Q2,450,890,108623449,56209570,2026-09-13 18:02:47.739000+00:00
16778640,Kilupy,Q2,451,890,108624458,56209570,2026-09-13 18:06:44.194000+00:00
16778640,Kilupy,Q2,452,890,108624978,56209570,2026-09-13 18:06:45.036000+00:00
16778640,Kilupy,Q2,453,890,108625485,56209570,2026-09-13 18:10:44.610000+00:00
16778640,Kilupy,Q2,454,890,108626511,56209570,2026-09-13 18:14:46.325000+00:00
16778640,Kilupy,Q2,455,890,108626580,56192509,2026-09-13 18:14:46.411000+00:00
16778640,Kilupy,Q2,456,890,108626802,56192509,2026-09-13 18:14:46.736000+00:00
16778640,Kilupy,Q2,457,890,108627543,56209570,2026-09-13 18:18:47.280000+00:00
16778640,Kilupy,Q2,458,890,108628405,56209570,2026-09-13 18:22:46.416000+00:00
16778640,Kilupy,Q2,459,890,108628580,56209570,2026-09-13 18:22:46.684000+00:00
16778640,Kilupy,Q2,460,890,108629601,56209570,2026-09-13 18:26:49.331000+00:00
16778640,Kilupy,Q2,461,890,108630636,56209570,2026-09-13 18:30:42.816000+00:00
16778640,Kilupy,Q2,462,890,108631662,56209570,2026-09-13 18:34:49.605000+00:00
16778640,Kilupy,Q2,463,890,108632052,56192509,2026-09-13 18:34:50.231000+00:00
16778640,Kilupy,Q2,464,890,108632685,56209570,2026-09-13 18:38:45.773000+00:00
16778640,Kilupy,Q2,465,890,108633707,56209570,2026-09-13 18:42:43.316000+00:00
16778640,Kilupy,Q2,466,890,108634180,56192509,2026-09-13 18:42:44.174000+00:00
16778640,Kilupy,Q2,467,890,108634740,56209570,2026-09-13 18:46:45.598000+00:00
16778640,Kilupy,Q2,468,890,108635771,56209570,2026-09-13 18:50:45.824000+00:00
16778640,Kilupy,Q2,469,890,108636789,56209570,2026-09-13 18:54:44.518000+00:00
16778640,Kilupy,Q3,643,890,108881401,56209570,2026-09-14 10:50:51.879000+00:00
16778640,Kilupy,Q3,644,890,108882656,56209570,2026-09-14 10:54:52.726000+00:00
16778640,Kilupy,Q3,645,890,108883659,56192509,2026-09-14 10:58:54.218000+00:00
16778640,Kilupy,Q3,646,890,108884023,56192509,2026-09-14 11:02:49.073000+00:00
16778640,Kilupy,Q3,647,890,108884595,56209570,2026-09-14 11:02:50.138000+00:00
16778640,Kilupy,Q3,648,890,108886395,56192509,2026-09-14 11:10:49.928000+00:00
16778640,Kilupy,Q3,649,890,108890553,56209570,2026-09-14 11:26:56.113000+00:00
16778640,Kilupy,Q3,650,890,108891975,56192509,2026-09-14 11:34:50.531000+00:00
16778640,Kilupy,Q3,651,890,108892223,56209570,2026-09-14 11:34:50.919000+00:00
16778640,Kilupy,Q3,652,890,108892621,56192509,2026-09-14 11:34:51.640000+00:00
16778640,Kilupy,Q3,653,890,108895750,56192509,2026-09-14 11:46:50.583000+00:00
16778640,Kilupy,Q3,654,890,108898693,56209570,2026-09-14 11:58:50.816000+00:00
16778640,Kilupy,Q3,655,890,108898828,56209570,2026-09-14 11:58:51.184000+00:00
16778640,Kilupy,Q3,656,890,108899565,56192509,2026-09-14 12:02:51.201000+00:00
16778640,Kilupy,Q3,657,890,108901397,56192509,2026-09-14 12:10:50.446000+00:00
16778640,Kilupy,Q3,658,890,108901953,56192509,2026-09-14 12:10:51.628000+00:00
16778640,Kilupy,Q3,659,890,108902706,56209570,2026-09-14 12:14:50.519000+00:00
16778640,Kilupy,Q3,660,890,108904528,56192509,2026-09-14 12:22:49.371000+00:00
16778640,Kilupy,Q3,661,890,108906626,56192509,2026-09-14 12:30:50.107000+00:00
16778640,Kilupy,Q3,662,890,108908673,56209570,2026-09-14 12:38:51.190000+00:00
16778640,Kilupy,Q3,663,890,108908730,56192509,2026-09-14 12:38:51.301000+00:00
16778640,Kilupy,Q3,664,890,108909233,56209570,2026-09-14 12:38:52.331000+00:00
16778640,Kilupy,Q3,665,890,108912106,56192509,2026-09-14 12:50:53.520000+00:00
16778640,Kilupy,Q3,666,890,108912994,56209570,2026-09-14 12:54:50.115000+00:00
16778640,Kilupy,Q3,667,890,108917068,56192509,2026-09-14 13:10:49.846000+00:00
16778640,Kilupy,Q3,668,890,108919562,56209570,2026-09-14 13:18:57.938000+00:00
16778640,Kilupy,Q3,669,890,108923189,56209570,2026-09-14 13:34:50.379000+00:00
16778640,Kilupy,Q3,670,890,108924524,56192509,2026-09-14 13:39:01.487000+00:00
16778640,Kilupy,Q3,671,890,108924583,56192509,2026-09-14 13:39:01.600000+00:00
16778640,Kilupy,Q3,672,890,108925673,56209570,2026-09-14 13:42:52.025000+00:00
16778640,Kilupy,Q3,673,890,108926255,56192509,2026-09-14 13:46:50.305000+00:00
16778640,Kilupy,Q3,674,890,108932950,56209570,2026-09-14 14:10:50.787000+00:00
16778640,Kilupy,Q3,675,890,108933492,56192509,2026-09-14 14:14:51.182000+00:00
16778640,Kilupy,Q3,676,890,108933845,56192509,2026-09-14 14:14:51.742000+00:00
16778640,Kilupy,Q3,677,890,108933863,56192509,2026-09-14 14:14:51.852000+00:00
16778640,Kilupy,Q3,678,890,108936813,56209570,2026-09-14 14:26:51.793000+00:00
16778640,Kilupy,Q3,679,890,108940165,56209570,2026-09-14 14:38:56.032000+00:00
16778640,Kilupy,Q3,680,890,108940751,56209570,2026-09-14 14:42:49.781000+00:00
16778640,Kilupy,Q3,681,890,108941136,56192509,2026-09-14 14:42:50.526000+00:00
16778640,Kilupy,Q3,682,890,108942929,56192509,2026-09-14 14:50:50.196000+00:00
16778640,Kilupy,Q3,683,890,108943771,56192509,2026-09-14 14:54:49.687000+00:00
16778640,Kilupy,Q3,684,890,108945218,56209570,2026-09-14 14:58:50.902000+00:00
16778640,Kilupy,Q3,685,890,108946479,56192509,2026-09-14 15:02:53.173000+00:00
16778640,Kilupy,Q3,686,890,108947862,56192509,2026-09-14 15:10:49.672000+00:00
16778640,Kilupy,Q3,687,890,108951533,56209570,2026-09-14 15:22:55.729000+00:00
16778640,Kilupy,Q3,688,890,108952567,56209570,2026-09-14 15:26:56.994000+00:00
16778640,Kilupy,Q3,689,890,108953343,56209570,2026-09-14 15:30:52.810000+00:00
16778640,Kilupy,Q3,690,890,108953503,56209570,2026-09-14 15:30:53.217000+00:00
16778640,Kilupy,Q3,691,890,108954785,56192509,2026-09-14 15:34:53.735000+00:00
16778640,Kilupy,Q3,692,890,108960534,56209570,2026-09-14 15:58:57.850000+00:00
16778640,Kilupy,L,840,890,109054300,56237107,2026-09-14 22:09:17.618000+00:00
16778640,Kilupy,L,841,890,109054309,56237106,2026-09-14 22:09:17.645000+00:00
16778640,Kilupy,L,842,890,109055327,56237107,2026-09-14 22:13:16.709000+00:00
16778640,Kilupy,L,843,890,109055338,56237106,2026-09-14 22:13:16.727000+00:00
16778640,Kilupy,L,844,890,109055352,56237107,2026-09-14 22:13:16.738000+00:00
16778640,Kilupy,L,845,890,109055842,56237107,2026-09-14 22:13:17.708000+00:00
16778640,Kilupy,L,846,890,109056372,56237107,2026-09-14 22:17:16.189000+00:00
16778640,Kilupy,L,847,890,109056378,56237106,2026-09-14 22:17:16.190000+00:00
16778640,Kilupy,L,848,890,109057418,56237107,2026-09-14 22:21:16.057000+00:00
16778640,Kilupy,L,849,890,109057419,56237106,2026-09-14 22:21:16.059000+00:00
16778640,Kilupy,L,850,890,109058460,56237107,2026-09-14 22:27:34.339000+00:00
16778640,Kilupy,L,851,890,109058467,56237106,2026-09-14 22:27:34.393000+00:00
16778640,Kilupy,L,852,890,109059113,56237107,2026-09-14 22:27:36.292000+00:00
16778640,Kilupy,L,853,890,109059519,56237106,2026-09-14 22:31:21.354000+00:00
16778640,Kilupy,L,854,890,109059522,56237107,2026-09-14 22:31:21.356000+00:00
16778640,Kilupy,L,855,890,109060167,56237107,2026-09-14 22:31:22.437000+00:00
16778640,Kilupy,L,856,890,109060685,56237106,2026-09-14 22:37:47.905000+00:00
16778640,Kilupy,L,857,890,109060600,56237107,2026-09-14 22:37:47.932000+00:00
16778640,Kilupy,L,858,890,109061592,56237106,2026-09-14 22:41:34.821000+00:00
16778640,Kilupy,L,859,890,109061598,56237107,2026-09-14 22:41:34.825000+00:00
16778640,Kilupy,L,860,890,109062625,56237106,2026-09-14 22:45:38.498000+00:00
16778640,Kilupy,L,861,890,109062642,56237107,2026-09-14 22:45:38.525000+00:00
16778640,Kilupy,L,862,890,109063655,56237106,2026-09-14 22:49:33.901000+00:00
16778640,Kilupy,L,863,890,109063670,56237107,2026-09-14 22:49:33.919000+00:00
16778640,Kilupy,L,864,890,109064605,56237106,2026-09-14 22:53:35.697000+00:00
16778640,Kilupy,L,865,890,109064619,56237107,2026-09-14 22:53:35.708000+00:00
16778640,Kilupy,L,866,890,109065732,56237106,2026-09-14 22:57:34.401000+00:00
16778640,Kilupy,L,867,890,109065741,56237107,2026-09-14 22:57:34.411000+00:00
16778640,Kilupy,L,868,890,109066762,56237106,2026-09-14 23:01:33.537000+00:00
16778640,Kilupy,L,869,890,109066775,56237107,2026-09-14 23:01:33.545000+00:00
16778640,Kilupy,L,870,890,109066810,56237106,2026-09-14 23:01:33.603000+00:00
16778640,Kilupy,L,871,890,109067812,56237106,2026-09-14 23:05:33.423000+00:00
16778640,Kilupy,L,872,890,109067865,56237107,2026-09-14 23:05:33.486000+00:00
16778640,Kilupy,L,873,890,109069074,56237107,2026-09-14 23:09:33.675000+00:00
16778640,Kilupy,L,874,890,109069099,56237106,2026-09-14 23:09:33.931000+00:00
16778640,Kilupy,L,875,890,109069902,56237106,2026-09-14 23:13:33.865000+00:00
16778640,Kilupy,L,876,890,109072338,56237107,2026-09-14 23:21:35.005000+00:00
16778640,Kilupy,L,877,890,109072545,56237106,2026-09-14 23:21:35.379000+00:00
16778640,Kilupy,L,878,890,109074354,56237106,2026-09-14 23:29:34.688000+00:00
16778640,Kilupy,L,879,890,109074373,56237106,2026-09-14 23:29:34.714000+00:00
16778640,Kilupy,L,880,890,109076761,56237107,2026-09-14 23:40:06.953000+00:00
16778640,Kilupy,L,881,890,109079306,56237106,2026-09-14 23:47:46.971000+00:00
16778640,Kilupy,L,882,890,109081873,56237107,2026-09-14 23:55:46.008000+00:00
16778640,Kilupy,L,883,890,109082891,56237107,2026-09-14 23:59:52.781000+00:00
16778640,Kilupy,L,884,890,109084265,56237106,2026-09-15 00:03:46.887000+00:00
16778640,Kilupy,L,885,890,109088184,56237107,2026-09-15 00:15:52.062000+00:00
16778640,Kilupy,L,886,890,109089606,56237106,2026-09-15 00:19:51.686000+00:00
16778640,Kilupy,L,887,890,109092800,56237107,2026-09-15 00:31:47.015000+00:00
16778640,Kilupy,L,888,890,109093957,56237107,2026-09-15 00:35:46.119000+00:00
16778640,Kilupy,L,889,890,109095086,56237106,2026-09-15 00:39:51.304000+00:00
16778640,Kilupy,C0,0,86,108998380,56237107,2026-09-14 18:28:41.867000+00:00
16778640,Kilupy,C0,1,86,108999416,56237107,2026-09-14 18:32:39.939000+00:00
16778640,Kilupy,C0,2,86,109000397,56237107,2026-09-14 18:36:44.788000+00:00
16778640,Kilupy,C0,3,86,109001431,56237107,2026-09-14 18:40:40.444000+00:00
16778640,Kilupy,C0,4,86,109002456,56237107,2026-09-14 18:44:39.885000+00:00
16778640,Kilupy,C0,5,86,109003481,56237107,2026-09-14 18:48:40.337000+00:00
16778640,Kilupy,C0,6,86,109004505,56237107,2026-09-14 18:52:40.165000+00:00
16778640,Kilupy,C0,7,86,109005534,56237107,2026-09-14 18:56:39.788000+00:00
16778640,Kilupy,C0,8,86,109006565,56237107,2026-09-14 19:00:40.602000+00:00
16778640,Kilupy,C0,9,86,109006827,56237107,2026-09-14 19:00:40.985000+00:00
16778640,Kilupy,C0,10,86,109007590,56237107,2026-09-14 19:04:39.901000+00:00
16778640,Kilupy,C0,11,86,109008619,56237107,2026-09-14 19:08:42.127000+00:00
16778640,Kilupy,C0,12,86,109009646,56237107,2026-09-14 19:12:39.569000+00:00
16778640,Kilupy,C0,13,86,109010677,56237107,2026-09-14 19:16:40.297000+00:00
16778640,Kilupy,C0,14,86,109011702,56237107,2026-09-14 19:20:40.838000+00:00
16778640,Kilupy,C0,15,86,109012756,56237107,2026-09-14 19:24:41.047000+00:00
16778640,Kilupy,C0,16,86,109013801,56237107,2026-09-14 19:28:41.213000+00:00
16778640,Kilupy,C0,17,86,109014856,56237107,2026-09-14 19:32:40.338000+00:00
16778640,Kilupy,C0,18,86,109015899,56237107,2026-09-14 19:36:40.057000+00:00
16778640,Kilupy,C0,19,86,109016944,56237107,2026-09-14 19:40:40.580000+00:00
16778640,Kilupy,C0,20,86,109018007,56237107,2026-09-14 19:44:40.502000+00:00
16778640,Kilupy,C0,21,86,109019082,56237107,2026-09-14 19:53:28.894000+00:00
16778640,Kilupy,C0,22,86,109020106,56237107,2026-09-14 19:57:13.633000+00:00
16778640,Kilupy,C0,23,86,109021174,56237107,2026-09-14 20:01:12.964000+00:00
16778640,Kilupy,C0,24,86,109021433,56237107,2026-09-14 20:01:13.331000+00:00
16778640,Kilupy,C0,25,86,109022189,56237107,2026-09-14 20:05:12.800000+00:00
16778640,Kilupy,C0,26,86,109023232,56237107,2026-09-14 20:09:12.585000+00:00
16778640,Kilupy,C0,27,86,109024303,56237107,2026-09-14 20:13:12.992000+00:00
16778640,Kilupy,C0,28,86,109025304,56237107,2026-09-14 20:17:12.483000+00:00
16778640,Kilupy,C0,29,86,109026352,56237107,2026-09-14 20:21:13.209000+00:00
16778640,Kilupy,C0,30,86,109027388,56237107,2026-09-14 20:25:23.924000+00:00
16778640,Kilupy,C0,31,86,109028424,56237107,2026-09-14 20:29:19.884000+00:00
16778640,Kilupy,C0,32,86,109029457,56237107,2026-09-14 20:33:15.859000+00:00
16778640,Kilupy,C0,33,86,109030152,56237107,2026-09-14 20:33:17.002000+00:00
16778640,Kilupy,C0,34,86,109030498,56237107,2026-09-14 20:37:15.128000+00:00
16778640,Kilupy,C0,35,86,109031527,56237107,2026-09-14 20:41:15.436000+00:00
16778640,Kilupy,C0,36,86,109032555,56237107,2026-09-14 20:45:15.402000+00:00
16778640,Kilupy,C0,37,86,109033808,56237107,2026-09-14 20:49:16.410000+00:00
16778640,Kilupy,C0,38,86,109034387,56237107,2026-09-14 20:49:17.075000+00:00
16778640,Kilupy,C0,39,86,109034632,56237107,2026-09-14 20:53:16.510000+00:00
16778640,Kilupy,C0,40,86,109035677,56237107,2026-09-14 20:57:16.312000+00:00
16778640,Kilupy,C0,41,86,109036697,56237107,2026-09-14 21:01:16.105000+00:00
16778640,Kilupy,C0,42,86,109037730,56237107,2026-09-14 21:05:15.484000+00:00
16778640,Kilupy,C0,43,86,109038764,56237107,2026-09-14 21:09:15.916000+00:00
16778640,Kilupy,C0,44,86,109039804,56237107,2026-09-14 21:13:15.699000+00:00
16778640,Kilupy,C0,45,86,109040832,56237107,2026-09-14 21:17:16.387000+00:00
16778640,Kilupy,C0,46,86,109041867,56237107,2026-09-14 21:21:16.289000+00:00
16778640,Kilupy,C0,47,86,109042903,56237107,2026-09-14 21:25:16.299000+00:00
16778640,Kilupy,C0,48,86,109043926,56237107,2026-09-14 21:29:16.209000+00:00
16778640,Kilupy,C0,49,86,109044986,56237107,2026-09-14 21:33:16.013000+00:00
16644724,Kaggriculture Agent,F,0,8989,89058344,55123223,2026-07-31 01:04:40.902000+00:00
16644724,Kaggriculture Agent,F,1,8989,89058835,55123223,2026-07-31 01:08:39.761000+00:00
16644724,Kaggriculture Agent,F,2,8989,89059340,55123223,2026-07-31 01:12:38.845000+00:00
16644724,Kaggriculture Agent,F,3,8989,89059867,55123223,2026-07-31 01:16:36.667000+00:00
16644724,Kaggriculture Agent,F,4,8989,89059868,55123223,2026-07-31 01:16:36.669000+00:00
16644724,Kaggriculture Agent,F,5,8989,89059874,55123223,2026-07-31 01:16:36.673000+00:00
16644724,Kaggriculture Agent,F,6,8989,89060363,55123223,2026-07-31 01:20:41.412000+00:00
16644724,Kaggriculture Agent,F,7,8989,89060844,55123223,2026-07-31 01:24:38.439000+00:00
16644724,Kaggriculture Agent,F,8,8989,89061335,55123223,2026-07-31 01:28:42.308000+00:00
16644724,Kaggriculture Agent,F,9,8989,89062328,55123223,2026-07-31 01:36:41.304000+00:00
16644724,Kaggriculture Agent,F,10,8989,89063307,55123223,2026-07-31 01:44:48.164000+00:00
16644724,Kaggriculture Agent,F,11,8989,89063309,55123223,2026-07-31 01:44:48.166000+00:00
16644724,Kaggriculture Agent,F,12,8989,89063808,55123223,2026-07-31 01:48:40.445000+00:00
16644724,Kaggriculture Agent,F,13,8989,89070098,55123223,2026-07-31 02:40:47.737000+00:00
16644724,Kaggriculture Agent,F,14,8989,89071092,55123223,2026-07-31 02:48:42.024000+00:00
16644724,Kaggriculture Agent,F,15,8989,89081681,55123223,2026-07-31 04:16:38.810000+00:00
16644724,Kaggriculture Agent,F,16,8989,89083601,55123223,2026-07-31 04:32:46.655000+00:00
16644724,Kaggriculture Agent,F,17,8989,89084576,55123223,2026-07-31 04:40:47.560000+00:00
16644724,Kaggriculture Agent,F,18,8989,89091739,55123223,2026-07-31 05:40:44.266000+00:00
16644724,Kaggriculture Agent,F,19,8989,89092738,55123223,2026-07-31 05:48:46.508000+00:00
16644724,Kaggriculture Agent,F,20,8989,89095142,55123223,2026-07-31 06:08:47.190000+00:00
16644724,Kaggriculture Agent,F,21,8989,89097060,55123223,2026-07-31 06:24:45.890000+00:00
16644724,Kaggriculture Agent,F,22,8989,89104371,55123223,2026-07-31 07:24:44.940000+00:00
16644724,Kaggriculture Agent,F,23,8989,89112229,55123223,2026-07-31 08:28:42.715000+00:00
16644724,Kaggriculture Agent,F,24,8989,89112239,55123223,2026-07-31 08:28:42.722000+00:00
16644724,Kaggriculture Agent,F,25,8989,89112237,55123223,2026-07-31 08:28:42.723000+00:00
16644724,Kaggriculture Agent,F,26,8989,89113709,55123223,2026-07-31 08:40:43.427000+00:00
16644724,Kaggriculture Agent,F,27,8989,89116185,55123223,2026-07-31 09:00:43.744000+00:00
16644724,Kaggriculture Agent,F,28,8989,89116671,55123223,2026-07-31 09:04:46.540000+00:00
16644724,Kaggriculture Agent,F,29,8989,89119107,55123223,2026-07-31 09:24:47.280000+00:00
16644724,Kaggriculture Agent,F,30,8989,89119591,55123223,2026-07-31 09:28:48.739000+00:00
16644724,Kaggriculture Agent,F,31,8989,89122999,55123223,2026-07-31 09:56:45.891000+00:00
16644724,Kaggriculture Agent,F,32,8989,89123501,55123223,2026-07-31 10:00:47.195000+00:00
16644724,Kaggriculture Agent,F,33,8989,89125500,55123223,2026-07-31 10:16:44.243000+00:00
16644724,Kaggriculture Agent,F,34,8989,89126470,55123223,2026-07-31 10:24:46.400000+00:00
16644724,Kaggriculture Agent,F,35,8989,89128934,55123223,2026-07-31 10:44:54.296000+00:00
16644724,Kaggriculture Agent,F,36,8989,89131864,55123223,2026-07-31 11:08:55.522000+00:00
16644724,Kaggriculture Agent,F,37,8989,89137321,55123223,2026-07-31 11:52:55.620000+00:00
16644724,Kaggriculture Agent,F,38,8989,89141781,55123223,2026-07-31 12:29:00.269000+00:00
16644724,Kaggriculture Agent,F,39,8989,89415993,55172749,2026-08-01 23:51:03.491000+00:00
16644724,Kaggriculture Agent,F,40,8989,89416527,55172749,2026-08-01 23:55:05.534000+00:00
16644724,Kaggriculture Agent,F,41,8989,89417063,55172749,2026-08-01 23:59:03.772000+00:00
16644724,Kaggriculture Agent,F,42,8989,89417613,55172749,2026-08-02 00:03:04.150000+00:00
16644724,Kaggriculture Agent,F,43,8989,89418169,55172749,2026-08-02 00:07:03.986000+00:00
16644724,Kaggriculture Agent,F,44,8989,89418711,55172749,2026-08-02 00:11:03.564000+00:00
16644724,Kaggriculture Agent,F,45,8989,89419241,55172749,2026-08-02 00:15:07.121000+00:00
16644724,Kaggriculture Agent,F,46,8989,89419773,55172749,2026-08-02 00:19:04.201000+00:00
16644724,Kaggriculture Agent,F,47,8989,89420308,55172749,2026-08-02 00:23:04.227000+00:00
16644724,Kaggriculture Agent,F,48,8989,89420843,55172749,2026-08-02 00:27:03.929000+00:00
16644724,Kaggriculture Agent,F,49,8989,89420887,55172749,2026-08-02 00:27:04.004000+00:00
16644724,Kaggriculture Agent,Q1,2222,8989,102103092,55854755,2026-08-29 01:12:34.738000+00:00
16644724,Kaggriculture Agent,Q1,2223,8989,102105332,55854755,2026-08-29 01:16:30.238000+00:00
16644724,Kaggriculture Agent,Q1,2224,8989,102107561,55854755,2026-08-29 01:20:29.697000+00:00
16644724,Kaggriculture Agent,Q1,2225,8989,102109798,55854755,2026-08-29 01:24:29.651000+00:00
16644724,Kaggriculture Agent,Q1,2226,8989,102112029,55854755,2026-08-29 01:28:32.330000+00:00
16644724,Kaggriculture Agent,Q1,2227,8989,102114264,55854755,2026-08-29 01:32:30.335000+00:00
16644724,Kaggriculture Agent,Q1,2228,8989,102116505,55854755,2026-08-29 01:36:29.352000+00:00
16644724,Kaggriculture Agent,Q1,2229,8989,102118728,55854755,2026-08-29 01:40:29.149000+00:00
16644724,Kaggriculture Agent,Q1,2230,8989,102120956,55854755,2026-08-29 01:44:28.938000+00:00
16644724,Kaggriculture Agent,Q1,2231,8989,102123188,55854755,2026-08-29 01:48:30.760000+00:00
16644724,Kaggriculture Agent,Q1,2232,8989,102125419,55854755,2026-08-29 01:52:28.853000+00:00
16644724,Kaggriculture Agent,Q1,2233,8989,102127659,55854755,2026-08-29 01:56:28.609000+00:00
16644724,Kaggriculture Agent,Q1,2234,8989,102127842,55839541,2026-08-29 01:56:28.902000+00:00
16644724,Kaggriculture Agent,Q1,2235,8989,102129892,55854755,2026-08-29 02:00:29.730000+00:00
16644724,Kaggriculture Agent,Q1,2236,8989,102129945,55839541,2026-08-29 02:00:29.811000+00:00
16644724,Kaggriculture Agent,Q1,2237,8989,102132132,55854755,2026-08-29 02:04:30.547000+00:00
16644724,Kaggriculture Agent,Q1,2238,8989,102134372,55854755,2026-08-29 02:08:32.847000+00:00
16644724,Kaggriculture Agent,Q1,2239,8989,102136593,55854755,2026-08-29 02:12:28.814000+00:00
16644724,Kaggriculture Agent,Q1,2240,8989,102138831,55854755,2026-08-29 02:16:30.013000+00:00
16644724,Kaggriculture Agent,Q1,2241,8989,102141062,55854755,2026-08-29 02:20:29.471000+00:00
16644724,Kaggriculture Agent,Q1,2242,8989,102141205,55840639,2026-08-29 02:20:29.730000+00:00
16644724,Kaggriculture Agent,Q1,2243,8989,102143306,55854755,2026-08-29 02:24:29.929000+00:00
16644724,Kaggriculture Agent,Q1,2244,8989,102145556,55854755,2026-08-29 02:28:31.858000+00:00
16644724,Kaggriculture Agent,Q1,2245,8989,102147800,55854755,2026-08-29 02:32:31.627000+00:00
16644724,Kaggriculture Agent,Q1,2246,8989,102147893,55854755,2026-08-29 02:32:31.755000+00:00
16644724,Kaggriculture Agent,Q1,2247,8989,102150092,55854755,2026-08-29 02:36:29.465000+00:00
16644724,Kaggriculture Agent,Q1,2248,8989,102152265,55854755,2026-08-29 02:40:33.905000+00:00
16644724,Kaggriculture Agent,Q1,2249,8989,102154402,55839541,2026-08-29 02:44:32.148000+00:00
16644724,Kaggriculture Agent,Q1,2250,8989,102154497,55854755,2026-08-29 02:44:32.323000+00:00
16644724,Kaggriculture Agent,Q1,2251,8989,102156738,55854755,2026-08-29 02:48:34.233000+00:00
16644724,Kaggriculture Agent,Q1,2252,8989,102158976,55854755,2026-08-29 02:52:34.758000+00:00
16644724,Kaggriculture Agent,Q1,2253,8989,102161280,55854755,2026-08-29 02:56:44.241000+00:00
16644724,Kaggriculture Agent,Q1,2254,8989,102161327,55839541,2026-08-29 02:56:44.331000+00:00
16644724,Kaggriculture Agent,Q1,2255,8989,102163452,55854755,2026-08-29 03:00:47.808000+00:00
16644724,Kaggriculture Agent,Q1,2256,8989,102165694,55854755,2026-08-29 03:04:29.739000+00:00
16644724,Kaggriculture Agent,Q1,2257,8989,102174458,55839541,2026-08-29 03:20:28.509000+00:00
16644724,Kaggriculture Agent,Q1,2258,8989,102179181,55854755,2026-08-29 03:28:31.330000+00:00
16644724,Kaggriculture Agent,Q1,2259,8989,102187927,55854755,2026-08-29 03:44:29.645000+00:00
16644724,Kaggriculture Agent,Q1,2260,8989,102194729,55854755,2026-08-29 03:56:29.320000+00:00
16644724,Kaggriculture Agent,Q1,2261,8989,102203714,55840639,2026-08-29 04:12:31.654000+00:00
16644724,Kaggriculture Agent,Q1,2262,8989,102205853,55854755,2026-08-29 04:16:32.684000+00:00
16644724,Kaggriculture Agent,Q1,2263,8989,102205929,55839541,2026-08-29 04:16:32.839000+00:00
16644724,Kaggriculture Agent,Q1,2264,8989,102212661,55839541,2026-08-29 04:28:32.205000+00:00
16644724,Kaggriculture Agent,Q1,2265,8989,102226069,55839541,2026-08-29 04:52:29.426000+00:00
16644724,Kaggriculture Agent,Q1,2266,8989,102241372,55839541,2026-08-29 05:20:30.789000+00:00
16644724,Kaggriculture Agent,Q1,2267,8989,102252813,55854755,2026-08-29 05:40:32.435000+00:00
16644724,Kaggriculture Agent,Q1,2268,8989,102261506,55854755,2026-08-29 05:56:33.661000+00:00
16644724,Kaggriculture Agent,Q1,2269,8989,102277318,55840639,2026-08-29 06:24:32.224000+00:00
16644724,Kaggriculture Agent,Q1,2270,8989,102290429,55854755,2026-08-29 06:48:34.424000+00:00
16644724,Kaggriculture Agent,Q1,2271,8989,102290765,55839541,2026-08-29 06:48:35.167000+00:00
16644724,Kaggriculture Agent,Q2,4469,8989,105445230,56009687,2026-09-04 10:53:34.983000+00:00
16644724,Kaggriculture Agent,Q2,4470,8989,105446063,56009687,2026-09-04 10:57:33.512000+00:00
16644724,Kaggriculture Agent,Q2,4471,8989,105447004,56009687,2026-09-04 11:02:01.282000+00:00
16644724,Kaggriculture Agent,Q2,4472,8989,105447675,56002670,2026-09-04 11:05:46.941000+00:00
16644724,Kaggriculture Agent,Q2,4473,8989,105447897,56009687,2026-09-04 11:05:47.293000+00:00
16644724,Kaggriculture Agent,Q2,4474,8989,105448257,56009687,2026-09-04 11:05:47.997000+00:00
16644724,Kaggriculture Agent,Q2,4475,8989,105448827,56009687,2026-09-04 11:09:47.377000+00:00
16644724,Kaggriculture Agent,Q2,4476,8989,105449636,56009687,2026-09-04 11:13:48.511000+00:00
16644724,Kaggriculture Agent,Q2,4477,8989,105449947,56009687,2026-09-04 11:13:49.086000+00:00
16644724,Kaggriculture Agent,Q2,4478,8989,105450522,56009687,2026-09-04 11:18:01.314000+00:00
16644724,Kaggriculture Agent,Q2,4479,8989,105451114,56002670,2026-09-04 11:18:02.482000+00:00
16644724,Kaggriculture Agent,Q2,4480,8989,105451387,56009687,2026-09-04 11:21:52.605000+00:00
16644724,Kaggriculture Agent,Q2,4481,8989,105452266,56009687,2026-09-04 11:26:01.661000+00:00
16644724,Kaggriculture Agent,Q2,4482,8989,105453109,56009687,2026-09-04 11:29:57.937000+00:00
16644724,Kaggriculture Agent,Q2,4483,8989,105453979,56009687,2026-09-04 11:33:46.623000+00:00
16644724,Kaggriculture Agent,Q2,4484,8989,105454025,56009687,2026-09-04 11:33:46.774000+00:00
16644724,Kaggriculture Agent,Q2,4485,8989,105454927,56009687,2026-09-04 11:37:49.111000+00:00
16644724,Kaggriculture Agent,Q2,4486,8989,105455213,56002670,2026-09-04 11:37:49.669000+00:00
16644724,Kaggriculture Agent,Q2,4487,8989,105455678,56009687,2026-09-04 11:42:01.425000+00:00
16644724,Kaggriculture Agent,Q2,4488,8989,105456673,56009687,2026-09-04 11:45:51.396000+00:00
16644724,Kaggriculture Agent,Q2,4489,8989,105457564,56009687,2026-09-04 11:49:48.599000+00:00
16644724,Kaggriculture Agent,Q2,4490,8989,105458442,56009687,2026-09-04 11:53:46.214000+00:00
16644724,Kaggriculture Agent,Q2,4491,8989,105458712,56002670,2026-09-04 11:53:46.618000+00:00
16644724,Kaggriculture Agent,Q2,4492,8989,105458748,56002670,2026-09-04 11:53:46.680000+00:00
16644724,Kaggriculture Agent,Q2,4493,8989,105459330,56009687,2026-09-04 11:57:50.216000+00:00
16644724,Kaggriculture Agent,Q2,4494,8989,105459343,56002670,2026-09-04 11:57:50.259000+00:00
16644724,Kaggriculture Agent,Q2,4495,8989,105460151,56009687,2026-09-04 12:01:49.569000+00:00
16644724,Kaggriculture Agent,Q2,4496,8989,105460194,56009687,2026-09-04 12:01:49.698000+00:00
16644724,Kaggriculture Agent,Q2,4497,8989,105460208,56009687,2026-09-04 12:01:49.705000+00:00
16644724,Kaggriculture Agent,Q2,4498,8989,105461091,56009687,2026-09-04 12:05:49.209000+00:00
16644724,Kaggriculture Agent,Q2,4499,8989,105461977,56009687,2026-09-04 12:09:56.099000+00:00
16644724,Kaggriculture Agent,Q2,4500,8989,105462475,56002670,2026-09-04 12:09:57.063000+00:00
16644724,Kaggriculture Agent,Q2,4501,8989,105462859,56009687,2026-09-04 12:13:48.188000+00:00
16644724,Kaggriculture Agent,Q2,4502,8989,105463738,56009687,2026-09-04 12:17:46.900000+00:00
16644724,Kaggriculture Agent,Q2,4503,8989,105464515,56009687,2026-09-04 12:21:51.226000+00:00
16644724,Kaggriculture Agent,Q2,4504,8989,105465491,56009687,2026-09-04 12:26:01.076000+00:00
16644724,Kaggriculture Agent,Q2,4505,8989,105465879,56002670,2026-09-04 12:26:01.756000+00:00
16644724,Kaggriculture Agent,Q2,4506,8989,105466379,56009687,2026-09-04 12:29:51.221000+00:00
16644724,Kaggriculture Agent,Q2,4507,8989,105467070,56009687,2026-09-04 12:33:47.080000+00:00
16644724,Kaggriculture Agent,Q2,4508,8989,105467272,56009687,2026-09-04 12:33:47.468000+00:00
16644724,Kaggriculture Agent,Q2,4509,8989,105468159,56009687,2026-09-04 12:37:57.221000+00:00
16644724,Kaggriculture Agent,Q2,4510,8989,105468666,56009687,2026-09-04 12:41:47.581000+00:00
16644724,Kaggriculture Agent,Q2,4511,8989,105469026,56009687,2026-09-04 12:41:48.309000+00:00
16644724,Kaggriculture Agent,Q2,4512,8989,105469269,56002670,2026-09-04 12:41:48.711000+00:00
16644724,Kaggriculture Agent,Q2,4513,8989,105469912,56009687,2026-09-04 12:45:46.898000+00:00
16644724,Kaggriculture Agent,Q2,4514,8989,105470797,56009687,2026-09-04 12:49:47.481000+00:00
16644724,Kaggriculture Agent,Q2,4515,8989,105471046,56002670,2026-09-04 12:49:47.921000+00:00
16644724,Kaggriculture Agent,Q2,4516,8989,105471681,56009687,2026-09-04 12:53:47.517000+00:00
16644724,Kaggriculture Agent,Q2,4517,8989,105472579,56009687,2026-09-04 12:57:50.796000+00:00
16644724,Kaggriculture Agent,Q2,4518,8989,105473475,56009687,2026-09-04 13:01:53.402000+00:00
16644724,Kaggriculture Agent,Q3,6717,8989,107270343,56129843,2026-09-09 22:44:50.973000+00:00
16644724,Kaggriculture Agent,Q3,6718,8989,107271182,56129843,2026-09-09 22:48:50.074000+00:00
16644724,Kaggriculture Agent,Q3,6719,8989,107271601,56129843,2026-09-09 22:48:50.731000+00:00
16644724,Kaggriculture Agent,Q3,6720,8989,107272386,56129843,2026-09-09 22:52:50.778000+00:00
16644724,Kaggriculture Agent,Q3,6721,8989,107273267,56129843,2026-09-09 22:56:50.325000+00:00
16644724,Kaggriculture Agent,Q3,6722,8989,107274241,56129843,2026-09-09 23:00:54.148000+00:00
16644724,Kaggriculture Agent,Q3,6723,8989,107275199,56129843,2026-09-09 23:04:52.030000+00:00
16644724,Kaggriculture Agent,Q3,6724,8989,107276097,56129843,2026-09-09 23:08:54.020000+00:00
16644724,Kaggriculture Agent,Q3,6725,8989,107276174,56129843,2026-09-09 23:08:54.124000+00:00
16644724,Kaggriculture Agent,Q3,6726,8989,107277142,56129843,2026-09-09 23:12:53.026000+00:00
16644724,Kaggriculture Agent,Q3,6727,8989,107278110,56129843,2026-09-09 23:16:50.022000+00:00
16644724,Kaggriculture Agent,Q3,6728,8989,107279086,56129843,2026-09-09 23:20:53.963000+00:00
16644724,Kaggriculture Agent,Q3,6729,8989,107280042,56129843,2026-09-09 23:24:51.171000+00:00
16644724,Kaggriculture Agent,Q3,6730,8989,107280755,56132305,2026-09-09 23:28:53.121000+00:00
16644724,Kaggriculture Agent,Q3,6731,8989,107281017,56129843,2026-09-09 23:28:53.485000+00:00
16644724,Kaggriculture Agent,Q3,6732,8989,107281707,56132305,2026-09-09 23:32:53.949000+00:00
16644724,Kaggriculture Agent,Q3,6733,8989,107281985,56129843,2026-09-09 23:32:54.349000+00:00
16644724,Kaggriculture Agent,Q3,6734,8989,107282689,56132305,2026-09-09 23:36:51.266000+00:00
16644724,Kaggriculture Agent,Q3,6735,8989,107282772,56129843,2026-09-09 23:36:51.375000+00:00
16644724,Kaggriculture Agent,Q3,6736,8989,107282870,56129843,2026-09-09 23:36:51.550000+00:00
16644724,Kaggriculture Agent,Q3,6737,8989,107282936,56129843,2026-09-09 23:36:51.629000+00:00
16644724,Kaggriculture Agent,Q3,6738,8989,107283616,56132305,2026-09-09 23:40:50.656000+00:00
16644724,Kaggriculture Agent,Q3,6739,8989,107283899,56129843,2026-09-09 23:40:51.056000+00:00
16644724,Kaggriculture Agent,Q3,6740,8989,107284576,56132305,2026-09-09 23:44:50.621000+00:00
16644724,Kaggriculture Agent,Q3,6741,8989,107284698,56129843,2026-09-09 23:44:50.815000+00:00
16644724,Kaggriculture Agent,Q3,6742,8989,107284897,56129843,2026-09-09 23:44:51.123000+00:00
16644724,Kaggriculture Agent,Q3,6743,8989,107285002,56129843,2026-09-09 23:44:51.266000+00:00
16644724,Kaggriculture Agent,Q3,6744,8989,107285536,56132305,2026-09-09 23:48:51.191000+00:00
16644724,Kaggriculture Agent,Q3,6745,8989,107286027,56129843,2026-09-09 23:48:51.957000+00:00
16644724,Kaggriculture Agent,Q3,6746,8989,107286489,56132305,2026-09-09 23:52:50.668000+00:00
16644724,Kaggriculture Agent,Q3,6747,8989,107287462,56132305,2026-09-09 23:56:49.976000+00:00
16644724,Kaggriculture Agent,Q3,6748,8989,107288437,56132305,2026-09-10 00:00:50.407000+00:00
16644724,Kaggriculture Agent,Q3,6749,8989,107289430,56132305,2026-09-10 00:04:49.387000+00:00
16644724,Kaggriculture Agent,Q3,6750,8989,107289922,56129843,2026-09-10 00:04:50.139000+00:00
16644724,Kaggriculture Agent,Q3,6751,8989,107290403,56132305,2026-09-10 00:08:50.564000+00:00
16644724,Kaggriculture Agent,Q3,6752,8989,107291365,56132305,2026-09-10 00:12:49.316000+00:00
16644724,Kaggriculture Agent,Q3,6753,8989,107292333,56132305,2026-09-10 00:16:49.654000+00:00
16644724,Kaggriculture Agent,Q3,6754,8989,107293298,56132305,2026-09-10 00:20:49.263000+00:00
16644724,Kaggriculture Agent,Q3,6755,8989,107293594,56129843,2026-09-10 00:20:49.664000+00:00
16644724,Kaggriculture Agent,Q3,6756,8989,107293974,56129843,2026-09-10 00:20:50.326000+00:00
16644724,Kaggriculture Agent,Q3,6757,8989,107294264,56132305,2026-09-10 00:24:49.088000+00:00
16644724,Kaggriculture Agent,Q3,6758,8989,107295228,56132305,2026-09-10 00:28:49.757000+00:00
16644724,Kaggriculture Agent,Q3,6759,8989,107296201,56132305,2026-09-10 00:32:49.113000+00:00
16644724,Kaggriculture Agent,Q3,6760,8989,107297211,56132305,2026-09-10 00:36:49.634000+00:00
16644724,Kaggriculture Agent,Q3,6761,8989,107297991,56129843,2026-09-10 00:36:50.865000+00:00
16644724,Kaggriculture Agent,Q3,6762,8989,107298211,56132305,2026-09-10 00:40:49.846000+00:00
16644724,Kaggriculture Agent,Q3,6763,8989,107298970,56129843,2026-09-10 00:40:51.120000+00:00
16644724,Kaggriculture Agent,Q3,6764,8989,107299174,56132305,2026-09-10 00:44:53.951000+00:00
16644724,Kaggriculture Agent,Q3,6765,8989,107300345,56132305,2026-09-10 00:48:49.929000+00:00
16644724,Kaggriculture Agent,Q3,6766,8989,107301157,56132305,2026-09-10 00:52:49.423000+00:00
16644724,Kaggriculture Agent,L,8939,8989,109061367,56238953,2026-09-14 22:41:34.498000+00:00
16644724,Kaggriculture Agent,L,8940,8989,109062089,56230957,2026-09-14 22:41:35.603000+00:00
16644724,Kaggriculture Agent,L,8941,8989,109062197,56238953,2026-09-14 22:41:35.752000+00:00
16644724,Kaggriculture Agent,L,8942,8989,109062403,56238953,2026-09-14 22:45:38.142000+00:00
16644724,Kaggriculture Agent,L,8943,8989,109063431,56238953,2026-09-14 22:49:33.533000+00:00
16644724,Kaggriculture Agent,L,8944,8989,109064452,56238953,2026-09-14 22:53:35.397000+00:00
16644724,Kaggriculture Agent,L,8945,8989,109064807,56230957,2026-09-14 22:53:36.001000+00:00
16644724,Kaggriculture Agent,L,8946,8989,109065508,56238953,2026-09-14 22:57:34.023000+00:00
16644724,Kaggriculture Agent,L,8947,8989,109066028,56238953,2026-09-14 22:57:34.789000+00:00
16644724,Kaggriculture Agent,L,8948,8989,109066541,56238953,2026-09-14 23:01:33.141000+00:00
16644724,Kaggriculture Agent,L,8949,8989,109067582,56238953,2026-09-14 23:05:33.040000+00:00
16644724,Kaggriculture Agent,L,8950,8989,109068628,56238953,2026-09-14 23:09:33.205000+00:00
16644724,Kaggriculture Agent,L,8951,8989,109069079,56230957,2026-09-14 23:09:33.904000+00:00
16644724,Kaggriculture Agent,L,8952,8989,109069251,56230957,2026-09-14 23:09:34.126000+00:00
16644724,Kaggriculture Agent,L,8953,8989,109069735,56238953,2026-09-14 23:13:33.615000+00:00
16644724,Kaggriculture Agent,L,8954,8989,109070376,56238953,2026-09-14 23:13:34.573000+00:00
16644724,Kaggriculture Agent,L,8955,8989,109070817,56238953,2026-09-14 23:17:34.364000+00:00
16644724,Kaggriculture Agent,L,8956,8989,109071731,56238953,2026-09-14 23:21:34.185000+00:00
16644724,Kaggriculture Agent,L,8957,8989,109072768,56238953,2026-09-14 23:25:34.215000+00:00
16644724,Kaggriculture Agent,L,8958,8989,109073392,56230957,2026-09-14 23:25:35.176000+00:00
16644724,Kaggriculture Agent,L,8959,8989,109073817,56238953,2026-09-14 23:29:33.825000+00:00
16644724,Kaggriculture Agent,L,8960,8989,109074859,56238953,2026-09-14 23:33:33.623000+00:00
16644724,Kaggriculture Agent,L,8961,8989,109076118,56238953,2026-09-14 23:40:05.528000+00:00
16644724,Kaggriculture Agent,L,8962,8989,109077543,56238953,2026-09-14 23:43:51.709000+00:00
16644724,Kaggriculture Agent,L,8963,8989,109078319,56230957,2026-09-14 23:43:53.215000+00:00
16644724,Kaggriculture Agent,L,8964,8989,109078615,56238953,2026-09-14 23:47:45.587000+00:00
16644724,Kaggriculture Agent,L,8965,8989,109080085,56238953,2026-09-14 23:51:47.922000+00:00
16644724,Kaggriculture Agent,L,8966,8989,109081211,56238953,2026-09-14 23:55:44.983000+00:00
16644724,Kaggriculture Agent,L,8967,8989,109082377,56238953,2026-09-14 23:59:51.691000+00:00
16644724,Kaggriculture Agent,L,8968,8989,109082498,56230957,2026-09-14 23:59:51.955000+00:00
16644724,Kaggriculture Agent,L,8969,8989,109083105,56230957,2026-09-14 23:59:53.182000+00:00
16644724,Kaggriculture Agent,L,8970,8989,109083613,56238953,2026-09-15 00:03:45.554000+00:00
16644724,Kaggriculture Agent,L,8971,8989,109084045,56230957,2026-09-15 00:03:46.411000+00:00
16644724,Kaggriculture Agent,L,8972,8989,109084389,56230957,2026-09-15 00:03:47.123000+00:00
16644724,Kaggriculture Agent,L,8973,8989,109084948,56238953,2026-09-15 00:07:49.294000+00:00
16644724,Kaggriculture Agent,L,8974,8989,109086210,56238953,2026-09-15 00:11:48.462000+00:00
16644724,Kaggriculture Agent,L,8975,8989,109086881,56230957,2026-09-15 00:11:49.569000+00:00
16644724,Kaggriculture Agent,L,8976,8989,109086927,56238953,2026-09-15 00:11:49.613000+00:00
16644724,Kaggriculture Agent,L,8977,8989,109087609,56238953,2026-09-15 00:15:51.011000+00:00
16644724,Kaggriculture Agent,L,8978,8989,109088887,56238953,2026-09-15 00:19:50.163000+00:00
16644724,Kaggriculture Agent,L,8979,8989,109090132,56238953,2026-09-15 00:23:50.108000+00:00
16644724,Kaggriculture Agent,L,8980,8989,109090212,56238953,2026-09-15 00:23:50.263000+00:00
16644724,Kaggriculture Agent,L,8981,8989,109090662,56230957,2026-09-15 00:23:51.062000+00:00
16644724,Kaggriculture Agent,L,8982,8989,109091252,56238953,2026-09-15 00:27:49.354000+00:00
16644724,Kaggriculture Agent,L,8983,8989,109091524,56230957,2026-09-15 00:27:49.783000+00:00
16644724,Kaggriculture Agent,L,8984,8989,109092421,56238953,2026-09-15 00:31:46.322000+00:00
16644724,Kaggriculture Agent,L,8985,8989,109092489,56238953,2026-09-15 00:31:46.464000+00:00
16644724,Kaggriculture Agent,L,8986,8989,109093595,56238953,2026-09-15 00:35:45.510000+00:00
16644724,Kaggriculture Agent,L,8987,8989,109093815,56238953,2026-09-15 00:35:45.882000+00:00
16644724,Kaggriculture Agent,L,8988,8989,109094736,56238953,2026-09-15 00:39:50.606000+00:00
16644724,Kaggriculture Agent,C0,0,116,108908450,56230957,2026-09-14 12:38:50.589000+00:00
16644724,Kaggriculture Agent,C0,1,116,108909458,56230957,2026-09-14 12:42:49.225000+00:00
16644724,Kaggriculture Agent,C0,2,116,108910563,56230957,2026-09-14 12:46:49.577000+00:00
16644724,Kaggriculture Agent,C0,3,116,108911501,56230957,2026-09-14 12:50:52.222000+00:00
16644724,Kaggriculture Agent,C0,4,116,108912504,56230957,2026-09-14 12:54:49.149000+00:00
16644724,Kaggriculture Agent,C0,5,116,108913510,56230957,2026-09-14 12:58:50.803000+00:00
16644724,Kaggriculture Agent,C0,6,116,108914540,56230957,2026-09-14 13:02:48.609000+00:00
16644724,Kaggriculture Agent,C0,7,116,108915557,56230957,2026-09-14 13:06:48.909000+00:00
16644724,Kaggriculture Agent,C0,8,116,108916582,56230957,2026-09-14 13:10:48.974000+00:00
16644724,Kaggriculture Agent,C0,9,116,108917616,56230957,2026-09-14 13:14:48.708000+00:00
16644724,Kaggriculture Agent,C0,10,116,108918628,56230957,2026-09-14 13:18:56.332000+00:00
16644724,Kaggriculture Agent,C0,11,116,108919657,56230957,2026-09-14 13:22:49.331000+00:00
16644724,Kaggriculture Agent,C0,12,116,108920675,56230957,2026-09-14 13:26:49.804000+00:00
16644724,Kaggriculture Agent,C0,13,116,108921703,56230957,2026-09-14 13:30:49.666000+00:00
16644724,Kaggriculture Agent,C0,14,116,108922696,56230957,2026-09-14 13:30:51.697000+00:00
16644724,Kaggriculture Agent,C0,15,116,108922746,56230957,2026-09-14 13:34:49.479000+00:00
16644724,Kaggriculture Agent,C0,16,116,108923792,56230957,2026-09-14 13:38:59.731000+00:00
16644724,Kaggriculture Agent,C0,17,116,108924823,56230957,2026-09-14 13:42:50.357000+00:00
16644724,Kaggriculture Agent,C0,18,116,108925660,56230957,2026-09-14 13:42:52.001000+00:00
16644724,Kaggriculture Agent,C0,19,116,108925937,56230957,2026-09-14 13:46:49.693000+00:00
16644724,Kaggriculture Agent,C0,20,116,108926974,56230957,2026-09-14 13:50:49.295000+00:00
16644724,Kaggriculture Agent,C0,21,116,108928041,56230957,2026-09-14 13:54:48.919000+00:00
16644724,Kaggriculture Agent,C0,22,116,108929079,56230957,2026-09-14 13:58:56.922000+00:00
16644724,Kaggriculture Agent,C0,23,116,108930142,56230957,2026-09-14 14:02:48.898000+00:00
16644724,Kaggriculture Agent,C0,24,116,108931203,56230957,2026-09-14 14:06:48.971000+00:00
16644724,Kaggriculture Agent,C0,25,116,108932268,56230957,2026-09-14 14:10:49.480000+00:00
16644724,Kaggriculture Agent,C0,26,116,108933314,56230957,2026-09-14 14:14:50.815000+00:00
16644724,Kaggriculture Agent,C0,27,116,108933709,56230957,2026-09-14 14:14:51.524000+00:00
16644724,Kaggriculture Agent,C0,28,116,108934341,56230957,2026-09-14 14:18:51.493000+00:00
16644724,Kaggriculture Agent,C0,29,116,108934575,56230957,2026-09-14 14:18:51.894000+00:00
16644724,Kaggriculture Agent,C0,30,116,108935405,56230957,2026-09-14 14:22:51.983000+00:00
16644724,Kaggriculture Agent,C0,31,116,108936457,56230957,2026-09-14 14:26:51.230000+00:00
16644724,Kaggriculture Agent,C0,32,116,108937489,56230957,2026-09-14 14:30:49.774000+00:00
16644724,Kaggriculture Agent,C0,33,116,108938524,56230957,2026-09-14 14:34:55.206000+00:00
16644724,Kaggriculture Agent,C0,34,116,108939573,56230957,2026-09-14 14:38:54.778000+00:00
16644724,Kaggriculture Agent,C0,35,116,108940618,56230957,2026-09-14 14:42:49.533000+00:00
16644724,Kaggriculture Agent,C0,36,116,108941666,56230957,2026-09-14 14:46:49.108000+00:00
16644724,Kaggriculture Agent,C0,37,116,108942700,56230957,2026-09-14 14:50:49.778000+00:00
16644724,Kaggriculture Agent,C0,38,116,108943735,56230957,2026-09-14 14:54:49.606000+00:00
16644724,Kaggriculture Agent,C0,39,116,108944824,56230957,2026-09-14 14:58:50.175000+00:00
16644724,Kaggriculture Agent,C0,40,116,108945959,56230957,2026-09-14 15:02:52.357000+00:00
16644724,Kaggriculture Agent,C0,41,116,108946868,56230957,2026-09-14 15:06:53.876000+00:00
16644724,Kaggriculture Agent,C0,42,116,108947912,56230957,2026-09-14 15:10:49.732000+00:00
16644724,Kaggriculture Agent,C0,43,116,108948960,56230957,2026-09-14 15:14:51.575000+00:00
16644724,Kaggriculture Agent,C0,44,116,108949771,56230957,2026-09-14 15:18:53.236000+00:00
16644724,Kaggriculture Agent,C0,45,116,108951147,56230957,2026-09-14 15:22:54.490000+00:00
16644724,Kaggriculture Agent,C0,46,116,108952634,56230957,2026-09-14 15:26:57.846000+00:00
16644724,Kaggriculture Agent,C0,47,116,108953569,56230957,2026-09-14 15:30:53.418000+00:00
16644724,Kaggriculture Agent,C0,48,116,108954232,56230957,2026-09-14 15:34:52.734000+00:00
16644724,Kaggriculture Agent,C0,49,116,108955246,56230957,2026-09-14 15:38:54.931000+00:00
16725899,Zhenghongshuang,F,0,5279,93352726,55531353,2026-08-15 16:00:52.473000+00:00
16725899,Zhenghongshuang,F,1,5279,93353610,55531353,2026-08-15 16:04:52.155000+00:00
16725899,Zhenghongshuang,F,2,5279,93354490,55531353,2026-08-15 16:08:51.888000+00:00
16725899,Zhenghongshuang,F,3,5279,93355388,55531353,2026-08-15 16:12:51.503000+00:00
16725899,Zhenghongshuang,F,4,5279,93356280,55531353,2026-08-15 16:16:58.479000+00:00
16725899,Zhenghongshuang,F,5,5279,93357186,55531353,2026-08-15 16:20:52.748000+00:00
16725899,Zhenghongshuang,F,6,5279,93358085,55531353,2026-08-15 16:24:51.450000+00:00
16725899,Zhenghongshuang,F,7,5279,93358991,55531353,2026-08-15 16:28:51.960000+00:00
16725899,Zhenghongshuang,F,8,5279,93359895,55531353,2026-08-15 16:32:51.587000+00:00
16725899,Zhenghongshuang,F,9,5279,93360781,55531353,2026-08-15 16:36:53.894000+00:00
16725899,Zhenghongshuang,F,10,5279,93361676,55531353,2026-08-15 16:40:52.148000+00:00
16725899,Zhenghongshuang,F,11,5279,93362583,55531353,2026-08-15 16:44:51.610000+00:00
16725899,Zhenghongshuang,F,12,5279,93363475,55531353,2026-08-15 16:48:52.030000+00:00
16725899,Zhenghongshuang,F,13,5279,93364375,55531353,2026-08-15 16:52:53.014000+00:00
16725899,Zhenghongshuang,F,14,5279,93365279,55531353,2026-08-15 16:56:59.543000+00:00
16725899,Zhenghongshuang,F,15,5279,93366164,55531353,2026-08-15 17:00:55.263000+00:00
16725899,Zhenghongshuang,F,16,5279,93367067,55531353,2026-08-15 17:04:52.170000+00:00
16725899,Zhenghongshuang,F,17,5279,93367956,55531353,2026-08-15 17:08:51.729000+00:00
16725899,Zhenghongshuang,F,18,5279,93368864,55531353,2026-08-15 17:12:51.826000+00:00
16725899,Zhenghongshuang,F,19,5279,93369762,55531353,2026-08-15 17:16:53.748000+00:00
16725899,Zhenghongshuang,F,20,5279,93370648,55531353,2026-08-15 17:20:51.883000+00:00
16725899,Zhenghongshuang,F,21,5279,93371553,55531353,2026-08-15 17:24:51.845000+00:00
16725899,Zhenghongshuang,F,22,5279,93372455,55531353,2026-08-15 17:28:51.782000+00:00
16725899,Zhenghongshuang,F,23,5279,93373351,55531353,2026-08-15 17:32:51.574000+00:00
16725899,Zhenghongshuang,F,24,5279,93374252,55531353,2026-08-15 17:36:54.336000+00:00
16725899,Zhenghongshuang,F,25,5279,93375142,55531353,2026-08-15 17:40:54.442000+00:00
16725899,Zhenghongshuang,F,26,5279,93376034,55531353,2026-08-15 17:44:52.642000+00:00
16725899,Zhenghongshuang,F,27,5279,93376944,55531353,2026-08-15 17:48:52.492000+00:00
16725899,Zhenghongshuang,F,28,5279,93377837,55531353,2026-08-15 17:52:52.058000+00:00
16725899,Zhenghongshuang,F,29,5279,93378726,55531353,2026-08-15 17:56:54.965000+00:00
16725899,Zhenghongshuang,F,30,5279,93379619,55531353,2026-08-15 18:00:53.499000+00:00
16725899,Zhenghongshuang,F,31,5279,93380515,55531353,2026-08-15 18:04:55.631000+00:00
16725899,Zhenghongshuang,F,32,5279,93381399,55531353,2026-08-15 18:08:52.152000+00:00
16725899,Zhenghongshuang,F,33,5279,93382282,55531353,2026-08-15 18:12:51.939000+00:00
16725899,Zhenghongshuang,F,34,5279,93382502,55531353,2026-08-15 18:12:52.377000+00:00
16725899,Zhenghongshuang,F,35,5279,93383182,55531353,2026-08-15 18:16:58.193000+00:00
16725899,Zhenghongshuang,F,36,5279,93384072,55531353,2026-08-15 18:20:53.332000+00:00
16725899,Zhenghongshuang,F,37,5279,93384287,55531353,2026-08-15 18:20:53.785000+00:00
16725899,Zhenghongshuang,F,38,5279,93384979,55531353,2026-08-15 18:24:53.748000+00:00
16725899,Zhenghongshuang,F,39,5279,93385869,55531353,2026-08-15 18:28:54.653000+00:00
16725899,Zhenghongshuang,F,40,5279,93386731,55531353,2026-08-15 18:32:59.443000+00:00
16725899,Zhenghongshuang,F,41,5279,93386754,55531353,2026-08-15 18:32:59.487000+00:00
16725899,Zhenghongshuang,F,42,5279,93386771,55531353,2026-08-15 18:32:59.548000+00:00
16725899,Zhenghongshuang,F,43,5279,93387669,55531353,2026-08-15 18:36:59.350000+00:00
16725899,Zhenghongshuang,F,44,5279,93388572,55531353,2026-08-15 18:40:56.542000+00:00
16725899,Zhenghongshuang,F,45,5279,93389467,55531353,2026-08-15 18:44:55.240000+00:00
16725899,Zhenghongshuang,F,46,5279,93390355,55531353,2026-08-15 18:48:55.750000+00:00
16725899,Zhenghongshuang,F,47,5279,93391253,55531353,2026-08-15 18:52:51.982000+00:00
16725899,Zhenghongshuang,F,48,5279,93392149,55531353,2026-08-15 18:56:58.134000+00:00
16725899,Zhenghongshuang,F,49,5279,93393040,55531353,2026-08-15 19:00:54.087000+00:00
16725899,Zhenghongshuang,Q1,1295,5279,101714516,55795213,2026-08-28 13:19:10.227000+00:00
16725899,Zhenghongshuang,Q1,1296,5279,101750269,55766893,2026-08-28 14:23:13.679000+00:00
16725899,Zhenghongshuang,Q1,1297,5279,101750540,55795213,2026-08-28 14:23:14.184000+00:00
16725899,Zhenghongshuang,Q1,1298,5279,101759549,55766893,2026-08-28 14:39:11.042000+00:00
16725899,Zhenghongshuang,Q1,1299,5279,101766149,55766893,2026-08-28 14:54:13.355000+00:00
16725899,Zhenghongshuang,Q1,1300,5279,101773041,55795213,2026-08-28 15:10:07.656000+00:00
16725899,Zhenghongshuang,Q1,1301,5279,101842265,55795213,2026-08-28 17:14:45.373000+00:00
16725899,Zhenghongshuang,Q1,1302,5279,101851219,55766893,2026-08-28 17:30:46.168000+00:00
16725899,Zhenghongshuang,Q1,1303,5279,101859822,55766893,2026-08-28 17:46:49.188000+00:00
16725899,Zhenghongshuang,Q1,1304,5279,101864419,55795213,2026-08-28 17:54:46.390000+00:00
16725899,Zhenghongshuang,Q1,1305,5279,101889052,55795213,2026-08-28 18:41:31.972000+00:00
16725899,Zhenghongshuang,Q1,1306,5279,101898102,55795213,2026-08-28 18:57:31.696000+00:00
16725899,Zhenghongshuang,Q1,1307,5279,101920248,55766893,2026-08-28 19:37:31.019000+00:00
16725899,Zhenghongshuang,Q1,1308,5279,101931394,55795213,2026-08-28 19:57:28.578000+00:00
16725899,Zhenghongshuang,Q1,1309,5279,101942540,55766893,2026-08-28 20:21:55.574000+00:00
16725899,Zhenghongshuang,Q1,1310,5279,101960232,55795213,2026-08-28 20:53:55.522000+00:00
16725899,Zhenghongshuang,Q1,1311,5279,101962707,55795213,2026-08-28 20:57:54.275000+00:00
16725899,Zhenghongshuang,Q1,1312,5279,101980431,55766893,2026-08-28 21:29:59.122000+00:00
16725899,Zhenghongshuang,Q1,1313,5279,101993742,55795213,2026-08-28 21:53:57.193000+00:00
16725899,Zhenghongshuang,Q1,1314,5279,102000451,55766893,2026-08-28 22:05:57.776000+00:00
16725899,Zhenghongshuang,Q1,1315,5279,102011562,55766893,2026-08-28 22:25:52.851000+00:00
16725899,Zhenghongshuang,Q1,1316,5279,102025143,55795213,2026-08-28 22:52:36.611000+00:00
16725899,Zhenghongshuang,Q1,1317,5279,102025161,55795213,2026-08-28 22:52:36.624000+00:00
16725899,Zhenghongshuang,Q1,1318,5279,102051829,55766893,2026-08-28 23:40:34.256000+00:00
16725899,Zhenghongshuang,Q1,1319,5279,102051891,55795213,2026-08-28 23:40:34.354000+00:00
16725899,Zhenghongshuang,Q1,1320,5279,102074153,55766893,2026-08-29 00:20:28.651000+00:00
16725899,Zhenghongshuang,Q1,1321,5279,102076430,55795213,2026-08-29 00:24:29.805000+00:00
16725899,Zhenghongshuang,Q1,1322,5279,102103279,55795213,2026-08-29 01:12:35.023000+00:00
16725899,Zhenghongshuang,Q1,1323,5279,102107568,55795213,2026-08-29 01:20:29.705000+00:00
16725899,Zhenghongshuang,Q1,1324,5279,102111959,55795213,2026-08-29 01:28:32.245000+00:00
16725899,Zhenghongshuang,Q1,1325,5279,102121164,55795213,2026-08-29 01:44:29.227000+00:00
16725899,Zhenghongshuang,Q1,1326,5279,102123176,55795213,2026-08-29 01:48:30.747000+00:00
16725899,Zhenghongshuang,Q1,1327,5279,102134173,55766893,2026-08-29 02:08:32.572000+00:00
16725899,Zhenghongshuang,Q1,1328,5279,102147923,55795213,2026-08-29 02:32:31.824000+00:00
16725899,Zhenghongshuang,Q1,1329,5279,102156837,55795213,2026-08-29 02:48:34.418000+00:00
16725899,Zhenghongshuang,Q1,1330,5279,102178940,55795213,2026-08-29 03:28:30.911000+00:00
16725899,Zhenghongshuang,Q1,1331,5279,102192484,55766893,2026-08-29 03:52:30.947000+00:00
16725899,Zhenghongshuang,Q1,1332,5279,102194596,55795213,2026-08-29 03:56:29.123000+00:00
16725899,Zhenghongshuang,Q1,1333,5279,102239347,55795213,2026-08-29 05:16:32.703000+00:00
16725899,Zhenghongshuang,Q1,1334,5279,102245947,55795213,2026-08-29 05:28:34.316000+00:00
16725899,Zhenghongshuang,Q1,1335,5279,102246104,55766893,2026-08-29 05:28:34.543000+00:00
16725899,Zhenghongshuang,Q1,1336,5279,102248084,55766893,2026-08-29 05:32:31.981000+00:00
16725899,Zhenghongshuang,Q1,1337,5279,102250432,55795213,2026-08-29 05:36:33.945000+00:00
16725899,Zhenghongshuang,Q1,1338,5279,102252561,55766893,2026-08-29 05:40:32.050000+00:00
16725899,Zhenghongshuang,Q1,1339,5279,102261662,55795213,2026-08-29 05:56:33.903000+00:00
16725899,Zhenghongshuang,Q1,1340,5279,102308649,55795213,2026-08-29 07:20:28.936000+00:00
16725899,Zhenghongshuang,Q1,1341,5279,102326484,55766893,2026-08-29 07:52:29.130000+00:00
16725899,Zhenghongshuang,Q1,1342,5279,102335210,55766893,2026-08-29 08:08:30.305000+00:00
16725899,Zhenghongshuang,Q1,1343,5279,102348668,55766893,2026-08-29 08:32:28.701000+00:00
16725899,Zhenghongshuang,Q1,1344,5279,102357749,55795213,2026-08-29 08:48:36.750000+00:00
16725899,Zhenghongshuang,Q2,2615,5279,105540573,56016308,2026-09-04 18:05:39.095000+00:00
16725899,Zhenghongshuang,Q2,2616,5279,105541464,56016308,2026-09-04 18:09:38.578000+00:00
16725899,Zhenghongshuang,Q2,2617,5279,105542190,56016308,2026-09-04 18:13:39.197000+00:00
16725899,Zhenghongshuang,Q2,2618,5279,105542384,56016308,2026-09-04 18:13:39.526000+00:00
16725899,Zhenghongshuang,Q2,2619,5279,105542695,55951582,2026-09-04 18:13:40.060000+00:00
16725899,Zhenghongshuang,Q2,2620,5279,105543257,56016308,2026-09-04 18:17:39.216000+00:00
16725899,Zhenghongshuang,Q2,2621,5279,105544174,56016308,2026-09-04 18:21:40.871000+00:00
16725899,Zhenghongshuang,Q2,2622,5279,105545059,56016308,2026-09-04 18:25:38.469000+00:00
16725899,Zhenghongshuang,Q2,2623,5279,105545591,55951582,2026-09-04 18:25:39.276000+00:00
16725899,Zhenghongshuang,Q2,2624,5279,105545953,56016308,2026-09-04 18:29:38.573000+00:00
16725899,Zhenghongshuang,Q2,2625,5279,105546858,56016308,2026-09-04 18:33:38.774000+00:00
16725899,Zhenghongshuang,Q2,2626,5279,105547085,55951582,2026-09-04 18:33:39.206000+00:00
16725899,Zhenghongshuang,Q2,2627,5279,105547739,56016308,2026-09-04 18:37:39.968000+00:00
16725899,Zhenghongshuang,Q2,2628,5279,105548652,56016308,2026-09-04 18:41:41.518000+00:00
16725899,Zhenghongshuang,Q2,2629,5279,105549010,55951582,2026-09-04 18:41:42.135000+00:00
16725899,Zhenghongshuang,Q2,2630,5279,105549573,56016308,2026-09-04 18:45:38.776000+00:00
16725899,Zhenghongshuang,Q2,2631,5279,105550486,56016308,2026-09-04 18:49:39.180000+00:00
16725899,Zhenghongshuang,Q2,2632,5279,105551404,56016308,2026-09-04 18:53:39.718000+00:00
16725899,Zhenghongshuang,Q2,2633,5279,105551533,55951582,2026-09-04 18:53:39.965000+00:00
16725899,Zhenghongshuang,Q2,2634,5279,105552300,56016308,2026-09-04 18:57:40.119000+00:00
16725899,Zhenghongshuang,Q2,2635,5279,105553169,56016308,2026-09-04 19:01:57.871000+00:00
16725899,Zhenghongshuang,Q2,2636,5279,105553704,55951582,2026-09-04 19:01:58.901000+00:00
16725899,Zhenghongshuang,Q2,2637,5279,105554063,56016308,2026-09-04 19:05:59.262000+00:00
16725899,Zhenghongshuang,Q2,2638,5279,105554962,56016308,2026-09-04 19:10:05.191000+00:00
16725899,Zhenghongshuang,Q2,2639,5279,105555120,56016308,2026-09-04 19:10:05.474000+00:00
16725899,Zhenghongshuang,Q2,2640,5279,105555868,56016308,2026-09-04 19:13:59.116000+00:00
16725899,Zhenghongshuang,Q2,2641,5279,105556737,56016308,2026-09-04 19:17:40.268000+00:00
16725899,Zhenghongshuang,Q2,2642,5279,105557008,55951582,2026-09-04 19:17:40.809000+00:00
16725899,Zhenghongshuang,Q2,2643,5279,105557148,55951582,2026-09-04 19:17:41.022000+00:00
16725899,Zhenghongshuang,Q2,2644,5279,105557639,56016308,2026-09-04 19:21:54.471000+00:00
16725899,Zhenghongshuang,Q2,2645,5279,105558525,56016308,2026-09-04 19:25:52.308000+00:00
16725899,Zhenghongshuang,Q2,2646,5279,105559487,56016308,2026-09-04 19:29:57.518000+00:00
16725899,Zhenghongshuang,Q2,2647,5279,105559994,55951582,2026-09-04 19:29:58.318000+00:00
16725899,Zhenghongshuang,Q2,2648,5279,105560369,56016308,2026-09-04 19:33:52.166000+00:00
16725899,Zhenghongshuang,Q2,2649,5279,105560407,55951582,2026-09-04 19:33:52.221000+00:00
16725899,Zhenghongshuang,Q2,2650,5279,105561280,56016308,2026-09-04 19:37:56.065000+00:00
16725899,Zhenghongshuang,Q2,2651,5279,105562147,56016308,2026-09-04 19:41:55.381000+00:00
16725899,Zhenghongshuang,Q2,2652,5279,105563034,56016308,2026-09-04 19:45:52.976000+00:00
16725899,Zhenghongshuang,Q2,2653,5279,105563290,55951582,2026-09-04 19:45:53.375000+00:00
16725899,Zhenghongshuang,Q2,2654,5279,105563930,56016308,2026-09-04 19:49:51.429000+00:00
16725899,Zhenghongshuang,Q2,2655,5279,105564805,56016308,2026-09-04 19:53:51.464000+00:00
16725899,Zhenghongshuang,Q2,2656,5279,105565619,55951582,2026-09-04 19:57:58.006000+00:00
16725899,Zhenghongshuang,Q2,2657,5279,105565684,56016308,2026-09-04 19:57:58.111000+00:00
16725899,Zhenghongshuang,Q2,2658,5279,105565994,55951582,2026-09-04 19:57:58.728000+00:00
16725899,Zhenghongshuang,Q2,2659,5279,105566579,56016308,2026-09-04 20:02:01.907000+00:00
16725899,Zhenghongshuang,Q2,2660,5279,105566691,56016308,2026-09-04 20:02:02.101000+00:00
16725899,Zhenghongshuang,Q2,2661,5279,105566983,55951582,2026-09-04 20:02:02.610000+00:00
16725899,Zhenghongshuang,Q2,2662,5279,105567464,56016308,2026-09-04 20:05:53.305000+00:00
16725899,Zhenghongshuang,Q2,2663,5279,105568387,56016308,2026-09-04 20:09:51.527000+00:00
16725899,Zhenghongshuang,Q2,2664,5279,105569692,55951582,2026-09-04 20:13:52.577000+00:00
16725899,Zhenghongshuang,Q3,3934,5279,107577356,56147860,2026-09-10 19:48:11.018000+00:00
16725899,Zhenghongshuang,Q3,3935,5279,107577852,56147860,2026-09-10 19:48:11.710000+00:00
16725899,Zhenghongshuang,Q3,3936,5279,107578347,56147860,2026-09-10 19:52:12.395000+00:00
16725899,Zhenghongshuang,Q3,3937,5279,107579315,56147860,2026-09-10 19:56:11.710000+00:00
16725899,Zhenghongshuang,Q3,3938,5279,107579698,56147860,2026-09-10 19:56:12.292000+00:00
16725899,Zhenghongshuang,Q3,3939,5279,107580351,56147860,2026-09-10 20:00:10.782000+00:00
16725899,Zhenghongshuang,Q3,3940,5279,107581280,56147860,2026-09-10 20:04:11.213000+00:00
16725899,Zhenghongshuang,Q3,3941,5279,107582271,56147860,2026-09-10 20:08:14.773000+00:00
16725899,Zhenghongshuang,Q3,3942,5279,107583243,56147860,2026-09-10 20:12:14.376000+00:00
16725899,Zhenghongshuang,Q3,3943,5279,107584230,56147860,2026-09-10 20:16:11.241000+00:00
16725899,Zhenghongshuang,Q3,3944,5279,107585211,56147860,2026-09-10 20:20:12.338000+00:00
16725899,Zhenghongshuang,Q3,3945,5279,107586199,56147860,2026-09-10 20:24:10.604000+00:00
16725899,Zhenghongshuang,Q3,3946,5279,107587176,56147860,2026-09-10 20:28:11.883000+00:00
16725899,Zhenghongshuang,Q3,3947,5279,107588147,56147860,2026-09-10 20:32:13.371000+00:00
16725899,Zhenghongshuang,Q3,3948,5279,107589140,56147860,2026-09-10 20:36:12.602000+00:00
16725899,Zhenghongshuang,Q3,3949,5279,107590160,56147860,2026-09-10 20:40:12.620000+00:00
16725899,Zhenghongshuang,Q3,3950,5279,107591307,56147860,2026-09-10 20:44:11.842000+00:00
16725899,Zhenghongshuang,Q3,3951,5279,107595400,56147860,2026-09-10 21:00:10.898000+00:00
16725899,Zhenghongshuang,Q3,3952,5279,107599415,56147860,2026-09-10 21:16:11.112000+00:00
16725899,Zhenghongshuang,Q3,3953,5279,107600203,56147860,2026-09-10 21:20:10.802000+00:00
16725899,Zhenghongshuang,Q3,3954,5279,107604189,56147860,2026-09-10 21:36:11.185000+00:00
16725899,Zhenghongshuang,Q3,3955,5279,107608194,56147860,2026-09-10 21:52:11.499000+00:00
16725899,Zhenghongshuang,Q3,3956,5279,107610091,56147860,2026-09-10 22:00:10.478000+00:00
16725899,Zhenghongshuang,Q3,3957,5279,107612368,56147860,2026-09-10 22:12:10.844000+00:00
16725899,Zhenghongshuang,Q3,3958,5279,107616505,56147860,2026-09-10 22:28:09.891000+00:00
16725899,Zhenghongshuang,Q3,3959,5279,107617297,56147860,2026-09-10 22:32:11.304000+00:00
16725899,Zhenghongshuang,Q3,3960,5279,107617974,56147860,2026-09-10 22:32:12.406000+00:00
16725899,Zhenghongshuang,Q3,3961,5279,107622571,56147860,2026-09-10 22:56:56.881000+00:00
16725899,Zhenghongshuang,Q3,3962,5279,107626692,56147860,2026-09-10 23:12:46.685000+00:00
16725899,Zhenghongshuang,Q3,3963,5279,107627405,56147860,2026-09-10 23:16:51.687000+00:00
16725899,Zhenghongshuang,Q3,3964,5279,107628593,56147860,2026-09-10 23:20:48.193000+00:00
16725899,Zhenghongshuang,Q3,3965,5279,107630665,56147860,2026-09-10 23:28:49.384000+00:00
16725899,Zhenghongshuang,Q3,3966,5279,107633117,56147860,2026-09-10 23:40:49.588000+00:00
16725899,Zhenghongshuang,Q3,3967,5279,107633788,56147860,2026-09-10 23:44:49.151000+00:00
16725899,Zhenghongshuang,Q3,3968,5279,107638286,56147860,2026-09-11 00:00:48.712000+00:00
16725899,Zhenghongshuang,Q3,3969,5279,107639230,56147860,2026-09-11 00:04:44.653000+00:00
16725899,Zhenghongshuang,Q3,3970,5279,107640244,56147860,2026-09-11 00:08:45.005000+00:00
16725899,Zhenghongshuang,Q3,3971,5279,107644395,56147860,2026-09-11 00:24:45.740000+00:00
16725899,Zhenghongshuang,Q3,3972,5279,107644994,56147860,2026-09-11 00:28:44.299000+00:00
16725899,Zhenghongshuang,Q3,3973,5279,107645769,56147860,2026-09-11 00:32:43.988000+00:00
16725899,Zhenghongshuang,Q3,3974,5279,107646486,56147860,2026-09-11 00:32:45.205000+00:00
16725899,Zhenghongshuang,Q3,3975,5279,107651154,56147860,2026-09-11 00:52:44.496000+00:00
16725899,Zhenghongshuang,Q3,3976,5279,107655372,56147860,2026-09-11 01:08:45.382000+00:00
16725899,Zhenghongshuang,Q3,3977,5279,107660073,56147860,2026-09-11 01:28:45.824000+00:00
16725899,Zhenghongshuang,Q3,3978,5279,107664907,56147860,2026-09-11 01:48:51.382000+00:00
16725899,Zhenghongshuang,Q3,3979,5279,107666903,56147860,2026-09-11 01:56:46.323000+00:00
16725899,Zhenghongshuang,Q3,3980,5279,107669395,56147860,2026-09-11 02:08:44.294000+00:00
16725899,Zhenghongshuang,Q3,3981,5279,107674090,56147860,2026-09-11 02:24:56.002000+00:00
16725899,Zhenghongshuang,Q3,3982,5279,107678958,56147860,2026-09-11 02:44:53.807000+00:00
16725899,Zhenghongshuang,Q3,3983,5279,107683308,56147860,2026-09-11 03:05:02.193000+00:00
16725899,Zhenghongshuang,L,5229,5279,109012471,56207475,2026-09-14 19:20:42.088000+00:00
16725899,Zhenghongshuang,L,5230,5279,109015274,56218579,2026-09-14 19:32:40.991000+00:00
16725899,Zhenghongshuang,L,5231,5279,109016174,56218579,2026-09-14 19:36:40.487000+00:00
16725899,Zhenghongshuang,L,5232,5279,109017658,56207475,2026-09-14 19:40:41.806000+00:00
16725899,Zhenghongshuang,L,5233,5279,109019400,56207475,2026-09-14 19:53:29.718000+00:00
16725899,Zhenghongshuang,L,5234,5279,109019746,56218579,2026-09-14 19:53:30.736000+00:00
16725899,Zhenghongshuang,L,5235,5279,109021489,56207475,2026-09-14 20:01:13.499000+00:00
16725899,Zhenghongshuang,L,5236,5279,109021879,56207475,2026-09-14 20:01:14.085000+00:00
16725899,Zhenghongshuang,L,5237,5279,109024881,56218579,2026-09-14 20:13:13.925000+00:00
16725899,Zhenghongshuang,L,5238,5279,109026979,56207475,2026-09-14 20:21:14.185000+00:00
16725899,Zhenghongshuang,L,5239,5279,109028944,56218579,2026-09-14 20:29:20.642000+00:00
16725899,Zhenghongshuang,L,5240,5279,109029529,56207475,2026-09-14 20:33:15.985000+00:00
16725899,Zhenghongshuang,L,5241,5279,109030668,56207475,2026-09-14 20:37:15.397000+00:00
16725899,Zhenghongshuang,L,5242,5279,109033594,56207475,2026-09-14 20:49:15.945000+00:00
16725899,Zhenghongshuang,L,5243,5279,109034054,56218579,2026-09-14 20:49:17.074000+00:00
16725899,Zhenghongshuang,L,5244,5279,109034070,56218579,2026-09-14 20:49:17.074000+00:00
16725899,Zhenghongshuang,L,5245,5279,109038298,56207475,2026-09-14 21:05:16.245000+00:00
16725899,Zhenghongshuang,L,5246,5279,109038467,56218579,2026-09-14 21:05:16.496000+00:00
16725899,Zhenghongshuang,L,5247,5279,109042613,56207475,2026-09-14 21:21:17.406000+00:00
16725899,Zhenghongshuang,L,5248,5279,109043267,56218579,2026-09-14 21:25:16.818000+00:00
16725899,Zhenghongshuang,L,5249,5279,109046742,56207475,2026-09-14 21:37:17.494000+00:00
16725899,Zhenghongshuang,L,5250,5279,109047547,56218579,2026-09-14 21:41:19.151000+00:00
16725899,Zhenghongshuang,L,5251,5279,109047789,56207475,2026-09-14 21:41:19.704000+00:00
16725899,Zhenghongshuang,L,5252,5279,109048516,56207475,2026-09-14 21:45:20.033000+00:00
16725899,Zhenghongshuang,L,5253,5279,109051731,56218579,2026-09-14 21:57:18.521000+00:00
16725899,Zhenghongshuang,L,5254,5279,109052130,56218579,2026-09-14 22:01:17.665000+00:00
16725899,Zhenghongshuang,L,5255,5279,109052716,56207475,2026-09-14 22:01:18.707000+00:00
16725899,Zhenghongshuang,L,5256,5279,109053641,56207475,2026-09-14 22:05:20.587000+00:00
16725899,Zhenghongshuang,L,5257,5279,109055262,56207475,2026-09-14 22:13:16.617000+00:00
16725899,Zhenghongshuang,L,5258,5279,109056665,56218579,2026-09-14 22:17:16.640000+00:00
16725899,Zhenghongshuang,L,5259,5279,109059823,56207475,2026-09-14 22:31:21.924000+00:00
16725899,Zhenghongshuang,L,5260,5279,109059922,56218579,2026-09-14 22:31:22.058000+00:00
16725899,Zhenghongshuang,L,5261,5279,109064139,56207475,2026-09-14 22:49:34.704000+00:00
16725899,Zhenghongshuang,L,5262,5279,109064215,56218579,2026-09-14 22:49:34.845000+00:00
16725899,Zhenghongshuang,L,5263,5279,109068353,56207475,2026-09-14 23:05:34.123000+00:00
16725899,Zhenghongshuang,L,5264,5279,109068418,56218579,2026-09-14 23:05:34.224000+00:00
16725899,Zhenghongshuang,L,5265,5279,109072489,56207475,2026-09-14 23:21:35.214000+00:00
16725899,Zhenghongshuang,L,5266,5279,109072552,56218579,2026-09-14 23:21:35.386000+00:00
16725899,Zhenghongshuang,L,5267,5279,109076882,56207475,2026-09-14 23:40:07.170000+00:00
16725899,Zhenghongshuang,L,5268,5279,109076941,56218579,2026-09-14 23:40:07.287000+00:00
16725899,Zhenghongshuang,L,5269,5279,109078055,56207475,2026-09-14 23:43:52.693000+00:00
16725899,Zhenghongshuang,L,5270,5279,109082682,56218579,2026-09-14 23:59:52.410000+00:00
16725899,Zhenghongshuang,L,5271,5279,109082887,56207475,2026-09-14 23:59:52.778000+00:00
16725899,Zhenghongshuang,L,5272,5279,109084337,56207475,2026-09-15 00:03:46.990000+00:00
16725899,Zhenghongshuang,L,5273,5279,109086571,56207475,2026-09-15 00:11:49.019000+00:00
16725899,Zhenghongshuang,L,5274,5279,109088032,56218579,2026-09-15 00:15:51.726000+00:00
16725899,Zhenghongshuang,L,5275,5279,109088214,56218579,2026-09-15 00:15:52.116000+00:00
16725899,Zhenghongshuang,L,5276,5279,109091818,56207475,2026-09-15 00:27:50.316000+00:00
16725899,Zhenghongshuang,L,5277,5279,109093858,56218579,2026-09-15 00:35:45.956000+00:00
16725899,Zhenghongshuang,L,5278,5279,109094076,56207475,2026-09-15 00:35:46.455000+00:00
16725899,Zhenghongshuang,C0,0,144,108739404,56218579,2026-09-14 01:38:43.845000+00:00
16725899,Zhenghongshuang,C0,1,144,108740412,56218579,2026-09-14 01:42:44.091000+00:00
16725899,Zhenghongshuang,C0,2,144,108741433,56218579,2026-09-14 01:46:48.720000+00:00
16725899,Zhenghongshuang,C0,3,144,108742445,56218579,2026-09-14 01:50:44.083000+00:00
16725899,Zhenghongshuang,C0,4,144,108742466,56218579,2026-09-14 01:50:44.105000+00:00
16725899,Zhenghongshuang,C0,5,144,108743446,56218579,2026-09-14 01:54:48.437000+00:00
16725899,Zhenghongshuang,C0,6,144,108744446,56218579,2026-09-14 01:58:46.484000+00:00
16725899,Zhenghongshuang,C0,7,144,108745486,56218579,2026-09-14 02:02:43.889000+00:00
16725899,Zhenghongshuang,C0,8,144,108746490,56218579,2026-09-14 02:06:45.824000+00:00
16725899,Zhenghongshuang,C0,9,144,108747498,56218579,2026-09-14 02:10:47.813000+00:00
16725899,Zhenghongshuang,C0,10,144,108747729,56218579,2026-09-14 02:10:48.329000+00:00
16725899,Zhenghongshuang,C0,11,144,108748521,56218579,2026-09-14 02:14:44.454000+00:00
16725899,Zhenghongshuang,C0,12,144,108749536,56218579,2026-09-14 02:18:47.007000+00:00
16725899,Zhenghongshuang,C0,13,144,108750554,56218579,2026-09-14 02:22:49.888000+00:00
16725899,Zhenghongshuang,C0,14,144,108751579,56218579,2026-09-14 02:26:46.478000+00:00
16725899,Zhenghongshuang,C0,15,144,108752595,56218579,2026-09-14 02:30:47.454000+00:00
16725899,Zhenghongshuang,C0,16,144,108753612,56218579,2026-09-14 02:34:48.660000+00:00
16725899,Zhenghongshuang,C0,17,144,108754653,56218579,2026-09-14 02:38:50.004000+00:00
16725899,Zhenghongshuang,C0,18,144,108755680,56218579,2026-09-14 02:42:54.282000+00:00
16725899,Zhenghongshuang,C0,19,144,108756744,56218579,2026-09-14 02:46:54.784000+00:00
16725899,Zhenghongshuang,C0,20,144,108757769,56218579,2026-09-14 02:50:52.980000+00:00
16725899,Zhenghongshuang,C0,21,144,108758823,56218579,2026-09-14 02:54:48.280000+00:00
16725899,Zhenghongshuang,C0,22,144,108759873,56218579,2026-09-14 02:58:55.691000+00:00
16725899,Zhenghongshuang,C0,23,144,108760555,56218579,2026-09-14 02:58:57.082000+00:00
16725899,Zhenghongshuang,C0,24,144,108760909,56218579,2026-09-14 03:02:59.213000+00:00
16725899,Zhenghongshuang,C0,25,144,108761946,56218579,2026-09-14 03:06:53.005000+00:00
16725899,Zhenghongshuang,C0,26,144,108762987,56218579,2026-09-14 03:10:46.006000+00:00
16725899,Zhenghongshuang,C0,27,144,108764022,56218579,2026-09-14 03:14:45.718000+00:00
16725899,Zhenghongshuang,C0,28,144,108765051,56218579,2026-09-14 03:18:50.337000+00:00
16725899,Zhenghongshuang,C0,29,144,108766089,56218579,2026-09-14 03:22:49.895000+00:00
16725899,Zhenghongshuang,C0,30,144,108766320,56218579,2026-09-14 03:22:50.332000+00:00
16725899,Zhenghongshuang,C0,31,144,108767127,56218579,2026-09-14 03:26:48.090000+00:00
16725899,Zhenghongshuang,C0,32,144,108768156,56218579,2026-09-14 03:30:45.602000+00:00
16725899,Zhenghongshuang,C0,33,144,108769188,56218579,2026-09-14 03:34:46.509000+00:00
16725899,Zhenghongshuang,C0,34,144,108770237,56218579,2026-09-14 03:38:53.884000+00:00
16725899,Zhenghongshuang,C0,35,144,108771254,56218579,2026-09-14 03:42:48.523000+00:00
16725899,Zhenghongshuang,C0,36,144,108771257,56218579,2026-09-14 03:42:48.526000+00:00
16725899,Zhenghongshuang,C0,37,144,108771306,56218579,2026-09-14 03:42:48.630000+00:00
16725899,Zhenghongshuang,C0,38,144,108772291,56218579,2026-09-14 03:46:46.332000+00:00
16725899,Zhenghongshuang,C0,39,144,108773316,56218579,2026-09-14 03:50:50.873000+00:00
16725899,Zhenghongshuang,C0,40,144,108774373,56218579,2026-09-14 03:54:45.402000+00:00
16725899,Zhenghongshuang,C0,41,144,108774398,56218579,2026-09-14 03:54:45.428000+00:00
16725899,Zhenghongshuang,C0,42,144,108774555,56218579,2026-09-14 03:54:45.788000+00:00
16725899,Zhenghongshuang,C0,43,144,108775434,56218579,2026-09-14 03:58:47.224000+00:00
16725899,Zhenghongshuang,C0,44,144,108776462,56218579,2026-09-14 04:02:46.326000+00:00
16725899,Zhenghongshuang,C0,45,144,108777499,56218579,2026-09-14 04:06:47.408000+00:00
16725899,Zhenghongshuang,C0,46,144,108778024,56218579,2026-09-14 04:06:48.193000+00:00
16725899,Zhenghongshuang,C0,47,144,108778535,56218579,2026-09-14 04:10:45.937000+00:00
16725899,Zhenghongshuang,C0,48,144,108779684,56218579,2026-09-14 04:14:46.126000+00:00
16725899,Zhenghongshuang,C0,49,144,108780623,56218579,2026-09-14 04:18:55.129000+00:00
16811307,elmo,F,0,3469,105398783,56007622,2026-09-04 07:25:02.998000+00:00
16811307,elmo,F,1,3469,105399659,56007622,2026-09-04 07:29:03.100000+00:00
16811307,elmo,F,2,3469,105400513,56007622,2026-09-04 07:33:04.174000+00:00
16811307,elmo,F,3,3469,105401375,56007622,2026-09-04 07:37:04.437000+00:00
16811307,elmo,F,4,3469,105402246,56007622,2026-09-04 07:41:06.660000+00:00
16811307,elmo,F,5,3469,105403100,56007622,2026-09-04 07:45:02.703000+00:00
16811307,elmo,F,6,3469,105403966,56007622,2026-09-04 07:49:05.418000+00:00
16811307,elmo,F,7,3469,105404835,56007622,2026-09-04 07:53:04.825000+00:00
16811307,elmo,F,8,3469,105405711,56007622,2026-09-04 07:57:04.006000+00:00
16811307,elmo,F,9,3469,105406593,56007622,2026-09-04 08:01:08.592000+00:00
16811307,elmo,F,10,3469,105407538,56007622,2026-09-04 08:05:03.315000+00:00
16811307,elmo,F,11,3469,105408439,56007622,2026-09-04 08:09:02.962000+00:00
16811307,elmo,F,12,3469,105409304,56007622,2026-09-04 08:13:03.191000+00:00
16811307,elmo,F,13,3469,105409510,56007622,2026-09-04 08:13:03.565000+00:00
16811307,elmo,F,14,3469,105410181,56007622,2026-09-04 08:17:03.262000+00:00
16811307,elmo,F,15,3469,105411039,56007622,2026-09-04 08:21:22.970000+00:00
16811307,elmo,F,16,3469,105411903,56007622,2026-09-04 08:25:03.721000+00:00
16811307,elmo,F,17,3469,105412823,56007622,2026-09-04 08:29:03.974000+00:00
16811307,elmo,F,18,3469,105413816,56007622,2026-09-04 08:33:06.770000+00:00
16811307,elmo,F,19,3469,105415021,56007622,2026-09-04 08:37:03.317000+00:00
16811307,elmo,F,20,3469,105415888,56007622,2026-09-04 08:41:05.691000+00:00
16811307,elmo,F,21,3469,105416763,56007622,2026-09-04 08:45:03.009000+00:00
16811307,elmo,F,22,3469,105417644,56007622,2026-09-04 08:49:15.582000+00:00
16811307,elmo,F,23,3469,105418526,56007622,2026-09-04 08:53:09.392000+00:00
16811307,elmo,F,24,3469,105419426,56007622,2026-09-04 08:57:08.683000+00:00
16811307,elmo,F,25,3469,105419625,56007622,2026-09-04 08:57:09.109000+00:00
16811307,elmo,F,26,3469,105420305,56007622,2026-09-04 09:01:10.115000+00:00
16811307,elmo,F,27,3469,105421207,56007622,2026-09-04 09:05:09.516000+00:00
16811307,elmo,F,28,3469,105422080,56007622,2026-09-04 09:09:11.580000+00:00
16811307,elmo,F,29,3469,105422949,56007622,2026-09-04 09:13:15.488000+00:00
16811307,elmo,F,30,3469,105422966,56007622,2026-09-04 09:13:15.513000+00:00
16811307,elmo,F,31,3469,105423009,56007622,2026-09-04 09:13:15.617000+00:00
16811307,elmo,F,32,3469,105423815,56007622,2026-09-04 09:17:15.288000+00:00
16811307,elmo,F,33,3469,105424810,56007622,2026-09-04 09:21:11.785000+00:00
16811307,elmo,F,34,3469,105425640,56007622,2026-09-04 09:25:21.278000+00:00
16811307,elmo,F,35,3469,105426473,56007622,2026-09-04 09:29:11.206000+00:00
16811307,elmo,F,36,3469,105427344,56007622,2026-09-04 09:33:03.415000+00:00
16811307,elmo,F,37,3469,105428231,56007622,2026-09-04 09:37:03.724000+00:00
16811307,elmo,F,38,3469,105429109,56007622,2026-09-04 09:41:05.792000+00:00
16811307,elmo,F,39,3469,105429995,56007622,2026-09-04 09:45:33.519000+00:00
16811307,elmo,F,40,3469,105430874,56007622,2026-09-04 09:49:33.828000+00:00
16811307,elmo,F,41,3469,105431752,56007622,2026-09-04 09:53:33.386000+00:00
16811307,elmo,F,42,3469,105432643,56007622,2026-09-04 09:57:34.108000+00:00
16811307,elmo,F,43,3469,105433525,56007622,2026-09-04 10:01:35.674000+00:00
16811307,elmo,F,44,3469,105434417,56007622,2026-09-04 10:05:35.703000+00:00
16811307,elmo,F,45,3469,105435298,56007622,2026-09-04 10:09:33.560000+00:00
16811307,elmo,F,46,3469,105436175,56007622,2026-09-04 10:13:34.731000+00:00
16811307,elmo,F,47,3469,105437062,56007622,2026-09-04 10:17:35.621000+00:00
16811307,elmo,F,48,3469,105437950,56007622,2026-09-04 10:21:36.661000+00:00
16811307,elmo,F,49,3469,105438839,56007622,2026-09-04 10:25:33.910000+00:00
16811307,elmo,Q1,842,3469,106328467,56064938,2026-09-07 03:35:49.606000+00:00
16811307,elmo,Q1,843,3469,106329373,56064938,2026-09-07 03:39:49.258000+00:00
16811307,elmo,Q1,844,3469,106329838,56064938,2026-09-07 03:39:50.088000+00:00
16811307,elmo,Q1,845,3469,106330233,56064938,2026-09-07 03:43:53.104000+00:00
16811307,elmo,Q1,846,3469,106330298,56064938,2026-09-07 03:43:53.295000+00:00
16811307,elmo,Q1,847,3469,106330539,56047884,2026-09-07 03:43:53.675000+00:00
16811307,elmo,Q1,848,3469,106330767,56047884,2026-09-07 03:43:54.075000+00:00
16811307,elmo,Q1,849,3469,106331283,56064938,2026-09-07 03:47:53.164000+00:00
16811307,elmo,Q1,850,3469,106332145,56064938,2026-09-07 03:51:49.431000+00:00
16811307,elmo,Q1,851,3469,106332367,56047884,2026-09-07 03:51:49.780000+00:00
16811307,elmo,Q1,852,3469,106333061,56064938,2026-09-07 03:55:49.185000+00:00
16811307,elmo,Q1,853,3469,106333361,56064938,2026-09-07 03:55:49.701000+00:00
16811307,elmo,Q1,854,3469,106333950,56064938,2026-09-07 03:59:49.697000+00:00
16811307,elmo,Q1,855,3469,106334915,56064938,2026-09-07 04:03:50.457000+00:00
16811307,elmo,Q1,856,3469,106335037,56064938,2026-09-07 04:03:50.717000+00:00
16811307,elmo,Q1,857,3469,106335608,56047884,2026-09-07 04:07:49.398000+00:00
16811307,elmo,Q1,858,3469,106335826,56064938,2026-09-07 04:07:49.809000+00:00
16811307,elmo,Q1,859,3469,106336087,56047884,2026-09-07 04:07:50.205000+00:00
16811307,elmo,Q1,860,3469,106336738,56064938,2026-09-07 04:11:50.873000+00:00
16811307,elmo,Q1,861,3469,106337651,56064938,2026-09-07 04:15:49.806000+00:00
16811307,elmo,Q1,862,3469,106338559,56064938,2026-09-07 04:19:49.989000+00:00
16811307,elmo,Q1,863,3469,106339238,56047884,2026-09-07 04:23:51.110000+00:00
16811307,elmo,Q1,864,3469,106339472,56064938,2026-09-07 04:23:51.569000+00:00
16811307,elmo,Q1,865,3469,106339730,56047884,2026-09-07 04:23:51.970000+00:00
16811307,elmo,Q1,866,3469,106340237,56047884,2026-09-07 04:27:49.506000+00:00
16811307,elmo,Q1,867,3469,106340428,56064938,2026-09-07 04:27:49.870000+00:00
16811307,elmo,Q1,868,3469,106340730,56064938,2026-09-07 04:27:50.366000+00:00
16811307,elmo,Q1,869,3469,106344215,56047884,2026-09-07 04:43:51.958000+00:00
16811307,elmo,Q1,870,3469,106344418,56064938,2026-09-07 04:43:52.398000+00:00
16811307,elmo,Q1,871,3469,106344422,56064938,2026-09-07 04:43:52.400000+00:00
16811307,elmo,Q1,872,3469,106344801,56064938,2026-09-07 04:47:50.669000+00:00
16811307,elmo,Q1,873,3469,106347547,56047884,2026-09-07 04:59:49.669000+00:00
16811307,elmo,Q1,874,3469,106347964,56047884,2026-09-07 04:59:50.490000+00:00
16811307,elmo,Q1,875,3469,106348815,56064938,2026-09-07 05:03:52.164000+00:00
16811307,elmo,Q1,876,3469,106349644,56064938,2026-09-07 05:07:49.964000+00:00
16811307,elmo,Q1,877,3469,106351628,56047884,2026-09-07 05:15:50.414000+00:00
16811307,elmo,Q1,878,3469,106353518,56047884,2026-09-07 05:23:53.016000+00:00
16811307,elmo,Q1,879,3469,106353507,56064938,2026-09-07 05:23:53.390000+00:00
16811307,elmo,Q1,880,3469,106353893,56064938,2026-09-07 05:27:49.825000+00:00
16811307,elmo,Q1,881,3469,106356151,56064938,2026-09-07 05:35:50.406000+00:00
16811307,elmo,Q1,882,3469,106357515,56047884,2026-09-07 05:43:52.627000+00:00
16811307,elmo,Q1,883,3469,106358086,56064938,2026-09-07 05:43:52.813000+00:00
16811307,elmo,Q1,884,3469,106358777,56047884,2026-09-07 05:47:50.877000+00:00
16811307,elmo,Q1,885,3469,106359372,56047884,2026-09-07 05:51:49.464000+00:00
16811307,elmo,Q1,886,3469,106360182,56047884,2026-09-07 05:55:49.510000+00:00
16811307,elmo,Q1,887,3469,106361521,56047884,2026-09-07 05:59:50.603000+00:00
16811307,elmo,Q1,888,3469,106361670,56064938,2026-09-07 05:59:50.864000+00:00
16811307,elmo,Q1,889,3469,106364436,56064938,2026-09-07 06:11:50.820000+00:00
16811307,elmo,Q1,890,3469,106365376,56047884,2026-09-07 06:15:50.797000+00:00
16811307,elmo,Q1,891,3469,106365380,56047884,2026-09-07 06:15:50.801000+00:00
16811307,elmo,Q2,1709,3469,107184778,56111733,2026-09-09 16:42:17.174000+00:00
16811307,elmo,Q2,1710,3469,107184910,56111733,2026-09-09 16:42:17.457000+00:00
16811307,elmo,Q2,1711,3469,107186039,56111733,2026-09-09 16:46:16.093000+00:00
16811307,elmo,Q2,1712,3469,107187149,56111733,2026-09-09 16:50:16.478000+00:00
16811307,elmo,Q2,1713,3469,107187600,56111733,2026-09-09 16:54:14.756000+00:00
16811307,elmo,Q2,1714,3469,107188994,56112394,2026-09-09 16:58:17.280000+00:00
16811307,elmo,Q2,1715,3469,107191805,56112394,2026-09-09 17:10:17.807000+00:00
16811307,elmo,Q2,1716,3469,107192343,56111733,2026-09-09 17:14:15.892000+00:00
16811307,elmo,Q2,1717,3469,107193944,56111733,2026-09-09 17:18:15.975000+00:00
16811307,elmo,Q2,1718,3469,107194334,56112394,2026-09-09 17:22:20.181000+00:00
16811307,elmo,Q2,1719,3469,107195274,56112394,2026-09-09 17:26:15.379000+00:00
16811307,elmo,Q2,1720,3469,107195741,56112394,2026-09-09 17:26:16.100000+00:00
16811307,elmo,Q2,1721,3469,107196423,56112394,2026-09-09 17:30:15.398000+00:00
16811307,elmo,Q2,1722,3469,107198337,56111733,2026-09-09 17:38:17.110000+00:00
16811307,elmo,Q2,1723,3469,107201416,56112394,2026-09-09 17:50:16.381000+00:00
16811307,elmo,Q2,1724,3469,107203028,56111733,2026-09-09 17:58:17.356000+00:00
16811307,elmo,Q2,1725,3469,107207132,56112394,2026-09-09 18:14:15.360000+00:00
16811307,elmo,Q2,1726,3469,107210147,56111733,2026-09-09 18:26:15.762000+00:00
16811307,elmo,Q2,1727,3469,107212261,56112394,2026-09-09 18:34:16.259000+00:00
16811307,elmo,Q2,1728,3469,107213873,56112394,2026-09-09 18:46:31.516000+00:00
16811307,elmo,Q2,1729,3469,107216023,56111733,2026-09-09 18:54:14.314000+00:00
16811307,elmo,Q2,1730,3469,107217400,56112394,2026-09-09 19:02:13.003000+00:00
16811307,elmo,Q2,1731,3469,107218419,56112394,2026-09-09 19:06:16.212000+00:00
16811307,elmo,Q2,1732,3469,107221693,56111733,2026-09-09 19:18:13.527000+00:00
16811307,elmo,Q2,1733,3469,107223660,56112394,2026-09-09 19:26:14.939000+00:00
16811307,elmo,Q2,1734,3469,107224296,56112394,2026-09-09 19:30:15.092000+00:00
16811307,elmo,Q2,1735,3469,107226546,56111733,2026-09-09 19:38:15.901000+00:00
16811307,elmo,Q2,1736,3469,107228042,56112394,2026-09-09 19:46:24.138000+00:00
16811307,elmo,Q2,1737,3469,107229616,56111733,2026-09-09 19:50:17.400000+00:00
16811307,elmo,Q2,1738,3469,107230427,56111733,2026-09-09 19:54:18.427000+00:00
16811307,elmo,Q2,1739,3469,107231969,56112394,2026-09-09 20:02:13.808000+00:00
16811307,elmo,Q2,1740,3469,107234108,56112394,2026-09-09 20:10:15.293000+00:00
16811307,elmo,Q2,1741,3469,107234937,56111733,2026-09-09 20:14:13.548000+00:00
16811307,elmo,Q2,1742,3469,107235121,56111733,2026-09-09 20:14:13.830000+00:00
16811307,elmo,Q2,1743,3469,107236290,56111733,2026-09-09 20:18:15.512000+00:00
16811307,elmo,Q2,1744,3469,107238170,56112394,2026-09-09 20:26:22.541000+00:00
16811307,elmo,Q2,1745,3469,107239144,56111733,2026-09-09 20:30:17.108000+00:00
16811307,elmo,Q2,1746,3469,107242089,56112394,2026-09-09 20:42:17.642000+00:00
16811307,elmo,Q2,1747,3469,107243056,56111733,2026-09-09 20:46:20.556000+00:00
16811307,elmo,Q2,1748,3469,107243972,56112394,2026-09-09 20:50:16.718000+00:00
16811307,elmo,Q2,1749,3469,107245344,56112394,2026-09-09 20:58:15.502000+00:00
16811307,elmo,Q2,1750,3469,107245776,56111733,2026-09-09 20:58:16.147000+00:00
16811307,elmo,Q2,1751,3469,107246224,56112394,2026-09-09 21:02:16.153000+00:00
16811307,elmo,Q2,1752,3469,107249036,56111733,2026-09-09 21:14:19.113000+00:00
16811307,elmo,Q2,1753,3469,107249667,56111733,2026-09-09 21:14:20.244000+00:00
16811307,elmo,Q2,1754,3469,107250471,56112394,2026-09-09 21:18:17.886000+00:00
16811307,elmo,Q2,1755,3469,107253415,56111733,2026-09-09 21:30:17.677000+00:00
16811307,elmo,Q2,1756,3469,107254403,56112394,2026-09-09 21:35:45.459000+00:00
16811307,elmo,Q2,1757,3469,107256464,56111733,2026-09-09 21:43:38.044000+00:00
16811307,elmo,Q2,1758,3469,107258281,56112394,2026-09-09 21:52:54.325000+00:00
16811307,elmo,Q3,2577,3469,108005772,56174600,2026-09-12 01:07:14.731000+00:00
16811307,elmo,Q3,2578,3469,108006764,56174600,2026-09-12 01:11:07.595000+00:00
16811307,elmo,Q3,2579,3469,108007353,56165881,2026-09-12 01:11:08.453000+00:00
16811307,elmo,Q3,2580,3469,108007434,56165881,2026-09-12 01:11:08.553000+00:00
16811307,elmo,Q3,2581,3469,108007780,56174600,2026-09-12 01:15:07.439000+00:00
16811307,elmo,Q3,2582,3469,108008822,56174600,2026-09-12 01:19:08.920000+00:00
16811307,elmo,Q3,2583,3469,108009518,56174600,2026-09-12 01:19:09.596000+00:00
16811307,elmo,Q3,2584,3469,108009838,56174600,2026-09-12 01:23:14.578000+00:00
16811307,elmo,Q3,2585,3469,108010855,56174600,2026-09-12 01:27:17.515000+00:00
16811307,elmo,Q3,2586,3469,108011500,56165881,2026-09-12 01:27:18.554000+00:00
16811307,elmo,Q3,2587,3469,108011875,56174600,2026-09-12 01:31:12.652000+00:00
16811307,elmo,Q3,2588,3469,108012883,56174600,2026-09-12 01:35:11.949000+00:00
16811307,elmo,Q3,2589,3469,108013888,56174600,2026-09-12 01:39:11.694000+00:00
16811307,elmo,Q3,2590,3469,108014432,56174600,2026-09-12 01:39:12.495000+00:00
16811307,elmo,Q3,2591,3469,108014899,56174600,2026-09-12 01:43:12.017000+00:00
16811307,elmo,Q3,2592,3469,108015885,56174600,2026-09-12 01:47:13.677000+00:00
16811307,elmo,Q3,2593,3469,108016277,56165881,2026-09-12 01:47:14.217000+00:00
16811307,elmo,Q3,2594,3469,108016306,56174600,2026-09-12 01:47:14.274000+00:00
16811307,elmo,Q3,2595,3469,108016904,56174600,2026-09-12 01:51:11.573000+00:00
16811307,elmo,Q3,2596,3469,108017893,56174600,2026-09-12 01:55:11.659000+00:00
16811307,elmo,Q3,2597,3469,108018876,56174600,2026-09-12 01:59:12.204000+00:00
16811307,elmo,Q3,2598,3469,108019866,56174600,2026-09-12 02:03:12.156000+00:00
16811307,elmo,Q3,2599,3469,108020476,56165881,2026-09-12 02:03:13.054000+00:00
16811307,elmo,Q3,2600,3469,108020491,56165881,2026-09-12 02:03:13.075000+00:00
16811307,elmo,Q3,2601,3469,108020526,56165881,2026-09-12 02:03:13.127000+00:00
16811307,elmo,Q3,2602,3469,108020871,56174600,2026-09-12 02:07:12.081000+00:00
16811307,elmo,Q3,2603,3469,108021861,56174600,2026-09-12 02:11:11.109000+00:00
16811307,elmo,Q3,2604,3469,108022875,56174600,2026-09-12 02:15:11.562000+00:00
16811307,elmo,Q3,2605,3469,108023867,56174600,2026-09-12 02:19:11.205000+00:00
16811307,elmo,Q3,2606,3469,108024867,56174600,2026-09-12 02:23:10.963000+00:00
16811307,elmo,Q3,2607,3469,108025194,56165881,2026-09-12 02:23:11.397000+00:00
16811307,elmo,Q3,2608,3469,108025874,56174600,2026-09-12 02:27:12.655000+00:00
16811307,elmo,Q3,2609,3469,108026859,56174600,2026-09-12 02:31:11.574000+00:00
16811307,elmo,Q3,2610,3469,108027168,56174600,2026-09-12 02:31:12.056000+00:00
16811307,elmo,Q3,2611,3469,108027863,56174600,2026-09-12 02:35:15.281000+00:00
16811307,elmo,Q3,2612,3469,108028862,56174600,2026-09-12 02:39:11.899000+00:00
16811307,elmo,Q3,2613,3469,108029405,56165881,2026-09-12 02:39:12.849000+00:00
16811307,elmo,Q3,2614,3469,108029838,56165881,2026-09-12 02:43:11.666000+00:00
16811307,elmo,Q3,2615,3469,108029856,56174600,2026-09-12 02:43:11.697000+00:00
16811307,elmo,Q3,2616,3469,108030377,56174600,2026-09-12 02:43:12.749000+00:00
16811307,elmo,Q3,2617,3469,108030904,56174600,2026-09-12 02:47:11.481000+00:00
16811307,elmo,Q3,2618,3469,108031839,56174600,2026-09-12 02:51:11.870000+00:00
16811307,elmo,Q3,2619,3469,108032836,56174600,2026-09-12 02:55:13.258000+00:00
16811307,elmo,Q3,2620,3469,108033310,56165881,2026-09-12 02:55:14.075000+00:00
16811307,elmo,Q3,2621,3469,108033846,56174600,2026-09-12 02:59:21.167000+00:00
16811307,elmo,Q3,2622,3469,108034848,56174600,2026-09-12 03:03:28.780000+00:00
16811307,elmo,Q3,2623,3469,108035851,56174600,2026-09-12 03:07:24.353000+00:00
16811307,elmo,Q3,2624,3469,108036838,56174600,2026-09-12 03:11:18.267000+00:00
16811307,elmo,Q3,2625,3469,108037459,56165881,2026-09-12 03:11:19.176000+00:00
16811307,elmo,Q3,2626,3469,108037848,56174600,2026-09-12 03:15:12.183000+00:00
16811307,elmo,L,3419,3469,109031094,56234758,2026-09-14 20:37:16.027000+00:00
16811307,elmo,L,3420,3469,109035387,56232863,2026-09-14 20:53:17.700000+00:00
16811307,elmo,L,3421,3469,109036018,56234758,2026-09-14 20:57:16.815000+00:00
16811307,elmo,L,3422,3469,109038953,56232863,2026-09-14 21:09:16.201000+00:00
16811307,elmo,L,3423,3469,109040343,56234758,2026-09-14 21:13:16.538000+00:00
16811307,elmo,L,3424,3469,109041454,56232863,2026-09-14 21:17:17.335000+00:00
16811307,elmo,L,3425,3469,109041867,56234758,2026-09-14 21:21:16.289000+00:00
16811307,elmo,L,3426,3469,109045718,56232863,2026-09-14 21:33:17.391000+00:00
16811307,elmo,L,3427,3469,109046423,56234758,2026-09-14 21:37:17.023000+00:00
16811307,elmo,L,3428,3469,109046453,56234758,2026-09-14 21:37:17.082000+00:00
16811307,elmo,L,3429,3469,109050414,56232863,2026-09-14 21:53:17.991000+00:00
16811307,elmo,L,3430,3469,109050682,56234758,2026-09-14 21:53:18.530000+00:00
16811307,elmo,L,3431,3469,109051739,56234758,2026-09-14 21:57:18.544000+00:00
16811307,elmo,L,3432,3469,109054681,56232863,2026-09-14 22:09:18.334000+00:00
16811307,elmo,L,3433,3469,109055944,56234758,2026-09-14 22:13:17.930000+00:00
16811307,elmo,L,3434,3469,109057418,56234758,2026-09-14 22:21:16.057000+00:00
16811307,elmo,L,3435,3469,109058929,56232863,2026-09-14 22:27:35.814000+00:00
16811307,elmo,L,3436,3469,109059159,56232863,2026-09-14 22:27:36.422000+00:00
16811307,elmo,L,3437,3469,109061964,56234758,2026-09-14 22:41:35.376000+00:00
16811307,elmo,L,3438,3469,109063077,56234758,2026-09-14 22:45:39.317000+00:00
16811307,elmo,L,3439,3469,109063107,56234758,2026-09-14 22:45:39.385000+00:00
16811307,elmo,L,3440,3469,109063667,56232863,2026-09-14 22:49:33.916000+00:00
16811307,elmo,L,3441,3469,109063915,56232863,2026-09-14 22:49:34.310000+00:00
16811307,elmo,L,3442,3469,109064622,56232863,2026-09-14 22:53:35.712000+00:00
16811307,elmo,L,3443,3469,109064815,56234758,2026-09-14 22:53:36.006000+00:00
16811307,elmo,L,3444,3469,109068081,56232863,2026-09-14 23:05:33.789000+00:00
16811307,elmo,L,3445,3469,109068224,56232863,2026-09-14 23:05:33.981000+00:00
16811307,elmo,L,3446,3469,109069376,56234758,2026-09-14 23:09:34.235000+00:00
16811307,elmo,L,3447,3469,109070101,56234758,2026-09-14 23:13:34.097000+00:00
16811307,elmo,L,3448,3469,109070285,56234758,2026-09-14 23:13:34.443000+00:00
16811307,elmo,L,3449,3469,109071727,56232863,2026-09-14 23:21:34.181000+00:00
16811307,elmo,L,3450,3469,109071870,56234758,2026-09-14 23:21:34.387000+00:00
16811307,elmo,L,3451,3469,109072372,56232863,2026-09-14 23:21:35.039000+00:00
16811307,elmo,L,3452,3469,109072377,56232863,2026-09-14 23:21:35.078000+00:00
16811307,elmo,L,3453,3469,109075428,56232863,2026-09-14 23:33:34.777000+00:00
16811307,elmo,L,3454,3469,109076555,56234758,2026-09-14 23:40:06.510000+00:00
16811307,elmo,L,3455,3469,109077541,56232863,2026-09-14 23:43:51.707000+00:00
16811307,elmo,L,3456,3469,109078048,56232863,2026-09-14 23:43:52.684000+00:00
16811307,elmo,L,3457,3469,109078338,56232863,2026-09-14 23:43:52.955000+00:00
16811307,elmo,L,3458,3469,109080105,56232863,2026-09-14 23:51:47.970000+00:00
16811307,elmo,L,3459,3469,109080492,56232863,2026-09-14 23:51:48.622000+00:00
16811307,elmo,L,3460,3469,109081680,56234758,2026-09-14 23:55:45.709000+00:00
16811307,elmo,L,3461,3469,109085374,56232863,2026-09-15 00:07:49.920000+00:00
16811307,elmo,L,3462,3469,109086691,56234758,2026-09-15 00:11:49.199000+00:00
16811307,elmo,L,3463,3469,109086755,56232863,2026-09-15 00:11:49.369000+00:00
16811307,elmo,L,3464,3469,109090535,56232863,2026-09-15 00:23:50.860000+00:00
16811307,elmo,L,3465,3469,109091924,56234758,2026-09-15 00:27:50.599000+00:00
16811307,elmo,L,3466,3469,109092825,56234758,2026-09-15 00:31:47.063000+00:00
16811307,elmo,L,3467,3469,109094777,56232863,2026-09-15 00:39:50.706000+00:00
16811307,elmo,L,3468,3469,109095318,56232863,2026-09-15 00:39:51.713000+00:00
16811307,elmo,C0,0,102,108961224,56234758,2026-09-14 16:02:56.915000+00:00
16811307,elmo,C0,1,102,108962536,56234758,2026-09-14 16:06:52.079000+00:00
16811307,elmo,C0,2,102,108963273,56234758,2026-09-14 16:10:52.420000+00:00
16811307,elmo,C0,3,102,108964259,56234758,2026-09-14 16:14:49.031000+00:00
16811307,elmo,C0,4,102,108965302,56234758,2026-09-14 16:18:55.514000+00:00
16811307,elmo,C0,5,102,108966322,56234758,2026-09-14 16:22:54.003000+00:00
16811307,elmo,C0,6,102,108967367,56234758,2026-09-14 16:26:57.667000+00:00
16811307,elmo,C0,7,102,108968352,56234758,2026-09-14 16:30:49.385000+00:00
16811307,elmo,C0,8,102,108969385,56234758,2026-09-14 16:34:50.019000+00:00
16811307,elmo,C0,9,102,108970418,56234758,2026-09-14 16:38:54.302000+00:00
16811307,elmo,C0,10,102,108971435,56234758,2026-09-14 16:42:52.538000+00:00
16811307,elmo,C0,11,102,108972472,56234758,2026-09-14 16:46:49.269000+00:00
16811307,elmo,C0,12,102,108973498,56234758,2026-09-14 16:50:49.975000+00:00
16811307,elmo,C0,13,102,108974522,56234758,2026-09-14 16:54:49.488000+00:00
16811307,elmo,C0,14,102,108975553,56234758,2026-09-14 16:58:51.693000+00:00
16811307,elmo,C0,15,102,108976583,56234758,2026-09-14 17:02:49.124000+00:00
16811307,elmo,C0,16,102,108977649,56234758,2026-09-14 17:08:55.060000+00:00
16811307,elmo,C0,17,102,108978675,56234758,2026-09-14 17:12:41.436000+00:00
16811307,elmo,C0,18,102,108979717,56234758,2026-09-14 17:16:43.039000+00:00
16811307,elmo,C0,19,102,108980797,56234758,2026-09-14 17:20:42.335000+00:00
16811307,elmo,C0,20,102,108981816,56234758,2026-09-14 17:24:41.421000+00:00
16811307,elmo,C0,21,102,108982887,56234758,2026-09-14 17:28:44.715000+00:00
16811307,elmo,C0,22,102,108983928,56234758,2026-09-14 17:32:40.783000+00:00
16811307,elmo,C0,23,102,108984958,56234758,2026-09-14 17:36:41.793000+00:00
16811307,elmo,C0,24,102,108986007,56234758,2026-09-14 17:40:40.449000+00:00
16811307,elmo,C0,25,102,108987035,56234758,2026-09-14 17:44:40.795000+00:00
16811307,elmo,C0,26,102,108987707,56234758,2026-09-14 17:44:42.006000+00:00
16811307,elmo,C0,27,102,108988092,56234758,2026-09-14 17:48:41.575000+00:00
16811307,elmo,C0,28,102,108988434,56234758,2026-09-14 17:48:42.277000+00:00
16811307,elmo,C0,29,102,108989410,56234758,2026-09-14 17:52:40.647000+00:00
16811307,elmo,C0,30,102,108990187,56234758,2026-09-14 17:56:40.252000+00:00
16811307,elmo,C0,31,102,108991230,56234758,2026-09-14 18:00:41.851000+00:00
16811307,elmo,C0,32,102,108991534,56234758,2026-09-14 18:00:42.437000+00:00
16811307,elmo,C0,33,102,108992276,56234758,2026-09-14 18:04:41.064000+00:00
16811307,elmo,C0,34,102,108992350,56234758,2026-09-14 18:04:41.239000+00:00
16811307,elmo,C0,35,102,108993328,56234758,2026-09-14 18:08:41.357000+00:00
16811307,elmo,C0,36,102,108994368,56234758,2026-09-14 18:12:39.947000+00:00
16811307,elmo,C0,37,102,108994522,56234758,2026-09-14 18:12:40.169000+00:00
16811307,elmo,C0,38,102,108995432,56234758,2026-09-14 18:16:40.158000+00:00
16811307,elmo,C0,39,102,108996452,56234758,2026-09-14 18:20:43.955000+00:00
16811307,elmo,C0,40,102,108997477,56234758,2026-09-14 18:24:40.175000+00:00
16811307,elmo,C0,41,102,108997500,56234758,2026-09-14 18:24:40.197000+00:00
16811307,elmo,C0,42,102,108998525,56234758,2026-09-14 18:28:42.267000+00:00
16811307,elmo,C0,43,102,108999567,56234758,2026-09-14 18:32:40.189000+00:00
16811307,elmo,C0,44,102,109000611,56234758,2026-09-14 18:36:45.133000+00:00
16811307,elmo,C0,45,102,109000667,56234758,2026-09-14 18:36:45.191000+00:00
16811307,elmo,C0,46,102,109001103,56234758,2026-09-14 18:36:45.900000+00:00
16811307,elmo,C0,47,102,109001674,56234758,2026-09-14 18:40:40.784000+00:00
16811307,elmo,C0,48,102,109002693,56234758,2026-09-14 18:44:40.271000+00:00
16811307,elmo,C0,49,102,109003739,56234758,2026-09-14 18:48:40.853000+00:00
16719123,Thomas Tschinkel,F,0,7633,92804662,55493169,2026-08-13 23:56:46.542449400+00:00
16719123,Thomas Tschinkel,F,1,7633,92805621,55493169,2026-08-14 00:00:45.611194400+00:00
16719123,Thomas Tschinkel,F,2,7633,92806600,55493169,2026-08-14 00:04:44.968649400+00:00
16719123,Thomas Tschinkel,F,3,7633,92807541,55493169,2026-08-14 00:08:45.478484700+00:00
16719123,Thomas Tschinkel,F,4,7633,92808476,55493169,2026-08-14 00:12:44.502536100+00:00
16719123,Thomas Tschinkel,F,5,7633,92809410,55493169,2026-08-14 00:16:45.945573600+00:00
16719123,Thomas Tschinkel,F,6,7633,92810335,55493169,2026-08-14 00:20:45.112082800+00:00
16719123,Thomas Tschinkel,F,7,7633,92811253,55493169,2026-08-14 00:24:44.264532800+00:00
16719123,Thomas Tschinkel,F,8,7633,92812177,55493169,2026-08-14 00:28:44.996569400+00:00
16719123,Thomas Tschinkel,F,9,7633,92813107,55493169,2026-08-14 00:32:45.782112500+00:00
16719123,Thomas Tschinkel,F,10,7633,92814040,55493169,2026-08-14 00:41:02.620517700+00:00
16719123,Thomas Tschinkel,F,11,7633,92814993,55493169,2026-08-14 00:44:49.988190800+00:00
16719123,Thomas Tschinkel,F,12,7633,92815906,55493169,2026-08-14 00:48:49.314027200+00:00
16719123,Thomas Tschinkel,F,13,7633,92815936,55493169,2026-08-14 00:48:49.346570700+00:00
16719123,Thomas Tschinkel,F,14,7633,92816880,55493169,2026-08-14 00:52:49.433000500+00:00
16719123,Thomas Tschinkel,F,15,7633,92817784,55493169,2026-08-14 00:56:49.645191900+00:00
16719123,Thomas Tschinkel,F,16,7633,92817827,55493169,2026-08-14 00:56:49.708768600+00:00
16719123,Thomas Tschinkel,F,17,7633,92818767,55493169,2026-08-14 01:00:52.824796200+00:00
16719123,Thomas Tschinkel,F,18,7633,92819699,55493169,2026-08-14 01:04:49.553727800+00:00
16719123,Thomas Tschinkel,F,19,7633,92820645,55493169,2026-08-14 01:08:48.696688200+00:00
16719123,Thomas Tschinkel,F,20,7633,92821571,55493169,2026-08-14 01:12:51.001992600+00:00
16719123,Thomas Tschinkel,F,21,7633,92822501,55493169,2026-08-14 01:16:49.035697800+00:00
16719123,Thomas Tschinkel,F,22,7633,92823343,55493169,2026-08-14 01:20:52.663474300+00:00
16719123,Thomas Tschinkel,F,23,7633,92823435,55493169,2026-08-14 01:20:52.797703200+00:00
16719123,Thomas Tschinkel,F,24,7633,92824381,55493169,2026-08-14 01:24:51.684445700+00:00
16719123,Thomas Tschinkel,F,25,7633,92825313,55493169,2026-08-14 01:28:51.336801600+00:00
16719123,Thomas Tschinkel,F,26,7633,92825380,55493169,2026-08-14 01:28:51.428998900+00:00
16719123,Thomas Tschinkel,F,27,7633,92826252,55493169,2026-08-14 01:32:48.929013900+00:00
16719123,Thomas Tschinkel,F,28,7633,92826485,55493169,2026-08-14 01:32:49.326155900+00:00
16719123,Thomas Tschinkel,F,29,7633,92827188,55493169,2026-08-14 01:36:48.942738600+00:00
16719123,Thomas Tschinkel,F,30,7633,92828121,55493169,2026-08-14 01:40:52.622805800+00:00
16719123,Thomas Tschinkel,F,31,7633,92828365,55493169,2026-08-14 01:40:52.953164100+00:00
16719123,Thomas Tschinkel,F,32,7633,92829059,55493169,2026-08-14 01:44:49.086419400+00:00
16719123,Thomas Tschinkel,F,33,7633,92829266,55493169,2026-08-14 01:44:49.391893300+00:00
16719123,Thomas Tschinkel,F,34,7633,92829989,55493169,2026-08-14 01:48:48.783786900+00:00
16719123,Thomas Tschinkel,F,35,7633,92830925,55493169,2026-08-14 01:52:50.181557300+00:00
16719123,Thomas Tschinkel,F,36,7633,92831829,55493169,2026-08-14 01:56:54.625848200+00:00
16719123,Thomas Tschinkel,F,37,7633,92832786,55493169,2026-08-14 02:00:57.814743300+00:00
16719123,Thomas Tschinkel,F,38,7633,92833703,55493169,2026-08-14 02:04:54.311033600+00:00
16719123,Thomas Tschinkel,F,39,7633,92834629,55493169,2026-08-14 02:08:54.285349+00:00
16719123,Thomas Tschinkel,F,40,7633,92835563,55493169,2026-08-14 02:12:53.919368800+00:00
16719123,Thomas Tschinkel,F,41,7633,92836489,55493169,2026-08-14 02:16:53.898846+00:00
16719123,Thomas Tschinkel,F,42,7633,92837426,55493169,2026-08-14 02:20:55.617409900+00:00
16719123,Thomas Tschinkel,F,43,7633,92838410,55493169,2026-08-14 02:24:56.478783800+00:00
16719123,Thomas Tschinkel,F,44,7633,92839303,55493169,2026-08-14 02:28:54.512396900+00:00
16719123,Thomas Tschinkel,F,45,7633,92840186,55493169,2026-08-14 02:32:53.917340900+00:00
16719123,Thomas Tschinkel,F,46,7633,92840242,55493169,2026-08-14 02:32:54.007903400+00:00
16719123,Thomas Tschinkel,F,47,7633,92841172,55493169,2026-08-14 02:36:54.487769700+00:00
16719123,Thomas Tschinkel,F,48,7633,92842105,55493169,2026-08-14 02:40:55.483138100+00:00
16719123,Thomas Tschinkel,F,49,7633,92842918,55493169,2026-08-14 02:44:53.653554900+00:00
16719123,Thomas Tschinkel,Q1,1883,7633,98132437,55727932,2026-08-24 03:37:01.735000+00:00
16719123,Thomas Tschinkel,Q1,1884,7633,98134730,55727932,2026-08-24 03:41:05.292000+00:00
16719123,Thomas Tschinkel,Q1,1885,7633,98137012,55727932,2026-08-24 03:45:02.105000+00:00
16719123,Thomas Tschinkel,Q1,1886,7633,98139307,55727932,2026-08-24 03:49:01.966000+00:00
16719123,Thomas Tschinkel,Q1,1887,7633,98141588,55727932,2026-08-24 03:53:01.551000+00:00
16719123,Thomas Tschinkel,Q1,1888,7633,98143882,55727932,2026-08-24 03:57:02.232000+00:00
16719123,Thomas Tschinkel,Q1,1889,7633,98146152,55727932,2026-08-24 04:01:04.569000+00:00
16719123,Thomas Tschinkel,Q1,1890,7633,98146225,55727932,2026-08-24 04:01:04.757000+00:00
16719123,Thomas Tschinkel,Q1,1891,7633,98148456,55727932,2026-08-24 04:05:02.085000+00:00
16719123,Thomas Tschinkel,Q1,1892,7633,98150751,55727932,2026-08-24 04:09:02.082000+00:00
16719123,Thomas Tschinkel,Q1,1893,7633,98150810,55727932,2026-08-24 04:09:02.177000+00:00
16719123,Thomas Tschinkel,Q1,1894,7633,98173578,55727932,2026-08-24 04:49:04.899000+00:00
16719123,Thomas Tschinkel,Q1,1895,7633,98182407,55727932,2026-08-24 05:05:04.746000+00:00
16719123,Thomas Tschinkel,Q1,1896,7633,98212374,55727932,2026-08-24 05:57:04.968000+00:00
16719123,Thomas Tschinkel,Q1,1897,7633,98246605,55727932,2026-08-24 06:57:02.794000+00:00
16719123,Thomas Tschinkel,Q1,1898,7633,98296742,55727932,2026-08-24 08:25:03.468000+00:00
16719123,Thomas Tschinkel,Q1,1899,7633,98319584,55727932,2026-08-24 09:05:02.629000+00:00
16719123,Thomas Tschinkel,Q1,1900,7633,98333135,55727932,2026-08-24 09:29:02.470000+00:00
16719123,Thomas Tschinkel,Q1,1901,7633,98344399,55739086,2026-08-24 09:49:01.606000+00:00
16719123,Thomas Tschinkel,Q1,1902,7633,98346658,55739086,2026-08-24 09:53:01.722000+00:00
16719123,Thomas Tschinkel,Q1,1903,7633,98348934,55739086,2026-08-24 09:57:01.079000+00:00
16719123,Thomas Tschinkel,Q1,1904,7633,98351203,55739086,2026-08-24 10:01:03.480000+00:00
16719123,Thomas Tschinkel,Q1,1905,7633,98353475,55739086,2026-08-24 10:05:01.530000+00:00
16719123,Thomas Tschinkel,Q1,1906,7633,98355749,55739086,2026-08-24 10:09:02.704000+00:00
16719123,Thomas Tschinkel,Q1,1907,7633,98358014,55739086,2026-08-24 10:13:06.475000+00:00
16719123,Thomas Tschinkel,Q1,1908,7633,98360294,55739086,2026-08-24 10:17:03.693000+00:00
16719123,Thomas Tschinkel,Q1,1909,7633,98362572,55739086,2026-08-24 10:21:08.666000+00:00
16719123,Thomas Tschinkel,Q1,1910,7633,98364852,55739086,2026-08-24 10:25:07.030000+00:00
16719123,Thomas Tschinkel,Q1,1911,7633,98367125,55739086,2026-08-24 10:29:02.597000+00:00
16719123,Thomas Tschinkel,Q1,1912,7633,98369425,55739086,2026-08-24 10:33:04.556000+00:00
16719123,Thomas Tschinkel,Q1,1913,7633,98371714,55739086,2026-08-24 10:37:03.360000+00:00
16719123,Thomas Tschinkel,Q1,1914,7633,98374004,55739086,2026-08-24 10:41:07.516000+00:00
16719123,Thomas Tschinkel,Q1,1915,7633,98376383,55739086,2026-08-24 10:45:11.390000+00:00
16719123,Thomas Tschinkel,Q1,1916,7633,98376649,55727932,2026-08-24 10:45:11.891000+00:00
16719123,Thomas Tschinkel,Q1,1917,7633,98378587,55739086,2026-08-24 10:49:02.192000+00:00
16719123,Thomas Tschinkel,Q1,1918,7633,98380894,55739086,2026-08-24 10:53:09.198000+00:00
16719123,Thomas Tschinkel,Q1,1919,7633,98383183,55739086,2026-08-24 10:57:04.457000+00:00
16719123,Thomas Tschinkel,Q1,1920,7633,98385491,55739086,2026-08-24 11:01:09.556000+00:00
16719123,Thomas Tschinkel,Q1,1921,7633,98387782,55739086,2026-08-24 11:05:02.652000+00:00
16719123,Thomas Tschinkel,Q1,1922,7633,98390079,55739086,2026-08-24 11:09:03.679000+00:00
16719123,Thomas Tschinkel,Q1,1923,7633,98390213,55739086,2026-08-24 11:09:03.883000+00:00
16719123,Thomas Tschinkel,Q1,1924,7633,98392371,55739086,2026-08-24 11:13:03.994000+00:00
16719123,Thomas Tschinkel,Q1,1925,7633,98394535,55739086,2026-08-24 11:17:05.449000+00:00
16719123,Thomas Tschinkel,Q1,1926,7633,98394656,55739086,2026-08-24 11:17:05.640000+00:00
16719123,Thomas Tschinkel,Q1,1927,7633,98396939,55739086,2026-08-24 11:21:10.637000+00:00
16719123,Thomas Tschinkel,Q1,1928,7633,98399217,55739086,2026-08-24 11:25:03.566000+00:00
16719123,Thomas Tschinkel,Q1,1929,7633,98401501,55739086,2026-08-24 11:29:03.348000+00:00
16719123,Thomas Tschinkel,Q1,1930,7633,98403783,55739086,2026-08-24 11:33:03.372000+00:00
16719123,Thomas Tschinkel,Q1,1931,7633,98406071,55739086,2026-08-24 11:37:03.259000+00:00
16719123,Thomas Tschinkel,Q1,1932,7633,98408365,55739086,2026-08-24 11:41:08.340000+00:00
16719123,Thomas Tschinkel,Q2,3791,7633,104991512,55969344,2026-09-03 01:58:20.030000+00:00
16719123,Thomas Tschinkel,Q2,3792,7633,104992474,55969344,2026-09-03 02:02:19.651000+00:00
16719123,Thomas Tschinkel,Q2,3793,7633,104993237,55969344,2026-09-03 02:06:19.266000+00:00
16719123,Thomas Tschinkel,Q2,3794,7633,104993566,55964535,2026-09-03 02:06:19.791000+00:00
16719123,Thomas Tschinkel,Q2,3795,7633,104994089,55969344,2026-09-03 02:10:19.390000+00:00
16719123,Thomas Tschinkel,Q2,3796,7633,104994948,55969344,2026-09-03 02:14:23.256000+00:00
16719123,Thomas Tschinkel,Q2,3797,7633,104995125,55964535,2026-09-03 02:14:23.743000+00:00
16719123,Thomas Tschinkel,Q2,3798,7633,104995608,55969344,2026-09-03 02:18:23.665000+00:00
16719123,Thomas Tschinkel,Q2,3799,7633,104995808,55969344,2026-09-03 02:18:23.988000+00:00
16719123,Thomas Tschinkel,Q2,3800,7633,104996342,55972597,2026-09-03 02:22:23.740000+00:00
16719123,Thomas Tschinkel,Q2,3801,7633,104996678,55969344,2026-09-03 02:22:24.336000+00:00
16719123,Thomas Tschinkel,Q2,3802,7633,104997156,55972597,2026-09-03 02:26:23.966000+00:00
16719123,Thomas Tschinkel,Q2,3803,7633,104997539,55969344,2026-09-03 02:26:24.838000+00:00
16719123,Thomas Tschinkel,Q2,3804,7633,104997998,55972597,2026-09-03 02:30:23.581000+00:00
16719123,Thomas Tschinkel,Q2,3805,7633,104998403,55969344,2026-09-03 02:30:24.354000+00:00
16719123,Thomas Tschinkel,Q2,3806,7633,104998569,55969344,2026-09-03 02:30:24.636000+00:00
16719123,Thomas Tschinkel,Q2,3807,7633,104998828,55972597,2026-09-03 02:34:24.362000+00:00
16719123,Thomas Tschinkel,Q2,3808,7633,104999254,55969344,2026-09-03 02:34:25.080000+00:00
16719123,Thomas Tschinkel,Q2,3809,7633,104999280,55969344,2026-09-03 02:34:25.142000+00:00
16719123,Thomas Tschinkel,Q2,3810,7633,104999669,55972597,2026-09-03 02:38:23.562000+00:00
16719123,Thomas Tschinkel,Q2,3811,7633,105000115,55969344,2026-09-03 02:38:24.356000+00:00
16719123,Thomas Tschinkel,Q2,3812,7633,105000735,55972597,2026-09-03 02:42:23.996000+00:00
16719123,Thomas Tschinkel,Q2,3813,7633,105001009,55969344,2026-09-03 02:42:25.684000+00:00
16719123,Thomas Tschinkel,Q2,3814,7633,105001365,55972597,2026-09-03 02:46:23.540000+00:00
16719123,Thomas Tschinkel,Q2,3815,7633,105001840,55969344,2026-09-03 02:46:24.435000+00:00
16719123,Thomas Tschinkel,Q2,3816,7633,105002198,55972597,2026-09-03 02:50:24.341000+00:00
16719123,Thomas Tschinkel,Q2,3817,7633,105002701,55969344,2026-09-03 02:50:25.248000+00:00
16719123,Thomas Tschinkel,Q2,3818,7633,105003045,55972597,2026-09-03 02:54:25.504000+00:00
16719123,Thomas Tschinkel,Q2,3819,7633,105003564,55969344,2026-09-03 02:54:26.374000+00:00
16719123,Thomas Tschinkel,Q2,3820,7633,105003884,55972597,2026-09-03 02:58:32.952000+00:00
16719123,Thomas Tschinkel,Q2,3821,7633,105004116,55969344,2026-09-03 02:58:33.365000+00:00
16719123,Thomas Tschinkel,Q2,3822,7633,105004741,55972597,2026-09-03 03:02:30.697000+00:00
16719123,Thomas Tschinkel,Q2,3823,7633,105005597,55972597,2026-09-03 03:06:23.347000+00:00
16719123,Thomas Tschinkel,Q2,3824,7633,105006463,55972597,2026-09-03 03:10:23.576000+00:00
16719123,Thomas Tschinkel,Q2,3825,7633,105006585,55969344,2026-09-03 03:10:23.762000+00:00
16719123,Thomas Tschinkel,Q2,3826,7633,105006951,55969344,2026-09-03 03:10:24.435000+00:00
16719123,Thomas Tschinkel,Q2,3827,7633,105007320,55972597,2026-09-03 03:14:24.432000+00:00
16719123,Thomas Tschinkel,Q2,3828,7633,105008195,55972597,2026-09-03 03:18:23.433000+00:00
16719123,Thomas Tschinkel,Q2,3829,7633,105009071,55972597,2026-09-03 03:22:25.759000+00:00
16719123,Thomas Tschinkel,Q2,3830,7633,105009960,55972597,2026-09-03 03:26:24.447000+00:00
16719123,Thomas Tschinkel,Q2,3831,7633,105010826,55972597,2026-09-03 03:30:24.037000+00:00
16719123,Thomas Tschinkel,Q2,3832,7633,105011310,55969344,2026-09-03 03:30:24.787000+00:00
16719123,Thomas Tschinkel,Q2,3833,7633,105011675,55972597,2026-09-03 03:34:24.965000+00:00
16719123,Thomas Tschinkel,Q2,3834,7633,105012537,55972597,2026-09-03 03:38:23.653000+00:00
16719123,Thomas Tschinkel,Q2,3835,7633,105013399,55972597,2026-09-03 03:42:24.272000+00:00
16719123,Thomas Tschinkel,Q2,3836,7633,105014244,55972597,2026-09-03 03:46:24.066000+00:00
16719123,Thomas Tschinkel,Q2,3837,7633,105014718,55972597,2026-09-03 03:46:24.876000+00:00
16719123,Thomas Tschinkel,Q2,3838,7633,105014887,55969344,2026-09-03 03:46:25.167000+00:00
16719123,Thomas Tschinkel,Q2,3839,7633,105015113,55972597,2026-09-03 03:50:23.662000+00:00
16719123,Thomas Tschinkel,Q2,3840,7633,105015952,55972597,2026-09-03 03:54:25.882000+00:00
16719123,Thomas Tschinkel,Q3,5700,7633,106460524,56074678,2026-09-07 13:12:26.768000+00:00
16719123,Thomas Tschinkel,Q3,5701,7633,106461440,56074733,2026-09-07 13:16:27.177000+00:00
16719123,Thomas Tschinkel,Q3,5702,7633,106461472,56074678,2026-09-07 13:16:27.261000+00:00
16719123,Thomas Tschinkel,Q3,5703,7633,106462370,56074733,2026-09-07 13:20:25.529000+00:00
16719123,Thomas Tschinkel,Q3,5704,7633,106462386,56074678,2026-09-07 13:20:25.583000+00:00
16719123,Thomas Tschinkel,Q3,5705,7633,106463062,56074733,2026-09-07 13:24:28.759000+00:00
16719123,Thomas Tschinkel,Q3,5706,7633,106463221,56074733,2026-09-07 13:24:29.164000+00:00
16719123,Thomas Tschinkel,Q3,5707,7633,106463293,56074733,2026-09-07 13:24:29.309000+00:00
16719123,Thomas Tschinkel,Q3,5708,7633,106463325,56074678,2026-09-07 13:24:29.403000+00:00
16719123,Thomas Tschinkel,Q3,5709,7633,106464247,56074733,2026-09-07 13:28:26.692000+00:00
16719123,Thomas Tschinkel,Q3,5710,7633,106464258,56074678,2026-09-07 13:28:26.705000+00:00
16719123,Thomas Tschinkel,Q3,5711,7633,106465141,56074733,2026-09-07 13:32:25.459000+00:00
16719123,Thomas Tschinkel,Q3,5712,7633,106465230,56074678,2026-09-07 13:32:25.578000+00:00
16719123,Thomas Tschinkel,Q3,5713,7633,106465516,56074733,2026-09-07 13:32:26.113000+00:00
16719123,Thomas Tschinkel,Q3,5714,7633,106466125,56074733,2026-09-07 13:36:26.966000+00:00
16719123,Thomas Tschinkel,Q3,5715,7633,106466126,56074678,2026-09-07 13:36:26.967000+00:00
16719123,Thomas Tschinkel,Q3,5716,7633,106467062,56074733,2026-09-07 13:40:27.762000+00:00
16719123,Thomas Tschinkel,Q3,5717,7633,106467063,56074678,2026-09-07 13:40:27.764000+00:00
16719123,Thomas Tschinkel,Q3,5718,7633,106467550,56074733,2026-09-07 13:44:29.083000+00:00
16719123,Thomas Tschinkel,Q3,5719,7633,106467739,56074733,2026-09-07 13:44:29.472000+00:00
16719123,Thomas Tschinkel,Q3,5720,7633,106467989,56074678,2026-09-07 13:44:30.072000+00:00
16719123,Thomas Tschinkel,Q3,5721,7633,106468001,56074733,2026-09-07 13:44:30.086000+00:00
16719123,Thomas Tschinkel,Q3,5722,7633,106468917,56074678,2026-09-07 13:48:26.299000+00:00
16719123,Thomas Tschinkel,Q3,5723,7633,106468919,56074733,2026-09-07 13:48:26.300000+00:00
16719123,Thomas Tschinkel,Q3,5724,7633,106469658,56074678,2026-09-07 13:52:26.427000+00:00
16719123,Thomas Tschinkel,Q3,5725,7633,106469855,56074678,2026-09-07 13:52:26.973000+00:00
16719123,Thomas Tschinkel,Q3,5726,7633,106469859,56074733,2026-09-07 13:52:26.976000+00:00
16719123,Thomas Tschinkel,Q3,5727,7633,106470143,56074678,2026-09-07 13:52:27.588000+00:00
16719123,Thomas Tschinkel,Q3,5728,7633,106470624,56074733,2026-09-07 13:56:25.314000+00:00
16719123,Thomas Tschinkel,Q3,5729,7633,106470789,56074678,2026-09-07 13:56:25.661000+00:00
16719123,Thomas Tschinkel,Q3,5730,7633,106470794,56074733,2026-09-07 13:56:25.662000+00:00
16719123,Thomas Tschinkel,Q3,5731,7633,106471735,56074733,2026-09-07 14:00:26.965000+00:00
16719123,Thomas Tschinkel,Q3,5732,7633,106471747,56074678,2026-09-07 14:00:26.983000+00:00
16719123,Thomas Tschinkel,Q3,5733,7633,106472677,56074678,2026-09-07 14:04:28.303000+00:00
16719123,Thomas Tschinkel,Q3,5734,7633,106472681,56074733,2026-09-07 14:04:28.307000+00:00
16719123,Thomas Tschinkel,Q3,5735,7633,106473270,56074733,2026-09-07 14:08:26.158000+00:00
16719123,Thomas Tschinkel,Q3,5736,7633,106473606,56074678,2026-09-07 14:08:27.064000+00:00
16719123,Thomas Tschinkel,Q3,5737,7633,106473619,56074733,2026-09-07 14:08:27.096000+00:00
16719123,Thomas Tschinkel,Q3,5738,7633,106474324,56074733,2026-09-07 14:12:25.687000+00:00
16719123,Thomas Tschinkel,Q3,5739,7633,106474364,56074678,2026-09-07 14:12:25.804000+00:00
16719123,Thomas Tschinkel,Q3,5740,7633,106474549,56074678,2026-09-07 14:12:26.368000+00:00
16719123,Thomas Tschinkel,Q3,5741,7633,106474553,56074733,2026-09-07 14:12:26.373000+00:00
16719123,Thomas Tschinkel,Q3,5742,7633,106475495,56074678,2026-09-07 14:16:28.488000+00:00
16719123,Thomas Tschinkel,Q3,5743,7633,106475497,56074733,2026-09-07 14:16:28.490000+00:00
16719123,Thomas Tschinkel,Q3,5744,7633,106476428,56074678,2026-09-07 14:20:26.094000+00:00
16719123,Thomas Tschinkel,Q3,5745,7633,106476429,56074733,2026-09-07 14:20:26.095000+00:00
16719123,Thomas Tschinkel,Q3,5746,7633,106477360,56074678,2026-09-07 14:24:27.816000+00:00
16719123,Thomas Tschinkel,Q3,5747,7633,106477362,56074733,2026-09-07 14:24:27.820000+00:00
16719123,Thomas Tschinkel,Q3,5748,7633,106478275,56074678,2026-09-07 14:28:26.774000+00:00
16719123,Thomas Tschinkel,Q3,5749,7633,106478356,56074733,2026-09-07 14:28:26.959000+00:00
16719123,Thomas Tschinkel,L,7583,7633,108922213,56222223,2026-09-14 13:30:50.584000+00:00
16719123,Thomas Tschinkel,L,7584,7633,108922490,56222223,2026-09-14 13:30:51.173000+00:00
16719123,Thomas Tschinkel,L,7585,7633,108924602,56222223,2026-09-14 13:39:01.629000+00:00
16719123,Thomas Tschinkel,L,7586,7633,108926507,56210470,2026-09-14 13:46:50.879000+00:00
16719123,Thomas Tschinkel,L,7587,7633,108927254,56210470,2026-09-14 13:50:49.926000+00:00
16719123,Thomas Tschinkel,L,7588,7633,108931888,56222223,2026-09-14 14:06:50.104000+00:00
16719123,Thomas Tschinkel,L,7589,7633,108934566,56210470,2026-09-14 14:18:51.882000+00:00
16719123,Thomas Tschinkel,L,7590,7633,108934879,56210470,2026-09-14 14:18:52.410000+00:00
16719123,Thomas Tschinkel,L,7591,7633,108937021,56210470,2026-09-14 14:26:52.109000+00:00
16719123,Thomas Tschinkel,L,7592,7633,108937831,56210470,2026-09-14 14:30:50.326000+00:00
16719123,Thomas Tschinkel,L,7593,7633,108938595,56210470,2026-09-14 14:34:55.316000+00:00
16719123,Thomas Tschinkel,L,7594,7633,108939099,56222223,2026-09-14 14:34:56.206000+00:00
16719123,Thomas Tschinkel,L,7595,7633,108944655,56210470,2026-09-14 14:58:49.815000+00:00
16719123,Thomas Tschinkel,L,7596,7633,108944891,56210470,2026-09-14 14:58:50.286000+00:00
16719123,Thomas Tschinkel,L,7597,7633,108945257,56210470,2026-09-14 14:58:50.997000+00:00
16719123,Thomas Tschinkel,L,7598,7633,108945455,56210470,2026-09-14 14:58:51.519000+00:00
16719123,Thomas Tschinkel,L,7599,7633,108945618,56210470,2026-09-14 15:02:51.365000+00:00
16719123,Thomas Tschinkel,L,7600,7633,108946473,56222223,2026-09-14 15:02:53.189000+00:00
16719123,Thomas Tschinkel,L,7601,7633,108948030,56210470,2026-09-14 15:10:49.977000+00:00
16719123,Thomas Tschinkel,L,7602,7633,108953742,56222223,2026-09-14 15:30:53.816000+00:00
16719123,Thomas Tschinkel,L,7603,7633,108955763,56210470,2026-09-14 15:38:56.126000+00:00
16719123,Thomas Tschinkel,L,7604,7633,108956380,56210470,2026-09-14 15:42:54.785000+00:00
16719123,Thomas Tschinkel,L,7605,7633,108957598,56210470,2026-09-14 15:46:56.673000+00:00
16719123,Thomas Tschinkel,L,7606,7633,108960964,56222223,2026-09-14 15:58:59.035000+00:00
16719123,Thomas Tschinkel,L,7607,7633,108965071,56210470,2026-09-14 16:14:51.405000+00:00
16719123,Thomas Tschinkel,L,7608,7633,108966602,56210470,2026-09-14 16:22:54.501000+00:00
16719123,Thomas Tschinkel,L,7609,7633,108969062,56222223,2026-09-14 16:30:50.742000+00:00
16719123,Thomas Tschinkel,L,7610,7633,108974233,56210470,2026-09-14 16:50:51.678000+00:00
16719123,Thomas Tschinkel,L,7611,7633,108975171,56222223,2026-09-14 16:54:50.735000+00:00
16719123,Thomas Tschinkel,L,7612,7633,108976171,56210470,2026-09-14 16:58:53.094000+00:00
16719123,Thomas Tschinkel,L,7613,7633,108976325,56222223,2026-09-14 16:58:53.326000+00:00
16719123,Thomas Tschinkel,L,7614,7633,108976340,56210470,2026-09-14 16:58:53.391000+00:00
16719123,Thomas Tschinkel,L,7615,7633,108981679,56210470,2026-09-14 17:20:43.855000+00:00
16719123,Thomas Tschinkel,L,7616,7633,108983499,56222223,2026-09-14 17:28:45.740000+00:00
16719123,Thomas Tschinkel,L,7617,7633,108984068,56210470,2026-09-14 17:32:41.042000+00:00
16719123,Thomas Tschinkel,L,7618,7633,108989276,56210470,2026-09-14 17:52:40.845000+00:00
16719123,Thomas Tschinkel,L,7619,7633,108989838,56222223,2026-09-14 17:52:41.846000+00:00
16719123,Thomas Tschinkel,L,7620,7633,108991414,56210470,2026-09-14 18:00:42.197000+00:00
16719123,Thomas Tschinkel,L,7621,7633,108991601,56222223,2026-09-14 18:00:42.621000+00:00
16719123,Thomas Tschinkel,L,7622,7633,108991632,56210470,2026-09-14 18:00:42.681000+00:00
16719123,Thomas Tschinkel,L,7623,7633,108996623,56210470,2026-09-14 18:20:44.249000+00:00
16719123,Thomas Tschinkel,L,7624,7633,108997988,56222223,2026-09-14 18:24:41.051000+00:00
16719123,Thomas Tschinkel,L,7625,7633,108998856,56210470,2026-09-14 18:28:42.964000+00:00
16719123,Thomas Tschinkel,L,7626,7633,108999971,56210470,2026-09-14 18:32:40.897000+00:00
16719123,Thomas Tschinkel,L,7627,7633,109001136,56222223,2026-09-14 18:36:45.957000+00:00
16719123,Thomas Tschinkel,L,7628,7633,109003886,56210470,2026-09-14 18:48:41.153000+00:00
16719123,Thomas Tschinkel,L,7629,7633,109006488,56222223,2026-09-14 18:56:41.263000+00:00
16719123,Thomas Tschinkel,L,7630,7633,109007185,56222223,2026-09-14 19:00:41.553000+00:00
16719123,Thomas Tschinkel,L,7631,7633,109009420,56210470,2026-09-14 19:08:43.941000+00:00
16719123,Thomas Tschinkel,L,7632,7633,109012504,56222223,2026-09-14 19:20:42.155000+00:00
16719123,Thomas Tschinkel,C0,0,110,108795739,56222223,2026-09-14 05:18:47.383000+00:00
16719123,Thomas Tschinkel,C0,1,110,108796804,56222223,2026-09-14 05:22:47.099000+00:00
16719123,Thomas Tschinkel,C0,2,110,108797782,56222223,2026-09-14 05:26:50.922000+00:00
16719123,Thomas Tschinkel,C0,3,110,108798798,56222223,2026-09-14 05:30:51.892000+00:00
16719123,Thomas Tschinkel,C0,4,110,108799816,56222223,2026-09-14 05:34:51.485000+00:00
16719123,Thomas Tschinkel,C0,5,110,108800814,56222223,2026-09-14 05:38:53.506000+00:00
16719123,Thomas Tschinkel,C0,6,110,108801820,56222223,2026-09-14 05:42:50.023000+00:00
16719123,Thomas Tschinkel,C0,7,110,108802855,56222223,2026-09-14 05:46:51.375000+00:00
16719123,Thomas Tschinkel,C0,8,110,108803851,56222223,2026-09-14 05:50:52.715000+00:00
16719123,Thomas Tschinkel,C0,9,110,108804898,56222223,2026-09-14 05:54:49.372000+00:00
16719123,Thomas Tschinkel,C0,10,110,108805908,56222223,2026-09-14 05:58:55.975000+00:00
16719123,Thomas Tschinkel,C0,11,110,108806938,56222223,2026-09-14 06:02:55.646000+00:00
16719123,Thomas Tschinkel,C0,12,110,108807943,56222223,2026-09-14 06:06:51.047000+00:00
16719123,Thomas Tschinkel,C0,13,110,108808975,56222223,2026-09-14 06:10:50.913000+00:00
16719123,Thomas Tschinkel,C0,14,110,108809992,56222223,2026-09-14 06:14:53.929000+00:00
16719123,Thomas Tschinkel,C0,15,110,108811021,56222223,2026-09-14 06:18:55.087000+00:00
16719123,Thomas Tschinkel,C0,16,110,108812042,56222223,2026-09-14 06:22:50.504000+00:00
16719123,Thomas Tschinkel,C0,17,110,108812767,56222223,2026-09-14 06:22:51.686000+00:00
16719123,Thomas Tschinkel,C0,18,110,108813118,56222223,2026-09-14 06:26:50.398000+00:00
16719123,Thomas Tschinkel,C0,19,110,108814162,56222223,2026-09-14 06:30:54.623000+00:00
16719123,Thomas Tschinkel,C0,20,110,108815721,56222223,2026-09-14 06:34:55.025000+00:00
16719123,Thomas Tschinkel,C0,21,110,108815857,56222223,2026-09-14 06:34:56.013000+00:00
16719123,Thomas Tschinkel,C0,22,110,108816266,56222223,2026-09-14 06:38:54.001000+00:00
16719123,Thomas Tschinkel,C0,23,110,108816880,56222223,2026-09-14 06:38:55.215000+00:00
16719123,Thomas Tschinkel,C0,24,110,108817318,56222223,2026-09-14 06:42:52.087000+00:00
16719123,Thomas Tschinkel,C0,25,110,108818363,56222223,2026-09-14 06:46:48.809000+00:00
16719123,Thomas Tschinkel,C0,26,110,108818968,56222223,2026-09-14 06:46:49.983000+00:00
16719123,Thomas Tschinkel,C0,27,110,108819398,56222223,2026-09-14 06:50:49.178000+00:00
16719123,Thomas Tschinkel,C0,28,110,108820413,56222223,2026-09-14 06:54:48.872000+00:00
16719123,Thomas Tschinkel,C0,29,110,108820920,56222223,2026-09-14 06:54:49.736000+00:00
16719123,Thomas Tschinkel,C0,30,110,108821470,56222223,2026-09-14 06:58:51.793000+00:00
16719123,Thomas Tschinkel,C0,31,110,108822493,56222223,2026-09-14 07:02:53.430000+00:00
16719123,Thomas Tschinkel,C0,32,110,108823528,56222223,2026-09-14 07:06:50.507000+00:00
16719123,Thomas Tschinkel,C0,33,110,108824511,56222223,2026-09-14 07:10:50.043000+00:00
16719123,Thomas Tschinkel,C0,34,110,108825598,56222223,2026-09-14 07:14:48.915000+00:00
16719123,Thomas Tschinkel,C0,35,110,108826636,56222223,2026-09-14 07:18:52.384000+00:00
16719123,Thomas Tschinkel,C0,36,110,108827666,56222223,2026-09-14 07:22:48.901000+00:00
16719123,Thomas Tschinkel,C0,37,110,108828693,56222223,2026-09-14 07:26:49.300000+00:00
16719123,Thomas Tschinkel,C0,38,110,108829220,56222223,2026-09-14 07:26:50.097000+00:00
16719123,Thomas Tschinkel,C0,39,110,108829742,56222223,2026-09-14 07:30:49.610000+00:00
16719123,Thomas Tschinkel,C0,40,110,108830784,56222223,2026-09-14 07:34:49.003000+00:00
16719123,Thomas Tschinkel,C0,41,110,108831812,56222223,2026-09-14 07:38:53.099000+00:00
16719123,Thomas Tschinkel,C0,42,110,108832854,56222223,2026-09-14 07:42:49.735000+00:00
16719123,Thomas Tschinkel,C0,43,110,108833262,56222223,2026-09-14 07:42:50.635000+00:00
16719123,Thomas Tschinkel,C0,44,110,108833892,56222223,2026-09-14 07:46:49.613000+00:00
16719123,Thomas Tschinkel,C0,45,110,108834922,56222223,2026-09-14 07:50:49.013000+00:00
16719123,Thomas Tschinkel,C0,46,110,108835036,56222223,2026-09-14 07:50:49.198000+00:00
16719123,Thomas Tschinkel,C0,47,110,108835966,56222223,2026-09-14 07:54:49.201000+00:00
16719123,Thomas Tschinkel,C0,48,110,108836197,56222223,2026-09-14 07:54:49.576000+00:00
16719123,Thomas Tschinkel,C0,49,110,108837010,56222223,2026-09-14 07:58:52.938000+00:00
16758882,mtmr_s1,F,0,5969,96888911,55693831,2026-08-22 15:16:02.437000+00:00
16758882,mtmr_s1,F,1,5969,96891173,55693831,2026-08-22 15:20:05.659000+00:00
16758882,mtmr_s1,F,2,5969,96891351,55693831,2026-08-22 15:20:05.968000+00:00
16758882,mtmr_s1,F,3,5969,96893442,55693831,2026-08-22 15:24:02.501000+00:00
16758882,mtmr_s1,F,4,5969,96895721,55693831,2026-08-22 15:28:01.801000+00:00
16758882,mtmr_s1,F,5,5969,96897985,55693831,2026-08-22 15:32:03.176000+00:00
16758882,mtmr_s1,F,6,5969,96900263,55693831,2026-08-22 15:36:02.192000+00:00
16758882,mtmr_s1,F,7,5969,96902559,55693831,2026-08-22 15:40:05.028000+00:00
16758882,mtmr_s1,F,8,5969,96904857,55693831,2026-08-22 15:44:06.910000+00:00
16758882,mtmr_s1,F,9,5969,96907143,55693831,2026-08-22 15:48:03.558000+00:00
16758882,mtmr_s1,F,10,5969,96909445,55693831,2026-08-22 15:52:01.966000+00:00
16758882,mtmr_s1,F,11,5969,96911745,55693831,2026-08-22 15:56:03.187000+00:00
16758882,mtmr_s1,F,12,5969,96914037,55693831,2026-08-22 16:00:04.455000+00:00
16758882,mtmr_s1,F,13,5969,96916319,55693831,2026-08-22 16:04:01.440000+00:00
16758882,mtmr_s1,F,14,5969,96918615,55693831,2026-08-22 16:08:01.866000+00:00
16758882,mtmr_s1,F,15,5969,96920916,55693831,2026-08-22 16:12:01.714000+00:00
16758882,mtmr_s1,F,16,5969,96923210,55693831,2026-08-22 16:16:03.649000+00:00
16758882,mtmr_s1,F,17,5969,96925500,55693831,2026-08-22 16:20:04.448000+00:00
16758882,mtmr_s1,F,18,5969,96927795,55693831,2026-08-22 16:24:02.637000+00:00
16758882,mtmr_s1,F,19,5969,96930089,55693831,2026-08-22 16:28:02.281000+00:00
16758882,mtmr_s1,F,20,5969,96930229,55693831,2026-08-22 16:28:02.538000+00:00
16758882,mtmr_s1,F,21,5969,96932383,55693831,2026-08-22 16:32:03.639000+00:00
16758882,mtmr_s1,F,22,5969,96934681,55693831,2026-08-22 16:36:02.267000+00:00
16758882,mtmr_s1,F,23,5969,96936958,55693831,2026-08-22 16:40:04.859000+00:00
16758882,mtmr_s1,F,24,5969,96939252,55693831,2026-08-22 16:44:01.752000+00:00
16758882,mtmr_s1,F,25,5969,96941549,55693831,2026-08-22 16:48:01.945000+00:00
16758882,mtmr_s1,F,26,5969,96943828,55693831,2026-08-22 16:52:01.547000+00:00
16758882,mtmr_s1,F,27,5969,96946105,55693831,2026-08-22 16:56:02.629000+00:00
16758882,mtmr_s1,F,28,5969,96948410,55693831,2026-08-22 17:00:36.240000+00:00
16758882,mtmr_s1,F,29,5969,96950699,55693831,2026-08-22 17:04:31.772000+00:00
16758882,mtmr_s1,F,30,5969,96952931,55693831,2026-08-22 17:08:32.029000+00:00
16758882,mtmr_s1,F,31,5969,96952980,55693831,2026-08-22 17:08:32.076000+00:00
16758882,mtmr_s1,F,32,5969,96955269,55693831,2026-08-22 17:12:32.262000+00:00
16758882,mtmr_s1,F,33,5969,96957572,55693831,2026-08-22 17:16:32.756000+00:00
16758882,mtmr_s1,F,34,5969,96959857,55693831,2026-08-22 17:20:39.891000+00:00
16758882,mtmr_s1,F,35,5969,96962158,55693831,2026-08-22 17:24:32.572000+00:00
16758882,mtmr_s1,F,36,5969,96964445,55693831,2026-08-22 17:28:32.654000+00:00
16758882,mtmr_s1,F,37,5969,96966787,55693831,2026-08-22 17:32:33.104000+00:00
16758882,mtmr_s1,F,38,5969,96969012,55693831,2026-08-22 17:36:33.362000+00:00
16758882,mtmr_s1,F,39,5969,96971295,55693831,2026-08-22 17:40:35.368000+00:00
16758882,mtmr_s1,F,40,5969,96973577,55693831,2026-08-22 17:44:36.895000+00:00
16758882,mtmr_s1,F,41,5969,96975851,55693831,2026-08-22 17:48:34.493000+00:00
16758882,mtmr_s1,F,42,5969,96978139,55693831,2026-08-22 17:52:33.377000+00:00
16758882,mtmr_s1,F,43,5969,96980430,55693831,2026-08-22 17:56:35.035000+00:00
16758882,mtmr_s1,F,44,5969,96982719,55693831,2026-08-22 18:00:36.652000+00:00
16758882,mtmr_s1,F,45,5969,96984998,55693831,2026-08-22 18:04:33.296000+00:00
16758882,mtmr_s1,F,46,5969,96987282,55693831,2026-08-22 18:08:32.939000+00:00
16758882,mtmr_s1,F,47,5969,96989563,55693831,2026-08-22 18:12:32.575000+00:00
16758882,mtmr_s1,F,48,5969,96991859,55693831,2026-08-22 18:16:32.933000+00:00
16758882,mtmr_s1,F,49,5969,96994149,55693831,2026-08-22 18:20:35.358000+00:00
16758882,mtmr_s1,Q1,1467,5969,104826254,55889470,2026-09-02 12:44:42.461000+00:00
16758882,mtmr_s1,Q1,1468,5969,104826345,55918573,2026-09-02 12:44:42.646000+00:00
16758882,mtmr_s1,Q1,1469,5969,104828711,55918573,2026-09-02 12:56:42.032000+00:00
16758882,mtmr_s1,Q1,1470,5969,104828897,55889470,2026-09-02 12:56:42.491000+00:00
16758882,mtmr_s1,Q1,1471,5969,104829159,55918573,2026-09-02 13:00:42.263000+00:00
16758882,mtmr_s1,Q1,1472,5969,104832110,55889470,2026-09-02 13:12:42.780000+00:00
16758882,mtmr_s1,Q1,1473,5969,104832202,55918573,2026-09-02 13:12:42.973000+00:00
16758882,mtmr_s1,Q1,1474,5969,104832540,55889470,2026-09-02 13:16:42.484000+00:00
16758882,mtmr_s1,Q1,1475,5969,104832960,55918573,2026-09-02 13:16:43.560000+00:00
16758882,mtmr_s1,Q1,1476,5969,104835625,55889470,2026-09-02 13:28:43.361000+00:00
16758882,mtmr_s1,Q1,1477,5969,104835696,55918573,2026-09-02 13:28:43.533000+00:00
16758882,mtmr_s1,Q1,1478,5969,104836349,55889470,2026-09-02 13:32:43.817000+00:00
16758882,mtmr_s1,Q1,1479,5969,104838567,55889470,2026-09-02 13:44:45.272000+00:00
16758882,mtmr_s1,Q1,1480,5969,104839038,55918573,2026-09-02 13:44:46.370000+00:00
16758882,mtmr_s1,Q1,1481,5969,104840613,55889470,2026-09-02 13:52:43.215000+00:00
16758882,mtmr_s1,Q1,1482,5969,104840674,55918573,2026-09-02 13:52:43.367000+00:00
16758882,mtmr_s1,Q1,1483,5969,104840816,55918573,2026-09-02 13:56:41.427000+00:00
16758882,mtmr_s1,Q1,1484,5969,104841166,55918573,2026-09-02 13:56:42.555000+00:00
16758882,mtmr_s1,Q1,1485,5969,104841594,55889470,2026-09-02 13:56:43.928000+00:00
16758882,mtmr_s1,Q1,1486,5969,104843190,55889470,2026-09-02 14:04:41.930000+00:00
16758882,mtmr_s1,Q1,1487,5969,104844817,55918573,2026-09-02 14:12:42.878000+00:00
16758882,mtmr_s1,Q1,1488,5969,104844898,55918573,2026-09-02 14:12:43.074000+00:00
16758882,mtmr_s1,Q1,1489,5969,104845639,55889470,2026-09-02 14:16:43.173000+00:00
16758882,mtmr_s1,Q1,1490,5969,104845740,55918573,2026-09-02 14:16:43.401000+00:00
16758882,mtmr_s1,Q1,1491,5969,104847832,55889470,2026-09-02 14:28:42.909000+00:00
16758882,mtmr_s1,Q1,1492,5969,104849170,55918573,2026-09-02 14:32:44.046000+00:00
16758882,mtmr_s1,Q1,1493,5969,104849198,55918573,2026-09-02 14:32:44.099000+00:00
16758882,mtmr_s1,Q1,1494,5969,104851670,55889470,2026-09-02 14:44:44.460000+00:00
16758882,mtmr_s1,Q1,1495,5969,104851729,55918573,2026-09-02 14:44:44.624000+00:00
16758882,mtmr_s1,Q1,1496,5969,104853852,55918573,2026-09-02 14:56:42.482000+00:00
16758882,mtmr_s1,Q1,1497,5969,104855582,55918573,2026-09-02 15:04:42.986000+00:00
16758882,mtmr_s1,Q1,1498,5969,104855829,55889470,2026-09-02 15:04:43.597000+00:00
16758882,mtmr_s1,Q1,1499,5969,104855945,55918573,2026-09-02 15:04:43.925000+00:00
16758882,mtmr_s1,Q1,1500,5969,104856107,55963857,2026-09-02 15:08:42.457000+00:00
16758882,mtmr_s1,Q1,1501,5969,104856950,55963857,2026-09-02 15:12:42.617000+00:00
16758882,mtmr_s1,Q1,1502,5969,104857784,55963857,2026-09-02 15:16:41.916000+00:00
16758882,mtmr_s1,Q1,1503,5969,104858194,55918573,2026-09-02 15:16:42.995000+00:00
16758882,mtmr_s1,Q1,1504,5969,104858613,55963857,2026-09-02 15:20:43.067000+00:00
16758882,mtmr_s1,Q1,1505,5969,104859235,55918573,2026-09-02 15:20:45.006000+00:00
16758882,mtmr_s1,Q1,1506,5969,104859445,55963857,2026-09-02 15:24:47.077000+00:00
16758882,mtmr_s1,Q1,1507,5969,104860294,55963857,2026-09-02 15:28:42.159000+00:00
16758882,mtmr_s1,Q1,1508,5969,104860972,55918573,2026-09-02 15:28:44.184000+00:00
16758882,mtmr_s1,Q1,1509,5969,104861099,55963857,2026-09-02 15:32:41.924000+00:00
16758882,mtmr_s1,Q1,1510,5969,104861950,55963857,2026-09-02 15:36:41.886000+00:00
16758882,mtmr_s1,Q1,1511,5969,104862769,55963857,2026-09-02 15:43:45.989000+00:00
16758882,mtmr_s1,Q1,1512,5969,104863615,55963857,2026-09-02 15:47:30.192000+00:00
16758882,mtmr_s1,Q1,1513,5969,104864459,55963857,2026-09-02 15:51:30.174000+00:00
16758882,mtmr_s1,Q1,1514,5969,104865170,55918573,2026-09-02 15:51:31.151000+00:00
16758882,mtmr_s1,Q1,1515,5969,104865304,55963857,2026-09-02 15:55:30.490000+00:00
16758882,mtmr_s1,Q1,1516,5969,104866142,55963857,2026-09-02 15:59:54.827000+00:00
16758882,mtmr_s1,Q2,2959,5969,105897888,56024748,2026-09-05 20:03:11.865000+00:00
16758882,mtmr_s1,Q2,2960,5969,105898228,56027984,2026-09-05 20:07:11.384000+00:00
16758882,mtmr_s1,Q2,2961,5969,105898817,56027984,2026-09-05 20:07:12.283000+00:00
16758882,mtmr_s1,Q2,2962,5969,105900375,56027984,2026-09-05 20:15:06.892000+00:00
16758882,mtmr_s1,Q2,2963,5969,105901234,56024748,2026-09-05 20:19:07.514000+00:00
16758882,mtmr_s1,Q2,2964,5969,105903227,56027984,2026-09-05 20:27:07.586000+00:00
16758882,mtmr_s1,Q2,2965,5969,105904150,56024748,2026-09-05 20:31:07.670000+00:00
16758882,mtmr_s1,Q2,2966,5969,105906145,56027984,2026-09-05 20:39:07.682000+00:00
16758882,mtmr_s1,Q2,2967,5969,105906438,56027984,2026-09-05 20:43:08.729000+00:00
16758882,mtmr_s1,Q2,2968,5969,105906907,56024748,2026-09-05 20:43:09.665000+00:00
16758882,mtmr_s1,Q2,2969,5969,105908369,56024748,2026-09-05 20:51:06.488000+00:00
16758882,mtmr_s1,Q2,2970,5969,105909669,56027984,2026-09-05 20:55:07.070000+00:00
16758882,mtmr_s1,Q2,2971,5969,105910548,56027984,2026-09-05 20:59:07.303000+00:00
16758882,mtmr_s1,Q2,2972,5969,105911404,56024748,2026-09-05 21:03:13.096000+00:00
16758882,mtmr_s1,Q2,2973,5969,105911586,56024748,2026-09-05 21:03:13.486000+00:00
16758882,mtmr_s1,Q2,2974,5969,105913324,56027984,2026-09-05 21:11:07.796000+00:00
16758882,mtmr_s1,Q2,2975,5969,105914380,56024748,2026-09-05 21:15:07.515000+00:00
16758882,mtmr_s1,Q2,2976,5969,105916091,56027984,2026-09-05 21:23:09.626000+00:00
16758882,mtmr_s1,Q2,2977,5969,105916998,56027984,2026-09-05 21:27:07.013000+00:00
16758882,mtmr_s1,Q2,2978,5969,105917621,56024748,2026-09-05 21:31:06.965000+00:00
16758882,mtmr_s1,Q2,2979,5969,105917909,56027984,2026-09-05 21:31:07.405000+00:00
16758882,mtmr_s1,Q2,2980,5969,105918600,56024748,2026-09-05 21:35:08.467000+00:00
16758882,mtmr_s1,Q2,2981,5969,105919547,56024748,2026-09-05 21:39:08.284000+00:00
16758882,mtmr_s1,Q2,2982,5969,105920212,56027984,2026-09-05 21:43:08.681000+00:00
16758882,mtmr_s1,Q2,2983,5969,105921124,56024748,2026-09-05 21:47:06.367000+00:00
16758882,mtmr_s1,Q2,2984,5969,105921556,56024748,2026-09-05 21:47:07.077000+00:00
16758882,mtmr_s1,Q2,2985,5969,105923208,56027984,2026-09-05 21:55:08.106000+00:00
16758882,mtmr_s1,Q2,2986,5969,105924196,56024748,2026-09-05 21:59:11.191000+00:00
16758882,mtmr_s1,Q2,2987,5969,105926008,56027984,2026-09-05 22:07:08.262000+00:00
16758882,mtmr_s1,Q2,2988,5969,105926316,56027984,2026-09-05 22:11:06.464000+00:00
16758882,mtmr_s1,Q2,2989,5969,105926967,56024748,2026-09-05 22:11:07.524000+00:00
16758882,mtmr_s1,Q2,2990,5969,105928146,56024748,2026-09-05 22:19:05.807000+00:00
16758882,mtmr_s1,Q2,2991,5969,105929407,56027984,2026-09-05 22:23:09.778000+00:00
16758882,mtmr_s1,Q2,2992,5969,105929482,56027984,2026-09-05 22:23:10.017000+00:00
16758882,mtmr_s1,Q2,2993,5969,105929712,56027984,2026-09-05 22:23:10.423000+00:00
16758882,mtmr_s1,Q2,2994,5969,105931168,56024748,2026-09-05 22:31:07.224000+00:00
16758882,mtmr_s1,Q2,2995,5969,105931238,56024748,2026-09-05 22:31:07.376000+00:00
16758882,mtmr_s1,Q2,2996,5969,105932226,56027984,2026-09-05 22:35:08.663000+00:00
16758882,mtmr_s1,Q2,2997,5969,105932456,56027984,2026-09-05 22:35:09.121000+00:00
16758882,mtmr_s1,Q2,2998,5969,105934002,56024748,2026-09-05 22:43:09.800000+00:00
16758882,mtmr_s1,Q2,2999,5969,105934926,56024748,2026-09-05 22:47:07.480000+00:00
16758882,mtmr_s1,Q2,3000,5969,105935174,56027984,2026-09-05 22:47:07.962000+00:00
16758882,mtmr_s1,Q2,3001,5969,105936870,56027984,2026-09-05 22:55:10.059000+00:00
16758882,mtmr_s1,Q2,3002,5969,105937645,56024748,2026-09-05 22:59:07.409000+00:00
16758882,mtmr_s1,Q2,3003,5969,105938467,56027984,2026-09-05 23:03:11.765000+00:00
16758882,mtmr_s1,Q2,3004,5969,105938990,56027984,2026-09-05 23:07:10.215000+00:00
16758882,mtmr_s1,Q2,3005,5969,105939684,56027984,2026-09-05 23:07:11.681000+00:00
16758882,mtmr_s1,Q2,3006,5969,105940099,56024748,2026-09-05 23:11:07.715000+00:00
16758882,mtmr_s1,Q2,3007,5969,105940381,56024748,2026-09-05 23:11:08.484000+00:00
16758882,mtmr_s1,Q2,3008,5969,105942432,56027984,2026-09-05 23:19:14.296000+00:00
16758882,mtmr_s1,Q3,4452,5969,107442381,56121513,2026-09-10 10:35:59.347000+00:00
16758882,mtmr_s1,Q3,4453,5969,107442502,56121513,2026-09-10 10:35:59.521000+00:00
16758882,mtmr_s1,Q3,4454,5969,107444077,56121513,2026-09-10 10:44:07.211000+00:00
16758882,mtmr_s1,Q3,4455,5969,107444298,56121513,2026-09-10 10:44:07.511000+00:00
16758882,mtmr_s1,Q3,4456,5969,107448458,56125629,2026-09-10 10:59:57.854000+00:00
16758882,mtmr_s1,Q3,4457,5969,107448662,56125629,2026-09-10 10:59:58.128000+00:00
16758882,mtmr_s1,Q3,4458,5969,107450179,56121513,2026-09-10 11:07:58.607000+00:00
16758882,mtmr_s1,Q3,4459,5969,107450429,56121513,2026-09-10 11:07:59.009000+00:00
16758882,mtmr_s1,Q3,4460,5969,107451645,56125629,2026-09-10 11:12:03.576000+00:00
16758882,mtmr_s1,Q3,4461,5969,107456266,56121513,2026-09-10 11:32:08.969000+00:00
16758882,mtmr_s1,Q3,4462,5969,107457341,56125629,2026-09-10 11:36:13.087000+00:00
16758882,mtmr_s1,Q3,4463,5969,107458768,56121513,2026-09-10 11:44:04.016000+00:00
16758882,mtmr_s1,Q3,4464,5969,107458829,56121513,2026-09-10 11:44:04.113000+00:00
16758882,mtmr_s1,Q3,4465,5969,107459004,56121513,2026-09-10 11:44:04.513000+00:00
16758882,mtmr_s1,Q3,4466,5969,107463087,56125629,2026-09-10 12:00:04.217000+00:00
16758882,mtmr_s1,Q3,4467,5969,107464139,56121513,2026-09-10 12:04:03.875000+00:00
16758882,mtmr_s1,Q3,4468,5969,107464273,56121513,2026-09-10 12:04:04.012000+00:00
16758882,mtmr_s1,Q3,4469,5969,107466505,56121513,2026-09-10 12:16:04.375000+00:00
16758882,mtmr_s1,Q3,4470,5969,107466740,56121513,2026-09-10 12:16:04.782000+00:00
16758882,mtmr_s1,Q3,4471,5969,107467127,56121513,2026-09-10 12:16:05.495000+00:00
16758882,mtmr_s1,Q3,4472,5969,107468198,56125629,2026-09-10 12:20:04.628000+00:00
16758882,mtmr_s1,Q3,4473,5969,107472850,56121513,2026-09-10 12:40:03.734000+00:00
16758882,mtmr_s1,Q3,4474,5969,107473909,56125629,2026-09-10 12:44:06.610000+00:00
16758882,mtmr_s1,Q3,4475,5969,107475584,56121513,2026-09-10 12:52:06.171000+00:00
16758882,mtmr_s1,Q3,4476,5969,107477959,56121513,2026-09-10 13:00:04.592000+00:00
16758882,mtmr_s1,Q3,4477,5969,107479702,56125629,2026-09-10 13:08:03.482000+00:00
16758882,mtmr_s1,Q3,4478,5969,107483604,56121513,2026-09-10 13:24:05.576000+00:00
16758882,mtmr_s1,Q3,4479,5969,107484742,56125629,2026-09-10 13:28:06.219000+00:00
16758882,mtmr_s1,Q3,4480,5969,107486520,56125629,2026-09-10 13:36:05.433000+00:00
16758882,mtmr_s1,Q3,4481,5969,107487540,56125629,2026-09-10 13:40:08.086000+00:00
16758882,mtmr_s1,Q3,4482,5969,107488190,56121513,2026-09-10 13:44:05.788000+00:00
16758882,mtmr_s1,Q3,4483,5969,107488750,56121513,2026-09-10 13:44:06.624000+00:00
16758882,mtmr_s1,Q3,4484,5969,107491877,56145509,2026-09-10 14:00:05.117000+00:00
16758882,mtmr_s1,Q3,4485,5969,107492686,56125629,2026-09-10 14:00:06.396000+00:00
16758882,mtmr_s1,Q3,4486,5969,107492889,56145509,2026-09-10 14:04:03.429000+00:00
16758882,mtmr_s1,Q3,4487,5969,107493480,56125629,2026-09-10 14:04:04.318000+00:00
16758882,mtmr_s1,Q3,4488,5969,107493862,56145509,2026-09-10 14:08:03.298000+00:00
16758882,mtmr_s1,Q3,4489,5969,107494786,56145509,2026-09-10 14:12:06.642000+00:00
16758882,mtmr_s1,Q3,4490,5969,107495792,56145509,2026-09-10 14:16:04.135000+00:00
16758882,mtmr_s1,Q3,4491,5969,107496745,56145509,2026-09-10 14:20:06.198000+00:00
16758882,mtmr_s1,Q3,4492,5969,107497696,56145509,2026-09-10 14:24:08.604000+00:00
16758882,mtmr_s1,Q3,4493,5969,107498664,56145509,2026-09-10 14:28:11.405000+00:00
16758882,mtmr_s1,Q3,4494,5969,107499385,56125629,2026-09-10 14:28:12.606000+00:00
16758882,mtmr_s1,Q3,4495,5969,107499625,56145509,2026-09-10 14:32:15.086000+00:00
16758882,mtmr_s1,Q3,4496,5969,107500589,56145509,2026-09-10 14:36:08.222000+00:00
16758882,mtmr_s1,Q3,4497,5969,107501579,56145509,2026-09-10 14:40:08.648000+00:00
16758882,mtmr_s1,Q3,4498,5969,107502548,56145509,2026-09-10 14:44:09.215000+00:00
16758882,mtmr_s1,Q3,4499,5969,107503639,56145509,2026-09-10 14:48:11.606000+00:00
16758882,mtmr_s1,Q3,4500,5969,107504494,56145509,2026-09-10 14:52:15.264000+00:00
16758882,mtmr_s1,Q3,4501,5969,107504500,56145509,2026-09-10 14:52:15.269000+00:00
16758882,mtmr_s1,L,5919,5969,109032717,56235701,2026-09-14 20:45:15.730000+00:00
16758882,mtmr_s1,L,5920,5969,109033628,56235701,2026-09-14 20:49:15.999000+00:00
16758882,mtmr_s1,L,5921,5969,109034786,56235701,2026-09-14 20:53:16.738000+00:00
16758882,mtmr_s1,L,5922,5969,109035097,56232460,2026-09-14 20:53:17.304000+00:00
16758882,mtmr_s1,L,5923,5969,109035822,56235701,2026-09-14 20:57:16.520000+00:00
16758882,mtmr_s1,L,5924,5969,109036849,56235701,2026-09-14 21:01:16.339000+00:00
16758882,mtmr_s1,L,5925,5969,109037881,56235701,2026-09-14 21:05:15.693000+00:00
16758882,mtmr_s1,L,5926,5969,109038317,56232460,2026-09-14 21:05:16.291000+00:00
16758882,mtmr_s1,L,5927,5969,109038918,56235701,2026-09-14 21:09:16.137000+00:00
16758882,mtmr_s1,L,5928,5969,109039951,56235701,2026-09-14 21:13:15.900000+00:00
16758882,mtmr_s1,L,5929,5969,109040987,56235701,2026-09-14 21:17:16.601000+00:00
16758882,mtmr_s1,L,5930,5969,109042011,56235701,2026-09-14 21:21:16.504000+00:00
16758882,mtmr_s1,L,5931,5969,109042631,56232460,2026-09-14 21:21:17.428000+00:00
16758882,mtmr_s1,L,5932,5969,109043047,56235701,2026-09-14 21:25:16.501000+00:00
16758882,mtmr_s1,L,5933,5969,109043266,56232460,2026-09-14 21:25:16.818000+00:00
16758882,mtmr_s1,L,5934,5969,109044087,56235701,2026-09-14 21:29:16.488000+00:00
16758882,mtmr_s1,L,5935,5969,109044469,56235701,2026-09-14 21:29:17.112000+00:00
16758882,mtmr_s1,L,5936,5969,109045108,56235701,2026-09-14 21:33:16.254000+00:00
16758882,mtmr_s1,L,5937,5969,109047548,56232460,2026-09-14 21:41:19.149000+00:00
16758882,mtmr_s1,L,5938,5969,109047551,56235701,2026-09-14 21:41:19.161000+00:00
16758882,mtmr_s1,L,5939,5969,109051730,56232460,2026-09-14 21:57:18.521000+00:00
16758882,mtmr_s1,L,5940,5969,109051732,56235701,2026-09-14 21:57:18.526000+00:00
16758882,mtmr_s1,L,5941,5969,109053494,56235701,2026-09-14 22:05:20.324000+00:00
16758882,mtmr_s1,L,5942,5969,109055936,56232460,2026-09-14 22:13:17.917000+00:00
16758882,mtmr_s1,L,5943,5969,109057754,56235701,2026-09-14 22:21:16.608000+00:00
16758882,mtmr_s1,L,5944,5969,109060174,56232460,2026-09-14 22:31:22.447000+00:00
16758882,mtmr_s1,L,5945,5969,109062085,56235701,2026-09-14 22:41:35.597000+00:00
16758882,mtmr_s1,L,5946,5969,109063753,56232460,2026-09-14 22:49:34.050000+00:00
16758882,mtmr_s1,L,5947,5969,109065340,56235701,2026-09-14 22:53:36.779000+00:00
16758882,mtmr_s1,L,5948,5969,109066060,56235701,2026-09-14 22:57:34.824000+00:00
16758882,mtmr_s1,L,5949,5969,109066946,56235701,2026-09-14 23:01:33.798000+00:00
16758882,mtmr_s1,L,5950,5969,109067328,56235701,2026-09-14 23:01:34.316000+00:00
16758882,mtmr_s1,L,5951,5969,109067696,56232460,2026-09-14 23:05:33.215000+00:00
16758882,mtmr_s1,L,5952,5969,109067700,56232460,2026-09-14 23:05:33.221000+00:00
16758882,mtmr_s1,L,5953,5969,109068092,56232460,2026-09-14 23:05:33.800000+00:00
16758882,mtmr_s1,L,5954,5969,109068190,56232460,2026-09-14 23:05:33.928000+00:00
16758882,mtmr_s1,L,5955,5969,109071511,56235701,2026-09-14 23:17:35.768000+00:00
16758882,mtmr_s1,L,5956,5969,109072341,56232460,2026-09-14 23:21:35.009000+00:00
16758882,mtmr_s1,L,5957,5969,109075004,56232460,2026-09-14 23:33:33.842000+00:00
16758882,mtmr_s1,L,5958,5969,109075223,56235701,2026-09-14 23:33:34.227000+00:00
16758882,mtmr_s1,L,5959,5969,109075673,56235701,2026-09-14 23:33:35.124000+00:00
16758882,mtmr_s1,L,5960,5969,109076175,56232460,2026-09-14 23:40:05.699000+00:00
16758882,mtmr_s1,L,5961,5969,109081486,56235701,2026-09-14 23:55:45.401000+00:00
16758882,mtmr_s1,L,5962,5969,109081608,56232460,2026-09-14 23:55:45.596000+00:00
16758882,mtmr_s1,L,5963,5969,109083020,56232460,2026-09-14 23:59:53.060000+00:00
16758882,mtmr_s1,L,5964,5969,109086612,56235701,2026-09-15 00:11:49.071000+00:00
16758882,mtmr_s1,L,5965,5969,109088295,56232460,2026-09-15 00:15:52.350000+00:00
16758882,mtmr_s1,L,5966,5969,109091851,56235701,2026-09-15 00:27:50.405000+00:00
16758882,mtmr_s1,L,5967,5969,109093082,56232460,2026-09-15 00:31:47.657000+00:00
16758882,mtmr_s1,L,5968,5969,109093858,56232460,2026-09-15 00:35:45.956000+00:00
16758882,mtmr_s1,C0,0,113,108929087,56232460,2026-09-14 13:58:56.973000+00:00
16758882,mtmr_s1,C0,1,113,108930107,56232460,2026-09-14 14:02:48.837000+00:00
16758882,mtmr_s1,C0,2,113,108931133,56232460,2026-09-14 14:06:48.847000+00:00
16758882,mtmr_s1,C0,3,113,108932151,56232460,2026-09-14 14:10:49.180000+00:00
16758882,mtmr_s1,C0,4,113,108933191,56232460,2026-09-14 14:14:50.530000+00:00
16758882,mtmr_s1,C0,5,113,108934238,56232460,2026-09-14 14:18:51.291000+00:00
16758882,mtmr_s1,C0,6,113,108935242,56232460,2026-09-14 14:22:51.547000+00:00
16758882,mtmr_s1,C0,7,113,108936281,56232460,2026-09-14 14:26:50.875000+00:00
16758882,mtmr_s1,C0,8,113,108937294,56232460,2026-09-14 14:30:49.427000+00:00
16758882,mtmr_s1,C0,9,113,108938314,56232460,2026-09-14 14:34:54.837000+00:00
16758882,mtmr_s1,C0,10,113,108939345,56232460,2026-09-14 14:38:54.365000+00:00
16758882,mtmr_s1,C0,11,113,108940371,56232460,2026-09-14 14:42:49.094000+00:00
16758882,mtmr_s1,C0,12,113,108941395,56232460,2026-09-14 14:46:48.581000+00:00
16758882,mtmr_s1,C0,13,113,108942418,56232460,2026-09-14 14:50:49.155000+00:00
16758882,mtmr_s1,C0,14,113,108943448,56232460,2026-09-14 14:54:49.050000+00:00
16758882,mtmr_s1,C0,15,113,108944472,56232460,2026-09-14 14:58:49.459000+00:00
16758882,mtmr_s1,C0,16,113,108945496,56232460,2026-09-14 15:02:51.036000+00:00
16758882,mtmr_s1,C0,17,113,108946561,56232460,2026-09-14 15:06:53.270000+00:00
16758882,mtmr_s1,C0,18,113,108947622,56232460,2026-09-14 15:10:49.102000+00:00
16758882,mtmr_s1,C0,19,113,108948683,56232460,2026-09-14 15:14:51.076000+00:00
16758882,mtmr_s1,C0,20,113,108949791,56232460,2026-09-14 15:18:53.277000+00:00
16758882,mtmr_s1,C0,21,113,108950207,56232460,2026-09-14 15:18:54.452000+00:00
16758882,mtmr_s1,C0,22,113,108950798,56232460,2026-09-14 15:22:53.521000+00:00
16758882,mtmr_s1,C0,23,113,108951833,56232460,2026-09-14 15:26:56.273000+00:00
16758882,mtmr_s1,C0,24,113,108952945,56232460,2026-09-14 15:30:51.729000+00:00
16758882,mtmr_s1,C0,25,113,108954007,56232460,2026-09-14 15:34:52.316000+00:00
16758882,mtmr_s1,C0,26,113,108955055,56232460,2026-09-14 15:38:54.254000+00:00
16758882,mtmr_s1,C0,27,113,108956052,56232460,2026-09-14 15:42:54.002000+00:00
16758882,mtmr_s1,C0,28,113,108957111,56232460,2026-09-14 15:46:55.205000+00:00
16758882,mtmr_s1,C0,29,113,108958203,56232460,2026-09-14 15:50:57.145000+00:00
16758882,mtmr_s1,C0,30,113,108959260,56232460,2026-09-14 15:54:55.682000+00:00
16758882,mtmr_s1,C0,31,113,108960454,56232460,2026-09-14 15:58:57.629000+00:00
16758882,mtmr_s1,C0,32,113,108961335,56232460,2026-09-14 16:02:57.094000+00:00
16758882,mtmr_s1,C0,33,113,108962671,56232460,2026-09-14 16:06:52.212000+00:00
16758882,mtmr_s1,C0,34,113,108962450,56232460,2026-09-14 16:06:52.494000+00:00
16758882,mtmr_s1,C0,35,113,108962993,56232460,2026-09-14 16:06:52.878000+00:00
16758882,mtmr_s1,C0,36,113,108963650,56232460,2026-09-14 16:10:52.721000+00:00
16758882,mtmr_s1,C0,37,113,108964720,56232460,2026-09-14 16:14:50.242000+00:00
16758882,mtmr_s1,C0,38,113,108965658,56232460,2026-09-14 16:18:56.471000+00:00
16758882,mtmr_s1,C0,39,113,108965812,56232460,2026-09-14 16:18:57.257000+00:00
16758882,mtmr_s1,C0,40,113,108966580,56232460,2026-09-14 16:22:54.446000+00:00
16758882,mtmr_s1,C0,41,113,108967622,56232460,2026-09-14 16:26:58.228000+00:00
16758882,mtmr_s1,C0,42,113,108968029,56232460,2026-09-14 16:26:58.977000+00:00
16758882,mtmr_s1,C0,43,113,108968671,56232460,2026-09-14 16:30:50.034000+00:00
16758882,mtmr_s1,C0,44,113,108969765,56232460,2026-09-14 16:34:50.704000+00:00
16758882,mtmr_s1,C0,45,113,108971130,56232460,2026-09-14 16:38:55.383000+00:00
16758882,mtmr_s1,C0,46,113,108971809,56232460,2026-09-14 16:42:53.479000+00:00
16758882,mtmr_s1,C0,47,113,108972829,56232460,2026-09-14 16:46:50.048000+00:00
16758882,mtmr_s1,C0,48,113,108973939,56232460,2026-09-14 16:50:50.979000+00:00
16758882,mtmr_s1,C0,49,113,108974921,56232460,2026-09-14 16:54:50.282000+00:00
16633100,Emile Andrieu,F,0,3653,89721766,55211961,2026-08-03 12:47:26.471000+00:00
16633100,Emile Andrieu,F,1,3653,89722332,55211961,2026-08-03 12:51:26.303000+00:00
16633100,Emile Andrieu,F,2,3653,89722892,55211961,2026-08-03 12:55:30.926000+00:00
16633100,Emile Andrieu,F,3,3653,89723463,55211961,2026-08-03 12:59:26.675000+00:00
16633100,Emile Andrieu,F,4,3653,89724027,55211961,2026-08-03 13:03:26.541000+00:00
16633100,Emile Andrieu,F,5,3653,89724595,55211961,2026-08-03 13:07:26.414000+00:00
16633100,Emile Andrieu,F,6,3653,89725157,55211961,2026-08-03 13:11:26.431000+00:00
16633100,Emile Andrieu,F,7,3653,89725216,55211961,2026-08-03 13:11:26.510000+00:00
16633100,Emile Andrieu,F,8,3653,89725726,55211961,2026-08-03 13:15:29.210000+00:00
16633100,Emile Andrieu,F,9,3653,89725729,55211961,2026-08-03 13:15:29.213000+00:00
16633100,Emile Andrieu,F,10,3653,89726304,55211961,2026-08-03 13:19:28.105000+00:00
16633100,Emile Andrieu,F,11,3653,89726887,55211961,2026-08-03 13:23:27.255000+00:00
16633100,Emile Andrieu,F,12,3653,89727465,55211961,2026-08-03 13:27:27.131000+00:00
16633100,Emile Andrieu,F,13,3653,89728036,55211961,2026-08-03 13:31:27.070000+00:00
16633100,Emile Andrieu,F,14,3653,89728608,55211961,2026-08-03 13:35:29.972000+00:00
16633100,Emile Andrieu,F,15,3653,89729199,55211961,2026-08-03 13:39:31.941000+00:00
16633100,Emile Andrieu,F,16,3653,89729763,55211961,2026-08-03 13:43:31.510000+00:00
16633100,Emile Andrieu,F,17,3653,89729774,55211961,2026-08-03 13:43:31.526000+00:00
16633100,Emile Andrieu,F,18,3653,89730348,55211961,2026-08-03 13:47:31.821000+00:00
16633100,Emile Andrieu,F,19,3653,89730928,55211961,2026-08-03 13:51:32.172000+00:00
16633100,Emile Andrieu,F,20,3653,89731506,55211961,2026-08-03 13:55:36.711000+00:00
16633100,Emile Andrieu,F,21,3653,89732069,55211961,2026-08-03 13:59:31.919000+00:00
16633100,Emile Andrieu,F,22,3653,89732652,55211961,2026-08-03 14:03:32.076000+00:00
16633100,Emile Andrieu,F,23,3653,89733239,55211961,2026-08-03 14:07:32.254000+00:00
16633100,Emile Andrieu,F,24,3653,89733807,55211961,2026-08-03 14:11:32.407000+00:00
16633100,Emile Andrieu,F,25,3653,89734399,55211961,2026-08-03 14:15:37.216000+00:00
16633100,Emile Andrieu,F,26,3653,89734915,55211961,2026-08-03 14:19:32.771000+00:00
16633100,Emile Andrieu,F,27,3653,89734974,55211961,2026-08-03 14:19:32.977000+00:00
16633100,Emile Andrieu,F,28,3653,89739004,55211961,2026-08-03 14:47:33.325000+00:00
16633100,Emile Andrieu,F,29,3653,89748819,55211961,2026-08-03 15:55:42.323000+00:00
16633100,Emile Andrieu,F,30,3653,89749929,55211961,2026-08-03 16:03:33.005000+00:00
16633100,Emile Andrieu,F,31,3653,89763370,55211961,2026-08-03 17:35:37.881000+00:00
16633100,Emile Andrieu,F,32,3653,89766252,55211961,2026-08-03 17:55:38.818000+00:00
16633100,Emile Andrieu,F,33,3653,89776306,55211961,2026-08-03 19:03:35.330000+00:00
16633100,Emile Andrieu,F,34,3653,89776886,55211961,2026-08-03 19:07:35.831000+00:00
16633100,Emile Andrieu,F,35,3653,89782700,55211961,2026-08-03 19:47:34.872000+00:00
16633100,Emile Andrieu,F,36,3653,89791152,55211961,2026-08-03 20:47:31.744000+00:00
16633100,Emile Andrieu,F,37,3653,89791751,55211961,2026-08-03 20:51:33.042000+00:00
16633100,Emile Andrieu,F,38,3653,89793622,55211961,2026-08-03 21:03:33.357000+00:00
16633100,Emile Andrieu,F,39,3653,89800222,55211961,2026-08-03 21:52:09.835000+00:00
16633100,Emile Andrieu,F,40,3653,89801498,55211961,2026-08-03 22:00:10.245000+00:00
16633100,Emile Andrieu,F,41,3653,89803859,55211961,2026-08-03 22:16:09.874000+00:00
16633100,Emile Andrieu,F,42,3653,89809926,55211961,2026-08-03 22:56:09.715000+00:00
16633100,Emile Andrieu,F,43,3653,89818513,55211961,2026-08-03 23:52:09.583000+00:00
16633100,Emile Andrieu,F,44,3653,89820928,55211961,2026-08-04 00:08:10.527000+00:00
16633100,Emile Andrieu,F,45,3653,89823198,55211961,2026-08-04 00:24:10.490000+00:00
16633100,Emile Andrieu,F,46,3653,89826143,55211961,2026-08-04 00:44:12.959000+00:00
16633100,Emile Andrieu,F,47,3653,89829099,55211961,2026-08-04 01:04:13.765000+00:00
16633100,Emile Andrieu,F,48,3653,89829659,55211961,2026-08-04 01:08:09.651000+00:00
16633100,Emile Andrieu,F,49,3653,89833818,55211961,2026-08-04 01:36:11.038000+00:00
16633100,Emile Andrieu,Q1,888,3653,93161304,55375017,2026-08-15 01:44:20.086000+00:00
16633100,Emile Andrieu,Q1,889,3653,93163379,55493799,2026-08-15 01:52:22.830000+00:00
16633100,Emile Andrieu,Q1,890,3653,93170377,55493799,2026-08-15 02:24:20.469000+00:00
16633100,Emile Andrieu,Q1,891,3653,93171152,55375017,2026-08-15 02:28:19.934000+00:00
16633100,Emile Andrieu,Q1,892,3653,93174098,55375017,2026-08-15 02:40:20.587000+00:00
16633100,Emile Andrieu,Q1,893,3653,93174757,55375017,2026-08-15 02:44:20.641000+00:00
16633100,Emile Andrieu,Q1,894,3653,93175642,55375017,2026-08-15 02:48:20.461000+00:00
16633100,Emile Andrieu,Q1,895,3653,93177719,55493799,2026-08-15 02:56:28.078000+00:00
16633100,Emile Andrieu,Q1,896,3653,93177725,55493799,2026-08-15 02:56:28.092000+00:00
16633100,Emile Andrieu,Q1,897,3653,93177729,55493799,2026-08-15 02:56:28.129000+00:00
16633100,Emile Andrieu,Q1,898,3653,93181126,55493799,2026-08-15 03:12:22.374000+00:00
16633100,Emile Andrieu,Q1,899,3653,93181886,55375017,2026-08-15 03:16:23.047000+00:00
16633100,Emile Andrieu,Q1,900,3653,93184716,55493799,2026-08-15 03:28:20.589000+00:00
16633100,Emile Andrieu,Q1,901,3653,93186740,55493799,2026-08-15 03:36:23.145000+00:00
16633100,Emile Andrieu,Q1,902,3653,93188361,55493799,2026-08-15 03:44:20.667000+00:00
16633100,Emile Andrieu,Q1,903,3653,93189348,55493799,2026-08-15 03:48:20.942000+00:00
16633100,Emile Andrieu,Q1,904,3653,93194623,55493799,2026-08-15 04:12:20.438000+00:00
16633100,Emile Andrieu,Q1,905,3653,93195546,55375017,2026-08-15 04:16:22.064000+00:00
16633100,Emile Andrieu,Q1,906,3653,93200913,55493799,2026-08-15 04:40:20.037000+00:00
16633100,Emile Andrieu,Q1,907,3653,93209008,55493799,2026-08-15 05:16:22.380000+00:00
16633100,Emile Andrieu,Q1,908,3653,93216923,55375017,2026-08-15 05:52:21.951000+00:00
16633100,Emile Andrieu,Q1,909,3653,93217869,55493799,2026-08-15 05:56:24.239000+00:00
16633100,Emile Andrieu,Q1,910,3653,93223141,55375017,2026-08-15 06:20:21.788000+00:00
16633100,Emile Andrieu,Q1,911,3653,93223172,55493799,2026-08-15 06:20:21.888000+00:00
16633100,Emile Andrieu,Q1,912,3653,93232063,55493799,2026-08-15 07:00:21.937000+00:00
16633100,Emile Andrieu,Q1,913,3653,93235368,55375017,2026-08-15 07:16:23.641000+00:00
16633100,Emile Andrieu,Q1,914,3653,93235481,55375017,2026-08-15 07:16:23.765000+00:00
16633100,Emile Andrieu,Q1,915,3653,93235696,55493799,2026-08-15 07:16:24.082000+00:00
16633100,Emile Andrieu,Q1,916,3653,93244592,55493799,2026-08-15 07:56:23.063000+00:00
16633100,Emile Andrieu,Q1,917,3653,93249037,55375017,2026-08-15 08:16:22.750000+00:00
16633100,Emile Andrieu,Q1,918,3653,93250871,55493799,2026-08-15 08:24:20.594000+00:00
16633100,Emile Andrieu,Q1,919,3653,93256106,55493799,2026-08-15 08:48:31.744000+00:00
16633100,Emile Andrieu,Q1,920,3653,93264358,55493799,2026-08-15 09:24:20.158000+00:00
16633100,Emile Andrieu,Q1,921,3653,93266933,55493799,2026-08-15 09:36:22.979000+00:00
16633100,Emile Andrieu,Q1,922,3653,93270595,55375017,2026-08-15 09:52:20.471000+00:00
16633100,Emile Andrieu,Q1,923,3653,93276049,55493799,2026-08-15 10:16:21.688000+00:00
16633100,Emile Andrieu,Q1,924,3653,93277466,55375017,2026-08-15 10:24:19.527000+00:00
16633100,Emile Andrieu,Q1,925,3653,93279259,55375017,2026-08-15 10:32:23.386000+00:00
16633100,Emile Andrieu,Q1,926,3653,93282888,55525757,2026-08-15 10:48:20.036000+00:00
16633100,Emile Andrieu,Q1,927,3653,93283780,55525757,2026-08-15 10:52:20.317000+00:00
16633100,Emile Andrieu,Q1,928,3653,93284089,55493799,2026-08-15 10:52:20.803000+00:00
16633100,Emile Andrieu,Q1,929,3653,93284661,55525757,2026-08-15 10:56:21.674000+00:00
16633100,Emile Andrieu,Q1,930,3653,93285545,55525757,2026-08-15 11:00:19.410000+00:00
16633100,Emile Andrieu,Q1,931,3653,93286425,55525757,2026-08-15 11:04:19.480000+00:00
16633100,Emile Andrieu,Q1,932,3653,93287315,55525757,2026-08-15 11:08:19.584000+00:00
16633100,Emile Andrieu,Q1,933,3653,93287685,55493799,2026-08-15 11:08:20.067000+00:00
16633100,Emile Andrieu,Q1,934,3653,93288198,55525757,2026-08-15 11:12:19.536000+00:00
16633100,Emile Andrieu,Q1,935,3653,93289088,55525757,2026-08-15 11:16:20.865000+00:00
16633100,Emile Andrieu,Q1,936,3653,93289968,55525757,2026-08-15 11:20:19.387000+00:00
16633100,Emile Andrieu,Q1,937,3653,93290858,55525757,2026-08-15 11:24:19.499000+00:00
16633100,Emile Andrieu,Q2,1801,3653,102172246,55821640,2026-08-29 03:16:30.302000+00:00
16633100,Emile Andrieu,Q2,1802,3653,102174613,55821640,2026-08-29 03:20:28.805000+00:00
16633100,Emile Andrieu,Q2,1803,3653,102221557,55821640,2026-08-29 04:44:31.243000+00:00
16633100,Emile Andrieu,Q2,1804,3653,102232692,55821640,2026-08-29 05:04:29.828000+00:00
16633100,Emile Andrieu,Q2,1805,3653,102237045,55821640,2026-08-29 05:12:33.227000+00:00
16633100,Emile Andrieu,Q2,1806,3653,102243878,55821640,2026-08-29 05:24:33.050000+00:00
16633100,Emile Andrieu,Q2,1807,3653,102261526,55821640,2026-08-29 05:56:33.701000+00:00
16633100,Emile Andrieu,Q2,1808,3653,102301693,55821640,2026-08-29 07:08:31.105000+00:00
16633100,Emile Andrieu,Q2,1809,3653,102355470,55821640,2026-08-29 08:44:29+00:00
16633100,Emile Andrieu,Q2,1810,3653,102364196,55821640,2026-08-29 09:00:30.803000+00:00
16633100,Emile Andrieu,Q2,1811,3653,102388820,55821640,2026-08-29 09:44:28.406000+00:00
16633100,Emile Andrieu,Q2,1812,3653,102442604,55821640,2026-08-29 11:20:30.031000+00:00
16633100,Emile Andrieu,Q2,1813,3653,102473711,55821640,2026-08-29 12:16:30.453000+00:00
16633100,Emile Andrieu,Q2,1814,3653,102489387,55821640,2026-08-29 12:44:39.110000+00:00
16633100,Emile Andrieu,Q2,1815,3653,102514024,55821640,2026-08-29 13:28:36.873000+00:00
16633100,Emile Andrieu,Q2,1816,3653,102518265,55821640,2026-08-29 13:36:32.574000+00:00
16633100,Emile Andrieu,Q2,1817,3653,102525142,55821640,2026-08-29 13:48:32.526000+00:00
16633100,Emile Andrieu,Q2,1818,3653,102542857,55821640,2026-08-29 14:20:31.332000+00:00
16633100,Emile Andrieu,Q2,1819,3653,102556126,55821640,2026-08-29 14:44:35.515000+00:00
16633100,Emile Andrieu,Q2,1820,3653,102558553,55821640,2026-08-29 14:48:39.775000+00:00
16633100,Emile Andrieu,Q2,1821,3653,102625745,55821640,2026-08-29 16:48:34.834000+00:00
16633100,Emile Andrieu,Q2,1822,3653,102638901,55821640,2026-08-29 17:12:41.755000+00:00
16633100,Emile Andrieu,Q2,1823,3653,102645675,55821640,2026-08-29 17:24:39.948000+00:00
16633100,Emile Andrieu,Q2,1824,3653,102694606,55821640,2026-08-29 18:52:34.393000+00:00
16633100,Emile Andrieu,Q2,1825,3653,102705896,55821640,2026-08-29 19:12:35.610000+00:00
16633100,Emile Andrieu,Q2,1826,3653,102759533,55821640,2026-08-29 20:48:46.021000+00:00
16633100,Emile Andrieu,Q2,1827,3653,102797494,55821640,2026-08-29 21:56:39.519000+00:00
16633100,Emile Andrieu,Q2,1828,3653,102819749,55821640,2026-08-29 22:36:40.034000+00:00
16633100,Emile Andrieu,Q2,1829,3653,102824083,55821640,2026-08-29 22:44:40.185000+00:00
16633100,Emile Andrieu,Q2,1830,3653,102848709,55821640,2026-08-29 23:28:52.011000+00:00
16633100,Emile Andrieu,Q2,1831,3653,102870986,55821640,2026-08-30 00:08:49.513000+00:00
16633100,Emile Andrieu,Q2,1832,3653,102897794,55821640,2026-08-30 00:56:46.933000+00:00
16633100,Emile Andrieu,Q2,1833,3653,102931275,55821640,2026-08-30 01:56:43.853000+00:00
16633100,Emile Andrieu,Q2,1834,3653,102948922,55821640,2026-08-30 02:28:53.853000+00:00
16633100,Emile Andrieu,Q2,1835,3653,102993785,55821640,2026-08-30 03:48:53.349000+00:00
16633100,Emile Andrieu,Q2,1836,3653,103007175,55821640,2026-08-30 04:12:48.106000+00:00
16633100,Emile Andrieu,Q2,1837,3653,103042610,55821640,2026-08-30 05:17:19.447000+00:00
16633100,Emile Andrieu,Q2,1838,3653,103042636,55821640,2026-08-30 05:17:19.503000+00:00
16633100,Emile Andrieu,Q2,1839,3653,103100884,55821640,2026-08-30 07:01:20.361000+00:00
16633100,Emile Andrieu,Q2,1840,3653,103125255,55821640,2026-08-30 07:45:19.048000+00:00
16633100,Emile Andrieu,Q2,1841,3653,103196961,55821640,2026-08-30 09:53:21.142000+00:00
16633100,Emile Andrieu,Q2,1842,3653,103203484,55821640,2026-08-30 10:05:20.811000+00:00
16633100,Emile Andrieu,Q2,1843,3653,103210326,55821640,2026-08-30 10:17:20.824000+00:00
16633100,Emile Andrieu,Q2,1844,3653,103214692,55821640,2026-08-30 10:25:21.053000+00:00
16633100,Emile Andrieu,Q2,1845,3653,103221262,55821640,2026-08-30 10:37:21.813000+00:00
16633100,Emile Andrieu,Q2,1846,3653,103272633,55821640,2026-08-30 12:09:55.335000+00:00
16633100,Emile Andrieu,Q2,1847,3653,103301554,55821640,2026-08-30 13:01:52.827000+00:00
16633100,Emile Andrieu,Q2,1848,3653,103301810,55821640,2026-08-30 13:01:53.541000+00:00
16633100,Emile Andrieu,Q2,1849,3653,103317299,55821640,2026-08-30 13:29:52.753000+00:00
16633100,Emile Andrieu,Q2,1850,3653,103353089,55821640,2026-08-30 14:33:55.707000+00:00
16633100,Emile Andrieu,Q3,2715,3653,107695157,56122861,2026-09-11 03:52:52.608000+00:00
16633100,Emile Andrieu,Q3,2716,3653,107696467,56122861,2026-09-11 03:56:54.029000+00:00
16633100,Emile Andrieu,Q3,2717,3653,107697748,56107650,2026-09-11 04:00:53.172000+00:00
16633100,Emile Andrieu,Q3,2718,3653,107700040,56122861,2026-09-11 04:12:52.643000+00:00
16633100,Emile Andrieu,Q3,2719,3653,107702589,56122861,2026-09-11 04:20:52.931000+00:00
16633100,Emile Andrieu,Q3,2720,3653,107703531,56107650,2026-09-11 04:24:52.813000+00:00
16633100,Emile Andrieu,Q3,2721,3653,107704566,56107650,2026-09-11 04:28:53.756000+00:00
16633100,Emile Andrieu,Q3,2722,3653,107707226,56122861,2026-09-11 04:40:58.414000+00:00
16633100,Emile Andrieu,Q3,2723,3653,107708200,56122861,2026-09-11 04:44:54.896000+00:00
16633100,Emile Andrieu,Q3,2724,3653,107710303,56107650,2026-09-11 04:52:54.437000+00:00
16633100,Emile Andrieu,Q3,2725,3653,107713465,56122861,2026-09-11 05:04:52.999000+00:00
16633100,Emile Andrieu,Q3,2726,3653,107715484,56107650,2026-09-11 05:12:53.192000+00:00
16633100,Emile Andrieu,Q3,2727,3653,107719278,56122861,2026-09-11 05:29:24.411000+00:00
16633100,Emile Andrieu,Q3,2728,3653,107719307,56122861,2026-09-11 05:29:24.412000+00:00
16633100,Emile Andrieu,Q3,2729,3653,107719385,56122861,2026-09-11 05:29:24.595000+00:00
16633100,Emile Andrieu,Q3,2730,3653,107721319,56107650,2026-09-11 05:37:33.400000+00:00
16633100,Emile Andrieu,Q3,2731,3653,107722154,56107650,2026-09-11 05:41:23.891000+00:00
16633100,Emile Andrieu,Q3,2732,3653,107722562,56122861,2026-09-11 05:45:22.498000+00:00
16633100,Emile Andrieu,Q3,2733,3653,107726411,56107650,2026-09-11 06:01:22.098000+00:00
16633100,Emile Andrieu,Q3,2734,3653,107727286,56107650,2026-09-11 06:01:23.391000+00:00
16633100,Emile Andrieu,Q3,2735,3653,107728190,56122861,2026-09-11 06:05:23.232000+00:00
16633100,Emile Andrieu,Q3,2736,3653,107733098,56107650,2026-09-11 06:25:23.610000+00:00
16633100,Emile Andrieu,Q3,2737,3653,107733987,56122861,2026-09-11 06:29:24.378000+00:00
16633100,Emile Andrieu,Q3,2738,3653,107738943,56107650,2026-09-11 06:49:22.977000+00:00
16633100,Emile Andrieu,Q3,2739,3653,107738982,56122861,2026-09-11 06:49:23.014000+00:00
16633100,Emile Andrieu,Q3,2740,3653,107739173,56122861,2026-09-11 06:49:23.302000+00:00
16633100,Emile Andrieu,Q3,2741,3653,107739789,56122861,2026-09-11 06:53:22.699000+00:00
16633100,Emile Andrieu,Q3,2742,3653,107740622,56107650,2026-09-11 06:57:22.606000+00:00
16633100,Emile Andrieu,Q3,2743,3653,107742296,56122861,2026-09-11 07:05:26.208000+00:00
16633100,Emile Andrieu,Q3,2744,3653,107746098,56107650,2026-09-11 07:17:23.626000+00:00
16633100,Emile Andrieu,Q3,2745,3653,107748001,56122861,2026-09-11 07:25:23.335000+00:00
16633100,Emile Andrieu,Q3,2746,3653,107751096,56107650,2026-09-11 07:41:21.913000+00:00
16633100,Emile Andrieu,Q3,2747,3653,107751419,56107650,2026-09-11 07:41:22.407000+00:00
16633100,Emile Andrieu,Q3,2748,3653,107751584,56107650,2026-09-11 07:41:22.715000+00:00
16633100,Emile Andrieu,Q3,2749,3653,107751935,56107650,2026-09-11 07:41:23.289000+00:00
16633100,Emile Andrieu,Q3,2750,3653,107752496,56107650,2026-09-11 07:45:23.113000+00:00
16633100,Emile Andrieu,Q3,2751,3653,107752506,56122861,2026-09-11 07:45:23.127000+00:00
16633100,Emile Andrieu,Q3,2752,3653,107754104,56122861,2026-09-11 07:53:23.526000+00:00
16633100,Emile Andrieu,Q3,2753,3653,107755405,56107650,2026-09-11 07:57:26.895000+00:00
16633100,Emile Andrieu,Q3,2754,3653,107756274,56122861,2026-09-11 08:01:28.756000+00:00
16633100,Emile Andrieu,Q3,2755,3653,107756799,56122861,2026-09-11 08:01:29.690000+00:00
16633100,Emile Andrieu,Q3,2756,3653,107757010,56107650,2026-09-11 08:05:22.530000+00:00
16633100,Emile Andrieu,Q3,2757,3653,107758737,56107650,2026-09-11 08:09:23.774000+00:00
16633100,Emile Andrieu,Q3,2758,3653,107761861,56122861,2026-09-11 08:21:24.832000+00:00
16633100,Emile Andrieu,Q3,2759,3653,107764246,56107650,2026-09-11 08:33:23.426000+00:00
16633100,Emile Andrieu,Q3,2760,3653,107764605,56107650,2026-09-11 08:33:24.093000+00:00
16633100,Emile Andrieu,Q3,2761,3653,107766579,56107650,2026-09-11 08:41:24.478000+00:00
16633100,Emile Andrieu,Q3,2762,3653,107767327,56107650,2026-09-11 08:45:22.935000+00:00
16633100,Emile Andrieu,Q3,2763,3653,107767635,56122861,2026-09-11 08:45:23.403000+00:00
16633100,Emile Andrieu,Q3,2764,3653,107768395,56122861,2026-09-11 08:49:24.884000+00:00
16633100,Emile Andrieu,L,3603,3653,109049861,56227553,2026-09-14 21:49:18.261000+00:00
16633100,Emile Andrieu,L,3604,3653,109050105,56237468,2026-09-14 21:53:17.340000+00:00
16633100,Emile Andrieu,L,3605,3653,109050730,56237468,2026-09-14 21:53:18.641000+00:00
16633100,Emile Andrieu,L,3606,3653,109051156,56237468,2026-09-14 21:57:17.212000+00:00
16633100,Emile Andrieu,L,3607,3653,109052201,56237468,2026-09-14 22:01:17.803000+00:00
16633100,Emile Andrieu,L,3608,3653,109053240,56237468,2026-09-14 22:05:19.897000+00:00
16633100,Emile Andrieu,L,3609,3653,109053723,56237468,2026-09-14 22:05:20.721000+00:00
16633100,Emile Andrieu,L,3610,3653,109054268,56237468,2026-09-14 22:09:17.562000+00:00
16633100,Emile Andrieu,L,3611,3653,109054530,56227553,2026-09-14 22:09:18.054000+00:00
16633100,Emile Andrieu,L,3612,3653,109055301,56237468,2026-09-14 22:13:16.686000+00:00
16633100,Emile Andrieu,L,3613,3653,109056339,56237468,2026-09-14 22:17:16.134000+00:00
16633100,Emile Andrieu,L,3614,3653,109057365,56237468,2026-09-14 22:21:15.942000+00:00
16633100,Emile Andrieu,L,3615,3653,109057616,56237468,2026-09-14 22:21:16.388000+00:00
16633100,Emile Andrieu,L,3616,3653,109058432,56237468,2026-09-14 22:27:34.295000+00:00
16633100,Emile Andrieu,L,3617,3653,109058838,56227553,2026-09-14 22:27:35.493000+00:00
16633100,Emile Andrieu,L,3618,3653,109059479,56237468,2026-09-14 22:31:21.313000+00:00
16633100,Emile Andrieu,L,3619,3653,109060421,56237468,2026-09-14 22:37:47.590000+00:00
16633100,Emile Andrieu,L,3620,3653,109060628,56237468,2026-09-14 22:37:47.812000+00:00
16633100,Emile Andrieu,L,3621,3653,109061564,56237468,2026-09-14 22:41:34.790000+00:00
16633100,Emile Andrieu,L,3622,3653,109062596,56237468,2026-09-14 22:45:38.436000+00:00
16633100,Emile Andrieu,L,3623,3653,109062827,56237468,2026-09-14 22:45:38.884000+00:00
16633100,Emile Andrieu,L,3624,3653,109063101,56227553,2026-09-14 22:45:39.378000+00:00
16633100,Emile Andrieu,L,3625,3653,109063129,56227553,2026-09-14 22:45:39.419000+00:00
16633100,Emile Andrieu,L,3626,3653,109063630,56237468,2026-09-14 22:49:33.880000+00:00
16633100,Emile Andrieu,L,3627,3653,109063871,56237468,2026-09-14 22:49:34.228000+00:00
16633100,Emile Andrieu,L,3628,3653,109064116,56237468,2026-09-14 22:49:34.676000+00:00
16633100,Emile Andrieu,L,3629,3653,109064564,56237468,2026-09-14 22:53:35.597000+00:00
16633100,Emile Andrieu,L,3630,3653,109064964,56227553,2026-09-14 22:53:36.197000+00:00
16633100,Emile Andrieu,L,3631,3653,109065715,56237468,2026-09-14 22:57:34.382000+00:00
16633100,Emile Andrieu,L,3632,3653,109066741,56237468,2026-09-14 23:01:33.429000+00:00
16633100,Emile Andrieu,L,3633,3653,109067782,56237468,2026-09-14 23:05:33.384000+00:00
16633100,Emile Andrieu,L,3634,3653,109068189,56227553,2026-09-14 23:05:33.927000+00:00
16633100,Emile Andrieu,L,3635,3653,109068822,56237468,2026-09-14 23:09:33.451000+00:00
16633100,Emile Andrieu,L,3636,3653,109069719,56237468,2026-09-14 23:13:33.597000+00:00
16633100,Emile Andrieu,L,3637,3653,109070341,56237468,2026-09-14 23:13:34.521000+00:00
16633100,Emile Andrieu,L,3638,3653,109070791,56237468,2026-09-14 23:17:34.661000+00:00
16633100,Emile Andrieu,L,3639,3653,109072340,56227553,2026-09-14 23:21:35.008000+00:00
16633100,Emile Andrieu,L,3640,3653,109072864,56237468,2026-09-14 23:25:34.376000+00:00
16633100,Emile Andrieu,L,3641,3653,109075468,56227553,2026-09-14 23:33:34.845000+00:00
16633100,Emile Andrieu,L,3642,3653,109077663,56237468,2026-09-14 23:43:51.958000+00:00
16633100,Emile Andrieu,L,3643,3653,109077968,56237468,2026-09-14 23:43:52.511000+00:00
16633100,Emile Andrieu,L,3644,3653,109078005,56237468,2026-09-14 23:43:52.591000+00:00
16633100,Emile Andrieu,L,3645,3653,109078359,56227553,2026-09-14 23:43:53.509000+00:00
16633100,Emile Andrieu,L,3646,3653,109081354,56237468,2026-09-14 23:55:45.196000+00:00
16633100,Emile Andrieu,L,3647,3653,109083135,56227553,2026-09-14 23:59:53.264000+00:00
16633100,Emile Andrieu,L,3648,3653,109083711,56237468,2026-09-15 00:03:45.718000+00:00
16633100,Emile Andrieu,L,3649,3653,109089169,56227553,2026-09-15 00:19:50.813000+00:00
16633100,Emile Andrieu,L,3650,3653,109089281,56237468,2026-09-15 00:19:51.062000+00:00
16633100,Emile Andrieu,L,3651,3653,109092798,56227553,2026-09-15 00:31:47.011000+00:00
16633100,Emile Andrieu,L,3652,3653,109094176,56237468,2026-09-15 00:35:46.598000+00:00
16633100,Emile Andrieu,C0,0,120,108860373,56227553,2026-09-14 09:30:50.098000+00:00
16633100,Emile Andrieu,C0,1,120,108861207,56227553,2026-09-14 09:34:56.903000+00:00
16633100,Emile Andrieu,C0,2,120,108862197,56227553,2026-09-14 09:38:53.386000+00:00
16633100,Emile Andrieu,C0,3,120,108863245,56227553,2026-09-14 09:42:48.983000+00:00
16633100,Emile Andrieu,C0,4,120,108864266,56227553,2026-09-14 09:46:50.108000+00:00
16633100,Emile Andrieu,C0,5,120,108865275,56227553,2026-09-14 09:50:52.114000+00:00
16633100,Emile Andrieu,C0,6,120,108866294,56227553,2026-09-14 09:54:54.198000+00:00
16633100,Emile Andrieu,C0,7,120,108867336,56227553,2026-09-14 09:58:52.044000+00:00
16633100,Emile Andrieu,C0,8,120,108868350,56227553,2026-09-14 10:02:49.989000+00:00
16633100,Emile Andrieu,C0,9,120,108869375,56227553,2026-09-14 10:06:49.832000+00:00
16633100,Emile Andrieu,C0,10,120,108870410,56227553,2026-09-14 10:10:51.356000+00:00
16633100,Emile Andrieu,C0,11,120,108871425,56227553,2026-09-14 10:14:49.755000+00:00
16633100,Emile Andrieu,C0,12,120,108872447,56227553,2026-09-14 10:18:54.381000+00:00
16633100,Emile Andrieu,C0,13,120,108873469,56227553,2026-09-14 10:22:53.992000+00:00
16633100,Emile Andrieu,C0,14,120,108874500,56227553,2026-09-14 10:26:48.829000+00:00
16633100,Emile Andrieu,C0,15,120,108875522,56227553,2026-09-14 10:30:51.583000+00:00
16633100,Emile Andrieu,C0,16,120,108876546,56227553,2026-09-14 10:34:51.467000+00:00
16633100,Emile Andrieu,C0,17,120,108877073,56227553,2026-09-14 10:34:52.309000+00:00
16633100,Emile Andrieu,C0,18,120,108877668,56227553,2026-09-14 10:38:52.298000+00:00
16633100,Emile Andrieu,C0,19,120,108878724,56227553,2026-09-14 10:42:49.180000+00:00
16633100,Emile Andrieu,C0,20,120,108879752,56227553,2026-09-14 10:46:51.200000+00:00
16633100,Emile Andrieu,C0,21,120,108880797,56227553,2026-09-14 10:50:50.805000+00:00
16633100,Emile Andrieu,C0,22,120,108881128,56227553,2026-09-14 10:50:51.423000+00:00
16633100,Emile Andrieu,C0,23,120,108881875,56227553,2026-09-14 10:54:51.005000+00:00
16633100,Emile Andrieu,C0,24,120,108882921,56227553,2026-09-14 10:58:52.896000+00:00
16633100,Emile Andrieu,C0,25,120,108883953,56227553,2026-09-14 11:02:48.928000+00:00
16633100,Emile Andrieu,C0,26,120,108884986,56227553,2026-09-14 11:06:48.991000+00:00
16633100,Emile Andrieu,C0,27,120,108885570,56227553,2026-09-14 11:06:50.012000+00:00
16633100,Emile Andrieu,C0,28,120,108886029,56227553,2026-09-14 11:10:49.281000+00:00
16633100,Emile Andrieu,C0,29,120,108887076,56227553,2026-09-14 11:14:50.224000+00:00
16633100,Emile Andrieu,C0,30,120,108888075,56227553,2026-09-14 11:18:54.213000+00:00
16633100,Emile Andrieu,C0,31,120,108888123,56227553,2026-09-14 11:18:54.292000+00:00
16633100,Emile Andrieu,C0,32,120,108889169,56227553,2026-09-14 11:22:51.726000+00:00
16633100,Emile Andrieu,C0,33,120,108890997,56227553,2026-09-14 11:30:51.894000+00:00
16633100,Emile Andrieu,C0,34,120,108892029,56227553,2026-09-14 11:34:50.617000+00:00
16633100,Emile Andrieu,C0,35,120,108893074,56227553,2026-09-14 11:38:52.224000+00:00
16633100,Emile Andrieu,C0,36,120,108894108,56227553,2026-09-14 11:42:49.629000+00:00
16633100,Emile Andrieu,C0,37,120,108895148,56227553,2026-09-14 11:46:49.333000+00:00
16633100,Emile Andrieu,C0,38,120,108896210,56227553,2026-09-14 11:50:49.325000+00:00
16633100,Emile Andrieu,C0,39,120,108897227,56227553,2026-09-14 11:54:49.309000+00:00
16633100,Emile Andrieu,C0,40,120,108898172,56227553,2026-09-14 11:58:49.932000+00:00
16633100,Emile Andrieu,C0,41,120,108899323,56227553,2026-09-14 12:02:50.683000+00:00
16633100,Emile Andrieu,C0,42,120,108900375,56227553,2026-09-14 12:06:53.331000+00:00
16633100,Emile Andrieu,C0,43,120,108901420,56227553,2026-09-14 12:10:50.494000+00:00
16633100,Emile Andrieu,C0,44,120,108902456,56227553,2026-09-14 12:14:50.016000+00:00
16633100,Emile Andrieu,C0,45,120,108903497,56227553,2026-09-14 12:18:51.305000+00:00
16633100,Emile Andrieu,C0,46,120,108904548,56227553,2026-09-14 12:22:49.406000+00:00
16633100,Emile Andrieu,C0,47,120,108905580,56227553,2026-09-14 12:26:50.094000+00:00
16633100,Emile Andrieu,C0,48,120,108906630,56227553,2026-09-14 12:30:50.113000+00:00
16633100,Emile Andrieu,C0,49,120,108907668,56227553,2026-09-14 12:34:49.885000+00:00
16622198,THUNDER THUNDER,F,0,7231,89016361,55117347,2026-07-30 19:00:08.574000+00:00
16622198,THUNDER THUNDER,F,1,7231,89018168,55117347,2026-07-30 19:16:08.824000+00:00
16622198,THUNDER THUNDER,F,2,7231,89018174,55117347,2026-07-30 19:16:08.830000+00:00
16622198,THUNDER THUNDER,F,3,7231,89018628,55117347,2026-07-30 19:20:26.340000+00:00
16622198,THUNDER THUNDER,F,4,7231,89019079,55117347,2026-07-30 19:24:10.098000+00:00
16622198,THUNDER THUNDER,F,5,7231,89020922,55117347,2026-07-30 19:40:06.584000+00:00
16622198,THUNDER THUNDER,F,6,7231,89020925,55117347,2026-07-30 19:40:06.587000+00:00
16622198,THUNDER THUNDER,F,7,7231,89027304,55117347,2026-07-30 20:40:56.060000+00:00
16622198,THUNDER THUNDER,F,8,7231,89027759,55117347,2026-07-30 20:44:57.604000+00:00
16622198,THUNDER THUNDER,F,9,7231,89028214,55117347,2026-07-30 20:48:57.738000+00:00
16622198,THUNDER THUNDER,F,10,7231,89030524,55117347,2026-07-30 21:08:58.038000+00:00
16622198,THUNDER THUNDER,F,11,7231,89031430,55117347,2026-07-30 21:16:54.755000+00:00
16622198,THUNDER THUNDER,F,12,7231,89031892,55117347,2026-07-30 21:23:40.218000+00:00
16622198,THUNDER THUNDER,F,13,7231,89032351,55117347,2026-07-30 21:27:54.085000+00:00
16622198,THUNDER THUNDER,F,14,7231,89032817,55117347,2026-07-30 21:31:41.784000+00:00
16622198,THUNDER THUNDER,F,15,7231,89034636,55117347,2026-07-30 21:47:40.745000+00:00
16622198,THUNDER THUNDER,F,16,7231,89035093,55117347,2026-07-30 21:51:40.585000+00:00
16622198,THUNDER THUNDER,F,17,7231,89035558,55117347,2026-07-30 21:55:40.137000+00:00
16622198,THUNDER THUNDER,F,18,7231,89035559,55117347,2026-07-30 21:55:40.139000+00:00
16622198,THUNDER THUNDER,F,19,7231,89036016,55117347,2026-07-30 22:00:10.090000+00:00
16622198,THUNDER THUNDER,F,20,7231,89036942,55117347,2026-07-30 22:08:10.334000+00:00
16622198,THUNDER THUNDER,F,21,7231,89036945,55117347,2026-07-30 22:08:10.338000+00:00
16622198,THUNDER THUNDER,F,22,7231,89040157,55117347,2026-07-30 22:36:11.046000+00:00
16622198,THUNDER THUNDER,F,23,7231,89042440,55117347,2026-07-30 22:56:44.470000+00:00
16622198,THUNDER THUNDER,F,24,7231,89047290,55117347,2026-07-30 23:36:45.398000+00:00
16622198,THUNDER THUNDER,F,25,7231,89050877,55117347,2026-07-31 00:04:41.932000+00:00
16622198,THUNDER THUNDER,F,26,7231,89053832,55117347,2026-07-31 00:28:38.796000+00:00
16622198,THUNDER THUNDER,F,27,7231,89062325,55117347,2026-07-31 01:36:41.302000+00:00
16622198,THUNDER THUNDER,F,28,7231,89073537,55117347,2026-07-31 03:08:41.601000+00:00
16622198,THUNDER THUNDER,F,29,7231,89078285,55117347,2026-07-31 03:48:36.706000+00:00
16622198,THUNDER THUNDER,F,30,7231,89080653,55117347,2026-07-31 04:08:36.389000+00:00
16622198,THUNDER THUNDER,F,31,7231,89085051,55117347,2026-07-31 04:44:45.769000+00:00
16622198,THUNDER THUNDER,F,32,7231,89091741,55117347,2026-07-31 05:40:44.266000+00:00
16622198,THUNDER THUNDER,F,33,7231,89094653,55117347,2026-07-31 06:04:49.155000+00:00
16622198,THUNDER THUNDER,F,34,7231,89098031,55117347,2026-07-31 06:32:42.828000+00:00
16622198,THUNDER THUNDER,F,35,7231,89098498,55117347,2026-07-31 06:36:48.749000+00:00
16622198,THUNDER THUNDER,F,36,7231,89101887,55117347,2026-07-31 07:04:44.839000+00:00
16622198,THUNDER THUNDER,F,37,7231,89106828,55131011,2026-07-31 07:44:48.747000+00:00
16622198,THUNDER THUNDER,F,38,7231,89107317,55131011,2026-07-31 07:48:47.973000+00:00
16622198,THUNDER THUNDER,F,39,7231,89107811,55131011,2026-07-31 07:52:50.290000+00:00
16622198,THUNDER THUNDER,F,40,7231,89108300,55131011,2026-07-31 07:56:46.238000+00:00
16622198,THUNDER THUNDER,F,41,7231,89108809,55131011,2026-07-31 08:00:48.789000+00:00
16622198,THUNDER THUNDER,F,42,7231,89109294,55131011,2026-07-31 08:04:49.271000+00:00
16622198,THUNDER THUNDER,F,43,7231,89109779,55131011,2026-07-31 08:08:45.600000+00:00
16622198,THUNDER THUNDER,F,44,7231,89109783,55131011,2026-07-31 08:08:45.604000+00:00
16622198,THUNDER THUNDER,F,45,7231,89110764,55131011,2026-07-31 08:16:45.238000+00:00
16622198,THUNDER THUNDER,F,46,7231,89112734,55131011,2026-07-31 08:32:43.175000+00:00
16622198,THUNDER THUNDER,F,47,7231,89113709,55131011,2026-07-31 08:40:43.427000+00:00
16622198,THUNDER THUNDER,F,48,7231,89115211,55117347,2026-07-31 08:52:52.470000+00:00
16622198,THUNDER THUNDER,F,49,7231,89117649,55131011,2026-07-31 09:12:44.113000+00:00
16622198,THUNDER THUNDER,Q1,1783,7231,92757698,55455270,2026-08-13 20:31:02.706000+00:00
16622198,THUNDER THUNDER,Q1,1784,7231,92759438,55455270,2026-08-13 20:39:02.476000+00:00
16622198,THUNDER THUNDER,Q1,1785,7231,92762313,55455270,2026-08-13 20:51:03.422000+00:00
16622198,THUNDER THUNDER,Q1,1786,7231,92763164,55455267,2026-08-13 20:55:02.412000+00:00
16622198,THUNDER THUNDER,Q1,1787,7231,92763322,55455267,2026-08-13 20:55:02.703000+00:00
16622198,THUNDER THUNDER,Q1,1788,7231,92766963,55455267,2026-08-13 21:11:02.680000+00:00
16622198,THUNDER THUNDER,Q1,1789,7231,92769815,55455267,2026-08-13 21:23:06.917000+00:00
16622198,THUNDER THUNDER,Q1,1790,7231,92772555,55455267,2026-08-13 21:35:02.126000+00:00
16622198,THUNDER THUNDER,Q1,1791,7231,92772561,55455270,2026-08-13 21:35:02.136000+00:00
16622198,THUNDER THUNDER,Q1,1792,7231,92779000,55455270,2026-08-13 22:04:45.711000+00:00
16622198,THUNDER THUNDER,Q1,1793,7231,92780004,55455270,2026-08-13 22:08:45.769000+00:00
16622198,THUNDER THUNDER,Q1,1794,7231,92781833,55455267,2026-08-13 22:16:49.474000+00:00
16622198,THUNDER THUNDER,Q1,1795,7231,92783510,55455270,2026-08-13 22:24:45.288000+00:00
16622198,THUNDER THUNDER,Q1,1796,7231,92785464,55455267,2026-08-13 22:32:45.877000+00:00
16622198,THUNDER THUNDER,Q1,1797,7231,92786254,55455270,2026-08-13 22:36:48.106000+00:00
16622198,THUNDER THUNDER,Q1,1798,7231,92787342,55455267,2026-08-13 22:40:44.982000+00:00
16622198,THUNDER THUNDER,Q1,1799,7231,92791867,55455270,2026-08-13 23:00:45.507000+00:00
16622198,THUNDER THUNDER,Q1,1800,7231,92793767,55455270,2026-08-13 23:08:49.308000+00:00
16622198,THUNDER THUNDER,Q1,1801,7231,92794740,55455267,2026-08-13 23:12:47.359000+00:00
16622198,THUNDER THUNDER,Q1,1802,7231,92799295,55455267,2026-08-13 23:32:45.669000+00:00
16622198,THUNDER THUNDER,Q1,1803,7231,92801192,55455270,2026-08-13 23:40:45.853000+00:00
16622198,THUNDER THUNDER,Q1,1804,7231,92804001,55455267,2026-08-13 23:52:44.485000+00:00
16622198,THUNDER THUNDER,Q1,1805,7231,92805886,55455270,2026-08-14 00:00:46.040000+00:00
16622198,THUNDER THUNDER,Q1,1806,7231,92812472,55455267,2026-08-14 00:28:45.411000+00:00
16622198,THUNDER THUNDER,Q1,1807,7231,92812489,55455267,2026-08-14 00:28:45.460000+00:00
16622198,THUNDER THUNDER,Q1,1808,7231,92814383,55455270,2026-08-14 00:41:03.409000+00:00
16622198,THUNDER THUNDER,Q1,1809,7231,92821698,55455267,2026-08-14 01:12:51.191000+00:00
16622198,THUNDER THUNDER,Q1,1810,7231,92821768,55455267,2026-08-14 01:12:51.292000+00:00
16622198,THUNDER THUNDER,Q1,1811,7231,92823671,55455270,2026-08-14 01:20:53.209000+00:00
16622198,THUNDER THUNDER,Q1,1812,7231,92825204,55455270,2026-08-14 01:28:51.187000+00:00
16622198,THUNDER THUNDER,Q1,1813,7231,92829308,55455270,2026-08-14 01:44:49.435000+00:00
16622198,THUNDER THUNDER,Q1,1814,7231,92831146,55455267,2026-08-14 01:52:50.485000+00:00
16622198,THUNDER THUNDER,Q1,1815,7231,92832643,55455270,2026-08-14 02:00:57.630000+00:00
16622198,THUNDER THUNDER,Q1,1816,7231,92834570,55455267,2026-08-14 02:08:54.201000+00:00
16622198,THUNDER THUNDER,Q1,1817,7231,92841018,55455270,2026-08-14 02:36:54.249000+00:00
16622198,THUNDER THUNDER,Q1,1818,7231,92841328,55455270,2026-08-14 02:36:54.740000+00:00
16622198,THUNDER THUNDER,Q1,1819,7231,92842058,55455267,2026-08-14 02:40:55.406000+00:00
16622198,THUNDER THUNDER,Q1,1820,7231,92842951,55455267,2026-08-14 02:44:53.704000+00:00
16622198,THUNDER THUNDER,Q1,1821,7231,92846921,55455267,2026-08-14 03:00:55.279000+00:00
16622198,THUNDER THUNDER,Q1,1822,7231,92851305,55455270,2026-08-14 03:20:54.980000+00:00
16622198,THUNDER THUNDER,Q1,1823,7231,92851570,55455270,2026-08-14 03:20:55.329000+00:00
16622198,THUNDER THUNDER,Q1,1824,7231,92855193,55455270,2026-08-14 03:36:53.927000+00:00
16622198,THUNDER THUNDER,Q1,1825,7231,92857174,55455267,2026-08-14 03:44:53.979000+00:00
16622198,THUNDER THUNDER,Q1,1826,7231,92861523,55455270,2026-08-14 04:04:54.096000+00:00
16622198,THUNDER THUNDER,Q1,1827,7231,92863533,55455270,2026-08-14 04:12:54.279000+00:00
16622198,THUNDER THUNDER,Q1,1828,7231,92864379,55455267,2026-08-14 04:16:54.123000+00:00
16622198,THUNDER THUNDER,Q1,1829,7231,92872921,55455270,2026-08-14 04:52:54.393000+00:00
16622198,THUNDER THUNDER,Q1,1830,7231,92875643,55455267,2026-08-14 05:04:54.487000+00:00
16622198,THUNDER THUNDER,Q1,1831,7231,92876394,55455270,2026-08-14 05:08:54.107000+00:00
16622198,THUNDER THUNDER,Q1,1832,7231,92880211,55455270,2026-08-14 05:24:55.195000+00:00
16622198,THUNDER THUNDER,Q2,3591,7231,104681101,55940307,2026-09-02 01:08:41.556000+00:00
16622198,THUNDER THUNDER,Q2,3592,7231,104681871,55895660,2026-09-02 01:12:41.424000+00:00
16622198,THUNDER THUNDER,Q2,3593,7231,104681895,55940307,2026-09-02 01:12:41.468000+00:00
16622198,THUNDER THUNDER,Q2,3594,7231,104682729,55895660,2026-09-02 01:16:41.215000+00:00
16622198,THUNDER THUNDER,Q2,3595,7231,104683172,55895660,2026-09-02 01:20:40.404000+00:00
16622198,THUNDER THUNDER,Q2,3596,7231,104684315,55940307,2026-09-02 01:24:40.952000+00:00
16622198,THUNDER THUNDER,Q2,3597,7231,104685426,55895660,2026-09-02 01:28:44.397000+00:00
16622198,THUNDER THUNDER,Q2,3598,7231,104686289,55940307,2026-09-02 01:32:41.653000+00:00
16622198,THUNDER THUNDER,Q2,3599,7231,104687813,55895660,2026-09-02 01:40:42.452000+00:00
16622198,THUNDER THUNDER,Q2,3600,7231,104688239,55940307,2026-09-02 01:44:40.759000+00:00
16622198,THUNDER THUNDER,Q2,3601,7231,104688701,55940307,2026-09-02 01:44:42.164000+00:00
16622198,THUNDER THUNDER,Q2,3602,7231,104690241,55895660,2026-09-02 01:52:41.025000+00:00
16622198,THUNDER THUNDER,Q2,3603,7231,104691118,55940307,2026-09-02 01:56:42.966000+00:00
16622198,THUNDER THUNDER,Q2,3604,7231,104691166,55895660,2026-09-02 01:56:43.064000+00:00
16622198,THUNDER THUNDER,Q2,3605,7231,104692951,55940307,2026-09-02 02:04:40.742000+00:00
16622198,THUNDER THUNDER,Q2,3606,7231,104693557,55895660,2026-09-02 02:08:44.019000+00:00
16622198,THUNDER THUNDER,Q2,3607,7231,104695135,55895660,2026-09-02 02:16:41.011000+00:00
16622198,THUNDER THUNDER,Q2,3608,7231,104695146,55895660,2026-09-02 02:16:41.038000+00:00
16622198,THUNDER THUNDER,Q2,3609,7231,104695345,55940307,2026-09-02 02:16:41.384000+00:00
16622198,THUNDER THUNDER,Q2,3610,7231,104697631,55895660,2026-09-02 02:28:41.496000+00:00
16622198,THUNDER THUNDER,Q2,3611,7231,104697802,55940307,2026-09-02 02:28:41.800000+00:00
16622198,THUNDER THUNDER,Q2,3612,7231,104699474,55940307,2026-09-02 02:36:41.485000+00:00
16622198,THUNDER THUNDER,Q2,3613,7231,104700215,55895660,2026-09-02 02:40:41.251000+00:00
16622198,THUNDER THUNDER,Q2,3614,7231,104700672,55940307,2026-09-02 02:44:40.846000+00:00
16622198,THUNDER THUNDER,Q2,3615,7231,104702803,55895660,2026-09-02 02:52:41.039000+00:00
16622198,THUNDER THUNDER,Q2,3616,7231,104703515,55940307,2026-09-02 02:56:41.029000+00:00
16622198,THUNDER THUNDER,Q2,3617,7231,104705019,55940307,2026-09-02 03:04:41.009000+00:00
16622198,THUNDER THUNDER,Q2,3618,7231,104705157,55940307,2026-09-02 03:04:41.253000+00:00
16622198,THUNDER THUNDER,Q2,3619,7231,104705349,55895660,2026-09-02 03:04:41.607000+00:00
16622198,THUNDER THUNDER,Q2,3620,7231,104707622,55940307,2026-09-02 03:16:41.249000+00:00
16622198,THUNDER THUNDER,Q2,3621,7231,104707714,55940307,2026-09-02 03:16:41.405000+00:00
16622198,THUNDER THUNDER,Q2,3622,7231,104707837,55895660,2026-09-02 03:16:41.597000+00:00
16622198,THUNDER THUNDER,Q2,3623,7231,104708578,55940307,2026-09-02 03:20:41.998000+00:00
16622198,THUNDER THUNDER,Q2,3624,7231,104708775,55895660,2026-09-02 03:20:42.366000+00:00
16622198,THUNDER THUNDER,Q2,3625,7231,104711115,55940307,2026-09-02 03:32:41.561000+00:00
16622198,THUNDER THUNDER,Q2,3626,7231,104711238,55895660,2026-09-02 03:32:41.755000+00:00
16622198,THUNDER THUNDER,Q2,3627,7231,104713086,55940307,2026-09-02 03:44:40.902000+00:00
16622198,THUNDER THUNDER,Q2,3628,7231,104713675,55940307,2026-09-02 03:44:42.442000+00:00
16622198,THUNDER THUNDER,Q2,3629,7231,104714319,55895660,2026-09-02 03:48:42.215000+00:00
16622198,THUNDER THUNDER,Q2,3630,7231,104714372,55895660,2026-09-02 03:48:42.340000+00:00
16622198,THUNDER THUNDER,Q2,3631,7231,104714440,55895660,2026-09-02 03:48:42.475000+00:00
16622198,THUNDER THUNDER,Q2,3632,7231,104716815,55940307,2026-09-02 04:00:41.458000+00:00
16622198,THUNDER THUNDER,Q2,3633,7231,104717024,55895660,2026-09-02 04:00:41.969000+00:00
16622198,THUNDER THUNDER,Q2,3634,7231,104717045,55895660,2026-09-02 04:00:42.011000+00:00
16622198,THUNDER THUNDER,Q2,3635,7231,104717332,55895660,2026-09-02 04:04:40.661000+00:00
16622198,THUNDER THUNDER,Q2,3636,7231,104717342,55895660,2026-09-02 04:04:40.683000+00:00
16622198,THUNDER THUNDER,Q2,3637,7231,104717888,55940307,2026-09-02 04:04:41.952000+00:00
16622198,THUNDER THUNDER,Q2,3638,7231,104718317,55940307,2026-09-02 04:08:41.986000+00:00
16622198,THUNDER THUNDER,Q2,3639,7231,104719551,55895660,2026-09-02 04:12:43.669000+00:00
16622198,THUNDER THUNDER,Q2,3640,7231,104721096,55940307,2026-09-02 04:20:41.730000+00:00
16622198,THUNDER THUNDER,Q3,5398,7231,106806787,56096056,2026-09-08 14:02:18.392000+00:00
16622198,THUNDER THUNDER,Q3,5399,7231,106806959,56096056,2026-09-08 14:02:18.703000+00:00
16622198,THUNDER THUNDER,Q3,5400,7231,106807161,56096056,2026-09-08 14:02:19.122000+00:00
16622198,THUNDER THUNDER,Q3,5401,7231,106807928,56096056,2026-09-08 14:06:21.391000+00:00
16622198,THUNDER THUNDER,Q3,5402,7231,106808875,56096056,2026-09-08 14:10:18.529000+00:00
16622198,THUNDER THUNDER,Q3,5403,7231,106808940,56089409,2026-09-08 14:10:18.690000+00:00
16622198,THUNDER THUNDER,Q3,5404,7231,106809842,56096056,2026-09-08 14:14:18.180000+00:00
16622198,THUNDER THUNDER,Q3,5405,7231,106811773,56096056,2026-09-08 14:22:19.595000+00:00
16622198,THUNDER THUNDER,Q3,5406,7231,106814544,56089409,2026-09-08 14:34:18.199000+00:00
16622198,THUNDER THUNDER,Q3,5407,7231,106815630,56089409,2026-09-08 14:38:18.106000+00:00
16622198,THUNDER THUNDER,Q3,5408,7231,106815671,56096056,2026-09-08 14:38:18.184000+00:00
16622198,THUNDER THUNDER,Q3,5409,7231,106819150,56096056,2026-09-08 14:54:17.874000+00:00
16622198,THUNDER THUNDER,Q3,5410,7231,106819193,56089409,2026-09-08 14:54:18.033000+00:00
16622198,THUNDER THUNDER,Q3,5411,7231,106819997,56096056,2026-09-08 14:58:17.590000+00:00
16622198,THUNDER THUNDER,Q3,5412,7231,106820720,56096056,2026-09-08 15:02:18.572000+00:00
16622198,THUNDER THUNDER,Q3,5413,7231,106824849,56089409,2026-09-08 15:18:19.520000+00:00
16622198,THUNDER THUNDER,Q3,5414,7231,106826022,56096056,2026-09-08 15:22:18.952000+00:00
16622198,THUNDER THUNDER,Q3,5415,7231,106829462,56096056,2026-09-08 15:38:19.106000+00:00
16622198,THUNDER THUNDER,Q3,5416,7231,106829476,56096056,2026-09-08 15:38:19.131000+00:00
16622198,THUNDER THUNDER,Q3,5417,7231,106829580,56096056,2026-09-08 15:38:19.429000+00:00
16622198,THUNDER THUNDER,Q3,5418,7231,106833660,56089409,2026-09-08 15:54:20.175000+00:00
16622198,THUNDER THUNDER,Q3,5419,7231,106834520,56089409,2026-09-08 15:58:22.023000+00:00
16622198,THUNDER THUNDER,Q3,5420,7231,106836335,56089409,2026-09-08 16:06:22.420000+00:00
16622198,THUNDER THUNDER,Q3,5421,7231,106837776,56096056,2026-09-08 16:14:18.316000+00:00
16622198,THUNDER THUNDER,Q3,5422,7231,106838412,56096056,2026-09-08 16:14:19.783000+00:00
16622198,THUNDER THUNDER,Q3,5423,7231,106842845,56096056,2026-09-08 16:34:18.121000+00:00
16622198,THUNDER THUNDER,Q3,5424,7231,106843149,56096056,2026-09-08 16:34:18.637000+00:00
16622198,THUNDER THUNDER,Q3,5425,7231,106843633,56096056,2026-09-08 16:38:17.479000+00:00
16622198,THUNDER THUNDER,Q3,5426,7231,106844170,56089409,2026-09-08 16:38:18.311000+00:00
16622198,THUNDER THUNDER,Q3,5427,7231,106845031,56089409,2026-09-08 16:42:19.117000+00:00
16622198,THUNDER THUNDER,Q3,5428,7231,106849456,56089409,2026-09-08 17:04:34.666000+00:00
16622198,THUNDER THUNDER,Q3,5429,7231,106850587,56089409,2026-09-08 17:08:33.760000+00:00
16622198,THUNDER THUNDER,Q3,5430,7231,106851804,56096056,2026-09-08 17:15:27.313000+00:00
16622198,THUNDER THUNDER,Q3,5431,7231,106854452,56089409,2026-09-08 17:29:13.095000+00:00
16622198,THUNDER THUNDER,Q3,5432,7231,106854672,56096056,2026-09-08 17:29:13.660000+00:00
16622198,THUNDER THUNDER,Q3,5433,7231,106856490,56096056,2026-09-08 17:36:52.080000+00:00
16622198,THUNDER THUNDER,Q3,5434,7231,106858276,56089409,2026-09-08 17:44:55.399000+00:00
16622198,THUNDER THUNDER,Q3,5435,7231,106860740,56096056,2026-09-08 17:56:50.934000+00:00
16622198,THUNDER THUNDER,Q3,5436,7231,106862833,56089409,2026-09-08 18:04:51.718000+00:00
16622198,THUNDER THUNDER,Q3,5437,7231,106866818,56096056,2026-09-08 18:20:52.124000+00:00
16622198,THUNDER THUNDER,Q3,5438,7231,106867759,56096056,2026-09-08 18:24:52.190000+00:00
16622198,THUNDER THUNDER,Q3,5439,7231,106868517,56089409,2026-09-08 18:28:54.155000+00:00
16622198,THUNDER THUNDER,Q3,5440,7231,106868644,56089409,2026-09-08 18:28:54.392000+00:00
16622198,THUNDER THUNDER,Q3,5441,7231,106870491,56096056,2026-09-08 18:36:52.682000+00:00
16622198,THUNDER THUNDER,Q3,5442,7231,106873993,56089409,2026-09-08 18:52:51.067000+00:00
16622198,THUNDER THUNDER,Q3,5443,7231,106874204,56089409,2026-09-08 18:52:51.380000+00:00
16622198,THUNDER THUNDER,Q3,5444,7231,106874374,56089409,2026-09-08 18:52:51.682000+00:00
16622198,THUNDER THUNDER,Q3,5445,7231,106875340,56096056,2026-09-08 18:56:51.560000+00:00
16622198,THUNDER THUNDER,Q3,5446,7231,106875698,56096056,2026-09-08 19:00:50.216000+00:00
16622198,THUNDER THUNDER,Q3,5447,7231,106876967,56096056,2026-09-08 19:04:51.518000+00:00
16622198,THUNDER THUNDER,L,7181,7231,109026891,56191497,2026-09-14 20:21:14.067000+00:00
16622198,THUNDER THUNDER,L,7182,7231,109027487,56191497,2026-09-14 20:25:24.084000+00:00
16622198,THUNDER THUNDER,L,7183,7231,109029651,56172448,2026-09-14 20:33:16.288000+00:00
16622198,THUNDER THUNDER,L,7184,7231,109029864,56172448,2026-09-14 20:33:16.593000+00:00
16622198,THUNDER THUNDER,L,7185,7231,109031766,56172448,2026-09-14 20:41:15.753000+00:00
16622198,THUNDER THUNDER,L,7186,7231,109032200,56191497,2026-09-14 20:41:16.505000+00:00
16622198,THUNDER THUNDER,L,7187,7231,109034397,56172448,2026-09-14 20:49:17.082000+00:00
16622198,THUNDER THUNDER,L,7188,7231,109035766,56191497,2026-09-14 20:57:16.439000+00:00
16622198,THUNDER THUNDER,L,7189,7231,109038800,56191497,2026-09-14 21:09:15.980000+00:00
16622198,THUNDER THUNDER,L,7190,7231,109038951,56172448,2026-09-14 21:09:16.200000+00:00
16622198,THUNDER THUNDER,L,7191,7231,109039209,56172448,2026-09-14 21:09:16.592000+00:00
16622198,THUNDER THUNDER,L,7192,7231,109039799,56191497,2026-09-14 21:13:15.691000+00:00
16622198,THUNDER THUNDER,L,7193,7231,109040758,56191497,2026-09-14 21:17:16.289000+00:00
16622198,THUNDER THUNDER,L,7194,7231,109041561,56191497,2026-09-14 21:17:17.493000+00:00
16622198,THUNDER THUNDER,L,7195,7231,109043530,56172448,2026-09-14 21:25:17.229000+00:00
16622198,THUNDER THUNDER,L,7196,7231,109044240,56191497,2026-09-14 21:29:16.715000+00:00
16622198,THUNDER THUNDER,L,7197,7231,109047745,56172448,2026-09-14 21:41:19.620000+00:00
16622198,THUNDER THUNDER,L,7198,7231,109048476,56191497,2026-09-14 21:45:19.867000+00:00
16622198,THUNDER THUNDER,L,7199,7231,109048519,56191497,2026-09-14 21:45:20.052000+00:00
16622198,THUNDER THUNDER,L,7200,7231,109051898,56172448,2026-09-14 21:57:19.079000+00:00
16622198,THUNDER THUNDER,L,7201,7231,109052718,56191497,2026-09-14 22:01:18.711000+00:00
16622198,THUNDER THUNDER,L,7202,7231,109053272,56191497,2026-09-14 22:05:19.937000+00:00
16622198,THUNDER THUNDER,L,7203,7231,109053312,56191497,2026-09-14 22:05:20.002000+00:00
16622198,THUNDER THUNDER,L,7204,7231,109054158,56191497,2026-09-14 22:09:17.314000+00:00
16622198,THUNDER THUNDER,L,7205,7231,109054877,56172448,2026-09-14 22:09:18.654000+00:00
16622198,THUNDER THUNDER,L,7206,7231,109055236,56172448,2026-09-14 22:13:16.561000+00:00
16622198,THUNDER THUNDER,L,7207,7231,109056788,56172448,2026-09-14 22:17:16.899000+00:00
16622198,THUNDER THUNDER,L,7208,7231,109058752,56191497,2026-09-14 22:27:35.207000+00:00
16622198,THUNDER THUNDER,L,7209,7231,109059494,56191497,2026-09-14 22:31:21.328000+00:00
16622198,THUNDER THUNDER,L,7210,7231,109061091,56172448,2026-09-14 22:37:48.997000+00:00
16622198,THUNDER THUNDER,L,7211,7231,109064034,56191497,2026-09-14 22:49:34.519000+00:00
16622198,THUNDER THUNDER,L,7212,7231,109064600,56191497,2026-09-14 22:53:35.695000+00:00
16622198,THUNDER THUNDER,L,7213,7231,109065076,56191497,2026-09-14 22:53:36.307000+00:00
16622198,THUNDER THUNDER,L,7214,7231,109065341,56172448,2026-09-14 22:53:36.781000+00:00
16622198,THUNDER THUNDER,L,7215,7231,109069231,56191497,2026-09-14 23:09:34.104000+00:00
16622198,THUNDER THUNDER,L,7216,7231,109069295,56191497,2026-09-14 23:09:34.187000+00:00
16622198,THUNDER THUNDER,L,7217,7231,109069670,56191497,2026-09-14 23:13:33.500000+00:00
16622198,THUNDER THUNDER,L,7218,7231,109070093,56172448,2026-09-14 23:13:34.100000+00:00
16622198,THUNDER THUNDER,L,7219,7231,109074179,56191497,2026-09-14 23:29:34.425000+00:00
16622198,THUNDER THUNDER,L,7220,7231,109074305,56172448,2026-09-14 23:29:34.606000+00:00
16622198,THUNDER THUNDER,L,7221,7231,109075005,56191497,2026-09-14 23:33:33.845000+00:00
16622198,THUNDER THUNDER,L,7222,7231,109076618,56191497,2026-09-14 23:40:06.661000+00:00
16622198,THUNDER THUNDER,L,7223,7231,109079258,56172448,2026-09-14 23:47:46.879000+00:00
16622198,THUNDER THUNDER,L,7224,7231,109081742,56191497,2026-09-14 23:55:45.822000+00:00
16622198,THUNDER THUNDER,L,7225,7231,109084219,56172448,2026-09-15 00:03:46.784000+00:00
16622198,THUNDER THUNDER,L,7226,7231,109086755,56191497,2026-09-15 00:11:49.369000+00:00
16622198,THUNDER THUNDER,L,7227,7231,109088177,56191497,2026-09-15 00:15:52.025000+00:00
16622198,THUNDER THUNDER,L,7228,7231,109089260,56172448,2026-09-15 00:19:50.995000+00:00
16622198,THUNDER THUNDER,L,7229,7231,109089561,56172448,2026-09-15 00:19:51.606000+00:00
16622198,THUNDER THUNDER,L,7230,7231,109093815,56191497,2026-09-15 00:35:45.882000+00:00
16622198,THUNDER THUNDER,C0,0,395,107943356,56172448,2026-09-11 20:48:21.678000+00:00
16622198,THUNDER THUNDER,C0,1,395,107944350,56172448,2026-09-11 20:52:21.710000+00:00
16622198,THUNDER THUNDER,C0,2,395,107945318,56172448,2026-09-11 20:56:21.746000+00:00
16622198,THUNDER THUNDER,C0,3,395,107946307,56172448,2026-09-11 21:02:31.838000+00:00
16622198,THUNDER THUNDER,C0,4,395,107947294,56172448,2026-09-11 21:06:17.401000+00:00
16622198,THUNDER THUNDER,C0,5,395,107948269,56172448,2026-09-11 21:10:17.160000+00:00
16622198,THUNDER THUNDER,C0,6,395,107949250,56172448,2026-09-11 21:14:17.263000+00:00
16622198,THUNDER THUNDER,C0,7,395,107950234,56172448,2026-09-11 21:18:16.995000+00:00
16622198,THUNDER THUNDER,C0,8,395,107951214,56172448,2026-09-11 21:22:17.650000+00:00
16622198,THUNDER THUNDER,C0,9,395,107952204,56172448,2026-09-11 21:26:17.103000+00:00
16622198,THUNDER THUNDER,C0,10,395,107953201,56172448,2026-09-11 21:30:17.231000+00:00
16622198,THUNDER THUNDER,C0,11,395,107954179,56172448,2026-09-11 21:34:17.010000+00:00
16622198,THUNDER THUNDER,C0,12,395,107954444,56172448,2026-09-11 21:34:17.407000+00:00
16622198,THUNDER THUNDER,C0,13,395,107954654,56172448,2026-09-11 21:34:17.694000+00:00
16622198,THUNDER THUNDER,C0,14,395,107955166,56172448,2026-09-11 21:38:16.596000+00:00
16622198,THUNDER THUNDER,C0,15,395,107955900,56172448,2026-09-11 21:38:17.689000+00:00
16622198,THUNDER THUNDER,C0,16,395,107956152,56172448,2026-09-11 21:42:17.467000+00:00
16622198,THUNDER THUNDER,C0,17,395,107957004,56172448,2026-09-11 21:42:18.802000+00:00
16622198,THUNDER THUNDER,C0,18,395,107957171,56172448,2026-09-11 21:46:17.123000+00:00
16622198,THUNDER THUNDER,C0,19,395,107958040,56172448,2026-09-11 21:46:18.358000+00:00
16622198,THUNDER THUNDER,C0,20,395,107958160,56172448,2026-09-11 21:50:16.621000+00:00
16622198,THUNDER THUNDER,C0,21,395,107959168,56172448,2026-09-11 21:54:16.653000+00:00
16622198,THUNDER THUNDER,C0,22,395,107960169,56172448,2026-09-11 21:58:16.659000+00:00
16622198,THUNDER THUNDER,C0,23,395,107960593,56172448,2026-09-11 21:58:17.254000+00:00
16622198,THUNDER THUNDER,C0,24,395,107961188,56172448,2026-09-11 22:06:54.370000+00:00
16622198,THUNDER THUNDER,C0,25,395,107962181,56172448,2026-09-11 22:10:41.666000+00:00
16622198,THUNDER THUNDER,C0,26,395,107963164,56172448,2026-09-11 22:14:41.803000+00:00
16622198,THUNDER THUNDER,C0,27,395,107964160,56172448,2026-09-11 22:18:41.494000+00:00
16622198,THUNDER THUNDER,C0,28,395,107965158,56172448,2026-09-11 22:22:41.766000+00:00
16622198,THUNDER THUNDER,C0,29,395,107965577,56172448,2026-09-11 22:22:42.417000+00:00
16622198,THUNDER THUNDER,C0,30,395,107966151,56172448,2026-09-11 22:26:41.715000+00:00
16622198,THUNDER THUNDER,C0,31,395,107966911,56172448,2026-09-11 22:26:42.794000+00:00
16622198,THUNDER THUNDER,C0,32,395,107967127,56172448,2026-09-11 22:30:42.693000+00:00
16622198,THUNDER THUNDER,C0,33,395,107968142,56172448,2026-09-11 22:34:47.904000+00:00
16622198,THUNDER THUNDER,C0,34,395,107969144,56172448,2026-09-11 22:38:47.094000+00:00
16622198,THUNDER THUNDER,C0,35,395,107970127,56172448,2026-09-11 22:42:44.163000+00:00
16622198,THUNDER THUNDER,C0,36,395,107970826,56172448,2026-09-11 22:42:45.266000+00:00
16622198,THUNDER THUNDER,C0,37,395,107971179,56172448,2026-09-11 22:46:43.314000+00:00
16622198,THUNDER THUNDER,C0,38,395,107972133,56172448,2026-09-11 22:50:42.469000+00:00
16622198,THUNDER THUNDER,C0,39,395,107973123,56172448,2026-09-11 22:54:43.352000+00:00
16622198,THUNDER THUNDER,C0,40,395,107973287,56172448,2026-09-11 22:54:43.580000+00:00
16622198,THUNDER THUNDER,C0,41,395,107974119,56172448,2026-09-11 22:58:45.696000+00:00
16622198,THUNDER THUNDER,C0,42,395,107975121,56172448,2026-09-11 23:02:42.267000+00:00
16622198,THUNDER THUNDER,C0,43,395,107976128,56172448,2026-09-11 23:06:41.569000+00:00
16622198,THUNDER THUNDER,C0,44,395,107976864,56172448,2026-09-11 23:06:42.715000+00:00
16622198,THUNDER THUNDER,C0,45,395,107977126,56172448,2026-09-11 23:10:47.407000+00:00
16622198,THUNDER THUNDER,C0,46,395,107978115,56172448,2026-09-11 23:14:41.249000+00:00
16622198,THUNDER THUNDER,C0,47,395,107979112,56172448,2026-09-11 23:18:41.331000+00:00
16622198,THUNDER THUNDER,C0,48,395,107980109,56172448,2026-09-11 23:22:42.351000+00:00
16622198,THUNDER THUNDER,C0,49,395,107981079,56172448,2026-09-11 23:26:43.154000+00:00
16858228,doubao,F,0,1630,107099770,56120470,2026-09-09 10:48:33.490000+00:00
16858228,doubao,F,1,1630,107100739,56120470,2026-09-09 10:52:31.702000+00:00
16858228,doubao,F,2,1630,107101663,56120470,2026-09-09 10:56:31.665000+00:00
16858228,doubao,F,3,1630,107102610,56120470,2026-09-09 11:00:34.120000+00:00
16858228,doubao,F,4,1630,107103550,56120470,2026-09-09 11:04:39.124000+00:00
16858228,doubao,F,5,1630,107104501,56120470,2026-09-09 11:08:31.914000+00:00
16858228,doubao,F,6,1630,107105534,56120470,2026-09-09 11:12:33.305000+00:00
16858228,doubao,F,7,1630,107106392,56120470,2026-09-09 11:16:40.464000+00:00
16858228,doubao,F,8,1630,107107350,56120470,2026-09-09 11:20:34.452000+00:00
16858228,doubao,F,9,1630,107108284,56120470,2026-09-09 11:24:37.942000+00:00
16858228,doubao,F,10,1630,107109240,56120470,2026-09-09 11:28:35.262000+00:00
16858228,doubao,F,11,1630,107110260,56120470,2026-09-09 11:32:34.424000+00:00
16858228,doubao,F,12,1630,107111239,56120470,2026-09-09 11:36:34.273000+00:00
16858228,doubao,F,13,1630,107112193,56120470,2026-09-09 11:40:31.389000+00:00
16858228,doubao,F,14,1630,107113214,56120470,2026-09-09 11:44:37.099000+00:00
16858228,doubao,F,15,1630,107114221,56120470,2026-09-09 11:48:32.016000+00:00
16858228,doubao,F,16,1630,107115154,56120470,2026-09-09 11:52:31.624000+00:00
16858228,doubao,F,17,1630,107116133,56120470,2026-09-09 11:56:31.341000+00:00
16858228,doubao,F,18,1630,107117061,56120470,2026-09-09 12:00:31.100000+00:00
16858228,doubao,F,19,1630,107118071,56120470,2026-09-09 12:04:32.520000+00:00
16858228,doubao,F,20,1630,107119051,56120470,2026-09-09 12:08:31.664000+00:00
16858228,doubao,F,21,1630,107120025,56120470,2026-09-09 12:12:32.318000+00:00
16858228,doubao,F,22,1630,107121014,56120470,2026-09-09 12:16:31.073000+00:00
16858228,doubao,F,23,1630,107121969,56120470,2026-09-09 12:20:31.726000+00:00
16858228,doubao,F,24,1630,107122791,56120470,2026-09-09 12:24:33.059000+00:00
16858228,doubao,F,25,1630,107123856,56120470,2026-09-09 12:28:31.788000+00:00
16858228,doubao,F,26,1630,107124876,56120470,2026-09-09 12:32:31.611000+00:00
16858228,doubao,F,27,1630,107125852,56120470,2026-09-09 12:36:35.511000+00:00
16858228,doubao,F,28,1630,107125871,56120470,2026-09-09 12:36:35.530000+00:00
16858228,doubao,F,29,1630,107126833,56120470,2026-09-09 12:40:31.619000+00:00
16858228,doubao,F,30,1630,107127747,56120470,2026-09-09 12:44:32.486000+00:00
16858228,doubao,F,31,1630,107128769,56120470,2026-09-09 12:48:31.661000+00:00
16858228,doubao,F,32,1630,107129735,56120470,2026-09-09 12:52:31.383000+00:00
16858228,doubao,F,33,1630,107130671,56120470,2026-09-09 12:56:31.823000+00:00
16858228,doubao,F,34,1630,107131684,56120470,2026-09-09 13:00:32.712000+00:00
16858228,doubao,F,35,1630,107132653,56120470,2026-09-09 13:04:33.275000+00:00
16858228,doubao,F,36,1630,107133626,56120470,2026-09-09 13:08:35.075000+00:00
16858228,doubao,F,37,1630,107134590,56120470,2026-09-09 13:12:32.415000+00:00
16858228,doubao,F,38,1630,107135545,56120470,2026-09-09 13:16:32.379000+00:00
16858228,doubao,F,39,1630,107136531,56120470,2026-09-09 13:20:34.466000+00:00
16858228,doubao,F,40,1630,107137623,56120470,2026-09-09 13:24:33.489000+00:00
16858228,doubao,F,41,1630,107138488,56120470,2026-09-09 13:28:32.273000+00:00
16858228,doubao,F,42,1630,107139447,56120470,2026-09-09 13:32:31.318000+00:00
16858228,doubao,F,43,1630,107140317,56120470,2026-09-09 13:36:32.895000+00:00
16858228,doubao,F,44,1630,107141394,56120470,2026-09-09 13:40:31.566000+00:00
16858228,doubao,F,45,1630,107142368,56120470,2026-09-09 13:44:34.803000+00:00
16858228,doubao,F,46,1630,107143355,56120470,2026-09-09 13:48:31.592000+00:00
16858228,doubao,F,47,1630,107144365,56120470,2026-09-09 13:52:31.589000+00:00
16858228,doubao,F,48,1630,107144937,56124470,2026-09-09 13:56:30.800000+00:00
16858228,doubao,F,49,1630,107145136,56120470,2026-09-09 13:56:31.251000+00:00
16858228,doubao,Q1,383,1630,107485616,56120470,2026-09-10 13:32:07.279000+00:00
16858228,doubao,Q1,384,1630,107486190,56124470,2026-09-10 13:36:04.995000+00:00
16858228,doubao,Q1,385,1630,107486536,56124470,2026-09-10 13:36:05.475000+00:00
16858228,doubao,Q1,386,1630,107488347,56124470,2026-09-10 13:44:06.031000+00:00
16858228,doubao,Q1,387,1630,107488683,56120470,2026-09-10 13:44:06.524000+00:00
16858228,doubao,Q1,388,1630,107490127,56124470,2026-09-10 13:52:11.684000+00:00
16858228,doubao,Q1,389,1630,107490696,56120470,2026-09-10 13:52:12.582000+00:00
16858228,doubao,Q1,390,1630,107491517,56120470,2026-09-10 13:56:08.289000+00:00
16858228,doubao,Q1,391,1630,107495350,56120470,2026-09-10 14:12:07.717000+00:00
16858228,doubao,Q1,392,1630,107495563,56124470,2026-09-10 14:12:08.128000+00:00
16858228,doubao,Q1,393,1630,107495946,56120470,2026-09-10 14:16:04.501000+00:00
16858228,doubao,Q1,394,1630,107501310,56124470,2026-09-10 14:36:09.478000+00:00
16858228,doubao,Q1,395,1630,107501421,56124470,2026-09-10 14:36:09.609000+00:00
16858228,doubao,Q1,396,1630,107502228,56120470,2026-09-10 14:40:09.583000+00:00
16858228,doubao,Q1,397,1630,107504735,56124470,2026-09-10 14:52:15.587000+00:00
16858228,doubao,Q1,398,1630,107504937,56124470,2026-09-10 14:52:15.871000+00:00
16858228,doubao,Q1,399,1630,107505393,56120470,2026-09-10 14:52:16.591000+00:00
16858228,doubao,Q1,400,1630,107510143,56124470,2026-09-10 15:12:14.998000+00:00
16858228,doubao,Q1,401,1630,107512099,56120470,2026-09-10 15:20:10.937000+00:00
16858228,doubao,Q1,402,1630,107512226,56120470,2026-09-10 15:20:11.113000+00:00
16858228,doubao,Q1,403,1630,107513729,56124470,2026-09-10 15:28:10.385000+00:00
16858228,doubao,Q1,404,1630,107513829,56124470,2026-09-10 15:28:10.533000+00:00
16858228,doubao,Q1,405,1630,107515103,56120470,2026-09-10 15:32:13.893000+00:00
16858228,doubao,Q1,406,1630,107515535,56124470,2026-09-10 15:36:12.113000+00:00
16858228,doubao,Q1,407,1630,107519070,56120470,2026-09-10 15:48:09.719000+00:00
16858228,doubao,Q1,408,1630,107522076,56124470,2026-09-10 16:00:10.381000+00:00
16858228,doubao,Q1,409,1630,107523521,56124470,2026-09-10 16:08:09.712000+00:00
16858228,doubao,Q1,410,1630,107524481,56124470,2026-09-10 16:12:11.379000+00:00
16858228,doubao,Q1,411,1630,107524664,56124470,2026-09-10 16:12:11.692000+00:00
16858228,doubao,Q1,412,1630,107525654,56124470,2026-09-10 16:16:09.522000+00:00
16858228,doubao,Q1,413,1630,107525805,56120470,2026-09-10 16:16:09.773000+00:00
16858228,doubao,Q1,414,1630,107527282,56124470,2026-09-10 16:24:11.213000+00:00
16858228,doubao,Q1,415,1630,107531781,56120470,2026-09-10 16:40:17.698000+00:00
16858228,doubao,Q1,416,1630,107532554,56120470,2026-09-10 16:44:11.143000+00:00
16858228,doubao,Q1,417,1630,107533342,56120470,2026-09-10 16:48:09.617000+00:00
16858228,doubao,Q1,418,1630,107533686,56124470,2026-09-10 16:48:10.083000+00:00
16858228,doubao,Q1,419,1630,107535760,56124470,2026-09-10 16:56:11.807000+00:00
16858228,doubao,Q1,420,1630,107537342,56120470,2026-09-10 17:04:08.424000+00:00
16858228,doubao,Q1,421,1630,107537741,56120470,2026-09-10 17:04:09.031000+00:00
16858228,doubao,Q1,422,1630,107540563,56120470,2026-09-10 17:16:08.930000+00:00
16858228,doubao,Q1,423,1630,107541648,56124470,2026-09-10 17:20:11.165000+00:00
16858228,doubao,Q1,424,1630,107546416,56120470,2026-09-10 17:40:14.712000+00:00
16858228,doubao,Q1,425,1630,107546766,56120470,2026-09-10 17:44:11.639000+00:00
16858228,doubao,Q1,426,1630,107546859,56120470,2026-09-10 17:44:11.772000+00:00
16858228,doubao,Q1,427,1630,107547427,56124470,2026-09-10 17:44:12.620000+00:00
16858228,doubao,Q1,428,1630,107549151,56120470,2026-09-10 17:52:13.133000+00:00
16858228,doubao,Q1,429,1630,107551059,56124470,2026-09-10 18:00:10.969000+00:00
16858228,doubao,Q1,430,1630,107553750,56124470,2026-09-10 18:12:13.207000+00:00
16858228,doubao,Q1,431,1630,107554184,56124470,2026-09-10 18:12:14.017000+00:00
16858228,doubao,Q1,432,1630,107554380,56120470,2026-09-10 18:12:14.506000+00:00
16858228,doubao,Q2,790,1630,108042723,56124470,2026-09-12 03:35:11.371000+00:00
16858228,doubao,Q2,791,1630,108044164,56120470,2026-09-12 03:39:11.668000+00:00
16858228,doubao,Q2,792,1630,108047385,56124470,2026-09-12 03:51:13.165000+00:00
16858228,doubao,Q2,793,1630,108048754,56124470,2026-09-12 03:59:12.547000+00:00
16858228,doubao,Q2,794,1630,108049086,56120470,2026-09-12 03:59:13.062000+00:00
16858228,doubao,Q2,795,1630,108054091,56124470,2026-09-12 04:22:37.309000+00:00
16858228,doubao,Q2,796,1630,108054149,56120470,2026-09-12 04:22:37.387000+00:00
16858228,doubao,Q2,797,1630,108054688,56120470,2026-09-12 04:26:35.978000+00:00
16858228,doubao,Q2,798,1630,108054782,56120470,2026-09-12 04:26:36.100000+00:00
16858228,doubao,Q2,799,1630,108059088,56124470,2026-09-12 04:42:35.753000+00:00
16858228,doubao,Q2,800,1630,108059439,56120470,2026-09-12 04:42:36.300000+00:00
16858228,doubao,Q2,801,1630,108060370,56120470,2026-09-12 04:46:35.875000+00:00
16858228,doubao,Q2,802,1630,108061164,56120470,2026-09-12 04:50:36.674000+00:00
16858228,doubao,Q2,803,1630,108061500,56120470,2026-09-12 04:54:40.656000+00:00
16858228,doubao,Q2,804,1630,108064067,56120470,2026-09-12 05:02:35.923000+00:00
16858228,doubao,Q2,805,1630,108064080,56124470,2026-09-12 05:02:35.977000+00:00
16858228,doubao,Q2,806,1630,108067929,56124470,2026-09-12 05:18:37.372000+00:00
16858228,doubao,Q2,807,1630,108068538,56120470,2026-09-12 05:22:35.091000+00:00
16858228,doubao,Q2,808,1630,108069192,56120470,2026-09-12 05:22:36.099000+00:00
16858228,doubao,Q2,809,1630,108073194,56124470,2026-09-12 05:38:46.376000+00:00
16858228,doubao,Q2,810,1630,108074233,56120470,2026-09-12 05:42:41.145000+00:00
16858228,doubao,Q2,811,1630,108078220,56124470,2026-09-12 05:58:38.713000+00:00
16858228,doubao,Q2,812,1630,108078468,56120470,2026-09-12 06:02:34.421000+00:00
16858228,doubao,Q2,813,1630,108079235,56120470,2026-09-12 06:02:35.635000+00:00
16858228,doubao,Q2,814,1630,108083249,56124470,2026-09-12 06:18:37.491000+00:00
16858228,doubao,Q2,815,1630,108084297,56120470,2026-09-12 06:22:35.131000+00:00
16858228,doubao,Q2,816,1630,108085682,56120470,2026-09-12 06:30:34.631000+00:00
16858228,doubao,Q2,817,1630,108087351,56120470,2026-09-12 06:34:35.877000+00:00
16858228,doubao,Q2,818,1630,108088981,56124470,2026-09-12 06:42:35.664000+00:00
16858228,doubao,Q2,819,1630,108088990,56124470,2026-09-12 06:42:35.677000+00:00
16858228,doubao,Q2,820,1630,108092584,56124470,2026-09-12 06:58:41.392000+00:00
16858228,doubao,Q2,821,1630,108093102,56124470,2026-09-12 06:58:42.205000+00:00
16858228,doubao,Q2,822,1630,108093128,56120470,2026-09-12 06:58:42.230000+00:00
16858228,doubao,Q2,823,1630,108093266,56120470,2026-09-12 06:58:42.481000+00:00
16858228,doubao,Q2,824,1630,108098305,56124470,2026-09-12 07:18:37.699000+00:00
16858228,doubao,Q2,825,1630,108099074,56120470,2026-09-12 07:22:35.502000+00:00
16858228,doubao,Q2,826,1630,108102983,56124470,2026-09-12 07:38:42.163000+00:00
16858228,doubao,Q2,827,1630,108103250,56124470,2026-09-12 07:38:42.607000+00:00
16858228,doubao,Q2,828,1630,108103631,56120470,2026-09-12 07:42:35.923000+00:00
16858228,doubao,Q2,829,1630,108104049,56124470,2026-09-12 07:42:36.616000+00:00
16858228,doubao,Q2,830,1630,108107538,56124470,2026-09-12 07:58:39.191000+00:00
16858228,doubao,Q2,831,1630,108108246,56124470,2026-09-12 07:58:40.372000+00:00
16858228,doubao,Q2,832,1630,108109213,56120470,2026-09-12 08:02:36.288000+00:00
16858228,doubao,Q2,833,1630,108114103,56124470,2026-09-12 08:22:36.918000+00:00
16858228,doubao,Q2,834,1630,108115100,56124470,2026-09-12 08:26:36.023000+00:00
16858228,doubao,Q2,835,1630,108115112,56120470,2026-09-12 08:26:36.039000+00:00
16858228,doubao,Q2,836,1630,108120247,56120470,2026-09-12 08:46:36.010000+00:00
16858228,doubao,Q2,837,1630,108121114,56124470,2026-09-12 08:50:35.581000+00:00
16858228,doubao,Q2,838,1630,108121116,56124470,2026-09-12 08:50:35.589000+00:00
16858228,doubao,Q2,839,1630,108122206,56120470,2026-09-12 08:54:45.174000+00:00
16858228,doubao,Q3,1197,1630,108531809,56202683,2026-09-13 12:02:41.692000+00:00
16858228,doubao,Q3,1198,1630,108531923,56184718,2026-09-13 12:02:41.972000+00:00
16858228,doubao,Q3,1199,1630,108532830,56202683,2026-09-13 12:06:47.177000+00:00
16858228,doubao,Q3,1200,1630,108533147,56184718,2026-09-13 12:06:47.674000+00:00
16858228,doubao,Q3,1201,1630,108533782,56184718,2026-09-13 12:10:46.391000+00:00
16858228,doubao,Q3,1202,1630,108533862,56202683,2026-09-13 12:10:46.514000+00:00
16858228,doubao,Q3,1203,1630,108534900,56202683,2026-09-13 12:14:41.841000+00:00
16858228,doubao,Q3,1204,1630,108535916,56202683,2026-09-13 12:18:43.123000+00:00
16858228,doubao,Q3,1205,1630,108536831,56184718,2026-09-13 12:22:42.634000+00:00
16858228,doubao,Q3,1206,1630,108536950,56202683,2026-09-13 12:22:42.816000+00:00
16858228,doubao,Q3,1207,1630,108537902,56184718,2026-09-13 12:26:41.116000+00:00
16858228,doubao,Q3,1208,1630,108537977,56202683,2026-09-13 12:26:41.224000+00:00
16858228,doubao,Q3,1209,1630,108538996,56202683,2026-09-13 12:30:46.844000+00:00
16858228,doubao,Q3,1210,1630,108540026,56202683,2026-09-13 12:34:42.318000+00:00
16858228,doubao,Q3,1211,1630,108541051,56202683,2026-09-13 12:38:47.221000+00:00
16858228,doubao,Q3,1212,1630,108542073,56202683,2026-09-13 12:42:41.372000+00:00
16858228,doubao,Q3,1213,1630,108543035,56202683,2026-09-13 12:46:43.925000+00:00
16858228,doubao,Q3,1214,1630,108543222,56202683,2026-09-13 12:46:44.205000+00:00
16858228,doubao,Q3,1215,1630,108544299,56184718,2026-09-13 12:50:42.400000+00:00
16858228,doubao,Q3,1216,1630,108545432,56202683,2026-09-13 12:54:42.495000+00:00
16858228,doubao,Q3,1217,1630,108547130,56202683,2026-09-13 13:02:42.384000+00:00
16858228,doubao,Q3,1218,1630,108547532,56184718,2026-09-13 13:02:43.027000+00:00
16858228,doubao,Q3,1219,1630,108547830,56184718,2026-09-13 13:06:41.898000+00:00
16858228,doubao,Q3,1220,1630,108548146,56184718,2026-09-13 13:06:42.500000+00:00
16858228,doubao,Q3,1221,1630,108548547,56184718,2026-09-13 13:06:43.100000+00:00
16858228,doubao,Q3,1222,1630,108552293,56202683,2026-09-13 13:22:40.885000+00:00
16858228,doubao,Q3,1223,1630,108555445,56184718,2026-09-13 13:34:44.521000+00:00
16858228,doubao,Q3,1224,1630,108557110,56184718,2026-09-13 13:42:42.438000+00:00
16858228,doubao,Q3,1225,1630,108558619,56202683,2026-09-13 13:46:42.443000+00:00
16858228,doubao,Q3,1226,1630,108561265,56184718,2026-09-13 13:58:44.875000+00:00
16858228,doubao,Q3,1227,1630,108562451,56202683,2026-09-13 14:02:46.502000+00:00
16858228,doubao,Q3,1228,1630,108567821,56184718,2026-09-13 14:22:42.120000+00:00
16858228,doubao,Q3,1229,1630,108568879,56202683,2026-09-13 14:26:44.215000+00:00
16858228,doubao,Q3,1230,1630,108568959,56202683,2026-09-13 14:26:44.326000+00:00
16858228,doubao,Q3,1231,1630,108570382,56202683,2026-09-13 14:34:43.597000+00:00
16858228,doubao,Q3,1232,1630,108574050,56184718,2026-09-13 14:46:44.396000+00:00
16858228,doubao,Q3,1233,1630,108575607,56184718,2026-09-13 14:54:48.531000+00:00
16858228,doubao,Q3,1234,1630,108577003,56202683,2026-09-13 14:58:48.573000+00:00
16858228,doubao,Q3,1235,1630,108578330,56209609,2026-09-13 15:06:44.684000+00:00
16858228,doubao,Q3,1236,1630,108579362,56209609,2026-09-13 15:10:43.787000+00:00
16858228,doubao,Q3,1237,1630,108580350,56209609,2026-09-13 15:14:45.532000+00:00
16858228,doubao,Q3,1238,1630,108581349,56209609,2026-09-13 15:18:46.635000+00:00
16858228,doubao,Q3,1239,1630,108582346,56209609,2026-09-13 15:22:43.642000+00:00
16858228,doubao,Q3,1240,1630,108583343,56209609,2026-09-13 15:26:43.019000+00:00
16858228,doubao,Q3,1241,1630,108584020,56202683,2026-09-13 15:26:44.101000+00:00
16858228,doubao,Q3,1242,1630,108584355,56209609,2026-09-13 15:30:49.407000+00:00
16858228,doubao,Q3,1243,1630,108585359,56209609,2026-09-13 15:34:44.153000+00:00
16858228,doubao,Q3,1244,1630,108585647,56202683,2026-09-13 15:34:44.678000+00:00
16858228,doubao,Q3,1245,1630,108586376,56209609,2026-09-13 15:38:46.765000+00:00
16858228,doubao,Q3,1246,1630,108586869,56202683,2026-09-13 15:38:47.620000+00:00
16858228,doubao,L,1580,1630,109029851,56202683,2026-09-14 20:33:16.581000+00:00
16858228,doubao,L,1581,1630,109030498,56209609,2026-09-14 20:37:15.128000+00:00
16858228,doubao,L,1582,1630,109032974,56209609,2026-09-14 20:45:16.205000+00:00
16858228,doubao,L,1583,1630,109033480,56202683,2026-09-14 20:49:15.755000+00:00
16858228,doubao,L,1584,1630,109033959,56202683,2026-09-14 20:49:16.024000+00:00
16858228,doubao,L,1585,1630,109034296,56202683,2026-09-14 20:49:16.660000+00:00
16858228,doubao,L,1586,1630,109036088,56209609,2026-09-14 20:57:16.914000+00:00
16858228,doubao,L,1587,1630,109038417,56202683,2026-09-14 21:05:16.419000+00:00
16858228,doubao,L,1588,1630,109038439,56209609,2026-09-14 21:05:16.442000+00:00
16858228,doubao,L,1589,1630,109039428,56202683,2026-09-14 21:09:16.933000+00:00
16858228,doubao,L,1590,1630,109043239,56209609,2026-09-14 21:25:16.788000+00:00
16858228,doubao,L,1591,1630,109043582,56202683,2026-09-14 21:25:17.302000+00:00
16858228,doubao,L,1592,1630,109043998,56202683,2026-09-14 21:29:16.320000+00:00
16858228,doubao,L,1593,1630,109046013,56202683,2026-09-14 21:37:16.343000+00:00
16858228,doubao,L,1594,1630,109047525,56209609,2026-09-14 21:41:19.063000+00:00
16858228,doubao,L,1595,1630,109047554,56209609,2026-09-14 21:41:19.170000+00:00
16858228,doubao,L,1596,1630,109049014,56209609,2026-09-14 21:49:16.442000+00:00
16858228,doubao,L,1597,1630,109050521,56202683,2026-09-14 21:53:18.193000+00:00
16858228,doubao,L,1598,1630,109051729,56209609,2026-09-14 21:57:18.518000+00:00
16858228,doubao,L,1599,1630,109054733,56202683,2026-09-14 22:09:18.415000+00:00
16858228,doubao,L,1600,1630,109055933,56209609,2026-09-14 22:13:17.915000+00:00
16858228,doubao,L,1601,1630,109058974,56202683,2026-09-14 22:27:35.923000+00:00
16858228,doubao,L,1602,1630,109060170,56209609,2026-09-14 22:31:22.441000+00:00
16858228,doubao,L,1603,1630,109060183,56209609,2026-09-14 22:31:22.455000+00:00
16858228,doubao,L,1604,1630,109060491,56202683,2026-09-14 22:37:47.703000+00:00
16858228,doubao,L,1605,1630,109064815,56209609,2026-09-14 22:53:36.006000+00:00
16858228,doubao,L,1606,1630,109064981,56202683,2026-09-14 22:53:36.217000+00:00
16858228,doubao,L,1607,1630,109065020,56202683,2026-09-14 22:53:36.280000+00:00
16858228,doubao,L,1608,1630,109065353,56209609,2026-09-14 22:53:36.795000+00:00
16858228,doubao,L,1609,1630,109065605,56209609,2026-09-14 22:57:34.216000+00:00
16858228,doubao,L,1610,1630,109065674,56209609,2026-09-14 22:57:34.309000+00:00
16858228,doubao,L,1611,1630,109069316,56209609,2026-09-14 23:09:34.201000+00:00
16858228,doubao,L,1612,1630,109069382,56202683,2026-09-14 23:09:34.284000+00:00
16858228,doubao,L,1613,1630,109072339,56209609,2026-09-14 23:21:35.007000+00:00
16858228,doubao,L,1614,1630,109072890,56209609,2026-09-14 23:25:34.401000+00:00
16858228,doubao,L,1615,1630,109073500,56202683,2026-09-14 23:25:35.400000+00:00
16858228,doubao,L,1616,1630,109073912,56209609,2026-09-14 23:29:34.064000+00:00
16858228,doubao,L,1617,1630,109075495,56202683,2026-09-14 23:33:34.567000+00:00
16858228,doubao,L,1618,1630,109077871,56202683,2026-09-14 23:43:52.359000+00:00
16858228,doubao,L,1619,1630,109078553,56202683,2026-09-14 23:47:45.485000+00:00
16858228,doubao,L,1620,1630,109079049,56209609,2026-09-14 23:47:46.384000+00:00
16858228,doubao,L,1621,1630,109082458,56209609,2026-09-14 23:59:51.876000+00:00
16858228,doubao,L,1622,1630,109083546,56202683,2026-09-15 00:03:45.401000+00:00
16858228,doubao,L,1623,1630,109083906,56202683,2026-09-15 00:03:46.175000+00:00
16858228,doubao,L,1624,1630,109084266,56209609,2026-09-15 00:03:46.900000+00:00
16858228,doubao,L,1625,1630,109086880,56209609,2026-09-15 00:11:49.569000+00:00
16858228,doubao,L,1626,1630,109089302,56202683,2026-09-15 00:19:51.084000+00:00
16858228,doubao,L,1627,1630,109092799,56209609,2026-09-15 00:31:47.013000+00:00
16858228,doubao,L,1628,1630,109094187,56202683,2026-09-15 00:35:46.610000+00:00
16858228,doubao,L,1629,1630,109094793,56202683,2026-09-15 00:39:50.751000+00:00
16858228,doubao,C0,0,226,108578330,56209609,2026-09-13 15:06:44.684000+00:00
16858228,doubao,C0,1,226,108579362,56209609,2026-09-13 15:10:43.787000+00:00
16858228,doubao,C0,2,226,108580350,56209609,2026-09-13 15:14:45.532000+00:00
16858228,doubao,C0,3,226,108581349,56209609,2026-09-13 15:18:46.635000+00:00
16858228,doubao,C0,4,226,108582346,56209609,2026-09-13 15:22:43.642000+00:00
16858228,doubao,C0,5,226,108583343,56209609,2026-09-13 15:26:43.019000+00:00
16858228,doubao,C0,6,226,108584355,56209609,2026-09-13 15:30:49.407000+00:00
16858228,doubao,C0,7,226,108585359,56209609,2026-09-13 15:34:44.153000+00:00
16858228,doubao,C0,8,226,108586376,56209609,2026-09-13 15:38:46.765000+00:00
16858228,doubao,C0,9,226,108587397,56209609,2026-09-13 15:42:49.772000+00:00
16858228,doubao,C0,10,226,108588417,56209609,2026-09-13 15:46:48.926000+00:00
16858228,doubao,C0,11,226,108589414,56209609,2026-09-13 15:50:49.721000+00:00
16858228,doubao,C0,12,226,108590433,56209609,2026-09-13 15:54:43.600000+00:00
16858228,doubao,C0,13,226,108591451,56209609,2026-09-13 15:58:46.478000+00:00
16858228,doubao,C0,14,226,108592497,56209609,2026-09-13 16:02:42.864000+00:00
16858228,doubao,C0,15,226,108593448,56209609,2026-09-13 16:02:44.283000+00:00
16858228,doubao,C0,16,226,108593536,56209609,2026-09-13 16:06:43.493000+00:00
16858228,doubao,C0,17,226,108594577,56209609,2026-09-13 16:10:45.193000+00:00
16858228,doubao,C0,18,226,108595639,56209609,2026-09-13 16:14:49.181000+00:00
16858228,doubao,C0,19,226,108596679,56209609,2026-09-13 16:18:47.810000+00:00
16858228,doubao,C0,20,226,108597714,56209609,2026-09-13 16:22:44.720000+00:00
16858228,doubao,C0,21,226,108598746,56209609,2026-09-13 16:26:43.385000+00:00
16858228,doubao,C0,22,226,108599036,56209609,2026-09-13 16:26:43.784000+00:00
16858228,doubao,C0,23,226,108599781,56209609,2026-09-13 16:30:43.712000+00:00
16858228,doubao,C0,24,226,108600182,56209609,2026-09-13 16:30:44.301000+00:00
16858228,doubao,C0,25,226,108600811,56209609,2026-09-13 16:34:46.531000+00:00
16858228,doubao,C0,26,226,108601490,56209609,2026-09-13 16:34:47.624000+00:00
16858228,doubao,C0,27,226,108601862,56209609,2026-09-13 16:38:45.506000+00:00
16858228,doubao,C0,28,226,108602856,56209609,2026-09-13 16:42:47.506000+00:00
16858228,doubao,C0,29,226,108603920,56209609,2026-09-13 16:46:50.338000+00:00
16858228,doubao,C0,30,226,108604946,56209609,2026-09-13 16:50:44.738000+00:00
16858228,doubao,C0,31,226,108605961,56209609,2026-09-13 16:54:47.013000+00:00
16858228,doubao,C0,32,226,108606148,56209609,2026-09-13 16:54:47.386000+00:00
16858228,doubao,C0,33,226,108606982,56209609,2026-09-13 16:58:44.408000+00:00
16858228,doubao,C0,34,226,108608013,56209609,2026-09-13 17:02:42.977000+00:00
16858228,doubao,C0,35,226,108609027,56209609,2026-09-13 17:06:43.706000+00:00
16858228,doubao,C0,36,226,108609258,56209609,2026-09-13 17:06:44.041000+00:00
16858228,doubao,C0,37,226,108610064,56209609,2026-09-13 17:10:46.936000+00:00
16858228,doubao,C0,38,226,108611094,56209609,2026-09-13 17:14:42.333000+00:00
16858228,doubao,C0,39,226,108611507,56209609,2026-09-13 17:14:43.127000+00:00
16858228,doubao,C0,40,226,108612138,56209609,2026-09-13 17:18:43.914000+00:00
16858228,doubao,C0,41,226,108613167,56209609,2026-09-13 17:22:43.704000+00:00
16858228,doubao,C0,42,226,108614117,56209609,2026-09-13 17:26:43.905000+00:00
16858228,doubao,C0,43,226,108614193,56209609,2026-09-13 17:26:44.023000+00:00
16858228,doubao,C0,44,226,108615224,56209609,2026-09-13 17:30:42.708000+00:00
16858228,doubao,C0,45,226,108616240,56209609,2026-09-13 17:34:43.519000+00:00
16858228,doubao,C0,46,226,108617271,56209609,2026-09-13 17:38:45.645000+00:00
16858228,doubao,C0,47,226,108618307,56209609,2026-09-13 17:42:43.377000+00:00
16858228,doubao,C0,48,226,108619328,56209609,2026-09-13 17:46:42.973000+00:00
16858228,doubao,C0,49,226,108620354,56209609,2026-09-13 17:50:46+00:00
16833141,yomogii,F,0,2690,105625548,56021487,2026-09-05 00:13:51.968000+00:00
16833141,yomogii,F,1,2690,105626513,56021487,2026-09-05 00:17:48.305000+00:00
16833141,yomogii,F,2,2690,105627418,56021487,2026-09-05 00:21:52.392000+00:00
16833141,yomogii,F,3,2690,105628371,56021487,2026-09-05 00:25:48.907000+00:00
16833141,yomogii,F,4,2690,105629302,56021487,2026-09-05 00:29:48.803000+00:00
16833141,yomogii,F,5,2690,105630250,56021487,2026-09-05 00:33:49.828000+00:00
16833141,yomogii,F,6,2690,105631191,56021487,2026-09-05 00:38:00.669000+00:00
16833141,yomogii,F,7,2690,105632171,56021487,2026-09-05 00:41:45.921000+00:00
16833141,yomogii,F,8,2690,105633096,56021487,2026-09-05 00:45:39.324000+00:00
16833141,yomogii,F,9,2690,105634058,56021487,2026-09-05 00:49:38.999000+00:00
16833141,yomogii,F,10,2690,105634949,56021487,2026-09-05 00:53:39.097000+00:00
16833141,yomogii,F,11,2690,105635786,56021487,2026-09-05 00:57:39.027000+00:00
16833141,yomogii,F,12,2690,105636791,56021487,2026-09-05 01:01:45.063000+00:00
16833141,yomogii,F,13,2690,105637732,56021487,2026-09-05 01:05:40.897000+00:00
16833141,yomogii,F,14,2690,105638702,56021487,2026-09-05 01:09:40.498000+00:00
16833141,yomogii,F,15,2690,105639601,56021487,2026-09-05 01:13:39.961000+00:00
16833141,yomogii,F,16,2690,105640499,56021487,2026-09-05 01:17:39.393000+00:00
16833141,yomogii,F,17,2690,105641382,56021487,2026-09-05 01:21:42.865000+00:00
16833141,yomogii,F,18,2690,105642334,56021487,2026-09-05 01:25:48.197000+00:00
16833141,yomogii,F,19,2690,105643264,56021487,2026-09-05 01:29:42.683000+00:00
16833141,yomogii,F,20,2690,105644190,56021487,2026-09-05 01:33:40.575000+00:00
16833141,yomogii,F,21,2690,105645084,56021487,2026-09-05 01:37:41.708000+00:00
16833141,yomogii,F,22,2690,105646047,56021487,2026-09-05 01:41:44.675000+00:00
16833141,yomogii,F,23,2690,105647101,56021487,2026-09-05 01:45:40.310000+00:00
16833141,yomogii,F,24,2690,105648064,56021487,2026-09-05 01:49:40.284000+00:00
16833141,yomogii,F,25,2690,105649036,56021487,2026-09-05 01:53:39.979000+00:00
16833141,yomogii,F,26,2690,105649935,56021487,2026-09-05 01:57:39.478000+00:00
16833141,yomogii,F,27,2690,105650820,56021487,2026-09-05 02:01:41.973000+00:00
16833141,yomogii,F,28,2690,105651711,56021487,2026-09-05 02:05:39.862000+00:00
16833141,yomogii,F,29,2690,105652640,56021487,2026-09-05 02:09:40.314000+00:00
16833141,yomogii,F,30,2690,105653601,56021487,2026-09-05 02:13:40.268000+00:00
16833141,yomogii,F,31,2690,105654493,56021487,2026-09-05 02:17:40.893000+00:00
16833141,yomogii,F,32,2690,105655493,56021487,2026-09-05 02:21:44.724000+00:00
16833141,yomogii,F,33,2690,105656412,56021487,2026-09-05 02:25:40.976000+00:00
16833141,yomogii,F,34,2690,105657299,56021487,2026-09-05 02:29:41.567000+00:00
16833141,yomogii,F,35,2690,105658285,56021487,2026-09-05 02:33:42.519000+00:00
16833141,yomogii,F,36,2690,105669019,56023831,2026-09-05 03:21:44.206000+00:00
16833141,yomogii,F,37,2690,105669917,56023831,2026-09-05 03:25:43.009000+00:00
16833141,yomogii,F,38,2690,105670790,56023831,2026-09-05 03:29:39.365000+00:00
16833141,yomogii,F,39,2690,105671669,56023831,2026-09-05 03:33:40.533000+00:00
16833141,yomogii,F,40,2690,105672558,56023831,2026-09-05 03:37:43.770000+00:00
16833141,yomogii,F,41,2690,105673423,56023831,2026-09-05 03:41:44.709000+00:00
16833141,yomogii,F,42,2690,105674408,56023831,2026-09-05 03:45:45.360000+00:00
16833141,yomogii,F,43,2690,105675281,56023831,2026-09-05 03:49:41.427000+00:00
16833141,yomogii,F,44,2690,105676194,56023831,2026-09-05 03:53:39.174000+00:00
16833141,yomogii,F,45,2690,105677085,56023831,2026-09-05 03:57:39.904000+00:00
16833141,yomogii,F,46,2690,105678010,56023831,2026-09-05 04:01:42.122000+00:00
16833141,yomogii,F,47,2690,105678901,56023831,2026-09-05 04:05:39.567000+00:00
16833141,yomogii,F,48,2690,105679513,56021487,2026-09-05 04:05:40.726000+00:00
16833141,yomogii,F,49,2690,105679876,56023831,2026-09-05 04:09:40.390000+00:00
16833141,yomogii,Q1,647,2690,107372266,56135039,2026-09-10 05:47:57.984000+00:00
16833141,yomogii,Q1,648,2690,107372282,56135039,2026-09-10 05:47:58.005000+00:00
16833141,yomogii,Q1,649,2690,107372650,56135039,2026-09-10 05:47:58.491000+00:00
16833141,yomogii,Q1,650,2690,107373276,56135039,2026-09-10 05:52:00.941000+00:00
16833141,yomogii,Q1,651,2690,107374191,56133451,2026-09-10 05:55:58.320000+00:00
16833141,yomogii,Q1,652,2690,107374263,56135039,2026-09-10 05:55:58.419000+00:00
16833141,yomogii,Q1,653,2690,107375251,56135039,2026-09-10 05:59:58.582000+00:00
16833141,yomogii,Q1,654,2690,107376147,56135039,2026-09-10 06:03:58.142000+00:00
16833141,yomogii,Q1,655,2690,107376666,56135039,2026-09-10 06:03:58.793000+00:00
16833141,yomogii,Q1,656,2690,107376910,56135039,2026-09-10 06:07:57.494000+00:00
16833141,yomogii,Q1,657,2690,107377207,56135039,2026-09-10 06:07:57.917000+00:00
16833141,yomogii,Q1,658,2690,107378183,56135039,2026-09-10 06:11:59.997000+00:00
16833141,yomogii,Q1,659,2690,107378885,56135039,2026-09-10 06:15:57.729000+00:00
16833141,yomogii,Q1,660,2690,107379185,56135039,2026-09-10 06:15:58.226000+00:00
16833141,yomogii,Q1,661,2690,107379393,56133451,2026-09-10 06:15:58.496000+00:00
16833141,yomogii,Q1,662,2690,107380147,56135039,2026-09-10 06:19:57.903000+00:00
16833141,yomogii,Q1,663,2690,107380166,56135039,2026-09-10 06:19:57.924000+00:00
16833141,yomogii,Q1,664,2690,107381161,56135039,2026-09-10 06:23:57.889000+00:00
16833141,yomogii,Q1,665,2690,107381188,56133451,2026-09-10 06:23:57.912000+00:00
16833141,yomogii,Q1,666,2690,107381935,56135039,2026-09-10 06:27:57.684000+00:00
16833141,yomogii,Q1,667,2690,107383638,56138909,2026-09-10 06:35:58.309000+00:00
16833141,yomogii,Q1,668,2690,107384645,56138909,2026-09-10 06:39:58.507000+00:00
16833141,yomogii,Q1,669,2690,107385555,56138909,2026-09-10 06:43:59.534000+00:00
16833141,yomogii,Q1,670,2690,107386510,56138909,2026-09-10 06:47:57.797000+00:00
16833141,yomogii,Q1,671,2690,107387194,56135039,2026-09-10 06:47:58.772000+00:00
16833141,yomogii,Q1,672,2690,107387470,56138909,2026-09-10 06:51:59.091000+00:00
16833141,yomogii,Q1,673,2690,107388440,56138909,2026-09-10 06:55:57.316000+00:00
16833141,yomogii,Q1,674,2690,107389407,56138909,2026-09-10 06:59:57.605000+00:00
16833141,yomogii,Q1,675,2690,107389820,56135039,2026-09-10 06:59:58.217000+00:00
16833141,yomogii,Q1,676,2690,107390372,56138909,2026-09-10 07:03:57.966000+00:00
16833141,yomogii,Q1,677,2690,107391331,56138909,2026-09-10 07:07:57.984000+00:00
16833141,yomogii,Q1,678,2690,107392329,56138909,2026-09-10 07:11:59.005000+00:00
16833141,yomogii,Q1,679,2690,107392873,56135039,2026-09-10 07:11:59.918000+00:00
16833141,yomogii,Q1,680,2690,107393253,56138909,2026-09-10 07:15:57.885000+00:00
16833141,yomogii,Q1,681,2690,107394242,56138909,2026-09-10 07:19:57.218000+00:00
16833141,yomogii,Q1,682,2690,107395199,56138909,2026-09-10 07:23:57.351000+00:00
16833141,yomogii,Q1,683,2690,107396176,56138909,2026-09-10 07:28:02.294000+00:00
16833141,yomogii,Q1,684,2690,107396338,56138909,2026-09-10 07:28:02.614000+00:00
16833141,yomogii,Q1,685,2690,107396660,56135039,2026-09-10 07:28:03.027000+00:00
16833141,yomogii,Q1,686,2690,107396690,56135039,2026-09-10 07:28:03.084000+00:00
16833141,yomogii,Q1,687,2690,107397149,56138909,2026-09-10 07:32:04.329000+00:00
16833141,yomogii,Q1,688,2690,107398171,56138909,2026-09-10 07:35:58.491000+00:00
16833141,yomogii,Q1,689,2690,107399153,56138909,2026-09-10 07:39:58.923000+00:00
16833141,yomogii,Q1,690,2690,107400187,56138909,2026-09-10 07:43:58.032000+00:00
16833141,yomogii,Q1,691,2690,107400285,56138909,2026-09-10 07:43:58.201000+00:00
16833141,yomogii,Q1,692,2690,107401179,56138909,2026-09-10 07:47:59.139000+00:00
16833141,yomogii,Q1,693,2690,107402177,56138909,2026-09-10 07:52:00.875000+00:00
16833141,yomogii,Q1,694,2690,107402699,56135039,2026-09-10 07:52:01.532000+00:00
16833141,yomogii,Q1,695,2690,107402722,56135039,2026-09-10 07:52:01.533000+00:00
16833141,yomogii,Q1,696,2690,107403164,56138909,2026-09-10 07:55:57.749000+00:00
16833141,yomogii,Q2,1320,2690,108024759,56176510,2026-09-12 02:23:10.802000+00:00
16833141,yomogii,Q2,1321,2690,108024881,56169950,2026-09-12 02:23:10.975000+00:00
16833141,yomogii,Q2,1322,2690,108025422,56169950,2026-09-12 02:23:11.714000+00:00
16833141,yomogii,Q2,1323,2690,108025742,56176510,2026-09-12 02:27:12.463000+00:00
16833141,yomogii,Q2,1324,2690,108026713,56176510,2026-09-12 02:31:11.357000+00:00
16833141,yomogii,Q2,1325,2690,108027693,56176510,2026-09-12 02:35:15.049000+00:00
16833141,yomogii,Q2,1326,2690,108028689,56176510,2026-09-12 02:39:11.638000+00:00
16833141,yomogii,Q2,1327,2690,108029570,56169950,2026-09-12 02:39:13.083000+00:00
16833141,yomogii,Q2,1328,2690,108029668,56176510,2026-09-12 02:43:11.385000+00:00
16833141,yomogii,Q2,1329,2690,108030636,56176510,2026-09-12 02:47:11.230000+00:00
16833141,yomogii,Q2,1330,2690,108031631,56176510,2026-09-12 02:51:11.550000+00:00
16833141,yomogii,Q2,1331,2690,108032013,56169950,2026-09-12 02:51:12.267000+00:00
16833141,yomogii,Q2,1332,2690,108032618,56176510,2026-09-12 02:55:12.897000+00:00
16833141,yomogii,Q2,1333,2690,108033608,56176510,2026-09-12 02:59:20.724000+00:00
16833141,yomogii,Q2,1334,2690,108034605,56176510,2026-09-12 03:03:28.404000+00:00
16833141,yomogii,Q2,1335,2690,108035585,56176510,2026-09-12 03:07:23.921000+00:00
16833141,yomogii,Q2,1336,2690,108036299,56169950,2026-09-12 03:07:24.972000+00:00
16833141,yomogii,Q2,1337,2690,108036581,56176510,2026-09-12 03:11:17.888000+00:00
16833141,yomogii,Q2,1338,2690,108037581,56176510,2026-09-12 03:15:11.760000+00:00
16833141,yomogii,Q2,1339,2690,108037867,56169950,2026-09-12 03:15:12.214000+00:00
16833141,yomogii,Q2,1340,2690,108038577,56176510,2026-09-12 03:19:14.119000+00:00
16833141,yomogii,Q2,1341,2690,108039563,56176510,2026-09-12 03:23:11.983000+00:00
16833141,yomogii,Q2,1342,2690,108039787,56169950,2026-09-12 03:23:12.195000+00:00
16833141,yomogii,Q2,1343,2690,108040560,56176510,2026-09-12 03:27:12.154000+00:00
16833141,yomogii,Q2,1344,2690,108041568,56176510,2026-09-12 03:31:11.233000+00:00
16833141,yomogii,Q2,1345,2690,108041892,56176510,2026-09-12 03:31:11.693000+00:00
16833141,yomogii,Q2,1346,2690,108042471,56176510,2026-09-12 03:31:12.580000+00:00
16833141,yomogii,Q2,1347,2690,108042594,56176510,2026-09-12 03:35:11.155000+00:00
16833141,yomogii,Q2,1348,2690,108043633,56176510,2026-09-12 03:39:10.794000+00:00
16833141,yomogii,Q2,1349,2690,108044378,56169950,2026-09-12 03:39:12.083000+00:00
16833141,yomogii,Q2,1350,2690,108044621,56176510,2026-09-12 03:43:11.179000+00:00
16833141,yomogii,Q2,1351,2690,108045656,56176510,2026-09-12 03:47:13.484000+00:00
16833141,yomogii,Q2,1352,2690,108046663,56176510,2026-09-12 03:51:11.999000+00:00
16833141,yomogii,Q2,1353,2690,108047665,56176510,2026-09-12 03:55:13.662000+00:00
16833141,yomogii,Q2,1354,2690,108047858,56169950,2026-09-12 03:55:13.952000+00:00
16833141,yomogii,Q2,1355,2690,108048451,56169950,2026-09-12 03:55:14.909000+00:00
16833141,yomogii,Q2,1356,2690,108048682,56176510,2026-09-12 03:59:12.402000+00:00
16833141,yomogii,Q2,1357,2690,108049470,56169950,2026-09-12 03:59:13.584000+00:00
16833141,yomogii,Q2,1358,2690,108049673,56176510,2026-09-12 04:03:11.968000+00:00
16833141,yomogii,Q2,1359,2690,108049903,56169950,2026-09-12 04:03:12.274000+00:00
16833141,yomogii,Q2,1360,2690,108049945,56169950,2026-09-12 04:03:12.357000+00:00
16833141,yomogii,Q2,1361,2690,108050667,56176510,2026-09-12 04:07:13.127000+00:00
16833141,yomogii,Q2,1362,2690,108050859,56176510,2026-09-12 04:07:13.404000+00:00
16833141,yomogii,Q2,1363,2690,108051679,56176510,2026-09-12 04:11:11.572000+00:00
16833141,yomogii,Q2,1364,2690,108051680,56176510,2026-09-12 04:11:11.573000+00:00
16833141,yomogii,Q2,1365,2690,108052316,56169950,2026-09-12 04:11:12.684000+00:00
16833141,yomogii,Q2,1366,2690,108052726,56176510,2026-09-12 04:18:50.017000+00:00
16833141,yomogii,Q2,1367,2690,108053192,56176510,2026-09-12 04:18:50.981000+00:00
16833141,yomogii,Q2,1368,2690,108053278,56169950,2026-09-12 04:18:51.124000+00:00
16833141,yomogii,Q2,1369,2690,108053351,56176510,2026-09-12 04:18:51.315000+00:00
16833141,yomogii,Q3,1993,2690,108500224,56200630,2026-09-13 09:58:41.602000+00:00
16833141,yomogii,Q3,1994,2690,108501243,56200630,2026-09-13 10:02:43.121000+00:00
16833141,yomogii,Q3,1995,2690,108502252,56200630,2026-09-13 10:06:43.734000+00:00
16833141,yomogii,Q3,1996,2690,108503280,56200630,2026-09-13 10:10:41.989000+00:00
16833141,yomogii,Q3,1997,2690,108503470,56200630,2026-09-13 10:10:42.280000+00:00
16833141,yomogii,Q3,1998,2690,108504317,56200630,2026-09-13 10:14:39.224000+00:00
16833141,yomogii,Q3,1999,2690,108504562,56198111,2026-09-13 10:14:39.707000+00:00
16833141,yomogii,Q3,2000,2690,108505296,56198111,2026-09-13 10:18:41.310000+00:00
16833141,yomogii,Q3,2001,2690,108505339,56200630,2026-09-13 10:18:41.387000+00:00
16833141,yomogii,Q3,2002,2690,108506362,56200630,2026-09-13 10:22:39.302000+00:00
16833141,yomogii,Q3,2003,2690,108507274,56198111,2026-09-13 10:26:39.479000+00:00
16833141,yomogii,Q3,2004,2690,108507380,56200630,2026-09-13 10:26:39.617000+00:00
16833141,yomogii,Q3,2005,2690,108508413,56200630,2026-09-13 10:30:45.394000+00:00
16833141,yomogii,Q3,2006,2690,108509376,56200630,2026-09-13 10:34:44.128000+00:00
16833141,yomogii,Q3,2007,2690,108509461,56200630,2026-09-13 10:34:44.292000+00:00
16833141,yomogii,Q3,2008,2690,108510582,56200630,2026-09-13 10:38:42.475000+00:00
16833141,yomogii,Q3,2009,2690,108510746,56198111,2026-09-13 10:38:42.717000+00:00
16833141,yomogii,Q3,2010,2690,108511330,56198111,2026-09-13 10:42:38.811000+00:00
16833141,yomogii,Q3,2011,2690,108511584,56200630,2026-09-13 10:42:39.246000+00:00
16833141,yomogii,Q3,2012,2690,108514418,56200630,2026-09-13 10:54:40.980000+00:00
16833141,yomogii,Q3,2013,2690,108514510,56198111,2026-09-13 10:54:41.097000+00:00
16833141,yomogii,Q3,2014,2690,108515332,56198111,2026-09-13 10:58:47.912000+00:00
16833141,yomogii,Q3,2015,2690,108516562,56200630,2026-09-13 11:02:42.614000+00:00
16833141,yomogii,Q3,2016,2690,108517794,56200630,2026-09-13 11:06:43.440000+00:00
16833141,yomogii,Q3,2017,2690,108518352,56198111,2026-09-13 11:10:42.640000+00:00
16833141,yomogii,Q3,2018,2690,108518779,56200630,2026-09-13 11:10:43.416000+00:00
16833141,yomogii,Q3,2019,2690,108522889,56200630,2026-09-13 11:26:47.814000+00:00
16833141,yomogii,Q3,2020,2690,108524916,56198111,2026-09-13 11:34:40.902000+00:00
16833141,yomogii,Q3,2021,2690,108525544,56198111,2026-09-13 11:38:40.905000+00:00
16833141,yomogii,Q3,2022,2690,108525550,56200630,2026-09-13 11:38:40.912000+00:00
16833141,yomogii,Q3,2023,2690,108526055,56200630,2026-09-13 11:38:41.886000+00:00
16833141,yomogii,Q3,2024,2690,108530157,56198111,2026-09-13 11:54:43.638000+00:00
16833141,yomogii,Q3,2025,2690,108530792,56200630,2026-09-13 11:58:44.735000+00:00
16833141,yomogii,Q3,2026,2690,108532759,56200630,2026-09-13 12:06:47.031000+00:00
16833141,yomogii,Q3,2027,2690,108534751,56198111,2026-09-13 12:14:41.626000+00:00
16833141,yomogii,Q3,2028,2690,108538804,56200630,2026-09-13 12:30:46.547000+00:00
16833141,yomogii,Q3,2029,2690,108539240,56200630,2026-09-13 12:30:47.225000+00:00
16833141,yomogii,Q3,2030,2690,108541264,56198111,2026-09-13 12:38:47.542000+00:00
16833141,yomogii,Q3,2031,2690,108542010,56198111,2026-09-13 12:42:41.279000+00:00
16833141,yomogii,Q3,2032,2690,108542395,56200630,2026-09-13 12:42:41.872000+00:00
16833141,yomogii,Q3,2033,2690,108543300,56198111,2026-09-13 12:46:44.316000+00:00
16833141,yomogii,Q3,2034,2690,108545195,56198111,2026-09-13 12:54:42.176000+00:00
16833141,yomogii,Q3,2035,2690,108548096,56198111,2026-09-13 13:06:42.414000+00:00
16833141,yomogii,Q3,2036,2690,108548542,56200630,2026-09-13 13:06:43.097000+00:00
16833141,yomogii,Q3,2037,2690,108552200,56200630,2026-09-13 13:22:40.724000+00:00
16833141,yomogii,Q3,2038,2690,108553163,56200630,2026-09-13 13:26:44.072000+00:00
16833141,yomogii,Q3,2039,2690,108554495,56198111,2026-09-13 13:30:45.098000+00:00
16833141,yomogii,Q3,2040,2690,108554637,56198111,2026-09-13 13:30:45.307000+00:00
16833141,yomogii,Q3,2041,2690,108557297,56200630,2026-09-13 13:42:42.783000+00:00
16833141,yomogii,Q3,2042,2690,108557712,56198111,2026-09-13 13:42:43.580000+00:00
16833141,yomogii,L,2640,2690,109034147,56231718,2026-09-14 20:49:16.494000+00:00
16833141,yomogii,L,2641,2690,109034054,56235642,2026-09-14 20:49:17.074000+00:00
16833141,yomogii,L,2642,2690,109034796,56235642,2026-09-14 20:53:16.756000+00:00
16833141,yomogii,L,2643,2690,109035826,56235642,2026-09-14 20:57:16.527000+00:00
16833141,yomogii,L,2644,2690,109036856,56235642,2026-09-14 21:01:16.347000+00:00
16833141,yomogii,L,2645,2690,109037326,56231718,2026-09-14 21:01:17.102000+00:00
16833141,yomogii,L,2646,2690,109037878,56235642,2026-09-14 21:05:15.691000+00:00
16833141,yomogii,L,2647,2690,109038913,56235642,2026-09-14 21:09:16.134000+00:00
16833141,yomogii,L,2648,2690,109039958,56235642,2026-09-14 21:13:16.015000+00:00
16833141,yomogii,L,2649,2690,109040985,56235642,2026-09-14 21:17:16.600000+00:00
16833141,yomogii,L,2650,2690,109041567,56231718,2026-09-14 21:17:17.499000+00:00
16833141,yomogii,L,2651,2690,109042024,56235642,2026-09-14 21:21:16.515000+00:00
16833141,yomogii,L,2652,2690,109043057,56235642,2026-09-14 21:25:16.511000+00:00
16833141,yomogii,L,2653,2690,109044090,56235642,2026-09-14 21:29:16.491000+00:00
16833141,yomogii,L,2654,2690,109045114,56235642,2026-09-14 21:33:16.282000+00:00
16833141,yomogii,L,2655,2690,109046322,56231718,2026-09-14 21:37:16.824000+00:00
16833141,yomogii,L,2656,2690,109046372,56235642,2026-09-14 21:37:16.911000+00:00
16833141,yomogii,L,2657,2690,109046686,56231718,2026-09-14 21:37:17.404000+00:00
16833141,yomogii,L,2658,2690,109047161,56235642,2026-09-14 21:41:18.132000+00:00
16833141,yomogii,L,2659,2690,109047372,56235642,2026-09-14 21:41:18.621000+00:00
16833141,yomogii,L,2660,2690,109048408,56231718,2026-09-14 21:45:19.647000+00:00
16833141,yomogii,L,2661,2690,109050634,56235642,2026-09-14 21:53:18.413000+00:00
16833141,yomogii,L,2662,2690,109052642,56231718,2026-09-14 22:01:18.593000+00:00
16833141,yomogii,L,2663,2690,109054837,56235642,2026-09-14 22:09:18.594000+00:00
16833141,yomogii,L,2664,2690,109056832,56231718,2026-09-14 22:17:16.991000+00:00
16833141,yomogii,L,2665,2690,109056963,56231718,2026-09-14 22:17:17.298000+00:00
16833141,yomogii,L,2666,2690,109059067,56235642,2026-09-14 22:27:36.138000+00:00
16833141,yomogii,L,2667,2690,109061738,56231718,2026-09-14 22:41:35.081000+00:00
16833141,yomogii,L,2668,2690,109063827,56235642,2026-09-14 22:49:34.181000+00:00
16833141,yomogii,L,2669,2690,109064635,56231718,2026-09-14 22:53:35.731000+00:00
16833141,yomogii,L,2670,2690,109068118,56235642,2026-09-14 23:05:33.828000+00:00
16833141,yomogii,L,2671,2690,109069216,56231718,2026-09-14 23:09:33.844000+00:00
16833141,yomogii,L,2672,2690,109069140,56235642,2026-09-14 23:09:33.989000+00:00
16833141,yomogii,L,2673,2690,109070735,56231718,2026-09-14 23:17:34.577000+00:00
16833141,yomogii,L,2674,2690,109071527,56235642,2026-09-14 23:17:35.816000+00:00
16833141,yomogii,L,2675,2690,109075222,56231718,2026-09-14 23:33:34.224000+00:00
16833141,yomogii,L,2676,2690,109075451,56235642,2026-09-14 23:33:34.822000+00:00
16833141,yomogii,L,2677,2690,109077587,56231718,2026-09-14 23:43:51.788000+00:00
16833141,yomogii,L,2678,2690,109077611,56231718,2026-09-14 23:43:51.817000+00:00
16833141,yomogii,L,2679,2690,109080172,56231718,2026-09-14 23:51:48.136000+00:00
16833141,yomogii,L,2680,2690,109080736,56235642,2026-09-14 23:51:49.052000+00:00
16833141,yomogii,L,2681,2690,109081281,56231718,2026-09-14 23:55:45.082000+00:00
16833141,yomogii,L,2682,2690,109085582,56235642,2026-09-15 00:07:50.287000+00:00
16833141,yomogii,L,2683,2690,109086271,56231718,2026-09-15 00:11:48.568000+00:00
16833141,yomogii,L,2684,2690,109086572,56231718,2026-09-15 00:11:49.017000+00:00
16833141,yomogii,L,2685,2690,109089292,56235642,2026-09-15 00:19:51.073000+00:00
16833141,yomogii,L,2686,2690,109091817,56231718,2026-09-15 00:27:50.313000+00:00
16833141,yomogii,L,2687,2690,109092804,56231718,2026-09-15 00:31:47.019000+00:00
16833141,yomogii,L,2688,2690,109093617,56235642,2026-09-15 00:35:45.571000+00:00
16833141,yomogii,L,2689,2690,109094179,56235642,2026-09-15 00:35:46.602000+00:00
16833141,yomogii,C0,0,96,108974647,56235642,2026-09-14 16:54:49.683000+00:00
16833141,yomogii,C0,1,96,108975697,56235642,2026-09-14 16:58:51.900000+00:00
16833141,yomogii,C0,2,96,108976683,56235642,2026-09-14 17:02:49.211000+00:00
16833141,yomogii,C0,3,96,108977717,56235642,2026-09-14 17:08:55.249000+00:00
16833141,yomogii,C0,4,96,108978734,56235642,2026-09-14 17:12:41.536000+00:00
16833141,yomogii,C0,5,96,108979750,56235642,2026-09-14 17:16:43.078000+00:00
16833141,yomogii,C0,6,96,108980762,56235642,2026-09-14 17:20:42.235000+00:00
16833141,yomogii,C0,7,96,108981795,56235642,2026-09-14 17:24:41.396000+00:00
16833141,yomogii,C0,8,96,108982799,56235642,2026-09-14 17:28:44.570000+00:00
16833141,yomogii,C0,9,96,108983838,56235642,2026-09-14 17:32:40.658000+00:00
16833141,yomogii,C0,10,96,108984854,56235642,2026-09-14 17:36:41.596000+00:00
16833141,yomogii,C0,11,96,108985887,56235642,2026-09-14 17:40:40.298000+00:00
16833141,yomogii,C0,12,96,108986915,56235642,2026-09-14 17:44:40.595000+00:00
16833141,yomogii,C0,13,96,108987948,56235642,2026-09-14 17:48:41.261000+00:00
16833141,yomogii,C0,14,96,108988985,56235642,2026-09-14 17:52:40.297000+00:00
16833141,yomogii,C0,15,96,108990016,56235642,2026-09-14 17:56:39.989000+00:00
16833141,yomogii,C0,16,96,108990158,56235642,2026-09-14 17:56:40.192000+00:00
16833141,yomogii,C0,17,96,108991055,56235642,2026-09-14 18:00:41.398000+00:00
16833141,yomogii,C0,18,96,108991626,56235642,2026-09-14 18:00:42.678000+00:00
16833141,yomogii,C0,19,96,108992115,56235642,2026-09-14 18:04:40.771000+00:00
16833141,yomogii,C0,20,96,108992138,56235642,2026-09-14 18:04:40.796000+00:00
16833141,yomogii,C0,21,96,108993174,56235642,2026-09-14 18:08:41.080000+00:00
16833141,yomogii,C0,22,96,108993684,56235642,2026-09-14 18:08:41.965000+00:00
16833141,yomogii,C0,23,96,108994222,56235642,2026-09-14 18:12:39.703000+00:00
16833141,yomogii,C0,24,96,108995287,56235642,2026-09-14 18:16:39.938000+00:00
16833141,yomogii,C0,25,96,108996323,56235642,2026-09-14 18:20:43.764000+00:00
16833141,yomogii,C0,26,96,108997339,56235642,2026-09-14 18:24:39.955000+00:00
16833141,yomogii,C0,27,96,108997362,56235642,2026-09-14 18:24:39.983000+00:00
16833141,yomogii,C0,28,96,108998403,56235642,2026-09-14 18:28:41.936000+00:00
16833141,yomogii,C0,29,96,108999451,56235642,2026-09-14 18:32:39.982000+00:00
16833141,yomogii,C0,30,96,109000477,56235642,2026-09-14 18:36:44.937000+00:00
16833141,yomogii,C0,31,96,109001536,56235642,2026-09-14 18:40:40.563000+00:00
16833141,yomogii,C0,32,96,109002561,56235642,2026-09-14 18:44:40.049000+00:00
16833141,yomogii,C0,33,96,109003593,56235642,2026-09-14 18:48:40.571000+00:00
16833141,yomogii,C0,34,96,109004631,56235642,2026-09-14 18:52:40.383000+00:00
16833141,yomogii,C0,35,96,109005673,56235642,2026-09-14 18:56:40.038000+00:00
16833141,yomogii,C0,36,96,109006711,56235642,2026-09-14 19:00:40.831000+00:00
16833141,yomogii,C0,37,96,109007758,56235642,2026-09-14 19:04:40.185000+00:00
16833141,yomogii,C0,38,96,109008804,56235642,2026-09-14 19:08:42.545000+00:00
16833141,yomogii,C0,39,96,109009851,56235642,2026-09-14 19:12:39.988000+00:00
16833141,yomogii,C0,40,96,109010991,56235642,2026-09-14 19:16:40.600000+00:00
16833141,yomogii,C0,41,96,109011920,56235642,2026-09-14 19:20:41.173000+00:00
16833141,yomogii,C0,42,96,109012954,56235642,2026-09-14 19:24:41.399000+00:00
16833141,yomogii,C0,43,96,109013990,56235642,2026-09-14 19:28:41.583000+00:00
16833141,yomogii,C0,44,96,109015027,56235642,2026-09-14 19:32:40.577000+00:00
16833141,yomogii,C0,45,96,109016054,56235642,2026-09-14 19:36:40.289000+00:00
16833141,yomogii,C0,46,96,109016617,56235642,2026-09-14 19:36:41.175000+00:00
16833141,yomogii,C0,47,96,109017095,56235642,2026-09-14 19:40:40.836000+00:00
16833141,yomogii,C0,48,96,109018140,56235642,2026-09-14 19:44:40.734000+00:00
16833141,yomogii,C0,49,96,109019223,56235642,2026-09-14 19:53:29.223000+00:00
16777134,Tom&Jerry,F,0,5368,100314498,55802151,2026-08-26 19:59:15.699000+00:00
16777134,Tom&Jerry,F,1,5368,100316778,55802151,2026-08-26 20:03:18.357000+00:00
16777134,Tom&Jerry,F,2,5368,100319058,55802151,2026-08-26 20:07:16.438000+00:00
16777134,Tom&Jerry,F,3,5368,100321324,55802151,2026-08-26 20:11:13.396000+00:00
16777134,Tom&Jerry,F,4,5368,100323608,55802151,2026-08-26 20:15:16.269000+00:00
16777134,Tom&Jerry,F,5,5368,100325878,55802151,2026-08-26 20:19:14.694000+00:00
16777134,Tom&Jerry,F,6,5368,100328155,55802151,2026-08-26 20:23:14.013000+00:00
16777134,Tom&Jerry,F,7,5368,100330427,55802151,2026-08-26 20:27:17.537000+00:00
16777134,Tom&Jerry,F,8,5368,100332707,55802151,2026-08-26 20:31:16.330000+00:00
16777134,Tom&Jerry,F,9,5368,100334977,55802151,2026-08-26 20:35:13.642000+00:00
16777134,Tom&Jerry,F,10,5368,100337266,55802151,2026-08-26 20:39:13.977000+00:00
16777134,Tom&Jerry,F,11,5368,100339558,55802151,2026-08-26 20:43:13.977000+00:00
16777134,Tom&Jerry,F,12,5368,100341839,55802151,2026-08-26 20:47:16.911000+00:00
16777134,Tom&Jerry,F,13,5368,100344148,55802151,2026-08-26 20:51:14.103000+00:00
16777134,Tom&Jerry,F,14,5368,100346424,55802151,2026-08-26 20:55:14.180000+00:00
16777134,Tom&Jerry,F,15,5368,100348710,55802151,2026-08-26 20:59:23.987000+00:00
16777134,Tom&Jerry,F,16,5368,100350995,55802151,2026-08-26 21:03:14.783000+00:00
16777134,Tom&Jerry,F,17,5368,100353282,55802151,2026-08-26 21:07:19.541000+00:00
16777134,Tom&Jerry,F,18,5368,100355568,55802151,2026-08-26 21:11:14.028000+00:00
16777134,Tom&Jerry,F,19,5368,100357849,55802151,2026-08-26 21:15:14.316000+00:00
16777134,Tom&Jerry,F,20,5368,100360140,55802151,2026-08-26 21:19:14.321000+00:00
16777134,Tom&Jerry,F,21,5368,100362422,55802151,2026-08-26 21:23:14.836000+00:00
16777134,Tom&Jerry,F,22,5368,100364699,55802151,2026-08-26 21:27:20.440000+00:00
16777134,Tom&Jerry,F,23,5368,100366973,55802151,2026-08-26 21:31:15.082000+00:00
16777134,Tom&Jerry,F,24,5368,100369260,55802151,2026-08-26 21:35:16.935000+00:00
16777134,Tom&Jerry,F,25,5368,100371540,55802151,2026-08-26 21:39:15.264000+00:00
16777134,Tom&Jerry,F,26,5368,100373811,55802151,2026-08-26 21:43:13.951000+00:00
16777134,Tom&Jerry,F,27,5368,100376085,55802151,2026-08-26 21:47:15.980000+00:00
16777134,Tom&Jerry,F,28,5368,100378362,55802151,2026-08-26 21:51:15.281000+00:00
16777134,Tom&Jerry,F,29,5368,100380641,55802151,2026-08-26 21:55:14.095000+00:00
16777134,Tom&Jerry,F,30,5368,100382915,55802151,2026-08-26 21:59:13.809000+00:00
16777134,Tom&Jerry,F,31,5368,100385187,55802151,2026-08-26 22:03:15.317000+00:00
16777134,Tom&Jerry,F,32,5368,100387477,55802151,2026-08-26 22:07:15.654000+00:00
16777134,Tom&Jerry,F,33,5368,100389758,55802151,2026-08-26 22:11:13.118000+00:00
16777134,Tom&Jerry,F,34,5368,100392042,55802151,2026-08-26 22:15:16.465000+00:00
16777134,Tom&Jerry,F,35,5368,100394330,55802151,2026-08-26 22:19:17.787000+00:00
16777134,Tom&Jerry,F,36,5368,100396609,55802151,2026-08-26 22:23:15.899000+00:00
16777134,Tom&Jerry,F,37,5368,100398899,55802151,2026-08-26 22:27:17.125000+00:00
16777134,Tom&Jerry,F,38,5368,100401177,55802151,2026-08-26 22:31:15.897000+00:00
16777134,Tom&Jerry,F,39,5368,100403461,55802151,2026-08-26 22:35:16.947000+00:00
16777134,Tom&Jerry,F,40,5368,100405745,55802151,2026-08-26 22:39:18.409000+00:00
16777134,Tom&Jerry,F,41,5368,100408030,55802151,2026-08-26 22:43:17.744000+00:00
16777134,Tom&Jerry,F,42,5368,100410315,55802151,2026-08-26 22:47:20.506000+00:00
16777134,Tom&Jerry,F,43,5368,100412597,55802151,2026-08-26 22:51:18.220000+00:00
16777134,Tom&Jerry,F,44,5368,100414886,55802151,2026-08-26 22:55:17.129000+00:00
16777134,Tom&Jerry,F,45,5368,100417158,55802151,2026-08-26 22:59:18.327000+00:00
16777134,Tom&Jerry,F,46,5368,100417384,55802151,2026-08-26 22:59:18.636000+00:00
16777134,Tom&Jerry,F,47,5368,100419442,55802151,2026-08-26 23:03:20.732000+00:00
16777134,Tom&Jerry,F,48,5368,100421732,55802151,2026-08-26 23:07:23.279000+00:00
16777134,Tom&Jerry,F,49,5368,100424009,55802151,2026-08-26 23:11:21.834000+00:00
16777134,Tom&Jerry,Q1,1317,5368,104758667,55945381,2026-09-02 07:20:41.219000+00:00
16777134,Tom&Jerry,Q1,1318,5368,104759351,55945381,2026-09-02 07:24:40.711000+00:00
16777134,Tom&Jerry,Q1,1319,5368,104759486,55943808,2026-09-02 07:24:40.963000+00:00
16777134,Tom&Jerry,Q1,1320,5368,104761433,55943808,2026-09-02 07:36:40.836000+00:00
16777134,Tom&Jerry,Q1,1321,5368,104761842,55945381,2026-09-02 07:36:41.462000+00:00
16777134,Tom&Jerry,Q1,1322,5368,104762066,55945381,2026-09-02 07:36:41.791000+00:00
16777134,Tom&Jerry,Q1,1323,5368,104762750,55945381,2026-09-02 07:40:40.810000+00:00
16777134,Tom&Jerry,Q1,1324,5368,104762936,55945381,2026-09-02 07:40:41.080000+00:00
16777134,Tom&Jerry,Q1,1325,5368,104763648,55945381,2026-09-02 07:44:41.135000+00:00
16777134,Tom&Jerry,Q1,1326,5368,104764453,55943808,2026-09-02 07:48:43.208000+00:00
16777134,Tom&Jerry,Q1,1327,5368,104766260,55945381,2026-09-02 07:56:41.379000+00:00
16777134,Tom&Jerry,Q1,1328,5368,104766868,55943808,2026-09-02 08:00:43.957000+00:00
16777134,Tom&Jerry,Q1,1329,5368,104767087,55943808,2026-09-02 08:00:44.377000+00:00
16777134,Tom&Jerry,Q1,1330,5368,104768609,55945381,2026-09-02 08:08:43.147000+00:00
16777134,Tom&Jerry,Q1,1331,5368,104770222,55943808,2026-09-02 08:16:41.461000+00:00
16777134,Tom&Jerry,Q1,1332,5368,104771240,55945381,2026-09-02 08:20:41.489000+00:00
16777134,Tom&Jerry,Q1,1333,5368,104772888,55945381,2026-09-02 08:28:42.316000+00:00
16777134,Tom&Jerry,Q1,1334,5368,104772918,55943808,2026-09-02 08:28:42.376000+00:00
16777134,Tom&Jerry,Q1,1335,5368,104776038,55945381,2026-09-02 08:44:40.929000+00:00
16777134,Tom&Jerry,Q1,1336,5368,104776067,55943808,2026-09-02 08:44:40.980000+00:00
16777134,Tom&Jerry,Q1,1337,5368,104776214,55945381,2026-09-02 08:44:41.191000+00:00
16777134,Tom&Jerry,Q1,1338,5368,104777062,55943808,2026-09-02 08:48:45.005000+00:00
16777134,Tom&Jerry,Q1,1339,5368,104779319,55945381,2026-09-02 09:00:47.952000+00:00
16777134,Tom&Jerry,Q1,1340,5368,104779380,55945381,2026-09-02 09:00:48.094000+00:00
16777134,Tom&Jerry,Q1,1341,5368,104779965,55945381,2026-09-02 09:04:56.082000+00:00
16777134,Tom&Jerry,Q1,1342,5368,104780212,55943808,2026-09-02 09:04:56.543000+00:00
16777134,Tom&Jerry,Q1,1343,5368,104782787,55945381,2026-09-02 09:16:46.910000+00:00
16777134,Tom&Jerry,Q1,1344,5368,104782829,55943808,2026-09-02 09:16:46.995000+00:00
16777134,Tom&Jerry,Q1,1345,5368,104785437,55945381,2026-09-02 09:28:46.107000+00:00
16777134,Tom&Jerry,Q1,1346,5368,104786059,55943808,2026-09-02 09:32:45.571000+00:00
16777134,Tom&Jerry,Q1,1347,5368,104787102,55945381,2026-09-02 09:36:41.851000+00:00
16777134,Tom&Jerry,Q1,1348,5368,104788437,55943808,2026-09-02 09:44:41.603000+00:00
16777134,Tom&Jerry,Q1,1349,5368,104788742,55943808,2026-09-02 09:44:42.096000+00:00
16777134,Tom&Jerry,Q1,1350,5368,104788760,55943808,2026-09-02 09:44:42.212000+00:00
16777134,Tom&Jerry,Q1,1351,5368,104790224,55945381,2026-09-02 09:52:41.127000+00:00
16777134,Tom&Jerry,Q1,1352,5368,104790269,55945381,2026-09-02 09:52:41.199000+00:00
16777134,Tom&Jerry,Q1,1353,5368,104791259,55943808,2026-09-02 09:56:41.825000+00:00
16777134,Tom&Jerry,Q1,1354,5368,104792146,55943808,2026-09-02 10:00:41.643000+00:00
16777134,Tom&Jerry,Q1,1355,5368,104792537,55945381,2026-09-02 10:04:41.069000+00:00
16777134,Tom&Jerry,Q1,1356,5368,104792954,55945381,2026-09-02 10:04:41.852000+00:00
16777134,Tom&Jerry,Q1,1357,5368,104794756,55945381,2026-09-02 10:16:46.139000+00:00
16777134,Tom&Jerry,Q1,1358,5368,104795350,55943808,2026-09-02 10:16:47.532000+00:00
16777134,Tom&Jerry,Q1,1359,5368,104797856,55945381,2026-09-02 10:28:42.817000+00:00
16777134,Tom&Jerry,Q1,1360,5368,104797993,55943808,2026-09-02 10:28:43.084000+00:00
16777134,Tom&Jerry,Q1,1361,5368,104801075,55945381,2026-09-02 10:44:42.393000+00:00
16777134,Tom&Jerry,Q1,1362,5368,104801173,55943808,2026-09-02 10:44:42.581000+00:00
16777134,Tom&Jerry,Q1,1363,5368,104803650,55945381,2026-09-02 10:56:41.288000+00:00
16777134,Tom&Jerry,Q1,1364,5368,104803746,55945381,2026-09-02 10:56:41.435000+00:00
16777134,Tom&Jerry,Q1,1365,5368,104803813,55943808,2026-09-02 10:56:41.553000+00:00
16777134,Tom&Jerry,Q1,1366,5368,104805640,55945381,2026-09-02 11:08:40.574000+00:00
16777134,Tom&Jerry,Q2,2659,5368,105986572,56041865,2026-09-06 02:35:14.366000+00:00
16777134,Tom&Jerry,Q2,2660,5368,105987505,56041865,2026-09-06 02:39:14.380000+00:00
16777134,Tom&Jerry,Q2,2661,5368,105987650,56041114,2026-09-06 02:39:14.681000+00:00
16777134,Tom&Jerry,Q2,2662,5368,105988219,56041865,2026-09-06 02:43:16.669000+00:00
16777134,Tom&Jerry,Q2,2663,5368,105988440,56041865,2026-09-06 02:43:17.187000+00:00
16777134,Tom&Jerry,Q2,2664,5368,105988596,56041865,2026-09-06 02:43:17.562000+00:00
16777134,Tom&Jerry,Q2,2665,5368,105989347,56041865,2026-09-06 02:47:14.367000+00:00
16777134,Tom&Jerry,Q2,2666,5368,105989781,56041865,2026-09-06 02:47:15.463000+00:00
16777134,Tom&Jerry,Q2,2667,5368,105990270,56041865,2026-09-06 02:51:17.679000+00:00
16777134,Tom&Jerry,Q2,2668,5368,105990551,56041114,2026-09-06 02:51:18.311000+00:00
16777134,Tom&Jerry,Q2,2669,5368,105991188,56041865,2026-09-06 02:55:14.510000+00:00
16777134,Tom&Jerry,Q2,2670,5368,105991932,56041865,2026-09-06 02:59:33.498000+00:00
16777134,Tom&Jerry,Q2,2671,5368,105992087,56041865,2026-09-06 02:59:33.663000+00:00
16777134,Tom&Jerry,Q2,2672,5368,105992773,56041865,2026-09-06 03:03:28.800000+00:00
16777134,Tom&Jerry,Q2,2673,5368,105992996,56041865,2026-09-06 03:03:29.263000+00:00
16777134,Tom&Jerry,Q2,2674,5368,105993425,56041114,2026-09-06 03:03:30.172000+00:00
16777134,Tom&Jerry,Q2,2675,5368,105994598,56041865,2026-09-06 03:11:13.520000+00:00
16777134,Tom&Jerry,Q2,2676,5368,105994657,56041114,2026-09-06 03:11:13.638000+00:00
16777134,Tom&Jerry,Q2,2677,5368,105995957,56041114,2026-09-06 03:15:14.411000+00:00
16777134,Tom&Jerry,Q2,2678,5368,105997356,56041865,2026-09-06 03:23:16.314000+00:00
16777134,Tom&Jerry,Q2,2679,5368,105997389,56041114,2026-09-06 03:23:16.364000+00:00
16777134,Tom&Jerry,Q2,2680,5368,105997893,56041865,2026-09-06 03:23:17.229000+00:00
16777134,Tom&Jerry,Q2,2681,5368,106000661,56041114,2026-09-06 03:35:14.268000+00:00
16777134,Tom&Jerry,Q2,2682,5368,106000837,56041865,2026-09-06 03:35:14.677000+00:00
16777134,Tom&Jerry,Q2,2683,5368,106002085,56041865,2026-09-06 03:43:16.058000+00:00
16777134,Tom&Jerry,Q2,2684,5368,106002967,56041114,2026-09-06 03:47:13.312000+00:00
16777134,Tom&Jerry,Q2,2685,5368,106003573,56041114,2026-09-06 03:47:14.398000+00:00
16777134,Tom&Jerry,Q2,2686,5368,106004465,56041865,2026-09-06 03:51:44.775000+00:00
16777134,Tom&Jerry,Q2,2687,5368,106006838,56041865,2026-09-06 04:03:46.485000+00:00
16777134,Tom&Jerry,Q2,2688,5368,106007103,56041114,2026-09-06 04:03:46.992000+00:00
16777134,Tom&Jerry,Q2,2689,5368,106007211,56041114,2026-09-06 04:03:47.205000+00:00
16777134,Tom&Jerry,Q2,2690,5368,106009928,56041865,2026-09-06 04:15:44.086000+00:00
16777134,Tom&Jerry,Q2,2691,5368,106009937,56041114,2026-09-06 04:15:44.098000+00:00
16777134,Tom&Jerry,Q2,2692,5368,106013462,56041865,2026-09-06 04:31:43.557000+00:00
16777134,Tom&Jerry,Q2,2693,5368,106013467,56041114,2026-09-06 04:31:43.566000+00:00
16777134,Tom&Jerry,Q2,2694,5368,106013481,56041114,2026-09-06 04:31:43.581000+00:00
16777134,Tom&Jerry,Q2,2695,5368,106015819,56041114,2026-09-06 04:43:45.957000+00:00
16777134,Tom&Jerry,Q2,2696,5368,106016174,56041865,2026-09-06 04:43:46.665000+00:00
16777134,Tom&Jerry,Q2,2697,5368,106017297,56041865,2026-09-06 04:47:43.915000+00:00
16777134,Tom&Jerry,Q2,2698,5368,106019070,56041114,2026-09-06 04:55:43.419000+00:00
16777134,Tom&Jerry,Q2,2699,5368,106020057,56041114,2026-09-06 04:59:44.462000+00:00
16777134,Tom&Jerry,Q2,2700,5368,106020713,56041114,2026-09-06 05:03:47.103000+00:00
16777134,Tom&Jerry,Q2,2701,5368,106020775,56041865,2026-09-06 05:03:47.204000+00:00
16777134,Tom&Jerry,Q2,2702,5368,106020835,56041865,2026-09-06 05:03:47.298000+00:00
16777134,Tom&Jerry,Q2,2703,5368,106020898,56041865,2026-09-06 05:03:47.398000+00:00
16777134,Tom&Jerry,Q2,2704,5368,106022301,56041114,2026-09-06 05:11:42.972000+00:00
16777134,Tom&Jerry,Q2,2705,5368,106023624,56041865,2026-09-06 05:15:44.794000+00:00
16777134,Tom&Jerry,Q2,2706,5368,106025088,56041114,2026-09-06 05:23:48.174000+00:00
16777134,Tom&Jerry,Q2,2707,5368,106025149,56041865,2026-09-06 05:23:48.364000+00:00
16777134,Tom&Jerry,Q2,2708,5368,106025894,56041114,2026-09-06 05:27:45.856000+00:00
16777134,Tom&Jerry,Q3,4001,5368,107536887,56148105,2026-09-10 17:04:07.764000+00:00
16777134,Tom&Jerry,Q3,4002,5368,107536925,56148098,2026-09-10 17:04:07.842000+00:00
16777134,Tom&Jerry,Q3,4003,5368,107537845,56148105,2026-09-10 17:08:08.499000+00:00
16777134,Tom&Jerry,Q3,4004,5368,107537909,56148098,2026-09-10 17:08:08.583000+00:00
16777134,Tom&Jerry,Q3,4005,5368,107538815,56148105,2026-09-10 17:12:11.907000+00:00
16777134,Tom&Jerry,Q3,4006,5368,107538906,56148098,2026-09-10 17:12:12.027000+00:00
16777134,Tom&Jerry,Q3,4007,5368,107539784,56148105,2026-09-10 17:16:07.777000+00:00
16777134,Tom&Jerry,Q3,4008,5368,107539875,56148098,2026-09-10 17:16:07.890000+00:00
16777134,Tom&Jerry,Q3,4009,5368,107540789,56148105,2026-09-10 17:20:09.056000+00:00
16777134,Tom&Jerry,Q3,4010,5368,107540843,56148098,2026-09-10 17:20:09.134000+00:00
16777134,Tom&Jerry,Q3,4011,5368,107540864,56148098,2026-09-10 17:20:09.180000+00:00
16777134,Tom&Jerry,Q3,4012,5368,107541475,56148105,2026-09-10 17:20:10.577000+00:00
16777134,Tom&Jerry,Q3,4013,5368,107541777,56148105,2026-09-10 17:24:12.474000+00:00
16777134,Tom&Jerry,Q3,4014,5368,107541884,56148098,2026-09-10 17:24:12.605000+00:00
16777134,Tom&Jerry,Q3,4015,5368,107542791,56148105,2026-09-10 17:28:11.953000+00:00
16777134,Tom&Jerry,Q3,4016,5368,107542881,56148098,2026-09-10 17:28:12.054000+00:00
16777134,Tom&Jerry,Q3,4017,5368,107543777,56148105,2026-09-10 17:32:17.677000+00:00
16777134,Tom&Jerry,Q3,4018,5368,107543848,56148098,2026-09-10 17:32:17.777000+00:00
16777134,Tom&Jerry,Q3,4019,5368,107544778,56148105,2026-09-10 17:36:15.195000+00:00
16777134,Tom&Jerry,Q3,4020,5368,107544846,56148098,2026-09-10 17:36:15.288000+00:00
16777134,Tom&Jerry,Q3,4021,5368,107545158,56148098,2026-09-10 17:36:15.805000+00:00
16777134,Tom&Jerry,Q3,4022,5368,107545779,56148105,2026-09-10 17:40:13.783000+00:00
16777134,Tom&Jerry,Q3,4023,5368,107545829,56148098,2026-09-10 17:40:13.872000+00:00
16777134,Tom&Jerry,Q3,4024,5368,107546765,56148105,2026-09-10 17:44:11.638000+00:00
16777134,Tom&Jerry,Q3,4025,5368,107546809,56148098,2026-09-10 17:44:11.696000+00:00
16777134,Tom&Jerry,Q3,4026,5368,107547747,56148105,2026-09-10 17:48:12.034000+00:00
16777134,Tom&Jerry,Q3,4027,5368,107547804,56148098,2026-09-10 17:48:12.128000+00:00
16777134,Tom&Jerry,Q3,4028,5368,107548035,56148105,2026-09-10 17:48:12.505000+00:00
16777134,Tom&Jerry,Q3,4029,5368,107548746,56148105,2026-09-10 17:52:12.503000+00:00
16777134,Tom&Jerry,Q3,4030,5368,107548790,56148098,2026-09-10 17:52:12.580000+00:00
16777134,Tom&Jerry,Q3,4031,5368,107549725,56148105,2026-09-10 17:56:09.978000+00:00
16777134,Tom&Jerry,Q3,4032,5368,107549753,56148098,2026-09-10 17:56:10.012000+00:00
16777134,Tom&Jerry,Q3,4033,5368,107550677,56148098,2026-09-10 18:00:10.296000+00:00
16777134,Tom&Jerry,Q3,4034,5368,107550768,56148105,2026-09-10 18:00:10.412000+00:00
16777134,Tom&Jerry,Q3,4035,5368,107551675,56148105,2026-09-10 18:04:10.309000+00:00
16777134,Tom&Jerry,Q3,4036,5368,107551726,56148098,2026-09-10 18:04:10.387000+00:00
16777134,Tom&Jerry,Q3,4037,5368,107552722,56148105,2026-09-10 18:08:10.391000+00:00
16777134,Tom&Jerry,Q3,4038,5368,107552808,56148098,2026-09-10 18:08:10.535000+00:00
16777134,Tom&Jerry,Q3,4039,5368,107553656,56148105,2026-09-10 18:12:13.001000+00:00
16777134,Tom&Jerry,Q3,4040,5368,107553689,56148098,2026-09-10 18:12:13.082000+00:00
16777134,Tom&Jerry,Q3,4041,5368,107554623,56148105,2026-09-10 18:16:11.144000+00:00
16777134,Tom&Jerry,Q3,4042,5368,107554657,56148098,2026-09-10 18:16:11.219000+00:00
16777134,Tom&Jerry,Q3,4043,5368,107554684,56148105,2026-09-10 18:16:11.351000+00:00
16777134,Tom&Jerry,Q3,4044,5368,107555638,56148098,2026-09-10 18:20:09.976000+00:00
16777134,Tom&Jerry,Q3,4045,5368,107555648,56148105,2026-09-10 18:20:09.980000+00:00
16777134,Tom&Jerry,Q3,4046,5368,107556575,56148098,2026-09-10 18:24:09.688000+00:00
16777134,Tom&Jerry,Q3,4047,5368,107556710,56148105,2026-09-10 18:24:09.952000+00:00
16777134,Tom&Jerry,Q3,4048,5368,107557604,56148105,2026-09-10 18:28:09.939000+00:00
16777134,Tom&Jerry,Q3,4049,5368,107557624,56148098,2026-09-10 18:28:09.981000+00:00
16777134,Tom&Jerry,Q3,4050,5368,107558588,56148105,2026-09-10 18:32:14.289000+00:00
16777134,Tom&Jerry,L,5318,5368,109035849,56221757,2026-09-14 20:57:16.581000+00:00
16777134,Tom&Jerry,L,5319,5368,109037293,56221757,2026-09-14 21:01:17.041000+00:00
16777134,Tom&Jerry,L,5320,5368,109037375,56221751,2026-09-14 21:01:17.186000+00:00
16777134,Tom&Jerry,L,5321,5368,109038209,56221751,2026-09-14 21:05:16.131000+00:00
16777134,Tom&Jerry,L,5322,5368,109038467,56221757,2026-09-14 21:05:16.496000+00:00
16777134,Tom&Jerry,L,5323,5368,109039804,56221757,2026-09-14 21:13:15.699000+00:00
16777134,Tom&Jerry,L,5324,5368,109040832,56221757,2026-09-14 21:17:16.387000+00:00
16777134,Tom&Jerry,L,5325,5368,109041534,56221751,2026-09-14 21:17:17.442000+00:00
16777134,Tom&Jerry,L,5326,5368,109043267,56221757,2026-09-14 21:25:16.818000+00:00
16777134,Tom&Jerry,L,5327,5368,109046301,56221751,2026-09-14 21:37:16.800000+00:00
16777134,Tom&Jerry,L,5328,5368,109046318,56221757,2026-09-14 21:37:16.819000+00:00
16777134,Tom&Jerry,L,5329,5368,109047164,56221751,2026-09-14 21:41:18.139000+00:00
16777134,Tom&Jerry,L,5330,5368,109047547,56221757,2026-09-14 21:41:19.151000+00:00
16777134,Tom&Jerry,L,5331,5368,109048191,56221757,2026-09-14 21:45:18.905000+00:00
16777134,Tom&Jerry,L,5332,5368,109048380,56221751,2026-09-14 21:45:19.514000+00:00
16777134,Tom&Jerry,L,5333,5368,109052223,56221751,2026-09-14 22:01:17.837000+00:00
16777134,Tom&Jerry,L,5334,5368,109052576,56221757,2026-09-14 22:01:18.487000+00:00
16777134,Tom&Jerry,L,5335,5368,109052631,56221751,2026-09-14 22:01:18.584000+00:00
16777134,Tom&Jerry,L,5336,5368,109053672,56221751,2026-09-14 22:05:20.637000+00:00
16777134,Tom&Jerry,L,5337,5368,109053898,56221751,2026-09-14 22:05:21.020000+00:00
16777134,Tom&Jerry,L,5338,5368,109056439,56221751,2026-09-14 22:17:16.303000+00:00
16777134,Tom&Jerry,L,5339,5368,109056789,56221757,2026-09-14 22:17:16.903000+00:00
16777134,Tom&Jerry,L,5340,5368,109060941,56221751,2026-09-14 22:37:48.548000+00:00
16777134,Tom&Jerry,L,5341,5368,109061093,56221757,2026-09-14 22:37:48.999000+00:00
16777134,Tom&Jerry,L,5342,5368,109061473,56221751,2026-09-14 22:41:34.631000+00:00
16777134,Tom&Jerry,L,5343,5368,109061497,56221757,2026-09-14 22:41:34.688000+00:00
16777134,Tom&Jerry,L,5344,5368,109061769,56221751,2026-09-14 22:41:35.106000+00:00
16777134,Tom&Jerry,L,5345,5368,109066048,56221757,2026-09-14 22:57:34.811000+00:00
16777134,Tom&Jerry,L,5346,5368,109066103,56221751,2026-09-14 22:57:34.898000+00:00
16777134,Tom&Jerry,L,5347,5368,109067710,56221751,2026-09-14 23:05:33.288000+00:00
16777134,Tom&Jerry,L,5348,5368,109068152,56221757,2026-09-14 23:05:33.887000+00:00
16777134,Tom&Jerry,L,5349,5368,109069376,56221757,2026-09-14 23:09:34.235000+00:00
16777134,Tom&Jerry,L,5350,5368,109072133,56221751,2026-09-14 23:21:34.727000+00:00
16777134,Tom&Jerry,L,5351,5368,109072590,56221757,2026-09-14 23:21:35.431000+00:00
16777134,Tom&Jerry,L,5352,5368,109074266,56221757,2026-09-14 23:29:34.545000+00:00
16777134,Tom&Jerry,L,5353,5368,109076612,56221751,2026-09-14 23:40:06.611000+00:00
16777134,Tom&Jerry,L,5354,5368,109078153,56221751,2026-09-14 23:43:52.964000+00:00
16777134,Tom&Jerry,L,5355,5368,109078176,56221757,2026-09-14 23:43:53.009000+00:00
16777134,Tom&Jerry,L,5356,5368,109080648,56221751,2026-09-14 23:51:48.882000+00:00
16777134,Tom&Jerry,L,5357,5368,109081201,56221751,2026-09-14 23:55:44.974000+00:00
16777134,Tom&Jerry,L,5358,5368,109081829,56221757,2026-09-14 23:55:45.958000+00:00
16777134,Tom&Jerry,L,5359,5368,109083583,56221757,2026-09-15 00:03:45.502000+00:00
16777134,Tom&Jerry,L,5360,5368,109084040,56221757,2026-09-15 00:03:46.400000+00:00
16777134,Tom&Jerry,L,5361,5368,109086555,56221751,2026-09-15 00:11:48.996000+00:00
16777134,Tom&Jerry,L,5362,5368,109089287,56221751,2026-09-15 00:19:51.068000+00:00
16777134,Tom&Jerry,L,5363,5368,109089406,56221757,2026-09-15 00:19:51.291000+00:00
16777134,Tom&Jerry,L,5364,5368,109091333,56221757,2026-09-15 00:27:49.468000+00:00
16777134,Tom&Jerry,L,5365,5368,109091716,56221757,2026-09-15 00:27:50.100000+00:00
16777134,Tom&Jerry,L,5366,5368,109092441,56221751,2026-09-15 00:31:46.368000+00:00
16777134,Tom&Jerry,L,5367,5368,109093560,56221757,2026-09-15 00:35:45.470000+00:00
16777134,Tom&Jerry,C0,0,154,108787558,56221757,2026-09-14 04:46:45.433000+00:00
16777134,Tom&Jerry,C0,1,154,108788564,56221757,2026-09-14 04:50:45.878000+00:00
16777134,Tom&Jerry,C0,2,154,108789575,56221757,2026-09-14 04:54:45.578000+00:00
16777134,Tom&Jerry,C0,3,154,108790580,56221757,2026-09-14 04:58:47.017000+00:00
16777134,Tom&Jerry,C0,4,154,108790591,56221757,2026-09-14 04:58:47.032000+00:00
16777134,Tom&Jerry,C0,5,154,108791587,56221757,2026-09-14 05:02:45.415000+00:00
16777134,Tom&Jerry,C0,6,154,108792612,56221757,2026-09-14 05:06:48.706000+00:00
16777134,Tom&Jerry,C0,7,154,108793605,56221757,2026-09-14 05:10:48.747000+00:00
16777134,Tom&Jerry,C0,8,154,108794618,56221757,2026-09-14 05:14:50.897000+00:00
16777134,Tom&Jerry,C0,9,154,108795635,56221757,2026-09-14 05:18:47.204000+00:00
16777134,Tom&Jerry,C0,10,154,108796654,56221757,2026-09-14 05:22:46.961000+00:00
16777134,Tom&Jerry,C0,11,154,108797685,56221757,2026-09-14 05:26:50.784000+00:00
16777134,Tom&Jerry,C0,12,154,108798700,56221757,2026-09-14 05:30:51.747000+00:00
16777134,Tom&Jerry,C0,13,154,108799615,56221757,2026-09-14 05:30:53.236000+00:00
16777134,Tom&Jerry,C0,14,154,108799730,56221757,2026-09-14 05:34:51.355000+00:00
16777134,Tom&Jerry,C0,15,154,108800454,56221757,2026-09-14 05:34:52.509000+00:00
16777134,Tom&Jerry,C0,16,154,108800773,56221757,2026-09-14 05:38:53.460000+00:00
16777134,Tom&Jerry,C0,17,154,108801866,56221757,2026-09-14 05:42:50.089000+00:00
16777134,Tom&Jerry,C0,18,154,108802868,56221757,2026-09-14 05:46:51.439000+00:00
16777134,Tom&Jerry,C0,19,154,108803057,56221757,2026-09-14 05:46:51.730000+00:00
16777134,Tom&Jerry,C0,20,154,108803978,56221757,2026-09-14 05:50:52.895000+00:00
16777134,Tom&Jerry,C0,21,154,108805002,56221757,2026-09-14 05:54:49.505000+00:00
16777134,Tom&Jerry,C0,22,154,108806031,56221757,2026-09-14 05:58:56.145000+00:00
16777134,Tom&Jerry,C0,23,154,108807074,56221757,2026-09-14 06:02:55.898000+00:00
16777134,Tom&Jerry,C0,24,154,108807350,56221757,2026-09-14 06:02:56.604000+00:00
16777134,Tom&Jerry,C0,25,154,108808109,56221757,2026-09-14 06:06:51.386000+00:00
16777134,Tom&Jerry,C0,26,154,108809150,56221757,2026-09-14 06:10:51.390000+00:00
16777134,Tom&Jerry,C0,27,154,108810184,56221757,2026-09-14 06:14:54.187000+00:00
16777134,Tom&Jerry,C0,28,154,108811234,56221757,2026-09-14 06:18:55.395000+00:00
16777134,Tom&Jerry,C0,29,154,108812277,56221757,2026-09-14 06:22:50.834000+00:00
16777134,Tom&Jerry,C0,30,154,108812343,56221757,2026-09-14 06:22:50.926000+00:00
16777134,Tom&Jerry,C0,31,154,108813288,56221757,2026-09-14 06:26:50.673000+00:00
16777134,Tom&Jerry,C0,32,154,108814321,56221757,2026-09-14 06:30:54.988000+00:00
16777134,Tom&Jerry,C0,33,154,108815449,56221757,2026-09-14 06:34:55.068000+00:00
16777134,Tom&Jerry,C0,34,154,108816380,56221757,2026-09-14 06:38:54.201000+00:00
16777134,Tom&Jerry,C0,35,154,108817425,56221757,2026-09-14 06:42:52.310000+00:00
16777134,Tom&Jerry,C0,36,154,108818448,56221757,2026-09-14 06:46:48.931000+00:00
16777134,Tom&Jerry,C0,37,154,108819482,56221757,2026-09-14 06:50:49.302000+00:00
16777134,Tom&Jerry,C0,38,154,108819618,56221757,2026-09-14 06:50:49.511000+00:00
16777134,Tom&Jerry,C0,39,154,108820513,56221757,2026-09-14 06:54:49.009000+00:00
16777134,Tom&Jerry,C0,40,154,108820778,56221757,2026-09-14 06:54:49.524000+00:00
16777134,Tom&Jerry,C0,41,154,108821558,56221757,2026-09-14 06:58:51.928000+00:00
16777134,Tom&Jerry,C0,42,154,108822600,56221757,2026-09-14 07:02:53.593000+00:00
16777134,Tom&Jerry,C0,43,154,108823621,56221757,2026-09-14 07:06:50.634000+00:00
16777134,Tom&Jerry,C0,44,154,108824760,56221757,2026-09-14 07:10:50.574000+00:00
16777134,Tom&Jerry,C0,45,154,108824910,56221757,2026-09-14 07:10:50.792000+00:00
16777134,Tom&Jerry,C0,46,154,108825712,56221757,2026-09-14 07:14:49.099000+00:00
16777134,Tom&Jerry,C0,47,154,108826117,56221757,2026-09-14 07:14:49.778000+00:00
16777134,Tom&Jerry,C0,48,154,108826752,56221757,2026-09-14 07:18:52.526000+00:00
16777134,Tom&Jerry,C0,49,154,108827769,56221757,2026-09-14 07:22:49.077000+00:00
16891058,Navier-stokes,C0,0,94,109208388,56248784,2026-09-15 07:35:49.932000+00:00
16891058,Navier-stokes,C0,1,94,109209389,56248784,2026-09-15 07:39:53.708000+00:00
16891058,Navier-stokes,C0,2,94,109210464,56248784,2026-09-15 07:43:51.062000+00:00
16891058,Navier-stokes,C0,3,94,109211497,56248784,2026-09-15 07:47:51.579000+00:00
16891058,Navier-stokes,C0,4,94,109212517,56248784,2026-09-15 07:51:52.871000+00:00
16891058,Navier-stokes,C0,5,94,109213554,56248784,2026-09-15 07:55:50.881000+00:00
16891058,Navier-stokes,C0,6,94,109214592,56248784,2026-09-15 07:59:54.605000+00:00
16891058,Navier-stokes,C0,7,94,109215627,56248784,2026-09-15 08:03:50.505000+00:00
16891058,Navier-stokes,C0,8,94,109216671,56248784,2026-09-15 08:07:50.325000+00:00
16891058,Navier-stokes,C0,9,94,109217718,56248784,2026-09-15 08:11:50.052000+00:00
16891058,Navier-stokes,C0,10,94,109218762,56248784,2026-09-15 08:15:49.467000+00:00
16891058,Navier-stokes,C0,11,94,109218941,56248784,2026-09-15 08:15:49.756000+00:00
16891058,Navier-stokes,C0,12,94,109219790,56248784,2026-09-15 08:19:52.921000+00:00
16891058,Navier-stokes,C0,13,94,109220828,56248784,2026-09-15 08:23:50.352000+00:00
16891058,Navier-stokes,C0,14,94,109221870,56248784,2026-09-15 08:27:50.348000+00:00
16891058,Navier-stokes,C0,15,94,109222902,56248784,2026-09-15 08:31:50.371000+00:00
16891058,Navier-stokes,C0,16,94,109222906,56248784,2026-09-15 08:31:50.372000+00:00
16891058,Navier-stokes,C0,17,94,109223986,56248784,2026-09-15 08:35:49.826000+00:00
16891058,Navier-stokes,C0,18,94,109224225,56248784,2026-09-15 08:35:50.360000+00:00
16891058,Navier-stokes,C0,19,94,109225118,56248784,2026-09-15 08:39:56.180000+00:00
16891058,Navier-stokes,C0,20,94,109226131,56248784,2026-09-15 08:43:50.823000+00:00
16891058,Navier-stokes,C0,21,94,109227206,56248784,2026-09-15 08:47:57.907000+00:00
16891058,Navier-stokes,C0,22,94,109228250,56248784,2026-09-15 08:52:02.472000+00:00
16891058,Navier-stokes,C0,23,94,109229320,56248784,2026-09-15 08:55:57.459000+00:00
16891058,Navier-stokes,C0,24,94,109230377,56248784,2026-09-15 08:59:57.671000+00:00
16891058,Navier-stokes,C0,25,94,109231426,56248784,2026-09-15 09:04:04.793000+00:00
16891058,Navier-stokes,C0,26,94,109232096,56248784,2026-09-15 09:04:06.167000+00:00
16891058,Navier-stokes,C0,27,94,109232476,56248784,2026-09-15 09:08:14.564000+00:00
16891058,Navier-stokes,C0,28,94,109233444,56248784,2026-09-15 09:12:00.110000+00:00
16891058,Navier-stokes,C0,29,94,109234595,56248784,2026-09-15 09:16:02.300000+00:00
16891058,Navier-stokes,C0,30,94,109235653,56248784,2026-09-15 09:20:04.126000+00:00
16891058,Navier-stokes,C0,31,94,109236747,56248784,2026-09-15 09:23:53.573000+00:00
16891058,Navier-stokes,C0,32,94,109237304,56248784,2026-09-15 09:23:54.782000+00:00
16891058,Navier-stokes,C0,33,94,109237762,56248784,2026-09-15 09:28:04.606000+00:00
16891058,Navier-stokes,C0,34,94,109238837,56248784,2026-09-15 09:31:52.468000+00:00
16891058,Navier-stokes,C0,35,94,109239882,56248784,2026-09-15 09:35:52.275000+00:00
16891058,Navier-stokes,C0,36,94,109241128,56248784,2026-09-15 09:39:54.255000+00:00
16891058,Navier-stokes,C0,37,94,109241991,56248784,2026-09-15 09:43:50.668000+00:00
16891058,Navier-stokes,C0,38,94,109243031,56248784,2026-09-15 09:47:52.920000+00:00
16891058,Navier-stokes,C0,39,94,109244107,56248784,2026-09-15 09:51:50.777000+00:00
16891058,Navier-stokes,C0,40,94,109244338,56248784,2026-09-15 09:51:51.230000+00:00
16891058,Navier-stokes,C0,41,94,109245151,56248784,2026-09-15 09:55:51.105000+00:00
16891058,Navier-stokes,C0,42,94,109245165,56248784,2026-09-15 09:55:51.122000+00:00
16891058,Navier-stokes,C0,43,94,109246203,56248784,2026-09-15 09:59:52.658000+00:00
16891058,Navier-stokes,C0,44,94,109247274,56248784,2026-09-15 10:03:50.916000+00:00
16891058,Navier-stokes,C0,45,94,109248321,56248784,2026-09-15 10:07:55.405000+00:00
16891058,Navier-stokes,C0,46,94,109249461,56248784,2026-09-15 10:11:51.776000+00:00
16891058,Navier-stokes,C0,47,94,109249942,56248784,2026-09-15 10:11:52.758000+00:00
16891058,Navier-stokes,C0,48,94,109250505,56248784,2026-09-15 10:15:50.518000+00:00
16891058,Navier-stokes,C0,49,94,109251569,56248784,2026-09-15 10:19:54.668000+00:00
16658554,Pai,C0,0,165,108953971,56234285,2026-09-14 15:34:52.280000+00:00
16658554,Pai,C0,1,165,108955044,56234285,2026-09-14 15:38:54.248000+00:00
16658554,Pai,C0,2,165,108955987,56234285,2026-09-14 15:42:53.895000+00:00
16658554,Pai,C0,3,165,108957020,56234285,2026-09-14 15:46:54.985000+00:00
16658554,Pai,C0,4,165,108958041,56234285,2026-09-14 15:50:56.963000+00:00
16658554,Pai,C0,5,165,108959079,56234285,2026-09-14 15:54:55.291000+00:00
16658554,Pai,C0,6,165,108960077,56234285,2026-09-14 15:58:56.737000+00:00
16658554,Pai,C0,7,165,108960778,56234285,2026-09-14 15:58:57.740000+00:00
16658554,Pai,C0,8,165,108961141,56234285,2026-09-14 16:02:56.787000+00:00
16658554,Pai,C0,9,165,108962131,56234285,2026-09-14 16:06:51.714000+00:00
16658554,Pai,C0,10,165,108963174,56234285,2026-09-14 16:10:52.307000+00:00
16658554,Pai,C0,11,165,108964216,56234285,2026-09-14 16:14:48.875000+00:00
16658554,Pai,C0,12,165,108965219,56234285,2026-09-14 16:18:55.387000+00:00
16658554,Pai,C0,13,165,108966247,56234285,2026-09-14 16:22:53.890000+00:00
16658554,Pai,C0,14,165,108967280,56234285,2026-09-14 16:26:57.582000+00:00
16658554,Pai,C0,15,165,108968313,56234285,2026-09-14 16:30:49.319000+00:00
16658554,Pai,C0,16,165,108969399,56234285,2026-09-14 16:34:50.029000+00:00
16658554,Pai,C0,17,165,108970328,56234285,2026-09-14 16:34:51.802000+00:00
16658554,Pai,C0,18,165,108970452,56234285,2026-09-14 16:38:54.372000+00:00
16658554,Pai,C0,19,165,108971536,56234285,2026-09-14 16:42:52.812000+00:00
16658554,Pai,C0,20,165,108972572,56234285,2026-09-14 16:46:49.483000+00:00
16658554,Pai,C0,21,165,108973613,56234285,2026-09-14 16:50:50.207000+00:00
16658554,Pai,C0,22,165,108974675,56234285,2026-09-14 16:54:49.725000+00:00
16658554,Pai,C0,23,165,108975700,56234285,2026-09-14 16:58:52.001000+00:00
16658554,Pai,C0,24,165,108977237,56234285,2026-09-14 17:02:49.662000+00:00
16658554,Pai,C0,25,165,108977808,56234285,2026-09-14 17:08:55.537000+00:00
16658554,Pai,C0,26,165,108978848,56234285,2026-09-14 17:12:41.744000+00:00
16658554,Pai,C0,27,165,108979885,56234285,2026-09-14 17:16:43.332000+00:00
16658554,Pai,C0,28,165,108980921,56234285,2026-09-14 17:20:42.563000+00:00
16658554,Pai,C0,29,165,108981951,56234285,2026-09-14 17:24:41.669000+00:00
16658554,Pai,C0,30,165,108982981,56234285,2026-09-14 17:28:44.859000+00:00
16658554,Pai,C0,31,165,108983366,56234285,2026-09-14 17:28:45.544000+00:00
16658554,Pai,C0,32,165,108984018,56234285,2026-09-14 17:32:40.942000+00:00
16658554,Pai,C0,33,165,108985060,56234285,2026-09-14 17:36:41.974000+00:00
16658554,Pai,C0,34,165,108986102,56234285,2026-09-14 17:40:40.575000+00:00
16658554,Pai,C0,35,165,108987126,56234285,2026-09-14 17:44:40.958000+00:00
16658554,Pai,C0,36,165,108988178,56234285,2026-09-14 17:48:41.752000+00:00
16658554,Pai,C0,37,165,108989273,56234285,2026-09-14 17:52:40.848000+00:00
16658554,Pai,C0,38,165,108989568,56234285,2026-09-14 17:52:41.356000+00:00
16658554,Pai,C0,39,165,108990272,56234285,2026-09-14 17:56:40.377000+00:00
16658554,Pai,C0,40,165,108991325,56234285,2026-09-14 18:00:42.054000+00:00
16658554,Pai,C0,41,165,108992361,56234285,2026-09-14 18:04:41.252000+00:00
16658554,Pai,C0,42,165,108993391,56234285,2026-09-14 18:08:41.469000+00:00
16658554,Pai,C0,43,165,108994436,56234285,2026-09-14 18:12:40.043000+00:00
16658554,Pai,C0,44,165,108995494,56234285,2026-09-14 18:16:40.249000+00:00
16658554,Pai,C0,45,165,108996518,56234285,2026-09-14 18:20:44.055000+00:00
16658554,Pai,C0,46,165,108997559,56234285,2026-09-14 18:24:40.286000+00:00
16658554,Pai,C0,47,165,108998582,56234285,2026-09-14 18:28:42.394000+00:00
16658554,Pai,C0,48,165,108998637,56234285,2026-09-14 18:28:42.538000+00:00
16658554,Pai,C0,49,165,108999644,56234285,2026-09-14 18:32:40.340000+00:00
16622459,Munal Singh,C0,0,207,108801910,56222671,2026-09-14 05:42:50.186000+00:00
16622459,Munal Singh,C0,1,207,108802916,56222671,2026-09-14 05:46:51.505000+00:00
16622459,Munal Singh,C0,2,207,108803897,56222671,2026-09-14 05:50:52.790000+00:00
16622459,Munal Singh,C0,3,207,108804950,56222671,2026-09-14 05:54:49.428000+00:00
16622459,Munal Singh,C0,4,207,108805961,56222671,2026-09-14 05:58:56.072000+00:00
16622459,Munal Singh,C0,5,207,108806972,56222671,2026-09-14 06:02:55.706000+00:00
16622459,Munal Singh,C0,6,207,108807989,56222671,2026-09-14 06:06:51.086000+00:00
16622459,Munal Singh,C0,7,207,108807985,56222671,2026-09-14 06:06:51.096000+00:00
16622459,Munal Singh,C0,8,207,108809006,56222671,2026-09-14 06:10:50.972000+00:00
16622459,Munal Singh,C0,9,207,108810013,56222671,2026-09-14 06:14:53.955000+00:00
16622459,Munal Singh,C0,10,207,108811040,56222671,2026-09-14 06:18:55.107000+00:00
16622459,Munal Singh,C0,11,207,108812057,56222671,2026-09-14 06:22:50.525000+00:00
16622459,Munal Singh,C0,12,207,108813078,56222671,2026-09-14 06:26:50.355000+00:00
16622459,Munal Singh,C0,13,207,108814106,56222671,2026-09-14 06:30:54.529000+00:00
16622459,Munal Singh,C0,14,207,108814961,56222671,2026-09-14 06:30:56.222000+00:00
16622459,Munal Singh,C0,15,207,108815137,56222671,2026-09-14 06:34:54.015000+00:00
16622459,Munal Singh,C0,16,207,108816138,56222671,2026-09-14 06:38:53.822000+00:00
16622459,Munal Singh,C0,17,207,108817161,56222671,2026-09-14 06:42:51.809000+00:00
16622459,Munal Singh,C0,18,207,108818229,56222671,2026-09-14 06:46:48.544000+00:00
16622459,Munal Singh,C0,19,207,108819274,56222671,2026-09-14 06:50:48.987000+00:00
16622459,Munal Singh,C0,20,207,108819426,56222671,2026-09-14 06:50:49.212000+00:00
16622459,Munal Singh,C0,21,207,108820309,56222671,2026-09-14 06:54:48.685000+00:00
16622459,Munal Singh,C0,22,207,108821367,56222671,2026-09-14 06:58:51.630000+00:00
16622459,Munal Singh,C0,23,207,108822412,56222671,2026-09-14 07:02:53.209000+00:00
16622459,Munal Singh,C0,24,207,108823464,56222671,2026-09-14 07:06:50.312000+00:00
16622459,Munal Singh,C0,25,207,108824480,56222671,2026-09-14 07:10:49.974000+00:00
16622459,Munal Singh,C0,26,207,108825539,56222671,2026-09-14 07:14:48.824000+00:00
16622459,Munal Singh,C0,27,207,108826564,56222671,2026-09-14 07:18:52.273000+00:00
16622459,Munal Singh,C0,28,207,108827593,56222671,2026-09-14 07:22:48.799000+00:00
16622459,Munal Singh,C0,29,207,108828636,56222671,2026-09-14 07:26:49.217000+00:00
16622459,Munal Singh,C0,30,207,108829676,56222671,2026-09-14 07:30:49.502000+00:00
16622459,Munal Singh,C0,31,207,108830715,56222671,2026-09-14 07:34:48.910000+00:00
16622459,Munal Singh,C0,32,207,108831741,56222671,2026-09-14 07:38:52.894000+00:00
16622459,Munal Singh,C0,33,207,108832783,56222671,2026-09-14 07:42:49.596000+00:00
16622459,Munal Singh,C0,34,207,108833818,56222671,2026-09-14 07:46:49.507000+00:00
16622459,Munal Singh,C0,35,207,108834849,56222671,2026-09-14 07:50:48.890000+00:00
16622459,Munal Singh,C0,36,207,108835885,56222671,2026-09-14 07:54:48.980000+00:00
16622459,Munal Singh,C0,37,207,108836912,56222671,2026-09-14 07:58:52.808000+00:00
16622459,Munal Singh,C0,38,207,108837946,56222671,2026-09-14 08:02:50.494000+00:00
16622459,Munal Singh,C0,39,207,108838388,56222671,2026-09-14 08:02:51.197000+00:00
16622459,Munal Singh,C0,40,207,108838916,56222671,2026-09-14 08:06:49.015000+00:00
16622459,Munal Singh,C0,41,207,108840031,56222671,2026-09-14 08:10:49.182000+00:00
16622459,Munal Singh,C0,42,207,108841054,56222671,2026-09-14 08:14:50.913000+00:00
16622459,Munal Singh,C0,43,207,108841311,56222671,2026-09-14 08:14:51.315000+00:00
16622459,Munal Singh,C0,44,207,108842086,56222671,2026-09-14 08:19:01.600000+00:00
16622459,Munal Singh,C0,45,207,108843116,56222671,2026-09-14 08:22:49.926000+00:00
16622459,Munal Singh,C0,46,207,108844149,56222671,2026-09-14 08:26:56.999000+00:00
16622459,Munal Singh,C0,47,207,108845172,56222671,2026-09-14 08:30:51.385000+00:00
16622459,Munal Singh,C0,48,207,108846218,56222671,2026-09-14 08:34:50.792000+00:00
16622459,Munal Singh,C0,49,207,108846410,56222671,2026-09-14 08:34:51.077000+00:00
16730761,ElephtAI,F,0,5736,100572154,55808720,2026-08-27 03:35:08.043000+00:00
16730761,ElephtAI,F,1,5736,100574443,55808720,2026-08-27 03:39:07.112000+00:00
16730761,ElephtAI,F,2,5736,100576703,55808720,2026-08-27 03:43:05.179000+00:00
16730761,ElephtAI,F,3,5736,100578973,55808720,2026-08-27 03:47:06.997000+00:00
16730761,ElephtAI,F,4,5736,100581250,55808720,2026-08-27 03:51:07.434000+00:00
16730761,ElephtAI,F,5,5736,100583531,55808720,2026-08-27 03:55:07.064000+00:00
16730761,ElephtAI,F,6,5736,100585805,55808720,2026-08-27 03:59:06.434000+00:00
16730761,ElephtAI,F,7,5736,100588080,55808720,2026-08-27 04:03:04.977000+00:00
16730761,ElephtAI,F,8,5736,100590352,55808720,2026-08-27 04:07:11.301000+00:00
16730761,ElephtAI,F,9,5736,100592624,55808720,2026-08-27 04:11:11.999000+00:00
16730761,ElephtAI,F,10,5736,100592938,55808720,2026-08-27 04:11:12.536000+00:00
16730761,ElephtAI,F,11,5736,100594913,55808720,2026-08-27 04:15:09.712000+00:00
16730761,ElephtAI,F,12,5736,100597193,55808720,2026-08-27 04:19:08.822000+00:00
16730761,ElephtAI,F,13,5736,100599489,55808720,2026-08-27 04:23:09.180000+00:00
16730761,ElephtAI,F,14,5736,100601772,55808720,2026-08-27 04:27:09.158000+00:00
16730761,ElephtAI,F,15,5736,100604056,55808720,2026-08-27 04:31:06.725000+00:00
16730761,ElephtAI,F,16,5736,100606353,55808720,2026-08-27 04:35:07.442000+00:00
16730761,ElephtAI,F,17,5736,100608680,55808720,2026-08-27 04:39:07.643000+00:00
16730761,ElephtAI,F,18,5736,100610948,55808720,2026-08-27 04:43:05.657000+00:00
16730761,ElephtAI,F,19,5736,100613243,55808720,2026-08-27 04:47:08.676000+00:00
16730761,ElephtAI,F,20,5736,100615528,55808720,2026-08-27 04:51:12.651000+00:00
16730761,ElephtAI,F,21,5736,100617815,55808720,2026-08-27 04:55:08.466000+00:00
16730761,ElephtAI,F,22,5736,100620092,55808720,2026-08-27 04:59:05.604000+00:00
16730761,ElephtAI,F,23,5736,100622380,55808720,2026-08-27 05:03:05.725000+00:00
16730761,ElephtAI,F,24,5736,100624655,55808720,2026-08-27 05:07:06.468000+00:00
16730761,ElephtAI,F,25,5736,100626945,55808720,2026-08-27 05:11:07.625000+00:00
16730761,ElephtAI,F,26,5736,100629224,55808720,2026-08-27 05:15:08.179000+00:00
16730761,ElephtAI,F,27,5736,100631500,55808720,2026-08-27 05:19:08.161000+00:00
16730761,ElephtAI,F,28,5736,100633796,55808720,2026-08-27 05:23:05.496000+00:00
16730761,ElephtAI,F,29,5736,100636081,55808720,2026-08-27 05:27:07.175000+00:00
16730761,ElephtAI,F,30,5736,100638360,55808720,2026-08-27 05:31:08.335000+00:00
16730761,ElephtAI,F,31,5736,100640610,55808720,2026-08-27 05:35:09.921000+00:00
16730761,ElephtAI,F,32,5736,100642920,55808720,2026-08-27 05:39:07.468000+00:00
16730761,ElephtAI,F,33,5736,100645209,55808720,2026-08-27 05:43:09.429000+00:00
16730761,ElephtAI,F,34,5736,100647496,55808720,2026-08-27 05:47:10.184000+00:00
16730761,ElephtAI,F,35,5736,100649800,55808720,2026-08-27 05:51:07.720000+00:00
16730761,ElephtAI,F,36,5736,100651956,55811134,2026-08-27 05:55:06.850000+00:00
16730761,ElephtAI,F,37,5736,100652083,55808720,2026-08-27 05:55:07.074000+00:00
16730761,ElephtAI,F,38,5736,100654246,55811134,2026-08-27 05:59:06.305000+00:00
16730761,ElephtAI,F,39,5736,100654369,55808720,2026-08-27 05:59:06.465000+00:00
16730761,ElephtAI,F,40,5736,100656503,55811134,2026-08-27 06:03:05.445000+00:00
16730761,ElephtAI,F,41,5736,100656649,55808720,2026-08-27 06:03:05.645000+00:00
16730761,ElephtAI,F,42,5736,100658782,55811134,2026-08-27 06:07:05.971000+00:00
16730761,ElephtAI,F,43,5736,100658928,55808720,2026-08-27 06:07:06.158000+00:00
16730761,ElephtAI,F,44,5736,100661058,55811134,2026-08-27 06:11:06.753000+00:00
16730761,ElephtAI,F,45,5736,100661220,55808720,2026-08-27 06:11:06.978000+00:00
16730761,ElephtAI,F,46,5736,100663340,55811134,2026-08-27 06:15:06.606000+00:00
16730761,ElephtAI,F,47,5736,100663500,55808720,2026-08-27 06:15:06.864000+00:00
16730761,ElephtAI,F,48,5736,100665619,55811134,2026-08-27 06:19:06.061000+00:00
16730761,ElephtAI,F,49,5736,100665781,55808720,2026-08-27 06:19:06.252000+00:00
16730761,ElephtAI,Q1,1409,5736,104981243,55969083,2026-09-03 01:10:19.083000+00:00
16730761,ElephtAI,Q1,1410,5736,104982117,55969083,2026-09-03 01:14:20.661000+00:00
16730761,ElephtAI,Q1,1411,5736,104982979,55969083,2026-09-03 01:18:20.673000+00:00
16730761,ElephtAI,Q1,1412,5736,104983242,55959271,2026-09-03 01:18:21.140000+00:00
16730761,ElephtAI,Q1,1413,5736,104983809,55969083,2026-09-03 01:22:19.290000+00:00
16730761,ElephtAI,Q1,1414,5736,104983840,55969083,2026-09-03 01:22:19.369000+00:00
16730761,ElephtAI,Q1,1415,5736,104984219,55959271,2026-09-03 01:22:20.058000+00:00
16730761,ElephtAI,Q1,1416,5736,104984638,55959271,2026-09-03 01:26:19.346000+00:00
16730761,ElephtAI,Q1,1417,5736,104984642,55959271,2026-09-03 01:26:19.350000+00:00
16730761,ElephtAI,Q1,1418,5736,104984704,55969083,2026-09-03 01:26:19.446000+00:00
16730761,ElephtAI,Q1,1419,5736,104984737,55969083,2026-09-03 01:26:19.491000+00:00
16730761,ElephtAI,Q1,1420,5736,104985519,55969083,2026-09-03 01:30:19.237000+00:00
16730761,ElephtAI,Q1,1421,5736,104985554,55969083,2026-09-03 01:30:19.274000+00:00
16730761,ElephtAI,Q1,1422,5736,104986391,55969083,2026-09-03 01:34:19.647000+00:00
16730761,ElephtAI,Q1,1423,5736,104986395,55969083,2026-09-03 01:34:19.650000+00:00
16730761,ElephtAI,Q1,1424,5736,104987268,55969083,2026-09-03 01:38:19.450000+00:00
16730761,ElephtAI,Q1,1425,5736,104987565,55959271,2026-09-03 01:38:19.935000+00:00
16730761,ElephtAI,Q1,1426,5736,104987916,55959271,2026-09-03 01:42:18.881000+00:00
16730761,ElephtAI,Q1,1427,5736,104988053,55969083,2026-09-03 01:42:19.097000+00:00
16730761,ElephtAI,Q1,1428,5736,104988122,55969083,2026-09-03 01:42:19.230000+00:00
16730761,ElephtAI,Q1,1429,5736,104988969,55969083,2026-09-03 01:46:19.255000+00:00
16730761,ElephtAI,Q1,1430,5736,104989171,55969083,2026-09-03 01:46:19.577000+00:00
16730761,ElephtAI,Q1,1431,5736,104989832,55969083,2026-09-03 01:50:19.177000+00:00
16730761,ElephtAI,Q1,1432,5736,104990033,55969083,2026-09-03 01:50:19.538000+00:00
16730761,ElephtAI,Q1,1433,5736,104990448,55959271,2026-09-03 01:54:19.660000+00:00
16730761,ElephtAI,Q1,1434,5736,104990705,55969083,2026-09-03 01:54:20.172000+00:00
16730761,ElephtAI,Q1,1435,5736,104990848,55959271,2026-09-03 01:54:20.394000+00:00
16730761,ElephtAI,Q1,1436,5736,104991030,55959271,2026-09-03 01:54:20.739000+00:00
16730761,ElephtAI,Q1,1437,5736,104991551,55969083,2026-09-03 01:58:20.104000+00:00
16730761,ElephtAI,Q1,1438,5736,104992430,55969083,2026-09-03 02:02:19.738000+00:00
16730761,ElephtAI,Q1,1439,5736,104992478,55969083,2026-09-03 02:02:19.839000+00:00
16730761,ElephtAI,Q1,1440,5736,104992770,55959271,2026-09-03 02:02:20.336000+00:00
16730761,ElephtAI,Q1,1441,5736,104993811,55959271,2026-09-03 02:10:18.938000+00:00
16730761,ElephtAI,Q1,1442,5736,104995101,55969083,2026-09-03 02:14:23.666000+00:00
16730761,ElephtAI,Q1,1443,5736,104995943,55959271,2026-09-03 02:18:24.242000+00:00
16730761,ElephtAI,Q1,1444,5736,104995975,55969083,2026-09-03 02:18:24.282000+00:00
16730761,ElephtAI,Q1,1445,5736,104995986,55959271,2026-09-03 02:18:24.332000+00:00
16730761,ElephtAI,Q1,1446,5736,104996617,55959271,2026-09-03 02:22:24.229000+00:00
16730761,ElephtAI,Q1,1447,5736,104996827,55969083,2026-09-03 02:22:24.583000+00:00
16730761,ElephtAI,Q1,1448,5736,104996920,55969083,2026-09-03 02:22:24.791000+00:00
16730761,ElephtAI,Q1,1449,5736,104999084,55969083,2026-09-03 02:34:24.827000+00:00
16730761,ElephtAI,Q1,1450,5736,105000251,55959271,2026-09-03 02:38:24.583000+00:00
16730761,ElephtAI,Q1,1451,5736,105000276,55959271,2026-09-03 02:38:24.648000+00:00
16730761,ElephtAI,Q1,1452,5736,105000542,55959271,2026-09-03 02:42:24.187000+00:00
16730761,ElephtAI,Q1,1453,5736,105000564,55959271,2026-09-03 02:42:24.278000+00:00
16730761,ElephtAI,Q1,1454,5736,105001141,55969083,2026-09-03 02:42:26.011000+00:00
16730761,ElephtAI,Q1,1455,5736,105001551,55959271,2026-09-03 02:46:23.850000+00:00
16730761,ElephtAI,Q1,1456,5736,105004172,55969083,2026-09-03 02:58:33.498000+00:00
16730761,ElephtAI,Q1,1457,5736,105005009,55959271,2026-09-03 03:02:31.241000+00:00
16730761,ElephtAI,Q1,1458,5736,105005472,55959271,2026-09-03 03:02:32.086000+00:00
16730761,ElephtAI,Q2,2843,5736,106173412,56056391,2026-09-06 16:11:50.585000+00:00
16730761,ElephtAI,Q2,2844,5736,106174127,56057188,2026-09-06 16:15:48.682000+00:00
16730761,ElephtAI,Q2,2845,5736,106174325,56056391,2026-09-06 16:15:49.158000+00:00
16730761,ElephtAI,Q2,2846,5736,106175049,56057188,2026-09-06 16:19:49.258000+00:00
16730761,ElephtAI,Q2,2847,5736,106175246,56056391,2026-09-06 16:19:49.583000+00:00
16730761,ElephtAI,Q2,2848,5736,106175964,56057188,2026-09-06 16:23:52.673000+00:00
16730761,ElephtAI,Q2,2849,5736,106176161,56056391,2026-09-06 16:23:53.158000+00:00
16730761,ElephtAI,Q2,2850,5736,106176870,56057188,2026-09-06 16:27:49.088000+00:00
16730761,ElephtAI,Q2,2851,5736,106176883,56057188,2026-09-06 16:27:49.107000+00:00
16730761,ElephtAI,Q2,2852,5736,106177065,56056391,2026-09-06 16:27:49.486000+00:00
16730761,ElephtAI,Q2,2853,5736,106177786,56057188,2026-09-06 16:31:48.914000+00:00
16730761,ElephtAI,Q2,2854,5736,106177983,56056391,2026-09-06 16:31:49.314000+00:00
16730761,ElephtAI,Q2,2855,5736,106178395,56056391,2026-09-06 16:31:50.029000+00:00
16730761,ElephtAI,Q2,2856,5736,106178706,56057188,2026-09-06 16:35:48.368000+00:00
16730761,ElephtAI,Q2,2857,5736,106178891,56056391,2026-09-06 16:35:48.706000+00:00
16730761,ElephtAI,Q2,2858,5736,106179460,56056391,2026-09-06 16:39:48.768000+00:00
16730761,ElephtAI,Q2,2859,5736,106179610,56057188,2026-09-06 16:39:49.118000+00:00
16730761,ElephtAI,Q2,2860,5736,106179801,56056391,2026-09-06 16:39:49.463000+00:00
16730761,ElephtAI,Q2,2861,5736,106180514,56057188,2026-09-06 16:43:52.615000+00:00
16730761,ElephtAI,Q2,2862,5736,106180718,56056391,2026-09-06 16:43:53.074000+00:00
16730761,ElephtAI,Q2,2863,5736,106181250,56057188,2026-09-06 16:47:49.490000+00:00
16730761,ElephtAI,Q2,2864,5736,106181423,56057188,2026-09-06 16:47:50.169000+00:00
16730761,ElephtAI,Q2,2865,5736,106181631,56056391,2026-09-06 16:47:50.721000+00:00
16730761,ElephtAI,Q2,2866,5736,106181792,56056391,2026-09-06 16:47:51.157000+00:00
16730761,ElephtAI,Q2,2867,5736,106181801,56056391,2026-09-06 16:47:51.174000+00:00
16730761,ElephtAI,Q2,2868,5736,106182331,56057188,2026-09-06 16:51:49.391000+00:00
16730761,ElephtAI,Q2,2869,5736,106182531,56056391,2026-09-06 16:51:49.766000+00:00
16730761,ElephtAI,Q2,2870,5736,106183245,56057188,2026-09-06 16:55:49.281000+00:00
16730761,ElephtAI,Q2,2871,5736,106183450,56056391,2026-09-06 16:55:49.730000+00:00
16730761,ElephtAI,Q2,2872,5736,106184160,56057188,2026-09-06 16:59:49.305000+00:00
16730761,ElephtAI,Q2,2873,5736,106184371,56056391,2026-09-06 16:59:49.733000+00:00
16730761,ElephtAI,Q2,2874,5736,106184731,56056391,2026-09-06 16:59:50.495000+00:00
16730761,ElephtAI,Q2,2875,5736,106185079,56057188,2026-09-06 17:03:54.577000+00:00
16730761,ElephtAI,Q2,2876,5736,106185283,56056391,2026-09-06 17:03:55.185000+00:00
16730761,ElephtAI,Q2,2877,5736,106185987,56057188,2026-09-06 17:07:50.379000+00:00
16730761,ElephtAI,Q2,2878,5736,106186195,56056391,2026-09-06 17:07:51.096000+00:00
16730761,ElephtAI,Q2,2879,5736,106186489,56057188,2026-09-06 17:07:52.269000+00:00
16730761,ElephtAI,Q2,2880,5736,106186902,56057188,2026-09-06 17:11:49.406000+00:00
16730761,ElephtAI,Q2,2881,5736,106187113,56056391,2026-09-06 17:11:49.788000+00:00
16730761,ElephtAI,Q2,2882,5736,106187821,56057188,2026-09-06 17:15:49.069000+00:00
16730761,ElephtAI,Q2,2883,5736,106187971,56056391,2026-09-06 17:15:49.289000+00:00
16730761,ElephtAI,Q2,2884,5736,106188032,56056391,2026-09-06 17:15:49.388000+00:00
16730761,ElephtAI,Q2,2885,5736,106188733,56057188,2026-09-06 17:19:49.095000+00:00
16730761,ElephtAI,Q2,2886,5736,106188937,56056391,2026-09-06 17:19:49.401000+00:00
16730761,ElephtAI,Q2,2887,5736,106189657,56057188,2026-09-06 17:23:57.413000+00:00
16730761,ElephtAI,Q2,2888,5736,106190561,56057188,2026-09-06 17:27:49.806000+00:00
16730761,ElephtAI,Q2,2889,5736,106191050,56056391,2026-09-06 17:27:50.576000+00:00
16730761,ElephtAI,Q2,2890,5736,106191481,56057188,2026-09-06 17:31:49.488000+00:00
16730761,ElephtAI,Q2,2891,5736,106192401,56057188,2026-09-06 17:35:50.926000+00:00
16730761,ElephtAI,Q2,2892,5736,106193276,56057188,2026-09-06 17:39:50.804000+00:00
16730761,ElephtAI,Q3,4277,5736,107451303,56137711,2026-09-10 11:12:02.931000+00:00
16730761,ElephtAI,Q3,4278,5736,107453322,56137113,2026-09-10 11:20:02.082000+00:00
16730761,ElephtAI,Q3,4279,5736,107454030,56137113,2026-09-10 11:24:05.003000+00:00
16730761,ElephtAI,Q3,4280,5736,107456523,56137711,2026-09-10 11:32:09.433000+00:00
16730761,ElephtAI,Q3,4281,5736,107457120,56137711,2026-09-10 11:36:12.734000+00:00
16730761,ElephtAI,Q3,4282,5736,107457900,56137711,2026-09-10 11:40:08.494000+00:00
16730761,ElephtAI,Q3,4283,5736,107459403,56137113,2026-09-10 11:44:05.218000+00:00
16730761,ElephtAI,Q3,4284,5736,107460224,56137711,2026-09-10 11:48:07.125000+00:00
16730761,ElephtAI,Q3,4285,5736,107460252,56137113,2026-09-10 11:48:07.194000+00:00
16730761,ElephtAI,Q3,4286,5736,107463129,56137711,2026-09-10 12:00:04.281000+00:00
16730761,ElephtAI,Q3,4287,5736,107465138,56137711,2026-09-10 12:08:04.390000+00:00
16730761,ElephtAI,Q3,4288,5736,107466031,56137113,2026-09-10 12:12:07.287000+00:00
16730761,ElephtAI,Q3,4289,5736,107470172,56137711,2026-09-10 12:28:06.696000+00:00
16730761,ElephtAI,Q3,4290,5736,107471096,56137113,2026-09-10 12:32:06.331000+00:00
16730761,ElephtAI,Q3,4291,5736,107473715,56137711,2026-09-10 12:44:06.214000+00:00
16730761,ElephtAI,Q3,4292,5736,107475817,56137113,2026-09-10 12:52:06.595000+00:00
16730761,ElephtAI,Q3,4293,5736,107478968,56137711,2026-09-10 13:04:04.624000+00:00
16730761,ElephtAI,Q3,4294,5736,107480316,56137711,2026-09-10 13:12:04.907000+00:00
16730761,ElephtAI,Q3,4295,5736,107480912,56137113,2026-09-10 13:12:05.975000+00:00
16730761,ElephtAI,Q3,4296,5736,107483338,56137113,2026-09-10 13:24:05.203000+00:00
16730761,ElephtAI,Q3,4297,5736,107484395,56137711,2026-09-10 13:28:05.572000+00:00
16730761,ElephtAI,Q3,4298,5736,107488674,56137113,2026-09-10 13:44:06.505000+00:00
16730761,ElephtAI,Q3,4299,5736,107489667,56137711,2026-09-10 13:48:03.981000+00:00
16730761,ElephtAI,Q3,4300,5736,107490673,56137711,2026-09-10 13:52:12.536000+00:00
16730761,ElephtAI,Q3,4301,5736,107491211,56137711,2026-09-10 13:56:07.809000+00:00
16730761,ElephtAI,Q3,4302,5736,107493914,56137113,2026-09-10 14:08:03.531000+00:00
16730761,ElephtAI,Q3,4303,5736,107494352,56137113,2026-09-10 14:08:04.279000+00:00
16730761,ElephtAI,Q3,4304,5736,107495382,56137711,2026-09-10 14:12:07.803000+00:00
16730761,ElephtAI,Q3,4305,5736,107496193,56137711,2026-09-10 14:16:04.922000+00:00
16730761,ElephtAI,Q3,4306,5736,107497569,56137113,2026-09-10 14:20:08.061000+00:00
16730761,ElephtAI,Q3,4307,5736,107500322,56137711,2026-09-10 14:32:16.318000+00:00
16730761,ElephtAI,Q3,4308,5736,107501109,56137113,2026-09-10 14:36:09.070000+00:00
16730761,ElephtAI,Q3,4309,5736,107502280,56137113,2026-09-10 14:40:09.641000+00:00
16730761,ElephtAI,Q3,4310,5736,107505272,56137711,2026-09-10 14:52:16.424000+00:00
16730761,ElephtAI,Q3,4311,5736,107507362,56137113,2026-09-10 15:00:09.586000+00:00
16730761,ElephtAI,Q3,4312,5736,107509160,56137113,2026-09-10 15:08:09.801000+00:00
16730761,ElephtAI,Q3,4313,5736,107509161,56137113,2026-09-10 15:08:09.802000+00:00
16730761,ElephtAI,Q3,4314,5736,107511267,56137711,2026-09-10 15:16:09.532000+00:00
16730761,ElephtAI,Q3,4315,5736,107511777,56137113,2026-09-10 15:20:10.503000+00:00
16730761,ElephtAI,Q3,4316,5736,107512851,56137113,2026-09-10 15:24:10.002000+00:00
16730761,ElephtAI,Q3,4317,5736,107513922,56137113,2026-09-10 15:28:10.679000+00:00
16730761,ElephtAI,Q3,4318,5736,107514848,56137711,2026-09-10 15:32:13.495000+00:00
16730761,ElephtAI,Q3,4319,5736,107519935,56137113,2026-09-10 15:52:13.225000+00:00
16730761,ElephtAI,Q3,4320,5736,107520132,56137113,2026-09-10 15:52:13.511000+00:00
16730761,ElephtAI,Q3,4321,5736,107521115,56137711,2026-09-10 15:56:10.096000+00:00
16730761,ElephtAI,Q3,4322,5736,107521108,56137711,2026-09-10 15:56:10.098000+00:00
16730761,ElephtAI,Q3,4323,5736,107524005,56137711,2026-09-10 16:08:10.162000+00:00
16730761,ElephtAI,Q3,4324,5736,107526815,56137113,2026-09-10 16:20:10.018000+00:00
16730761,ElephtAI,Q3,4325,5736,107527432,56137711,2026-09-10 16:24:11.425000+00:00
16730761,ElephtAI,Q3,4326,5736,107532777,56137113,2026-09-10 16:44:11.436000+00:00
16730761,ElephtAI,L,5686,5736,109015140,56223422,2026-09-14 19:32:40.801000+00:00
16730761,ElephtAI,L,5687,5736,109018747,56219692,2026-09-14 19:44:41.946000+00:00
16730761,ElephtAI,L,5688,5736,109020732,56223422,2026-09-14 19:57:14.680000+00:00
16730761,ElephtAI,L,5689,5736,109023748,56219692,2026-09-14 20:09:13.425000+00:00
16730761,ElephtAI,L,5690,5736,109023978,56219692,2026-09-14 20:09:13.814000+00:00
16730761,ElephtAI,L,5691,5736,109025861,56223422,2026-09-14 20:17:13.366000+00:00
16730761,ElephtAI,L,5692,5736,109029028,56219692,2026-09-14 20:29:20.785000+00:00
16730761,ElephtAI,L,5693,5736,109030881,56223422,2026-09-14 20:37:15.716000+00:00
16730761,ElephtAI,L,5694,5736,109031094,56219692,2026-09-14 20:37:16.027000+00:00
16730761,ElephtAI,L,5695,5736,109035309,56223422,2026-09-14 20:53:17.589000+00:00
16730761,ElephtAI,L,5696,5736,109036019,56219692,2026-09-14 20:57:16.816000+00:00
16730761,ElephtAI,L,5697,5736,109038120,56223422,2026-09-14 21:05:16.020000+00:00
16730761,ElephtAI,L,5698,5736,109038459,56219692,2026-09-14 21:05:16.489000+00:00
16730761,ElephtAI,L,5699,5736,109042495,56223422,2026-09-14 21:21:17.227000+00:00
16730761,ElephtAI,L,5700,5736,109043254,56219692,2026-09-14 21:25:16.804000+00:00
16730761,ElephtAI,L,5701,5736,109043524,56223422,2026-09-14 21:25:17.212000+00:00
16730761,ElephtAI,L,5702,5736,109043546,56219692,2026-09-14 21:25:17.249000+00:00
16730761,ElephtAI,L,5703,5736,109044418,56223422,2026-09-14 21:29:17.018000+00:00
16730761,ElephtAI,L,5704,5736,109046713,56223422,2026-09-14 21:37:17.427000+00:00
16730761,ElephtAI,L,5705,5736,109047540,56223422,2026-09-14 21:41:19.121000+00:00
16730761,ElephtAI,L,5706,5736,109047760,56219692,2026-09-14 21:41:19.641000+00:00
16730761,ElephtAI,L,5707,5736,109051721,56223422,2026-09-14 21:57:18.496000+00:00
16730761,ElephtAI,L,5708,5736,109051911,56219692,2026-09-14 21:57:19.121000+00:00
16730761,ElephtAI,L,5709,5736,109055338,56223422,2026-09-14 22:13:16.727000+00:00
16730761,ElephtAI,L,5710,5736,109055924,56223422,2026-09-14 22:13:17.900000+00:00
16730761,ElephtAI,L,5711,5736,109056580,56219692,2026-09-14 22:17:16.529000+00:00
16730761,ElephtAI,L,5712,5736,109057311,56223422,2026-09-14 22:21:15.833000+00:00
16730761,ElephtAI,L,5713,5736,109060964,56219692,2026-09-14 22:37:48.604000+00:00
16730761,ElephtAI,L,5714,5736,109061930,56223422,2026-09-14 22:41:35.318000+00:00
16730761,ElephtAI,L,5715,5736,109064214,56223422,2026-09-14 22:49:34.841000+00:00
16730761,ElephtAI,L,5716,5736,109064215,56223422,2026-09-14 22:49:34.845000+00:00
16730761,ElephtAI,L,5717,5736,109064325,56219692,2026-09-14 22:49:35.078000+00:00
16730761,ElephtAI,L,5718,5736,109064619,56219692,2026-09-14 22:53:35.708000+00:00
16730761,ElephtAI,L,5719,5736,109064911,56219692,2026-09-14 22:53:35.904000+00:00
16730761,ElephtAI,L,5720,5736,109068187,56219692,2026-09-14 23:05:33.924000+00:00
16730761,ElephtAI,L,5721,5736,109068417,56223422,2026-09-14 23:05:34.222000+00:00
16730761,ElephtAI,L,5722,5736,109071849,56219692,2026-09-14 23:21:34.335000+00:00
16730761,ElephtAI,L,5723,5736,109072337,56219692,2026-09-14 23:21:35.003000+00:00
16730761,ElephtAI,L,5724,5736,109072551,56223422,2026-09-14 23:21:35.385000+00:00
16730761,ElephtAI,L,5725,5736,109073325,56223422,2026-09-14 23:25:35.043000+00:00
16730761,ElephtAI,L,5726,5736,109075151,56223422,2026-09-14 23:33:34.102000+00:00
16730761,ElephtAI,L,5727,5736,109076553,56219692,2026-09-14 23:40:06.509000+00:00
16730761,ElephtAI,L,5728,5736,109076758,56219692,2026-09-14 23:40:06.903000+00:00
16730761,ElephtAI,L,5729,5736,109080505,56223422,2026-09-14 23:51:48.654000+00:00
16730761,ElephtAI,L,5730,5736,109081869,56219692,2026-09-14 23:55:46.005000+00:00
16730761,ElephtAI,L,5731,5736,109085386,56223422,2026-09-15 00:07:49.964000+00:00
16730761,ElephtAI,L,5732,5736,109086779,56223422,2026-09-15 00:11:49.378000+00:00
16730761,ElephtAI,L,5733,5736,109086812,56223422,2026-09-15 00:11:49.468000+00:00
16730761,ElephtAI,L,5734,5736,109087699,56223422,2026-09-15 00:15:51.206000+00:00
16730761,ElephtAI,L,5735,5736,109092940,56223422,2026-09-15 00:31:47.263000+00:00
16730761,ElephtAI,C0,0,141,108758845,56219692,2026-09-14 02:54:48.297000+00:00
16730761,ElephtAI,C0,1,141,108759844,56219692,2026-09-14 02:58:55.618000+00:00
16730761,ElephtAI,C0,2,141,108760852,56219692,2026-09-14 03:02:59.108000+00:00
16730761,ElephtAI,C0,3,141,108761870,56219692,2026-09-14 03:06:52.892000+00:00
16730761,ElephtAI,C0,4,141,108762879,56219692,2026-09-14 03:10:45.706000+00:00
16730761,ElephtAI,C0,5,141,108763900,56219692,2026-09-14 03:14:45.492000+00:00
16730761,ElephtAI,C0,6,141,108764931,56219692,2026-09-14 03:18:50.036000+00:00
16730761,ElephtAI,C0,7,141,108765933,56219692,2026-09-14 03:22:49.675000+00:00
16730761,ElephtAI,C0,8,141,108766941,56219692,2026-09-14 03:26:47.835000+00:00
16730761,ElephtAI,C0,9,141,108767961,56219692,2026-09-14 03:30:45.292000+00:00
16730761,ElephtAI,C0,10,141,108768986,56219692,2026-09-14 03:34:46.206000+00:00
16730761,ElephtAI,C0,11,141,108769996,56219692,2026-09-14 03:38:53.536000+00:00
16730761,ElephtAI,C0,12,141,108770213,56219692,2026-09-14 03:38:53.834000+00:00
16730761,ElephtAI,C0,13,141,108771018,56219692,2026-09-14 03:42:48.160000+00:00
16730761,ElephtAI,C0,14,141,108772031,56219692,2026-09-14 03:46:45.910000+00:00
16730761,ElephtAI,C0,15,141,108772521,56219692,2026-09-14 03:46:46.710000+00:00
16730761,ElephtAI,C0,16,141,108772928,56219692,2026-09-14 03:46:47.423000+00:00
16730761,ElephtAI,C0,17,141,108773117,56219692,2026-09-14 03:50:50.540000+00:00
16730761,ElephtAI,C0,18,141,108774181,56219692,2026-09-14 03:54:45.107000+00:00
16730761,ElephtAI,C0,19,141,108775214,56219692,2026-09-14 03:58:46.814000+00:00
16730761,ElephtAI,C0,20,141,108776260,56219692,2026-09-14 04:02:45.915000+00:00
16730761,ElephtAI,C0,21,141,108777308,56219692,2026-09-14 04:06:47.117000+00:00
16730761,ElephtAI,C0,22,141,108778366,56219692,2026-09-14 04:10:45.697000+00:00
16730761,ElephtAI,C0,23,141,108778750,56219692,2026-09-14 04:10:46.275000+00:00
16730761,ElephtAI,C0,24,141,108779451,56219692,2026-09-14 04:14:45.536000+00:00
16730761,ElephtAI,C0,25,141,108780452,56219692,2026-09-14 04:18:54.780000+00:00
16730761,ElephtAI,C0,26,141,108781487,56219692,2026-09-14 04:22:49.494000+00:00
16730761,ElephtAI,C0,27,141,108782508,56219692,2026-09-14 04:26:45.837000+00:00
16730761,ElephtAI,C0,28,141,108783546,56219692,2026-09-14 04:30:45.878000+00:00
16730761,ElephtAI,C0,29,141,108784568,56219692,2026-09-14 04:34:45.388000+00:00
16730761,ElephtAI,C0,30,141,108785605,56219692,2026-09-14 04:38:53.843000+00:00
16730761,ElephtAI,C0,31,141,108785967,56219692,2026-09-14 04:38:54.388000+00:00
16730761,ElephtAI,C0,32,141,108786630,56219692,2026-09-14 04:42:51.207000+00:00
16730761,ElephtAI,C0,33,141,108787663,56219692,2026-09-14 04:46:45.635000+00:00
16730761,ElephtAI,C0,34,141,108788693,56219692,2026-09-14 04:50:46.100000+00:00
16730761,ElephtAI,C0,35,141,108789739,56219692,2026-09-14 04:54:45.820000+00:00
16730761,ElephtAI,C0,36,141,108789819,56219692,2026-09-14 04:54:45.936000+00:00
16730761,ElephtAI,C0,37,141,108789974,56219692,2026-09-14 04:54:46.180000+00:00
16730761,ElephtAI,C0,38,141,108790765,56219692,2026-09-14 04:58:47.305000+00:00
16730761,ElephtAI,C0,39,141,108791810,56219692,2026-09-14 05:02:45.793000+00:00
16730761,ElephtAI,C0,40,141,108792852,56219692,2026-09-14 05:06:49.175000+00:00
16730761,ElephtAI,C0,41,141,108793884,56219692,2026-09-14 05:10:49.185000+00:00
16730761,ElephtAI,C0,42,141,108794908,56219692,2026-09-14 05:14:51.339000+00:00
16730761,ElephtAI,C0,43,141,108795928,56219692,2026-09-14 05:18:47.678000+00:00
16730761,ElephtAI,C0,44,141,108796985,56219692,2026-09-14 05:22:47.480000+00:00
16730761,ElephtAI,C0,45,141,108798014,56219692,2026-09-14 05:26:51.346000+00:00
16730761,ElephtAI,C0,46,141,108799054,56219692,2026-09-14 05:30:52.285000+00:00
16730761,ElephtAI,C0,47,141,108800068,56219692,2026-09-14 05:34:51.921000+00:00
16730761,ElephtAI,C0,48,141,108801117,56219692,2026-09-14 05:38:54.080000+00:00
16730761,ElephtAI,C0,49,141,108801474,56219692,2026-09-14 05:38:54.598000+00:00
16879253,Bldr2,C0,0,185,108877746,56228838,2026-09-14 10:38:52.411000+00:00
16879253,Bldr2,C0,1,185,108878761,56228838,2026-09-14 10:42:49.301000+00:00
16879253,Bldr2,C0,2,185,108879783,56228838,2026-09-14 10:46:51.237000+00:00
16879253,Bldr2,C0,3,185,108880775,56228838,2026-09-14 10:50:50.785000+00:00
16879253,Bldr2,C0,4,185,108881800,56228838,2026-09-14 10:54:50.792000+00:00
16879253,Bldr2,C0,5,185,108882814,56228838,2026-09-14 10:58:52.736000+00:00
16879253,Bldr2,C0,6,185,108883841,56228838,2026-09-14 11:02:48.714000+00:00
16879253,Bldr2,C0,7,185,108884836,56228838,2026-09-14 11:06:48.676000+00:00
16879253,Bldr2,C0,8,185,108885855,56228838,2026-09-14 11:10:48.975000+00:00
16879253,Bldr2,C0,9,185,108886874,56228838,2026-09-14 11:14:49.860000+00:00
16879253,Bldr2,C0,10,185,108887893,56228838,2026-09-14 11:18:53.815000+00:00
16879253,Bldr2,C0,11,185,108888922,56228838,2026-09-14 11:22:51.263000+00:00
16879253,Bldr2,C0,12,185,108889959,56228838,2026-09-14 11:26:53.270000+00:00
16879253,Bldr2,C0,13,185,108890717,56228838,2026-09-14 11:30:51.390000+00:00
16879253,Bldr2,C0,14,185,108891564,56228838,2026-09-14 11:30:53.728000+00:00
16879253,Bldr2,C0,15,185,108891767,56228838,2026-09-14 11:34:50.240000+00:00
16879253,Bldr2,C0,16,185,108892521,56228838,2026-09-14 11:34:51.501000+00:00
16879253,Bldr2,C0,17,185,108892833,56228838,2026-09-14 11:38:51.690000+00:00
16879253,Bldr2,C0,18,185,108893900,56228838,2026-09-14 11:42:49.288000+00:00
16879253,Bldr2,C0,19,185,108894953,56228838,2026-09-14 11:46:48.988000+00:00
16879253,Bldr2,C0,20,185,108895660,56228838,2026-09-14 11:46:50.402000+00:00
16879253,Bldr2,C0,21,185,108896018,56228838,2026-09-14 11:50:48.990000+00:00
16879253,Bldr2,C0,22,185,108896325,56228838,2026-09-14 11:50:49.578000+00:00
16879253,Bldr2,C0,23,185,108897071,56228838,2026-09-14 11:54:49.001000+00:00
16879253,Bldr2,C0,24,185,108898154,56228838,2026-09-14 11:58:49.685000+00:00
16879253,Bldr2,C0,25,185,108899169,56228838,2026-09-14 12:02:50.336000+00:00
16879253,Bldr2,C0,26,185,108900222,56228838,2026-09-14 12:06:53.024000+00:00
16879253,Bldr2,C0,27,185,108901265,56228838,2026-09-14 12:10:50.139000+00:00
16879253,Bldr2,C0,28,185,108902316,56228838,2026-09-14 12:14:49.719000+00:00
16879253,Bldr2,C0,29,185,108903357,56228838,2026-09-14 12:18:50.976000+00:00
16879253,Bldr2,C0,30,185,108903984,56228838,2026-09-14 12:18:52.438000+00:00
16879253,Bldr2,C0,31,185,108904410,56228838,2026-09-14 12:22:49.045000+00:00
16879253,Bldr2,C0,32,185,108905458,56228838,2026-09-14 12:26:49.890000+00:00
16879253,Bldr2,C0,33,185,108906427,56228838,2026-09-14 12:30:49.713000+00:00
16879253,Bldr2,C0,34,185,108906490,56228838,2026-09-14 12:30:49.816000+00:00
16879253,Bldr2,C0,35,185,108907103,56228838,2026-09-14 12:30:51.074000+00:00
16879253,Bldr2,C0,36,185,108907547,56228838,2026-09-14 12:34:49.632000+00:00
16879253,Bldr2,C0,37,185,108908602,56228838,2026-09-14 12:38:51.009000+00:00
16879253,Bldr2,C0,38,185,108909664,56228838,2026-09-14 12:42:49.686000+00:00
16879253,Bldr2,C0,39,185,108910699,56228838,2026-09-14 12:46:49.796000+00:00
16879253,Bldr2,C0,40,185,108911734,56228838,2026-09-14 12:50:52.685000+00:00
16879253,Bldr2,C0,41,185,108911994,56228838,2026-09-14 12:50:53.207000+00:00
16879253,Bldr2,C0,42,185,108912767,56228838,2026-09-14 12:54:49.696000+00:00
16879253,Bldr2,C0,43,185,108913789,56228838,2026-09-14 12:58:51.292000+00:00
16879253,Bldr2,C0,44,185,108913799,56228838,2026-09-14 12:58:51.306000+00:00
16879253,Bldr2,C0,45,185,108914865,56228838,2026-09-14 13:02:49.192000+00:00
16879253,Bldr2,C0,46,185,108915905,56228838,2026-09-14 13:06:49.623000+00:00
16879253,Bldr2,C0,47,185,108916959,56228838,2026-09-14 13:10:49.632000+00:00
16879253,Bldr2,C0,48,185,108918009,56228838,2026-09-14 13:14:49.529000+00:00
16879253,Bldr2,C0,49,185,108919037,56228838,2026-09-14 13:18:57.044000+00:00
16741542,let cats farm,C0,0,403,108272845,56191450,2026-09-12 18:58:45.010000+00:00
16741542,let cats farm,C0,1,403,108273846,56191450,2026-09-12 19:02:34.727000+00:00
16741542,let cats farm,C0,2,403,108274820,56191450,2026-09-12 19:06:35.674000+00:00
16741542,let cats farm,C0,3,403,108275834,56191450,2026-09-12 19:10:35.125000+00:00
16741542,let cats farm,C0,4,403,108276824,56191450,2026-09-12 19:14:34.376000+00:00
16741542,let cats farm,C0,5,403,108277820,56191450,2026-09-12 19:18:37.489000+00:00
16741542,let cats farm,C0,6,403,108278817,56191450,2026-09-12 19:22:36.495000+00:00
16741542,let cats farm,C0,7,403,108279801,56191450,2026-09-12 19:26:40.356000+00:00
16741542,let cats farm,C0,8,403,108280804,56191450,2026-09-12 19:30:36.366000+00:00
16741542,let cats farm,C0,9,403,108281798,56191450,2026-09-12 19:34:37.120000+00:00
16741542,let cats farm,C0,10,403,108282798,56191450,2026-09-12 19:38:40.234000+00:00
16741542,let cats farm,C0,11,403,108283790,56191450,2026-09-12 19:42:34.544000+00:00
16741542,let cats farm,C0,12,403,108284123,56191450,2026-09-12 19:42:35.074000+00:00
16741542,let cats farm,C0,13,403,108284789,56191450,2026-09-12 19:46:33.979000+00:00
16741542,let cats farm,C0,14,403,108285784,56191450,2026-09-12 19:50:39.707000+00:00
16741542,let cats farm,C0,15,403,108286789,56191450,2026-09-12 19:54:34.919000+00:00
16741542,let cats farm,C0,16,403,108287792,56191450,2026-09-12 19:58:38.982000+00:00
16741542,let cats farm,C0,17,403,108288797,56191450,2026-09-12 20:02:38.821000+00:00
16741542,let cats farm,C0,18,403,108289824,56191450,2026-09-12 20:06:34.622000+00:00
16741542,let cats farm,C0,19,403,108290839,56191450,2026-09-12 20:10:37.850000+00:00
16741542,let cats farm,C0,20,403,108291860,56191450,2026-09-12 20:14:38.123000+00:00
16741542,let cats farm,C0,21,403,108292875,56191450,2026-09-12 20:18:36.582000+00:00
16741542,let cats farm,C0,22,403,108293876,56191450,2026-09-12 20:22:40.031000+00:00
16741542,let cats farm,C0,23,403,108294901,56191450,2026-09-12 20:26:44.805000+00:00
16741542,let cats farm,C0,24,403,108295907,56191450,2026-09-12 20:30:40.090000+00:00
16741542,let cats farm,C0,25,403,108296922,56191450,2026-09-12 20:34:35.931000+00:00
16741542,let cats farm,C0,26,403,108297939,56191450,2026-09-12 20:38:46.047000+00:00
16741542,let cats farm,C0,27,403,108298938,56191450,2026-09-12 20:42:35.926000+00:00
16741542,let cats farm,C0,28,403,108299950,56191450,2026-09-12 20:46:35.232000+00:00
16741542,let cats farm,C0,29,403,108300963,56191450,2026-09-12 20:50:35.805000+00:00
16741542,let cats farm,C0,30,403,108301978,56191450,2026-09-12 20:54:37.220000+00:00
16741542,let cats farm,C0,31,403,108302989,56191450,2026-09-12 20:58:37.788000+00:00
16741542,let cats farm,C0,32,403,108304001,56191450,2026-09-12 21:02:38.197000+00:00
16741542,let cats farm,C0,33,403,108305009,56191450,2026-09-12 21:06:37.786000+00:00
16741542,let cats farm,C0,34,403,108306025,56191450,2026-09-12 21:10:37.098000+00:00
16741542,let cats farm,C0,35,403,108307037,56191450,2026-09-12 21:14:36.538000+00:00
16741542,let cats farm,C0,36,403,108308054,56191450,2026-09-12 21:18:45.309000+00:00
16741542,let cats farm,C0,37,403,108309057,56191450,2026-09-12 21:22:37.811000+00:00
16741542,let cats farm,C0,38,403,108310044,56191450,2026-09-12 21:26:39.699000+00:00
16741542,let cats farm,C0,39,403,108311075,56191450,2026-09-12 21:30:39.002000+00:00
16741542,let cats farm,C0,40,403,108312089,56191450,2026-09-12 21:34:39.512000+00:00
16741542,let cats farm,C0,41,403,108313103,56191450,2026-09-12 21:38:42.916000+00:00
16741542,let cats farm,C0,42,403,108314101,56191450,2026-09-12 21:42:41.291000+00:00
16741542,let cats farm,C0,43,403,108315117,56191450,2026-09-12 21:46:36.592000+00:00
16741542,let cats farm,C0,44,403,108316135,56191450,2026-09-12 21:50:36.407000+00:00
16741542,let cats farm,C0,45,403,108317150,56191450,2026-09-12 21:54:36.206000+00:00
16741542,let cats farm,C0,46,403,108318152,56191450,2026-09-12 21:58:40.619000+00:00
16741542,let cats farm,C0,47,403,108319167,56191450,2026-09-12 22:02:40.818000+00:00
16741542,let cats farm,C0,48,403,108319601,56191450,2026-09-12 22:02:41.486000+00:00
16741542,let cats farm,C0,49,403,108320176,56191450,2026-09-12 22:06:38.610000+00:00
16626191,kevin park,C0,0,86,109244981,56251510,2026-09-15 09:55:50.664000+00:00
16626191,kevin park,C0,1,86,109245996,56251510,2026-09-15 09:59:52.254000+00:00
16626191,kevin park,C0,2,86,109247063,56251510,2026-09-15 10:03:50.512000+00:00
16626191,kevin park,C0,3,86,109248111,56251510,2026-09-15 10:07:55.067000+00:00
16626191,kevin park,C0,4,86,109249208,56251510,2026-09-15 10:11:51.284000+00:00
16626191,kevin park,C0,5,86,109250246,56251510,2026-09-15 10:15:50.071000+00:00
16626191,kevin park,C0,6,86,109251268,56251510,2026-09-15 10:19:54.102000+00:00
16626191,kevin park,C0,7,86,109252309,56251510,2026-09-15 10:23:50.275000+00:00
16626191,kevin park,C0,8,86,109253329,56251510,2026-09-15 10:27:50.171000+00:00
16626191,kevin park,C0,9,86,109254376,56251510,2026-09-15 10:31:50.265000+00:00
16626191,kevin park,C0,10,86,109255390,56251510,2026-09-15 10:35:50.433000+00:00
16626191,kevin park,C0,11,86,109256431,56251510,2026-09-15 10:39:52.150000+00:00
16626191,kevin park,C0,12,86,109257455,56251510,2026-09-15 10:43:50.214000+00:00
16626191,kevin park,C0,13,86,109258486,56251510,2026-09-15 10:47:50.562000+00:00
16626191,kevin park,C0,14,86,109259529,56251510,2026-09-15 10:51:50.028000+00:00
16626191,kevin park,C0,15,86,109259960,56251510,2026-09-15 10:51:50.866000+00:00
16626191,kevin park,C0,16,86,109260311,56251510,2026-09-15 10:51:51.596000+00:00
16626191,kevin park,C0,17,86,109260602,56251510,2026-09-15 10:55:50.207000+00:00
16626191,kevin park,C0,18,86,109261650,56251510,2026-09-15 10:59:51.137000+00:00
16626191,kevin park,C0,19,86,109262730,56251510,2026-09-15 11:03:50.906000+00:00
16626191,kevin park,C0,20,86,109262815,56251510,2026-09-15 11:03:51.096000+00:00
16626191,kevin park,C0,21,86,109263783,56251510,2026-09-15 11:07:50.506000+00:00
16626191,kevin park,C0,22,86,109264899,56251510,2026-09-15 11:11:53.565000+00:00
16626191,kevin park,C0,23,86,109264834,56251510,2026-09-15 11:11:53.577000+00:00
16626191,kevin park,C0,24,86,109265931,56251510,2026-09-15 11:15:52.816000+00:00
16626191,kevin park,C0,25,86,109267004,56251510,2026-09-15 11:19:54.491000+00:00
16626191,kevin park,C0,26,86,109268042,56251510,2026-09-15 11:23:56.569000+00:00
16626191,kevin park,C0,27,86,109269192,56251510,2026-09-15 11:27:54.590000+00:00
16626191,kevin park,C0,28,86,109270255,56251510,2026-09-15 11:31:51.364000+00:00
16626191,kevin park,C0,29,86,109271289,56251510,2026-09-15 11:35:56.973000+00:00
16626191,kevin park,C0,30,86,109271956,56251510,2026-09-15 11:35:58.171000+00:00
16626191,kevin park,C0,31,86,109272343,56251510,2026-09-15 11:39:57.480000+00:00
16626191,kevin park,C0,32,86,109272870,56251510,2026-09-15 11:39:58.398000+00:00
16626191,kevin park,C0,33,86,109273411,56251510,2026-09-15 11:43:50.665000+00:00
16626191,kevin park,C0,34,86,109274465,56251510,2026-09-15 11:47:50.089000+00:00
16626191,kevin park,C0,35,86,109274619,56251510,2026-09-15 11:47:50.366000+00:00
16626191,kevin park,C0,36,86,109275518,56251510,2026-09-15 11:51:50.171000+00:00
16626191,kevin park,C0,37,86,109276582,56251510,2026-09-15 11:55:55.592000+00:00
16626191,kevin park,C0,38,86,109277627,56251510,2026-09-15 11:59:56.373000+00:00
16626191,kevin park,C0,39,86,109278693,56251510,2026-09-15 12:03:50.723000+00:00
16626191,kevin park,C0,40,86,109279757,56251510,2026-09-15 12:07:52.554000+00:00
16626191,kevin park,C0,41,86,109280968,56251510,2026-09-15 12:11:51.242000+00:00
16626191,kevin park,C0,42,86,109281477,56251510,2026-09-15 12:11:51.470000+00:00
16626191,kevin park,C0,43,86,109281895,56251510,2026-09-15 12:15:50.592000+00:00
16626191,kevin park,C0,44,86,109282892,56251510,2026-09-15 12:19:57.806000+00:00
16626191,kevin park,C0,45,86,109282952,56251510,2026-09-15 12:19:57.909000+00:00
16626191,kevin park,C0,46,86,109284013,56251510,2026-09-15 12:23:50.571000+00:00
16626191,kevin park,C0,47,86,109285070,56251510,2026-09-15 12:27:50.761000+00:00
16626191,kevin park,C0,48,86,109286213,56251510,2026-09-15 12:31:52.497000+00:00
16626191,kevin park,C0,49,86,109287269,56251510,2026-09-15 12:35:51.272000+00:00
16848532,peppersaltman,C0,0,214,108828570,56224944,2026-09-14 07:26:49.117000+00:00
16848532,peppersaltman,C0,1,214,108829580,56224944,2026-09-14 07:30:49.317000+00:00
16848532,peppersaltman,C0,2,214,108830586,56224944,2026-09-14 07:34:48.709000+00:00
16848532,peppersaltman,C0,3,214,108831598,56224944,2026-09-14 07:38:52.531000+00:00
16848532,peppersaltman,C0,4,214,108832616,56224944,2026-09-14 07:42:49.216000+00:00
16848532,peppersaltman,C0,5,214,108833643,56224944,2026-09-14 07:46:49.228000+00:00
16848532,peppersaltman,C0,6,214,108834652,56224944,2026-09-14 07:50:48.554000+00:00
16848532,peppersaltman,C0,7,214,108835683,56224944,2026-09-14 07:54:48.667000+00:00
16848532,peppersaltman,C0,8,214,108836692,56224944,2026-09-14 07:58:52.382000+00:00
16848532,peppersaltman,C0,9,214,108837704,56224944,2026-09-14 08:02:50.143000+00:00
16848532,peppersaltman,C0,10,214,108838781,56224944,2026-09-14 08:06:48.771000+00:00
16848532,peppersaltman,C0,11,214,108839753,56224944,2026-09-14 08:10:48.589000+00:00
16848532,peppersaltman,C0,12,214,108840765,56224944,2026-09-14 08:14:50.396000+00:00
16848532,peppersaltman,C0,13,214,108841784,56224944,2026-09-14 08:19:01.040000+00:00
16848532,peppersaltman,C0,14,214,108842534,56224944,2026-09-14 08:19:02.801000+00:00
16848532,peppersaltman,C0,15,214,108842588,56224944,2026-09-14 08:19:02.917000+00:00
16848532,peppersaltman,C0,16,214,108842833,56224944,2026-09-14 08:22:49.405000+00:00
16848532,peppersaltman,C0,17,214,108843898,56224944,2026-09-14 08:26:49.137000+00:00
16848532,peppersaltman,C0,18,214,108844955,56224944,2026-09-14 08:30:51.024000+00:00
16848532,peppersaltman,C0,19,214,108845997,56224944,2026-09-14 08:34:50.380000+00:00
16848532,peppersaltman,C0,20,214,108847055,56224944,2026-09-14 08:38:58.009000+00:00
16848532,peppersaltman,C0,21,214,108848091,56224944,2026-09-14 08:42:51.881000+00:00
16848532,peppersaltman,C0,22,214,108849121,56224944,2026-09-14 08:46:54.430000+00:00
16848532,peppersaltman,C0,23,214,108850151,56224944,2026-09-14 08:50:54.427000+00:00
16848532,peppersaltman,C0,24,214,108851187,56224944,2026-09-14 08:54:55.995000+00:00
16848532,peppersaltman,C0,25,214,108852188,56224944,2026-09-14 08:58:59.512000+00:00
16848532,peppersaltman,C0,26,214,108852228,56224944,2026-09-14 08:58:59.591000+00:00
16848532,peppersaltman,C0,27,214,108853267,56224944,2026-09-14 09:02:54.393000+00:00
16848532,peppersaltman,C0,28,214,108854231,56224944,2026-09-14 09:07:03.190000+00:00
16848532,peppersaltman,C0,29,214,108855351,56224944,2026-09-14 09:10:59.823000+00:00
16848532,peppersaltman,C0,30,214,108856349,56224944,2026-09-14 09:14:50.319000+00:00
16848532,peppersaltman,C0,31,214,108857421,56224944,2026-09-14 09:18:54.079000+00:00
16848532,peppersaltman,C0,32,214,108858405,56224944,2026-09-14 09:22:49.019000+00:00
16848532,peppersaltman,C0,33,214,108859507,56224944,2026-09-14 09:26:49.588000+00:00
16848532,peppersaltman,C0,34,214,108860394,56224944,2026-09-14 09:30:50.274000+00:00
16848532,peppersaltman,C0,35,214,108861336,56224944,2026-09-14 09:34:57.124000+00:00
16848532,peppersaltman,C0,36,214,108862401,56224944,2026-09-14 09:38:53.695000+00:00
16848532,peppersaltman,C0,37,214,108863419,56224944,2026-09-14 09:42:49.332000+00:00
16848532,peppersaltman,C0,38,214,108864478,56224944,2026-09-14 09:46:50.510000+00:00
16848532,peppersaltman,C0,39,214,108864576,56224944,2026-09-14 09:46:50.721000+00:00
16848532,peppersaltman,C0,40,214,108865518,56224944,2026-09-14 09:50:52.700000+00:00
16848532,peppersaltman,C0,41,214,108866584,56224944,2026-09-14 09:54:54.736000+00:00
16848532,peppersaltman,C0,42,214,108867640,56224944,2026-09-14 09:58:52.593000+00:00
16848532,peppersaltman,C0,43,214,108868681,56224944,2026-09-14 10:02:50.523000+00:00
16848532,peppersaltman,C0,44,214,108869726,56224944,2026-09-14 10:06:50.381000+00:00
16848532,peppersaltman,C0,45,214,108870757,56224944,2026-09-14 10:10:51.897000+00:00
16848532,peppersaltman,C0,46,214,108871800,56224944,2026-09-14 10:14:50.310000+00:00
16848532,peppersaltman,C0,47,214,108872833,56224944,2026-09-14 10:18:55.044000+00:00
16848532,peppersaltman,C0,48,214,108873870,56224944,2026-09-14 10:22:54.621000+00:00
16848532,peppersaltman,C0,49,214,108874908,56224944,2026-09-14 10:26:49.524000+00:00
16765807,Win Suthar,C0,0,191,108883922,56229200,2026-09-14 11:02:48.886000+00:00
16765807,Win Suthar,C0,1,191,108884913,56229200,2026-09-14 11:06:48.876000+00:00
16765807,Win Suthar,C0,2,191,108885930,56229200,2026-09-14 11:10:49.094000+00:00
16765807,Win Suthar,C0,3,191,108886939,56229200,2026-09-14 11:14:49.985000+00:00
16765807,Win Suthar,C0,4,191,108886966,56229200,2026-09-14 11:14:50.023000+00:00
16765807,Win Suthar,C0,5,191,108887970,56229200,2026-09-14 11:18:53.925000+00:00
16765807,Win Suthar,C0,6,191,108888982,56229200,2026-09-14 11:22:51.378000+00:00
16765807,Win Suthar,C0,7,191,108890002,56229200,2026-09-14 11:26:53.331000+00:00
16765807,Win Suthar,C0,8,191,108890759,56229200,2026-09-14 11:30:51.450000+00:00
16765807,Win Suthar,C0,9,191,108891769,56229200,2026-09-14 11:34:50.242000+00:00
16765807,Win Suthar,C0,10,191,108892791,56229200,2026-09-14 11:38:51.617000+00:00
16765807,Win Suthar,C0,11,191,108893537,56229200,2026-09-14 11:38:52.986000+00:00
16765807,Win Suthar,C0,12,191,108893823,56229200,2026-09-14 11:42:49.085000+00:00
16765807,Win Suthar,C0,13,191,108894869,56229200,2026-09-14 11:46:48.805000+00:00
16765807,Win Suthar,C0,14,191,108895912,56229200,2026-09-14 11:50:48.774000+00:00
16765807,Win Suthar,C0,15,191,108896969,56229200,2026-09-14 11:54:48.815000+00:00
16765807,Win Suthar,C0,16,191,108898073,56229200,2026-09-14 11:58:49.553000+00:00
16765807,Win Suthar,C0,17,191,108899086,56229200,2026-09-14 12:02:50.185000+00:00
16765807,Win Suthar,C0,18,191,108899497,56229200,2026-09-14 12:02:51.075000+00:00
16765807,Win Suthar,C0,19,191,108900165,56229200,2026-09-14 12:06:52.910000+00:00
16765807,Win Suthar,C0,20,191,108901225,56229200,2026-09-14 12:10:50.087000+00:00
16765807,Win Suthar,C0,21,191,108902278,56229200,2026-09-14 12:14:49.678000+00:00
16765807,Win Suthar,C0,22,191,108902808,56229200,2026-09-14 12:14:50.781000+00:00
16765807,Win Suthar,C0,23,191,108903304,56229200,2026-09-14 12:18:50.794000+00:00
16765807,Win Suthar,C0,24,191,108904370,56229200,2026-09-14 12:22:48.980000+00:00
16765807,Win Suthar,C0,25,191,108905405,56229200,2026-09-14 12:26:49.701000+00:00
16765807,Win Suthar,C0,26,191,108906457,56229200,2026-09-14 12:30:49.779000+00:00
16765807,Win Suthar,C0,27,191,108907505,56229200,2026-09-14 12:34:49.583000+00:00
16765807,Win Suthar,C0,28,191,108908542,56229200,2026-09-14 12:38:50.799000+00:00
16765807,Win Suthar,C0,29,191,108909585,56229200,2026-09-14 12:42:49.508000+00:00
16765807,Win Suthar,C0,30,191,108910591,56229200,2026-09-14 12:46:49.595000+00:00
16765807,Win Suthar,C0,31,191,108911652,56229200,2026-09-14 12:50:52.517000+00:00
16765807,Win Suthar,C0,32,191,108912687,56229200,2026-09-14 12:54:49.530000+00:00
16765807,Win Suthar,C0,33,191,108913728,56229200,2026-09-14 12:58:51.197000+00:00
16765807,Win Suthar,C0,34,191,108914764,56229200,2026-09-14 13:02:48.996000+00:00
16765807,Win Suthar,C0,35,191,108915817,56229200,2026-09-14 13:06:49.416000+00:00
16765807,Win Suthar,C0,36,191,108916853,56229200,2026-09-14 13:10:49.418000+00:00
16765807,Win Suthar,C0,37,191,108917904,56229200,2026-09-14 13:14:49.329000+00:00
16765807,Win Suthar,C0,38,191,108918949,56229200,2026-09-14 13:18:56.897000+00:00
16765807,Win Suthar,C0,39,191,108919981,56229200,2026-09-14 13:22:49.880000+00:00
16765807,Win Suthar,C0,40,191,108921019,56229200,2026-09-14 13:26:50.489000+00:00
16765807,Win Suthar,C0,41,191,108922055,56229200,2026-09-14 13:30:50.241000+00:00
16765807,Win Suthar,C0,42,191,108923079,56229200,2026-09-14 13:34:50.178000+00:00
16765807,Win Suthar,C0,43,191,108924133,56229200,2026-09-14 13:39:00.528000+00:00
16765807,Win Suthar,C0,44,191,108925173,56229200,2026-09-14 13:42:51.078000+00:00
16765807,Win Suthar,C0,45,191,108926219,56229200,2026-09-14 13:46:50.214000+00:00
16765807,Win Suthar,C0,46,191,108927269,56229200,2026-09-14 13:50:49.941000+00:00
16765807,Win Suthar,C0,47,191,108928307,56229200,2026-09-14 13:54:49.401000+00:00
16765807,Win Suthar,C0,48,191,108929351,56229200,2026-09-14 13:58:57.486000+00:00
16765807,Win Suthar,C0,49,191,108930396,56229200,2026-09-14 14:02:49.433000+00:00
16810299,spencersi123,C0,0,173,108991155,56236723,2026-09-14 18:00:41.703000+00:00
16810299,spencersi123,C0,1,173,108992162,56236723,2026-09-14 18:04:40.852000+00:00
16810299,spencersi123,C0,2,173,108993183,56236723,2026-09-14 18:08:41.090000+00:00
16810299,spencersi123,C0,3,173,108994215,56236723,2026-09-14 18:12:39.697000+00:00
16810299,spencersi123,C0,4,173,108995232,56236723,2026-09-14 18:16:39.840000+00:00
16810299,spencersi123,C0,5,173,108996134,56236723,2026-09-14 18:16:41.342000+00:00
16810299,spencersi123,C0,6,173,108996267,56236723,2026-09-14 18:20:43.670000+00:00
16810299,spencersi123,C0,7,173,108997281,56236723,2026-09-14 18:24:39.850000+00:00
16810299,spencersi123,C0,8,173,108998309,56236723,2026-09-14 18:28:41.677000+00:00
16810299,spencersi123,C0,9,173,108999338,56236723,2026-09-14 18:32:39.813000+00:00
16810299,spencersi123,C0,10,173,109000381,56236723,2026-09-14 18:36:44.749000+00:00
16810299,spencersi123,C0,11,173,109001381,56236723,2026-09-14 18:40:40.322000+00:00
16810299,spencersi123,C0,12,173,109002418,56236723,2026-09-14 18:44:39.847000+00:00
16810299,spencersi123,C0,13,173,109003439,56236723,2026-09-14 18:48:40.281000+00:00
16810299,spencersi123,C0,14,173,109004471,56236723,2026-09-14 18:52:40.122000+00:00
16810299,spencersi123,C0,15,173,109005499,56236723,2026-09-14 18:56:39.752000+00:00
16810299,spencersi123,C0,16,173,109006531,56236723,2026-09-14 19:00:40.556000+00:00
16810299,spencersi123,C0,17,173,109007609,56236723,2026-09-14 19:04:39.925000+00:00
16810299,spencersi123,C0,18,173,109008640,56236723,2026-09-14 19:08:42.191000+00:00
16810299,spencersi123,C0,19,173,109009708,56236723,2026-09-14 19:12:39.644000+00:00
16810299,spencersi123,C0,20,173,109010769,56236723,2026-09-14 19:16:40.401000+00:00
16810299,spencersi123,C0,21,173,109011818,56236723,2026-09-14 19:20:41+00:00
16810299,spencersi123,C0,22,173,109012848,56236723,2026-09-14 19:24:41.242000+00:00
16810299,spencersi123,C0,23,173,109013534,56236723,2026-09-14 19:24:42.488000+00:00
16810299,spencersi123,C0,24,173,109013886,56236723,2026-09-14 19:28:41.439000+00:00
16810299,spencersi123,C0,25,173,109014936,56236723,2026-09-14 19:32:40.456000+00:00
16810299,spencersi123,C0,26,173,109015957,56236723,2026-09-14 19:36:40.155000+00:00
16810299,spencersi123,C0,27,173,109017005,56236723,2026-09-14 19:40:40.684000+00:00
16810299,spencersi123,C0,28,173,109017137,56236723,2026-09-14 19:40:40.895000+00:00
16810299,spencersi123,C0,29,173,109017739,56236723,2026-09-14 19:40:41.950000+00:00
16810299,spencersi123,C0,30,173,109018054,56236723,2026-09-14 19:44:40.582000+00:00
16810299,spencersi123,C0,31,173,109019138,56236723,2026-09-14 19:53:29.026000+00:00
16810299,spencersi123,C0,32,173,109020168,56236723,2026-09-14 19:57:13.737000+00:00
16810299,spencersi123,C0,33,173,109021167,56236723,2026-09-14 20:01:12.964000+00:00
16810299,spencersi123,C0,34,173,109022269,56236723,2026-09-14 20:05:12.899000+00:00
16810299,spencersi123,C0,35,173,109023270,56236723,2026-09-14 20:09:12.632000+00:00
16810299,spencersi123,C0,36,173,109024248,56236723,2026-09-14 20:13:12.930000+00:00
16810299,spencersi123,C0,37,173,109025342,56236723,2026-09-14 20:17:12.527000+00:00
16810299,spencersi123,C0,38,173,109025478,56236723,2026-09-14 20:17:12.723000+00:00
16810299,spencersi123,C0,39,173,109026411,56236723,2026-09-14 20:21:13.296000+00:00
16810299,spencersi123,C0,40,173,109027432,56236723,2026-09-14 20:25:23.999000+00:00
16810299,spencersi123,C0,41,173,109027611,56236723,2026-09-14 20:25:24.255000+00:00
16810299,spencersi123,C0,42,173,109027929,56236723,2026-09-14 20:25:24.703000+00:00
16810299,spencersi123,C0,43,173,109028461,56236723,2026-09-14 20:29:19.921000+00:00
16810299,spencersi123,C0,44,173,109029509,56236723,2026-09-14 20:33:15.939000+00:00
16810299,spencersi123,C0,45,173,109030544,56236723,2026-09-14 20:37:15.211000+00:00
16810299,spencersi123,C0,46,173,109031567,56236723,2026-09-14 20:41:15.509000+00:00
16810299,spencersi123,C0,47,173,109032614,56236723,2026-09-14 20:45:15.498000+00:00
16810299,spencersi123,C0,48,173,109034245,56236723,2026-09-14 20:49:17.657000+00:00
16810299,spencersi123,C0,49,173,109034678,56236723,2026-09-14 20:53:16.584000+00:00
16731186,Naru041104,C0,0,314,108568146,56208833,2026-09-13 14:26:43.078000+00:00
16731186,Naru041104,C0,1,314,108569147,56208833,2026-09-13 14:30:42.992000+00:00
16731186,Naru041104,C0,2,314,108570153,56208833,2026-09-13 14:34:43.278000+00:00
16731186,Naru041104,C0,3,314,108571148,56208833,2026-09-13 14:38:44.037000+00:00
16731186,Naru041104,C0,4,314,108572164,56208833,2026-09-13 14:42:43.095000+00:00
16731186,Naru041104,C0,5,314,108573157,56208833,2026-09-13 14:46:42.726000+00:00
16731186,Naru041104,C0,6,314,108574186,56208833,2026-09-13 14:50:43.911000+00:00
16731186,Naru041104,C0,7,314,108574190,56208833,2026-09-13 14:50:43.918000+00:00
16731186,Naru041104,C0,8,314,108575165,56208833,2026-09-13 14:54:47.783000+00:00
16731186,Naru041104,C0,9,314,108576169,56208833,2026-09-13 14:58:47.218000+00:00
16731186,Naru041104,C0,10,314,108576182,56208833,2026-09-13 14:58:47.235000+00:00
16731186,Naru041104,C0,11,314,108577183,56208833,2026-09-13 15:02:43.102000+00:00
16731186,Naru041104,C0,12,314,108578201,56208833,2026-09-13 15:06:44.474000+00:00
16731186,Naru041104,C0,13,314,108579212,56208833,2026-09-13 15:10:43.605000+00:00
16731186,Naru041104,C0,14,314,108580232,56208833,2026-09-13 15:14:45.259000+00:00
16731186,Naru041104,C0,15,314,108580802,56208833,2026-09-13 15:14:46.199000+00:00
16731186,Naru041104,C0,16,314,108581277,56208833,2026-09-13 15:18:46.546000+00:00
16731186,Naru041104,C0,17,314,108582295,56208833,2026-09-13 15:22:43.584000+00:00
16731186,Naru041104,C0,18,314,108583351,56208833,2026-09-13 15:26:43.029000+00:00
16731186,Naru041104,C0,19,314,108584403,56208833,2026-09-13 15:30:49.578000+00:00
16731186,Naru041104,C0,20,314,108585419,56208833,2026-09-13 15:34:44.304000+00:00
16731186,Naru041104,C0,21,314,108586467,56208833,2026-09-13 15:38:47.009000+00:00
16731186,Naru041104,C0,22,314,108587524,56208833,2026-09-13 15:42:49.994000+00:00
16731186,Naru041104,C0,23,314,108588565,56208833,2026-09-13 15:46:49.177000+00:00
16731186,Naru041104,C0,24,314,108589583,56208833,2026-09-13 15:50:50.036000+00:00
16731186,Naru041104,C0,25,314,108590608,56208833,2026-09-13 15:54:43.833000+00:00
16731186,Naru041104,C0,26,314,108591633,56208833,2026-09-13 15:58:46.733000+00:00
16731186,Naru041104,C0,27,314,108592666,56208833,2026-09-13 16:02:43.098000+00:00
16731186,Naru041104,C0,28,314,108593685,56208833,2026-09-13 16:06:43.703000+00:00
16731186,Naru041104,C0,29,314,108594638,56208833,2026-09-13 16:10:45.272000+00:00
16731186,Naru041104,C0,30,314,108594712,56208833,2026-09-13 16:10:45.377000+00:00
16731186,Naru041104,C0,31,314,108595745,56208833,2026-09-13 16:14:49.318000+00:00
16731186,Naru041104,C0,32,314,108596784,56208833,2026-09-13 16:18:47.974000+00:00
16731186,Naru041104,C0,33,314,108597823,56208833,2026-09-13 16:22:44.917000+00:00
16731186,Naru041104,C0,34,314,108598848,56208833,2026-09-13 16:26:43.516000+00:00
16731186,Naru041104,C0,35,314,108599875,56208833,2026-09-13 16:30:43.838000+00:00
16731186,Naru041104,C0,36,314,108600899,56208833,2026-09-13 16:34:46.691000+00:00
16731186,Naru041104,C0,37,314,108601489,56208833,2026-09-13 16:34:47.619000+00:00
16731186,Naru041104,C0,38,314,108601936,56208833,2026-09-13 16:38:45.613000+00:00
16731186,Naru041104,C0,39,314,108602962,56208833,2026-09-13 16:42:47.693000+00:00
16731186,Naru041104,C0,40,314,108603641,56208833,2026-09-13 16:42:48.831000+00:00
16731186,Naru041104,C0,41,314,108604009,56208833,2026-09-13 16:46:50.507000+00:00
16731186,Naru041104,C0,42,314,108605033,56208833,2026-09-13 16:50:44.888000+00:00
16731186,Naru041104,C0,43,314,108606052,56208833,2026-09-13 16:54:47.140000+00:00
16731186,Naru041104,C0,44,314,108606116,56208833,2026-09-13 16:54:47.321000+00:00
16731186,Naru041104,C0,45,314,108607016,56208833,2026-09-13 16:58:44.444000+00:00
16731186,Naru041104,C0,46,314,108607072,56208833,2026-09-13 16:58:44.531000+00:00
16731186,Naru041104,C0,47,314,108608114,56208833,2026-09-13 17:02:43.102000+00:00
16731186,Naru041104,C0,48,314,108609139,56208833,2026-09-13 17:06:43.880000+00:00
16731186,Naru041104,C0,49,314,108609475,56208833,2026-09-13 17:06:44.374000+00:00
16657100,Jacky Chan,C0,0,158,109015934,56237899,2026-09-14 19:36:40.100000+00:00
16657100,Jacky Chan,C0,1,158,109016963,56237899,2026-09-14 19:40:40.603000+00:00
16657100,Jacky Chan,C0,2,158,109017972,56237899,2026-09-14 19:44:40.457000+00:00
16657100,Jacky Chan,C0,3,158,109019025,56237899,2026-09-14 19:53:28.719000+00:00
16657100,Jacky Chan,C0,4,158,109020044,56237899,2026-09-14 19:57:13.544000+00:00
16657100,Jacky Chan,C0,5,158,109021061,56237899,2026-09-14 20:01:12.798000+00:00
16657100,Jacky Chan,C0,6,158,109022097,56237899,2026-09-14 20:05:12.637000+00:00
16657100,Jacky Chan,C0,7,158,109023112,56237899,2026-09-14 20:09:12.323000+00:00
16657100,Jacky Chan,C0,8,158,109024133,56237899,2026-09-14 20:13:12.762000+00:00
16657100,Jacky Chan,C0,9,158,109025169,56237899,2026-09-14 20:17:12.270000+00:00
16657100,Jacky Chan,C0,10,158,109026196,56237899,2026-09-14 20:21:12.988000+00:00
16657100,Jacky Chan,C0,11,158,109027230,56237899,2026-09-14 20:25:23.710000+00:00
16657100,Jacky Chan,C0,12,158,109028256,56237899,2026-09-14 20:29:19.541000+00:00
16657100,Jacky Chan,C0,13,158,109028470,56237899,2026-09-14 20:29:19.931000+00:00
16657100,Jacky Chan,C0,14,158,109029289,56237899,2026-09-14 20:33:15.646000+00:00
16657100,Jacky Chan,C0,15,158,109030315,56237899,2026-09-14 20:37:14.888000+00:00
16657100,Jacky Chan,C0,16,158,109031371,56237899,2026-09-14 20:41:15.247000+00:00
16657100,Jacky Chan,C0,17,158,109032431,56237899,2026-09-14 20:45:15.214000+00:00
16657100,Jacky Chan,C0,18,158,109033203,56237899,2026-09-14 20:45:16.637000+00:00
16657100,Jacky Chan,C0,19,158,109033450,56237899,2026-09-14 20:49:15.682000+00:00
16657100,Jacky Chan,C0,20,158,109034514,56237899,2026-09-14 20:53:16.326000+00:00
16657100,Jacky Chan,C0,21,158,109035554,56237899,2026-09-14 20:57:16.116000+00:00
16657100,Jacky Chan,C0,22,158,109036595,56237899,2026-09-14 21:01:15.938000+00:00
16657100,Jacky Chan,C0,23,158,109037625,56237899,2026-09-14 21:05:15.319000+00:00
16657100,Jacky Chan,C0,24,158,109038655,56237899,2026-09-14 21:09:15.746000+00:00
16657100,Jacky Chan,C0,25,158,109039689,56237899,2026-09-14 21:13:15.519000+00:00
16657100,Jacky Chan,C0,26,158,109040123,56237899,2026-09-14 21:13:16.230000+00:00
16657100,Jacky Chan,C0,27,158,109040728,56237899,2026-09-14 21:17:16.229000+00:00
16657100,Jacky Chan,C0,28,158,109041770,56237899,2026-09-14 21:21:16.084000+00:00
16657100,Jacky Chan,C0,29,158,109042796,56237899,2026-09-14 21:25:16.133000+00:00
16657100,Jacky Chan,C0,30,158,109043836,56237899,2026-09-14 21:29:16.035000+00:00
16657100,Jacky Chan,C0,31,158,109044861,56237899,2026-09-14 21:33:15.830000+00:00
16657100,Jacky Chan,C0,32,158,109045033,56237899,2026-09-14 21:33:16.116000+00:00
16657100,Jacky Chan,C0,33,158,109045903,56237899,2026-09-14 21:37:16.199000+00:00
16657100,Jacky Chan,C0,34,158,109046944,56237899,2026-09-14 21:41:17.433000+00:00
16657100,Jacky Chan,C0,35,158,109047441,56237899,2026-09-14 21:41:18.785000+00:00
16657100,Jacky Chan,C0,36,158,109047979,56237899,2026-09-14 21:45:18.514000+00:00
16657100,Jacky Chan,C0,37,158,109048040,56237899,2026-09-14 21:45:18.623000+00:00
16657100,Jacky Chan,C0,38,158,109048357,56237899,2026-09-14 21:45:19.431000+00:00
16657100,Jacky Chan,C0,39,158,109049029,56237899,2026-09-14 21:49:16.487000+00:00
16657100,Jacky Chan,C0,40,158,109050053,56237899,2026-09-14 21:53:17.287000+00:00
16657100,Jacky Chan,C0,41,158,109051100,56237899,2026-09-14 21:57:17.069000+00:00
16657100,Jacky Chan,C0,42,158,109052144,56237899,2026-09-14 22:01:17.698000+00:00
16657100,Jacky Chan,C0,43,158,109053172,56237899,2026-09-14 22:05:19.767000+00:00
16657100,Jacky Chan,C0,44,158,109054211,56237899,2026-09-14 22:09:17.430000+00:00
16657100,Jacky Chan,C0,45,158,109055242,56237899,2026-09-14 22:13:16.587000+00:00
16657100,Jacky Chan,C0,46,158,109056277,56237899,2026-09-14 22:17:15.953000+00:00
16657100,Jacky Chan,C0,47,158,109057316,56237899,2026-09-14 22:21:15.839000+00:00
16657100,Jacky Chan,C0,48,158,109058365,56237899,2026-09-14 22:27:34.110000+00:00
16657100,Jacky Chan,C0,49,158,109059410,56237899,2026-09-14 22:31:21.149000+00:00
16880773,最强扫地僧,C0,0,102,109187144,56247187,2026-09-15 06:15:50.415000+00:00
16880773,最强扫地僧,C0,1,102,109188145,56247187,2026-09-15 06:19:52.472000+00:00
16880773,最强扫地僧,C0,2,102,109189165,56247187,2026-09-15 06:23:49.680000+00:00
16880773,最强扫地僧,C0,3,102,109190282,56247187,2026-09-15 06:27:50.804000+00:00
16880773,最强扫地僧,C0,4,102,109191415,56247187,2026-09-15 06:31:51.086000+00:00
16880773,最强扫地僧,C0,5,102,109192522,56247187,2026-09-15 06:35:51.140000+00:00
16880773,最强扫地僧,C0,6,102,109193647,56247187,2026-09-15 06:39:53.377000+00:00
16880773,最强扫地僧,C0,7,102,109194766,56247187,2026-09-15 06:43:50.834000+00:00
16880773,最强扫地僧,C0,8,102,109195799,56247187,2026-09-15 06:47:49.728000+00:00
16880773,最强扫地僧,C0,9,102,109196835,56247187,2026-09-15 06:51:49.918000+00:00
16880773,最强扫地僧,C0,10,102,109197868,56247187,2026-09-15 06:55:55.425000+00:00
16880773,最强扫地僧,C0,11,102,109198898,56247187,2026-09-15 06:59:55.819000+00:00
16880773,最强扫地僧,C0,12,102,109199932,56247187,2026-09-15 07:03:49.764000+00:00
16880773,最强扫地僧,C0,13,102,109200961,56247187,2026-09-15 07:07:49.268000+00:00
16880773,最强扫地僧,C0,14,102,109202001,56247187,2026-09-15 07:11:49.633000+00:00
16880773,最强扫地僧,C0,15,102,109203058,56247187,2026-09-15 07:15:50.198000+00:00
16880773,最强扫地僧,C0,16,102,109204113,56247187,2026-09-15 07:19:52.454000+00:00
16880773,最强扫地僧,C0,17,102,109205197,56247187,2026-09-15 07:23:49.689000+00:00
16880773,最强扫地僧,C0,18,102,109206247,56247187,2026-09-15 07:27:50.304000+00:00
16880773,最强扫地僧,C0,19,102,109207325,56247187,2026-09-15 07:31:49.722000+00:00
16880773,最强扫地僧,C0,20,102,109208413,56247187,2026-09-15 07:35:49.972000+00:00
16880773,最强扫地僧,C0,21,102,109209491,56247187,2026-09-15 07:39:53.989000+00:00
16880773,最强扫地僧,C0,22,102,109210521,56247187,2026-09-15 07:43:51.178000+00:00
16880773,最强扫地僧,C0,23,102,109210709,56247187,2026-09-15 07:43:51.601000+00:00
16880773,最强扫地僧,C0,24,102,109211573,56247187,2026-09-15 07:47:51.753000+00:00
16880773,最强扫地僧,C0,25,102,109211959,56247187,2026-09-15 07:47:52.493000+00:00
16880773,最强扫地僧,C0,26,102,109212627,56247187,2026-09-15 07:51:53.122000+00:00
16880773,最强扫地僧,C0,27,102,109213687,56247187,2026-09-15 07:55:51.162000+00:00
16880773,最强扫地僧,C0,28,102,109214741,56247187,2026-09-15 07:59:54.913000+00:00
16880773,最强扫地僧,C0,29,102,109215805,56247187,2026-09-15 08:03:50.811000+00:00
16880773,最强扫地僧,C0,30,102,109216437,56247187,2026-09-15 08:03:51.921000+00:00
16880773,最强扫地僧,C0,31,102,109216856,56247187,2026-09-15 08:07:50.779000+00:00
16880773,最强扫地僧,C0,32,102,109217930,56247187,2026-09-15 08:11:50.497000+00:00
16880773,最强扫地僧,C0,33,102,109219004,56247187,2026-09-15 08:15:49.852000+00:00
16880773,最强扫地僧,C0,34,102,109220053,56247187,2026-09-15 08:19:53.311000+00:00
16880773,最强扫地僧,C0,35,102,109220687,56247187,2026-09-15 08:19:54.359000+00:00
16880773,最强扫地僧,C0,36,102,109221103,56247187,2026-09-15 08:23:50.871000+00:00
16880773,最强扫地僧,C0,37,102,109222157,56247187,2026-09-15 08:27:50.784000+00:00
16880773,最强扫地僧,C0,38,102,109223199,56247187,2026-09-15 08:31:50.804000+00:00
16880773,最强扫地僧,C0,39,102,109224241,56247187,2026-09-15 08:35:50.379000+00:00
16880773,最强扫地僧,C0,40,102,109225295,56247187,2026-09-15 08:39:56.504000+00:00
16880773,最强扫地僧,C0,41,102,109226350,56247187,2026-09-15 08:43:51.268000+00:00
16880773,最强扫地僧,C0,42,102,109227406,56247187,2026-09-15 08:47:58.371000+00:00
16880773,最强扫地僧,C0,43,102,109228454,56247187,2026-09-15 08:52:02.816000+00:00
16880773,最强扫地僧,C0,44,102,109229490,56247187,2026-09-15 08:55:57.793000+00:00
16880773,最强扫地僧,C0,45,102,109230542,56247187,2026-09-15 08:59:57.983000+00:00
16880773,最强扫地僧,C0,46,102,109231605,56247187,2026-09-15 09:04:05.186000+00:00
16880773,最强扫地僧,C0,47,102,109232660,56247187,2026-09-15 09:08:14.930000+00:00
16880773,最强扫地僧,C0,48,102,109232783,56247187,2026-09-15 09:08:15.160000+00:00
16880773,最强扫地僧,C0,49,102,109233779,56247187,2026-09-15 09:12:00.869000+00:00
16683936,Cyrus,C0,0,190,108843966,56226118,2026-09-14 08:26:49.283000+00:00
16683936,Cyrus,C0,1,190,108844998,56226118,2026-09-14 08:30:51.094000+00:00
16683936,Cyrus,C0,2,190,108845999,56226118,2026-09-14 08:34:50.382000+00:00
16683936,Cyrus,C0,3,190,108846976,56226118,2026-09-14 08:38:57.986000+00:00
16683936,Cyrus,C0,4,190,108848013,56226118,2026-09-14 08:42:51.717000+00:00
16683936,Cyrus,C0,5,190,108849036,56226118,2026-09-14 08:46:54.289000+00:00
16683936,Cyrus,C0,6,190,108850033,56226118,2026-09-14 08:50:54.275000+00:00
16683936,Cyrus,C0,7,190,108851079,56226118,2026-09-14 08:54:55.811000+00:00
16683936,Cyrus,C0,8,190,108852074,56226118,2026-09-14 08:58:59.291000+00:00
16683936,Cyrus,C0,9,190,108853100,56226118,2026-09-14 09:02:54.104000+00:00
16683936,Cyrus,C0,10,190,108854121,56226118,2026-09-14 09:07:02.958000+00:00
16683936,Cyrus,C0,11,190,108855145,56226118,2026-09-14 09:10:59.443000+00:00
16683936,Cyrus,C0,12,190,108856171,56226118,2026-09-14 09:14:50.010000+00:00
16683936,Cyrus,C0,13,190,108857190,56226118,2026-09-14 09:18:53.628000+00:00
16683936,Cyrus,C0,14,190,108857513,56226118,2026-09-14 09:18:54.205000+00:00
16683936,Cyrus,C0,15,190,108857582,56226118,2026-09-14 09:18:54.317000+00:00
16683936,Cyrus,C0,16,190,108858240,56226118,2026-09-14 09:22:48.745000+00:00
16683936,Cyrus,C0,17,190,108859310,56226118,2026-09-14 09:26:49.219000+00:00
16683936,Cyrus,C0,18,190,108860353,56226118,2026-09-14 09:30:49.979000+00:00
16683936,Cyrus,C0,19,190,108861182,56226118,2026-09-14 09:34:56.877000+00:00
16683936,Cyrus,C0,20,190,108862237,56226118,2026-09-14 09:38:53.416000+00:00
16683936,Cyrus,C0,21,190,108863292,56226118,2026-09-14 09:42:49.085000+00:00
16683936,Cyrus,C0,22,190,108864347,56226118,2026-09-14 09:46:50.303000+00:00
16683936,Cyrus,C0,23,190,108865394,56226118,2026-09-14 09:50:52.389000+00:00
16683936,Cyrus,C0,24,190,108866434,56226118,2026-09-14 09:54:54.502000+00:00
16683936,Cyrus,C0,25,190,108867048,56226118,2026-09-14 09:54:55.592000+00:00
16683936,Cyrus,C0,26,190,108867506,56226118,2026-09-14 09:58:52.394000+00:00
16683936,Cyrus,C0,27,190,108868542,56226118,2026-09-14 10:02:50.322000+00:00
16683936,Cyrus,C0,28,190,108869586,56226118,2026-09-14 10:06:50.149000+00:00
16683936,Cyrus,C0,29,190,108870625,56226118,2026-09-14 10:10:51.689000+00:00
16683936,Cyrus,C0,30,190,108871651,56226118,2026-09-14 10:14:50.083000+00:00
16683936,Cyrus,C0,31,190,108872691,56226118,2026-09-14 10:18:54.843000+00:00
16683936,Cyrus,C0,32,190,108873729,56226118,2026-09-14 10:22:54.400000+00:00
16683936,Cyrus,C0,33,190,108874780,56226118,2026-09-14 10:26:49.301000+00:00
16683936,Cyrus,C0,34,190,108875786,56226118,2026-09-14 10:30:51.990000+00:00
16683936,Cyrus,C0,35,190,108875808,56226118,2026-09-14 10:30:52.016000+00:00
16683936,Cyrus,C0,36,190,108876853,56226118,2026-09-14 10:34:51.978000+00:00
16683936,Cyrus,C0,37,190,108877278,56226118,2026-09-14 10:34:52.620000+00:00
16683936,Cyrus,C0,38,190,108877881,56226118,2026-09-14 10:38:52.618000+00:00
16683936,Cyrus,C0,39,190,108878929,56226118,2026-09-14 10:42:49.580000+00:00
16683936,Cyrus,C0,40,190,108879486,56226118,2026-09-14 10:42:50.491000+00:00
16683936,Cyrus,C0,41,190,108879862,56226118,2026-09-14 10:46:51.387000+00:00
16683936,Cyrus,C0,42,190,108879967,56226118,2026-09-14 10:46:51.577000+00:00
16683936,Cyrus,C0,43,190,108880995,56226118,2026-09-14 10:50:51.187000+00:00
16683936,Cyrus,C0,44,190,108882053,56226118,2026-09-14 10:54:51.395000+00:00
16683936,Cyrus,C0,45,190,108883104,56226118,2026-09-14 10:58:53.196000+00:00
16683936,Cyrus,C0,46,190,108884121,56226118,2026-09-14 11:02:49.273000+00:00
16683936,Cyrus,C0,47,190,108885149,56226118,2026-09-14 11:06:49.288000+00:00
16683936,Cyrus,C0,48,190,108886190,56226118,2026-09-14 11:10:49.529000+00:00
16683936,Cyrus,C0,49,190,108887225,56226118,2026-09-14 11:14:50.516000+00:00
16802867,matcha110,C0,0,171,108830623,56225054,2026-09-14 07:34:48.779000+00:00
16802867,matcha110,C0,1,171,108831636,56225054,2026-09-14 07:38:52.622000+00:00
16802867,matcha110,C0,2,171,108832027,56225054,2026-09-14 07:38:53.580000+00:00
16802867,matcha110,C0,3,171,108832639,56225054,2026-09-14 07:42:49.276000+00:00
16802867,matcha110,C0,4,171,108833652,56225054,2026-09-14 07:46:49.239000+00:00
16802867,matcha110,C0,5,171,108834665,56225054,2026-09-14 07:50:48.578000+00:00
16802867,matcha110,C0,6,171,108835698,56225054,2026-09-14 07:54:48.683000+00:00
16802867,matcha110,C0,7,171,108836705,56225054,2026-09-14 07:58:52.395000+00:00
16802867,matcha110,C0,8,171,108837731,56225054,2026-09-14 08:02:50.173000+00:00
16802867,matcha110,C0,9,171,108838797,56225054,2026-09-14 08:06:48.781000+00:00
16802867,matcha110,C0,10,171,108839766,56225054,2026-09-14 08:10:48.605000+00:00
16802867,matcha110,C0,11,171,108840783,56225054,2026-09-14 08:14:50.415000+00:00
16802867,matcha110,C0,12,171,108841797,56225054,2026-09-14 08:19:01.056000+00:00
16802867,matcha110,C0,13,171,108842812,56225054,2026-09-14 08:22:49.369000+00:00
16802867,matcha110,C0,14,171,108843835,56225054,2026-09-14 08:26:49.063000+00:00
16802867,matcha110,C0,15,171,108844194,56225054,2026-09-14 08:26:57.079000+00:00
16802867,matcha110,C0,16,171,108844884,56225054,2026-09-14 08:30:50.939000+00:00
16802867,matcha110,C0,17,171,108845938,56225054,2026-09-14 08:34:50.283000+00:00
16802867,matcha110,C0,18,171,108846333,56225054,2026-09-14 08:34:50.937000+00:00
16802867,matcha110,C0,19,171,108846978,56225054,2026-09-14 08:38:57.989000+00:00
16802867,matcha110,C0,20,171,108847290,56225054,2026-09-14 08:38:58.521000+00:00
16802867,matcha110,C0,21,171,108848072,56225054,2026-09-14 08:42:51.838000+00:00
16802867,matcha110,C0,22,171,108848436,56225054,2026-09-14 08:42:52.483000+00:00
16802867,matcha110,C0,23,171,108848802,56225054,2026-09-14 08:42:53.044000+00:00
16802867,matcha110,C0,24,171,108849138,56225054,2026-09-14 08:46:54.485000+00:00
16802867,matcha110,C0,25,171,108850181,56225054,2026-09-14 08:50:54.497000+00:00
16802867,matcha110,C0,26,171,108851202,56225054,2026-09-14 08:54:56.017000+00:00
16802867,matcha110,C0,27,171,108852240,56225054,2026-09-14 08:58:59.605000+00:00
16802867,matcha110,C0,28,171,108853266,56225054,2026-09-14 09:02:54.395000+00:00
16802867,matcha110,C0,29,171,108854232,56225054,2026-09-14 09:07:03.201000+00:00
16802867,matcha110,C0,30,171,108855346,56225054,2026-09-14 09:10:59.816000+00:00
16802867,matcha110,C0,31,171,108856423,56225054,2026-09-14 09:14:50.485000+00:00
16802867,matcha110,C0,32,171,108857432,56225054,2026-09-14 09:18:54.094000+00:00
16802867,matcha110,C0,33,171,108858500,56225054,2026-09-14 09:22:49.208000+00:00
16802867,matcha110,C0,34,171,108859505,56225054,2026-09-14 09:26:49.584000+00:00
16802867,matcha110,C0,35,171,108860397,56225054,2026-09-14 09:30:50.281000+00:00
16802867,matcha110,C0,36,171,108861340,56225054,2026-09-14 09:34:57.130000+00:00
16802867,matcha110,C0,37,171,108861763,56225054,2026-09-14 09:34:57.898000+00:00
16802867,matcha110,C0,38,171,108862394,56225054,2026-09-14 09:38:53.773000+00:00
16802867,matcha110,C0,39,171,108863418,56225054,2026-09-14 09:42:49.330000+00:00
16802867,matcha110,C0,40,171,108863428,56225054,2026-09-14 09:42:49.343000+00:00
16802867,matcha110,C0,41,171,108864483,56225054,2026-09-14 09:46:50.525000+00:00
16802867,matcha110,C0,42,171,108865524,56225054,2026-09-14 09:50:52.712000+00:00
16802867,matcha110,C0,43,171,108866581,56225054,2026-09-14 09:54:54.734000+00:00
16802867,matcha110,C0,44,171,108867629,56225054,2026-09-14 09:58:52.582000+00:00
16802867,matcha110,C0,45,171,108867882,56225054,2026-09-14 09:58:52.929000+00:00
16802867,matcha110,C0,46,171,108868673,56225054,2026-09-14 10:02:50.513000+00:00
16802867,matcha110,C0,47,171,108869725,56225054,2026-09-14 10:06:50.379000+00:00
16802867,matcha110,C0,48,171,108870147,56225054,2026-09-14 10:06:51.105000+00:00
16802867,matcha110,C0,49,171,108870769,56225054,2026-09-14 10:10:51.908000+00:00
16761744,Daiki Takahashi,C0,0,206,108875692,56228647,2026-09-14 10:30:51.824000+00:00
16761744,Daiki Takahashi,C0,1,206,108876702,56228647,2026-09-14 10:34:51.687000+00:00
16761744,Daiki Takahashi,C0,2,206,108877721,56228647,2026-09-14 10:38:52.385000+00:00
16761744,Daiki Takahashi,C0,3,206,108878730,56228647,2026-09-14 10:42:49.188000+00:00
16761744,Daiki Takahashi,C0,4,206,108879757,56228647,2026-09-14 10:46:51.207000+00:00
16761744,Daiki Takahashi,C0,5,206,108880770,56228647,2026-09-14 10:50:50.702000+00:00
16761744,Daiki Takahashi,C0,6,206,108881801,56228647,2026-09-14 10:54:50.791000+00:00
16761744,Daiki Takahashi,C0,7,206,108882805,56228647,2026-09-14 10:58:52.724000+00:00
16761744,Daiki Takahashi,C0,8,206,108883836,56228647,2026-09-14 11:02:48.708000+00:00
16761744,Daiki Takahashi,C0,9,206,108884827,56228647,2026-09-14 11:06:48.634000+00:00
16761744,Daiki Takahashi,C0,10,206,108885842,56228647,2026-09-14 11:10:48.948000+00:00
16761744,Daiki Takahashi,C0,11,206,108886867,56228647,2026-09-14 11:14:49.855000+00:00
16761744,Daiki Takahashi,C0,12,206,108887891,56228647,2026-09-14 11:18:53.813000+00:00
16761744,Daiki Takahashi,C0,13,206,108888927,56228647,2026-09-14 11:22:51.259000+00:00
16761744,Daiki Takahashi,C0,14,206,108889956,56228647,2026-09-14 11:26:53.269000+00:00
16761744,Daiki Takahashi,C0,15,206,108890716,56228647,2026-09-14 11:30:51.387000+00:00
16761744,Daiki Takahashi,C0,16,206,108891764,56228647,2026-09-14 11:34:50.237000+00:00
16761744,Daiki Takahashi,C0,17,206,108892831,56228647,2026-09-14 11:38:51.676000+00:00
16761744,Daiki Takahashi,C0,18,206,108893847,56228647,2026-09-14 11:42:49.114000+00:00
16761744,Daiki Takahashi,C0,19,206,108894949,56228647,2026-09-14 11:46:48.980000+00:00
16761744,Daiki Takahashi,C0,20,206,108895973,56228647,2026-09-14 11:50:48.835000+00:00
16761744,Daiki Takahashi,C0,21,206,108897017,56228647,2026-09-14 11:54:48.900000+00:00
16761744,Daiki Takahashi,C0,22,206,108898023,56228647,2026-09-14 11:58:49.605000+00:00
16761744,Daiki Takahashi,C0,23,206,108899134,56228647,2026-09-14 12:02:50.295000+00:00
16761744,Daiki Takahashi,C0,24,206,108899924,56228647,2026-09-14 12:02:52.027000+00:00
16761744,Daiki Takahashi,C0,25,206,108900194,56228647,2026-09-14 12:06:52.978000+00:00
16761744,Daiki Takahashi,C0,26,206,108900260,56228647,2026-09-14 12:06:53.112000+00:00
16761744,Daiki Takahashi,C0,27,206,108901242,56228647,2026-09-14 12:10:50.107000+00:00
16761744,Daiki Takahashi,C0,28,206,108902292,56228647,2026-09-14 12:14:49.690000+00:00
16761744,Daiki Takahashi,C0,29,206,108903006,56228647,2026-09-14 12:14:51.282000+00:00
16761744,Daiki Takahashi,C0,30,206,108903349,56228647,2026-09-14 12:18:50.950000+00:00
16761744,Daiki Takahashi,C0,31,206,108904394,56228647,2026-09-14 12:22:49.016000+00:00
16761744,Daiki Takahashi,C0,32,206,108904783,56228647,2026-09-14 12:22:49.976000+00:00
16761744,Daiki Takahashi,C0,33,206,108905434,56228647,2026-09-14 12:26:49.854000+00:00
16761744,Daiki Takahashi,C0,34,206,108905785,56228647,2026-09-14 12:26:50.479000+00:00
16761744,Daiki Takahashi,C0,35,206,108906486,56228647,2026-09-14 12:30:49.809000+00:00
16761744,Daiki Takahashi,C0,36,206,108907530,56228647,2026-09-14 12:34:49.612000+00:00
16761744,Daiki Takahashi,C0,37,206,108907548,56228647,2026-09-14 12:34:49.672000+00:00
16761744,Daiki Takahashi,C0,38,206,108908582,56228647,2026-09-14 12:38:50.990000+00:00
16761744,Daiki Takahashi,C0,39,206,108909621,56228647,2026-09-14 12:42:49.589000+00:00
16761744,Daiki Takahashi,C0,40,206,108910648,56228647,2026-09-14 12:46:49.702000+00:00
16761744,Daiki Takahashi,C0,41,206,108910746,56228647,2026-09-14 12:46:49.904000+00:00
16761744,Daiki Takahashi,C0,42,206,108911712,56228647,2026-09-14 12:50:52.626000+00:00
16761744,Daiki Takahashi,C0,43,206,108912736,56228647,2026-09-14 12:54:49.615000+00:00
16761744,Daiki Takahashi,C0,44,206,108913116,56228647,2026-09-14 12:54:50.376000+00:00
16761744,Daiki Takahashi,C0,45,206,108913775,56228647,2026-09-14 12:58:51.278000+00:00
16761744,Daiki Takahashi,C0,46,206,108914821,56228647,2026-09-14 13:02:49.095000+00:00
16761744,Daiki Takahashi,C0,47,206,108915877,56228647,2026-09-14 13:06:49.574000+00:00
16761744,Daiki Takahashi,C0,48,206,108916912,56228647,2026-09-14 13:10:49.530000+00:00
16761744,Daiki Takahashi,C0,49,206,108917962,56228647,2026-09-14 13:14:49.434000+00:00
16809332,ansheng jhang,C0,0,127,109086083,56241164,2026-09-15 00:11:48.271000+00:00
16809332,ansheng jhang,C0,1,127,109087440,56241164,2026-09-15 00:15:50.707000+00:00
16809332,ansheng jhang,C0,2,127,109088697,56241164,2026-09-15 00:19:49.761000+00:00
16809332,ansheng jhang,C0,3,127,109089911,56241164,2026-09-15 00:23:49.761000+00:00
16809332,ansheng jhang,C0,4,127,109091024,56241164,2026-09-15 00:27:48.970000+00:00
16809332,ansheng jhang,C0,5,127,109092236,56241164,2026-09-15 00:31:46.010000+00:00
16809332,ansheng jhang,C0,6,127,109093319,56241164,2026-09-15 00:35:45.080000+00:00
16809332,ansheng jhang,C0,7,127,109093549,56241164,2026-09-15 00:35:45.457000+00:00
16809332,ansheng jhang,C0,8,127,109094455,56241164,2026-09-15 00:39:49.920000+00:00
16809332,ansheng jhang,C0,9,127,109095764,56241164,2026-09-15 00:43:46.860000+00:00
16809332,ansheng jhang,C0,10,127,109097135,56241164,2026-09-15 00:47:48.524000+00:00
16809332,ansheng jhang,C0,11,127,109098230,56241164,2026-09-15 00:51:45.010000+00:00
16809332,ansheng jhang,C0,12,127,109099516,56241164,2026-09-15 00:55:47.974000+00:00
16809332,ansheng jhang,C0,13,127,109100550,56241164,2026-09-15 00:59:47.670000+00:00
16809332,ansheng jhang,C0,14,127,109101909,56241164,2026-09-15 01:03:46.601000+00:00
16809332,ansheng jhang,C0,15,127,109103115,56241164,2026-09-15 01:07:45.691000+00:00
16809332,ansheng jhang,C0,16,127,109104160,56241164,2026-09-15 01:11:45.289000+00:00
16809332,ansheng jhang,C0,17,127,109105327,56241164,2026-09-15 01:15:46.693000+00:00
16809332,ansheng jhang,C0,18,127,109106376,56241164,2026-09-15 01:19:47.155000+00:00
16809332,ansheng jhang,C0,19,127,109106924,56241164,2026-09-15 01:19:48.065000+00:00
16809332,ansheng jhang,C0,20,127,109107430,56241164,2026-09-15 01:23:45.292000+00:00
16809332,ansheng jhang,C0,21,127,109108571,56241164,2026-09-15 01:27:46.579000+00:00
16809332,ansheng jhang,C0,22,127,109109196,56241164,2026-09-15 01:27:47.663000+00:00
16809332,ansheng jhang,C0,23,127,109109723,56241164,2026-09-15 01:31:47.092000+00:00
16809332,ansheng jhang,C0,24,127,109110785,56241164,2026-09-15 01:35:45.268000+00:00
16809332,ansheng jhang,C0,25,127,109112075,56241164,2026-09-15 01:39:49.673000+00:00
16809332,ansheng jhang,C0,26,127,109113370,56241164,2026-09-15 01:43:48.060000+00:00
16809332,ansheng jhang,C0,27,127,109114489,56241164,2026-09-15 01:47:45.579000+00:00
16809332,ansheng jhang,C0,28,127,109115555,56241164,2026-09-15 01:51:46.958000+00:00
16809332,ansheng jhang,C0,29,127,109116778,56241164,2026-09-15 01:55:46.500000+00:00
16809332,ansheng jhang,C0,30,127,109116825,56241164,2026-09-15 01:55:46.593000+00:00
16809332,ansheng jhang,C0,31,127,109117913,56241164,2026-09-15 01:59:49.759000+00:00
16809332,ansheng jhang,C0,32,127,109118452,56241164,2026-09-15 01:59:50.953000+00:00
16809332,ansheng jhang,C0,33,127,109119047,56241164,2026-09-15 02:03:47.350000+00:00
16809332,ansheng jhang,C0,34,127,109120130,56241164,2026-09-15 02:07:46.178000+00:00
16809332,ansheng jhang,C0,35,127,109121256,56241164,2026-09-15 02:11:47.226000+00:00
16809332,ansheng jhang,C0,36,127,109122318,56241164,2026-09-15 02:15:46.114000+00:00
16809332,ansheng jhang,C0,37,127,109123524,56241164,2026-09-15 02:19:49.068000+00:00
16809332,ansheng jhang,C0,38,127,109124642,56241164,2026-09-15 02:23:46.705000+00:00
16809332,ansheng jhang,C0,39,127,109125896,56241164,2026-09-15 02:27:55.821000+00:00
16809332,ansheng jhang,C0,40,127,109127010,56241164,2026-09-15 02:31:50.577000+00:00
16809332,ansheng jhang,C0,41,127,109128112,56241164,2026-09-15 02:35:51.142000+00:00
16809332,ansheng jhang,C0,42,127,109129222,56241164,2026-09-15 02:39:57.474000+00:00
16809332,ansheng jhang,C0,43,127,109130402,56241164,2026-09-15 02:43:55.704000+00:00
16809332,ansheng jhang,C0,44,127,109131001,56241164,2026-09-15 02:43:57.315000+00:00
16809332,ansheng jhang,C0,45,127,109131514,56241164,2026-09-15 02:47:51.176000+00:00
16809332,ansheng jhang,C0,46,127,109132637,56241164,2026-09-15 02:51:49.819000+00:00
16809332,ansheng jhang,C0,47,127,109133750,56241164,2026-09-15 02:55:49.576000+00:00
16809332,ansheng jhang,C0,48,127,109134865,56241164,2026-09-15 02:59:55.968000+00:00
16809332,ansheng jhang,C0,49,127,109135976,56241164,2026-09-15 03:04:01.408000+00:00
16888254,CaliforniaDog,C0,0,159,109050994,56239445,2026-09-14 21:57:16.707000+00:00
16888254,CaliforniaDog,C0,1,159,109052019,56239445,2026-09-14 22:01:17.426000+00:00
16888254,CaliforniaDog,C0,2,159,109053055,56239445,2026-09-14 22:05:19.497000+00:00
16888254,CaliforniaDog,C0,3,159,109054076,56239445,2026-09-14 22:09:17.104000+00:00
16888254,CaliforniaDog,C0,4,159,109055107,56239445,2026-09-14 22:13:16.338000+00:00
16888254,CaliforniaDog,C0,5,159,109056132,56239445,2026-09-14 22:17:15.691000+00:00
16888254,CaliforniaDog,C0,6,159,109057165,56239445,2026-09-14 22:21:15.601000+00:00
16888254,CaliforniaDog,C0,7,159,109058190,56239445,2026-09-14 22:27:33.426000+00:00
16888254,CaliforniaDog,C0,8,159,109059223,56239445,2026-09-14 22:31:20.901000+00:00
16888254,CaliforniaDog,C0,9,159,109060253,56239445,2026-09-14 22:37:47.310000+00:00
16888254,CaliforniaDog,C0,10,159,109061280,56239445,2026-09-14 22:41:34.372000+00:00
16888254,CaliforniaDog,C0,11,159,109062312,56239445,2026-09-14 22:45:38.010000+00:00
16888254,CaliforniaDog,C0,12,159,109063340,56239445,2026-09-14 22:49:33.428000+00:00
16888254,CaliforniaDog,C0,13,159,109064361,56239445,2026-09-14 22:53:35.277000+00:00
16888254,CaliforniaDog,C0,14,159,109065394,56239445,2026-09-14 22:57:33.882000+00:00
16888254,CaliforniaDog,C0,15,159,109065683,56239445,2026-09-14 22:57:34.319000+00:00
16888254,CaliforniaDog,C0,16,159,109066455,56239445,2026-09-14 23:01:33.035000+00:00
16888254,CaliforniaDog,C0,17,159,109067498,56239445,2026-09-14 23:05:32.951000+00:00
16888254,CaliforniaDog,C0,18,159,109068540,56239445,2026-09-14 23:09:33.090000+00:00
16888254,CaliforniaDog,C0,19,159,109069572,56239445,2026-09-14 23:13:33.278000+00:00
16888254,CaliforniaDog,C0,20,159,109070592,56239445,2026-09-14 23:17:34.280000+00:00
16888254,CaliforniaDog,C0,21,159,109070955,56239445,2026-09-14 23:17:35.007000+00:00
16888254,CaliforniaDog,C0,22,159,109071656,56239445,2026-09-14 23:21:34.004000+00:00
16888254,CaliforniaDog,C0,23,159,109072713,56239445,2026-09-14 23:25:34.127000+00:00
16888254,CaliforniaDog,C0,24,159,109073762,56239445,2026-09-14 23:29:33.741000+00:00
16888254,CaliforniaDog,C0,25,159,109074800,56239445,2026-09-14 23:33:33.540000+00:00
16888254,CaliforniaDog,C0,26,159,109076055,56239445,2026-09-14 23:40:05.423000+00:00
16888254,CaliforniaDog,C0,27,159,109077492,56239445,2026-09-14 23:43:51.617000+00:00
16888254,CaliforniaDog,C0,28,159,109078569,56239445,2026-09-14 23:47:45.516000+00:00
16888254,CaliforniaDog,C0,29,159,109080032,56239445,2026-09-14 23:51:47.858000+00:00
16888254,CaliforniaDog,C0,30,159,109081148,56239445,2026-09-14 23:55:44.882000+00:00
16888254,CaliforniaDog,C0,31,159,109082318,56239445,2026-09-14 23:59:51.571000+00:00
16888254,CaliforniaDog,C0,32,159,109083553,56239445,2026-09-15 00:03:45.414000+00:00
16888254,CaliforniaDog,C0,33,159,109084887,56239445,2026-09-15 00:07:49.185000+00:00
16888254,CaliforniaDog,C0,34,159,109085577,56239445,2026-09-15 00:07:50.262000+00:00
16888254,CaliforniaDog,C0,35,159,109086147,56239445,2026-09-15 00:11:48.371000+00:00
16888254,CaliforniaDog,C0,36,159,109087557,56239445,2026-09-15 00:15:50.890000+00:00
16888254,CaliforniaDog,C0,37,159,109088040,56239445,2026-09-15 00:15:51.758000+00:00
16888254,CaliforniaDog,C0,38,159,109088094,56239445,2026-09-15 00:15:51.865000+00:00
16888254,CaliforniaDog,C0,39,159,109088823,56239445,2026-09-15 00:19:50.023000+00:00
16888254,CaliforniaDog,C0,40,159,109090067,56239445,2026-09-15 00:23:50.001000+00:00
16888254,CaliforniaDog,C0,41,159,109091185,56239445,2026-09-15 00:27:49.220000+00:00
16888254,CaliforniaDog,C0,42,159,109092417,56239445,2026-09-15 00:31:46.317000+00:00
16888254,CaliforniaDog,C0,43,159,109093518,56239445,2026-09-15 00:35:45.393000+00:00
16888254,CaliforniaDog,C0,44,159,109093914,56239445,2026-09-15 00:35:46.063000+00:00
16888254,CaliforniaDog,C0,45,159,109094663,56239445,2026-09-15 00:39:50.413000+00:00
16888254,CaliforniaDog,C0,46,159,109094681,56239445,2026-09-15 00:39:50.469000+00:00
16888254,CaliforniaDog,C0,47,159,109095990,56239445,2026-09-15 00:43:47.301000+00:00
16888254,CaliforniaDog,C0,48,159,109096489,56239445,2026-09-15 00:43:48.309000+00:00
16888254,CaliforniaDog,C0,49,159,109097364,56239445,2026-09-15 00:47:49.051000+00:00
16633944,Toru59er,C0,0,151,109081099,56240612,2026-09-14 23:55:44.808000+00:00
16633944,Toru59er,C0,1,151,109082258,56240612,2026-09-14 23:59:51.466000+00:00
16633944,Toru59er,C0,2,151,109083476,56240612,2026-09-15 00:03:45.268000+00:00
16633944,Toru59er,C0,3,151,109084769,56240612,2026-09-15 00:07:48.918000+00:00
16633944,Toru59er,C0,4,151,109086003,56240612,2026-09-15 00:11:48.096000+00:00
16633944,Toru59er,C0,5,151,109087393,56240612,2026-09-15 00:15:50.614000+00:00
16633944,Toru59er,C0,6,151,109088649,56240612,2026-09-15 00:19:49.631000+00:00
16633944,Toru59er,C0,7,151,109089877,56240612,2026-09-15 00:23:49.694000+00:00
16633944,Toru59er,C0,8,151,109090979,56240612,2026-09-15 00:27:48.917000+00:00
16633944,Toru59er,C0,9,151,109092207,56240612,2026-09-15 00:31:45.977000+00:00
16633944,Toru59er,C0,10,151,109093295,56240612,2026-09-15 00:35:45.051000+00:00
16633944,Toru59er,C0,11,151,109094431,56240612,2026-09-15 00:39:49.884000+00:00
16633944,Toru59er,C0,12,151,109095751,56240612,2026-09-15 00:43:46.844000+00:00
16633944,Toru59er,C0,13,151,109097104,56240612,2026-09-15 00:47:48.482000+00:00
16633944,Toru59er,C0,14,151,109098229,56240612,2026-09-15 00:51:45.008000+00:00
16633944,Toru59er,C0,15,151,109099515,56240612,2026-09-15 00:55:47.973000+00:00
16633944,Toru59er,C0,16,151,109100549,56240612,2026-09-15 00:59:47.668000+00:00
16633944,Toru59er,C0,17,151,109101839,56240612,2026-09-15 01:03:46.518000+00:00
16633944,Toru59er,C0,18,151,109103108,56240612,2026-09-15 01:07:45.680000+00:00
16633944,Toru59er,C0,19,151,109104157,56240612,2026-09-15 01:11:45.286000+00:00
16633944,Toru59er,C0,20,151,109105298,56240612,2026-09-15 01:15:46.661000+00:00
16633944,Toru59er,C0,21,151,109106327,56240612,2026-09-15 01:19:47.072000+00:00
16633944,Toru59er,C0,22,151,109107414,56240612,2026-09-15 01:23:45.256000+00:00
16633944,Toru59er,C0,23,151,109108012,56240612,2026-09-15 01:23:46.462000+00:00
16633944,Toru59er,C0,24,151,109108548,56240612,2026-09-15 01:27:46.522000+00:00
16633944,Toru59er,C0,25,151,109109703,56240612,2026-09-15 01:31:47.066000+00:00
16633944,Toru59er,C0,26,151,109110744,56240612,2026-09-15 01:35:45.193000+00:00
16633944,Toru59er,C0,27,151,109112022,56240612,2026-09-15 01:39:49.582000+00:00
16633944,Toru59er,C0,28,151,109113312,56240612,2026-09-15 01:43:47.883000+00:00
16633944,Toru59er,C0,29,151,109114444,56240612,2026-09-15 01:47:45.492000+00:00
16633944,Toru59er,C0,30,151,109115502,56240612,2026-09-15 01:51:46.694000+00:00
16633944,Toru59er,C0,31,151,109116721,56240612,2026-09-15 01:55:46.409000+00:00
16633944,Toru59er,C0,32,151,109117844,56240612,2026-09-15 01:59:49.651000+00:00
16633944,Toru59er,C0,33,151,109118971,56240612,2026-09-15 02:03:47.227000+00:00
16633944,Toru59er,C0,34,151,109120050,56240612,2026-09-15 02:07:46.020000+00:00
16633944,Toru59er,C0,35,151,109121179,56240612,2026-09-15 02:11:47.089000+00:00
16633944,Toru59er,C0,36,151,109121305,56240612,2026-09-15 02:11:47.317000+00:00
16633944,Toru59er,C0,37,151,109122215,56240612,2026-09-15 02:15:45.965000+00:00
16633944,Toru59er,C0,38,151,109123445,56240612,2026-09-15 02:19:48.908000+00:00
16633944,Toru59er,C0,39,151,109123463,56240612,2026-09-15 02:19:48.964000+00:00
16633944,Toru59er,C0,40,151,109124561,56240612,2026-09-15 02:23:46.488000+00:00
16633944,Toru59er,C0,41,151,109125811,56240612,2026-09-15 02:27:55.700000+00:00
16633944,Toru59er,C0,42,151,109126902,56240612,2026-09-15 02:31:50.134000+00:00
16633944,Toru59er,C0,43,151,109127358,56240612,2026-09-15 02:31:51.285000+00:00
16633944,Toru59er,C0,44,151,109128031,56240612,2026-09-15 02:35:50.758000+00:00
16633944,Toru59er,C0,45,151,109129139,56240612,2026-09-15 02:39:57.306000+00:00
16633944,Toru59er,C0,46,151,109130325,56240612,2026-09-15 02:43:55.570000+00:00
16633944,Toru59er,C0,47,151,109130440,56240612,2026-09-15 02:43:55.753000+00:00
16633944,Toru59er,C0,48,151,109131440,56240612,2026-09-15 02:47:51.058000+00:00
16633944,Toru59er,C0,49,151,109132547,56240612,2026-09-15 02:51:49.691000+00:00
16730720,broccoli,C0,0,205,108874640,56228585,2026-09-14 10:26:49.039000+00:00
16730720,broccoli,C0,1,205,108874666,56228585,2026-09-14 10:26:49.100000+00:00
16730720,broccoli,C0,2,205,108875642,56228585,2026-09-14 10:30:51.770000+00:00
16730720,broccoli,C0,3,205,108876655,56228585,2026-09-14 10:34:51.611000+00:00
16730720,broccoli,C0,4,205,108877663,56228585,2026-09-14 10:38:52.293000+00:00
16730720,broccoli,C0,5,205,108878693,56228585,2026-09-14 10:42:49.109000+00:00
16730720,broccoli,C0,6,205,108879214,56228585,2026-09-14 10:42:50.077000+00:00
16730720,broccoli,C0,7,205,108879700,56228585,2026-09-14 10:46:51.079000+00:00
16730720,broccoli,C0,8,205,108880728,56228585,2026-09-14 10:50:50.635000+00:00
16730720,broccoli,C0,9,205,108881742,56228585,2026-09-14 10:54:50.676000+00:00
16730720,broccoli,C0,10,205,108882761,56228585,2026-09-14 10:58:52.633000+00:00
16730720,broccoli,C0,11,205,108883770,56228585,2026-09-14 11:02:48.619000+00:00
16730720,broccoli,C0,12,205,108884781,56228585,2026-09-14 11:06:48.572000+00:00
16730720,broccoli,C0,13,205,108885802,56228585,2026-09-14 11:10:48.795000+00:00
16730720,broccoli,C0,14,205,108886836,56228585,2026-09-14 11:14:49.819000+00:00
16730720,broccoli,C0,15,205,108887876,56228585,2026-09-14 11:18:53.797000+00:00
16730720,broccoli,C0,16,205,108887985,56228585,2026-09-14 11:18:53.949000+00:00
16730720,broccoli,C0,17,205,108888945,56228585,2026-09-14 11:22:51.297000+00:00
16730720,broccoli,C0,18,205,108890776,56228585,2026-09-14 11:30:51.485000+00:00
16730720,broccoli,C0,19,205,108891817,56228585,2026-09-14 11:34:50.296000+00:00
16730720,broccoli,C0,20,205,108892886,56228585,2026-09-14 11:38:51.813000+00:00
16730720,broccoli,C0,21,205,108893908,56228585,2026-09-14 11:42:49.297000+00:00
16730720,broccoli,C0,22,205,108894967,56228585,2026-09-14 11:46:49.005000+00:00
16730720,broccoli,C0,23,205,108895999,56228585,2026-09-14 11:50:48.954000+00:00
16730720,broccoli,C0,24,205,108897051,56228585,2026-09-14 11:54:48.975000+00:00
16730720,broccoli,C0,25,205,108898150,56228585,2026-09-14 11:58:49.922000+00:00
16730720,broccoli,C0,26,205,108899160,56228585,2026-09-14 12:02:50.327000+00:00
16730720,broccoli,C0,27,205,108900199,56228585,2026-09-14 12:06:52.987000+00:00
16730720,broccoli,C0,28,205,108900468,56228585,2026-09-14 12:06:53.526000+00:00
16730720,broccoli,C0,29,205,108901267,56228585,2026-09-14 12:10:50.173000+00:00
16730720,broccoli,C0,30,205,108902329,56228585,2026-09-14 12:14:49.777000+00:00
16730720,broccoli,C0,31,205,108903363,56228585,2026-09-14 12:18:50.985000+00:00
16730720,broccoli,C0,32,205,108904402,56228585,2026-09-14 12:22:49.028000+00:00
16730720,broccoli,C0,33,205,108904415,56228585,2026-09-14 12:22:49.078000+00:00
16730720,broccoli,C0,34,205,108905464,56228585,2026-09-14 12:26:49.895000+00:00
16730720,broccoli,C0,35,205,108906494,56228585,2026-09-14 12:30:49.822000+00:00
16730720,broccoli,C0,36,205,108907539,56228585,2026-09-14 12:34:49.623000+00:00
16730720,broccoli,C0,37,205,108908607,56228585,2026-09-14 12:38:51.010000+00:00
16730720,broccoli,C0,38,205,108909640,56228585,2026-09-14 12:42:49.615000+00:00
16730720,broccoli,C0,39,205,108910678,56228585,2026-09-14 12:46:49.779000+00:00
16730720,broccoli,C0,40,205,108911719,56228585,2026-09-14 12:50:52.637000+00:00
16730720,broccoli,C0,41,205,108912739,56228585,2026-09-14 12:54:49.618000+00:00
16730720,broccoli,C0,42,205,108913356,56228585,2026-09-14 12:54:50.982000+00:00
16730720,broccoli,C0,43,205,108913793,56228585,2026-09-14 12:58:51.295000+00:00
16730720,broccoli,C0,44,205,108914845,56228585,2026-09-14 13:02:49.127000+00:00
16730720,broccoli,C0,45,205,108915878,56228585,2026-09-14 13:06:49.575000+00:00
16730720,broccoli,C0,46,205,108916924,56228585,2026-09-14 13:10:49.589000+00:00
16730720,broccoli,C0,47,205,108917819,56228585,2026-09-14 13:14:49.116000+00:00
16730720,broccoli,C0,48,205,108917970,56228585,2026-09-14 13:14:49.481000+00:00
16730720,broccoli,C0,49,205,108918905,56228585,2026-09-14 13:18:56.820000+00:00
