team_id,team_name,window,position,history_len,episode_id,sub,create_time
16718819,Majkel1337,F,0,1417,101884378,55851210,2026-08-28 18:33:32.218271900+00:00
16718819,Majkel1337,F,1,1417,101884379,55851213,2026-08-28 18:33:32.219676400+00:00
16718819,Majkel1337,F,2,1417,101886618,55851210,2026-08-28 18:37:32.857685600+00:00
16718819,Majkel1337,F,3,1417,101886619,55851213,2026-08-28 18:37:32.858696200+00:00
16718819,Majkel1337,F,4,1417,101888834,55851210,2026-08-28 18:41:31.680932+00:00
16718819,Majkel1337,F,5,1417,101888836,55851213,2026-08-28 18:41:31.683141800+00:00
16718819,Majkel1337,F,6,1417,101889085,55851213,2026-08-28 18:41:32.010752300+00:00
16718819,Majkel1337,F,7,1417,101889089,55851213,2026-08-28 18:41:32.015748200+00:00
16718819,Majkel1337,F,8,1417,101891049,55851213,2026-08-28 18:45:31.503363100+00:00
16718819,Majkel1337,F,9,1417,101891064,55851210,2026-08-28 18:45:31.517300700+00:00
16718819,Majkel1337,F,10,1417,101893279,55851210,2026-08-28 18:49:34.025997100+00:00
16718819,Majkel1337,F,11,1417,101893305,55851213,2026-08-28 18:49:34.046904800+00:00
16718819,Majkel1337,F,12,1417,101895516,55851210,2026-08-28 18:53:31.347883200+00:00
16718819,Majkel1337,F,13,1417,101895536,55851213,2026-08-28 18:53:31.368416900+00:00
16718819,Majkel1337,F,14,1417,101897743,55851210,2026-08-28 18:57:31.217319600+00:00
16718819,Majkel1337,F,15,1417,101897776,55851213,2026-08-28 18:57:31.258489100+00:00
16718819,Majkel1337,F,16,1417,101899970,55851210,2026-08-28 19:01:31.123059400+00:00
16718819,Majkel1337,F,17,1417,101900025,55851213,2026-08-28 19:01:31.183207+00:00
16718819,Majkel1337,F,18,1417,101902195,55851210,2026-08-28 19:05:32.328725600+00:00
16718819,Majkel1337,F,19,1417,101902263,55851213,2026-08-28 19:05:32.392412800+00:00
16718819,Majkel1337,F,20,1417,101904428,55851210,2026-08-28 19:09:32.639200500+00:00
16718819,Majkel1337,F,21,1417,101904499,55851213,2026-08-28 19:09:32.781322500+00:00
16718819,Majkel1337,F,22,1417,101906662,55851210,2026-08-28 19:13:30.821766200+00:00
16718819,Majkel1337,F,23,1417,101906739,55851213,2026-08-28 19:13:30.936212500+00:00
16718819,Majkel1337,F,24,1417,101908896,55851210,2026-08-28 19:17:30.977132500+00:00
16718819,Majkel1337,F,25,1417,101908969,55851213,2026-08-28 19:17:31.065152+00:00
16718819,Majkel1337,F,26,1417,101911134,55851210,2026-08-28 19:21:30.791737500+00:00
16718819,Majkel1337,F,27,1417,101911206,55851213,2026-08-28 19:21:30.868411200+00:00
16718819,Majkel1337,F,28,1417,101911496,55851210,2026-08-28 19:21:31.262535300+00:00
16718819,Majkel1337,F,29,1417,101913385,55851210,2026-08-28 19:25:31.192463300+00:00
16718819,Majkel1337,F,30,1417,101913419,55851213,2026-08-28 19:25:31.231212+00:00
16718819,Majkel1337,F,31,1417,101913444,55851213,2026-08-28 19:25:31.272222+00:00
16718819,Majkel1337,F,32,1417,101915620,55851210,2026-08-28 19:29:36.968653+00:00
16718819,Majkel1337,F,33,1417,101915714,55851213,2026-08-28 19:29:37.064852200+00:00
16718819,Majkel1337,F,34,1417,101917868,55851210,2026-08-28 19:33:31.507342+00:00
16718819,Majkel1337,F,35,1417,101917930,55851213,2026-08-28 19:33:31.596211300+00:00
16718819,Majkel1337,F,36,1417,101918007,55851210,2026-08-28 19:33:31.720335100+00:00
16718819,Majkel1337,F,37,1417,101920102,55851210,2026-08-28 19:37:30.821585500+00:00
16718819,Majkel1337,F,38,1417,101920170,55851213,2026-08-28 19:37:30.916797300+00:00
16718819,Majkel1337,F,39,1417,101920393,55851210,2026-08-28 19:37:31.296017100+00:00
16718819,Majkel1337,F,40,1417,101922345,55851210,2026-08-28 19:41:31.217656400+00:00
16718819,Majkel1337,F,41,1417,101922416,55851213,2026-08-28 19:41:31.304345100+00:00
16718819,Majkel1337,F,42,1417,101924574,55851210,2026-08-28 19:45:31.914242200+00:00
16718819,Majkel1337,F,43,1417,101924646,55851213,2026-08-28 19:45:32.008394400+00:00
16718819,Majkel1337,F,44,1417,101926813,55851210,2026-08-28 19:49:32.763848900+00:00
16718819,Majkel1337,F,45,1417,101926883,55851213,2026-08-28 19:49:32.858402300+00:00
16718819,Majkel1337,F,46,1417,101929041,55851210,2026-08-28 19:53:29.666546900+00:00
16718819,Majkel1337,F,47,1417,101929112,55851213,2026-08-28 19:53:29.814116300+00:00
16718819,Majkel1337,F,48,1417,101931269,55851210,2026-08-28 19:57:28.370751600+00:00
16718819,Majkel1337,F,49,1417,101931344,55851213,2026-08-28 19:57:28.507363400+00:00
16718819,Majkel1337,Q1,329,1417,106395136,55971664,2026-09-07 08:28:20.417000+00:00
16718819,Majkel1337,Q1,330,1417,106397323,55971664,2026-09-07 08:36:21.078000+00:00
16718819,Majkel1337,Q1,331,1417,106420572,55971664,2026-09-07 10:20:19.509000+00:00
16718819,Majkel1337,Q1,332,1417,106450600,55971664,2026-09-07 12:28:25.989000+00:00
16718819,Majkel1337,Q1,333,1417,106450833,55971664,2026-09-07 12:28:26.410000+00:00
16718819,Majkel1337,Q1,334,1417,106466271,55971664,2026-09-07 13:36:27.264000+00:00
16718819,Majkel1337,Q1,335,1417,106496894,55971664,2026-09-07 15:48:28.193000+00:00
16718819,Majkel1337,Q1,336,1417,106500196,55971664,2026-09-07 16:04:34+00:00
16718819,Majkel1337,Q1,337,1417,106509533,55971664,2026-09-07 16:44:40.995000+00:00
16718819,Majkel1337,Q1,338,1417,106540200,55971664,2026-09-07 18:56:27.581000+00:00
16718819,Majkel1337,Q1,339,1417,106569680,55971664,2026-09-07 21:06:12.311000+00:00
16718819,Majkel1337,Q1,340,1417,106579788,55971664,2026-09-07 21:50:05.803000+00:00
16718819,Majkel1337,Q1,341,1417,106583074,55971664,2026-09-07 22:06:07.195000+00:00
16718819,Majkel1337,Q1,342,1417,106597131,55971664,2026-09-07 23:06:07.278000+00:00
16718819,Majkel1337,Q1,343,1417,106604324,55971664,2026-09-07 23:38:11.020000+00:00
16718819,Majkel1337,Q1,344,1417,106605267,55971664,2026-09-07 23:42:11.594000+00:00
16718819,Majkel1337,Q1,345,1417,106607082,55971664,2026-09-07 23:50:11.566000+00:00
16718819,Majkel1337,Q1,346,1417,106617799,55971664,2026-09-08 00:34:12.337000+00:00
16718819,Majkel1337,Q1,347,1417,106648649,55971664,2026-09-08 02:46:19.112000+00:00
16718819,Majkel1337,Q1,348,1417,106656791,55971664,2026-09-08 03:22:17.723000+00:00
16718819,Majkel1337,Q1,349,1417,106662161,55971664,2026-09-08 03:46:20.037000+00:00
16718819,Majkel1337,Q1,350,1417,106668827,55971664,2026-09-08 04:14:17.758000+00:00
16718819,Majkel1337,Q1,351,1417,106672535,55971664,2026-09-08 04:30:17.414000+00:00
16718819,Majkel1337,Q1,352,1417,106703530,55971664,2026-09-08 06:42:18.026000+00:00
16718819,Majkel1337,Q1,353,1417,106715294,55971664,2026-09-08 07:34:20.376000+00:00
16718819,Majkel1337,Q1,354,1417,106730276,55971664,2026-09-08 08:38:17.225000+00:00
16718819,Majkel1337,Q1,355,1417,106761805,55971664,2026-09-08 10:50:18.371000+00:00
16718819,Majkel1337,Q1,356,1417,106783756,55971664,2026-09-08 12:26:22.595000+00:00
16718819,Majkel1337,Q1,357,1417,106790629,55971664,2026-09-08 12:54:18.135000+00:00
16718819,Majkel1337,Q1,358,1417,106806401,55971664,2026-09-08 14:02:17.659000+00:00
16718819,Majkel1337,Q1,359,1417,106812068,55971664,2026-09-08 14:26:22.642000+00:00
16718819,Majkel1337,Q1,360,1417,106823450,55971664,2026-09-08 15:14:17.035000+00:00
16718819,Majkel1337,Q1,361,1417,106856243,55971664,2026-09-08 17:36:51.686000+00:00
16718819,Majkel1337,Q1,362,1417,106856378,55971664,2026-09-08 17:36:51.902000+00:00
16718819,Majkel1337,Q1,363,1417,106870934,55971664,2026-09-08 18:40:52.877000+00:00
16718819,Majkel1337,Q1,364,1417,106875206,55971664,2026-09-08 18:56:51.362000+00:00
16718819,Majkel1337,Q1,365,1417,106905816,55971664,2026-09-08 21:09:11.036000+00:00
16718819,Majkel1337,Q1,366,1417,106913578,55971664,2026-09-08 21:41:11.346000+00:00
16718819,Majkel1337,Q1,367,1417,106926758,55971664,2026-09-08 22:37:13.147000+00:00
16718819,Majkel1337,Q1,368,1417,106955723,55971664,2026-09-09 00:44:13.519000+00:00
16718819,Majkel1337,Q1,369,1417,106970153,55971664,2026-09-09 01:44:14.284000+00:00
16718819,Majkel1337,Q1,370,1417,107003713,55971664,2026-09-09 04:04:35.068000+00:00
16718819,Majkel1337,Q1,371,1417,107011956,55971664,2026-09-09 04:40:24.786000+00:00
16718819,Majkel1337,Q1,372,1417,107045668,55971664,2026-09-09 07:00:33.500000+00:00
16718819,Majkel1337,Q1,373,1417,107055563,55971664,2026-09-09 07:44:33.204000+00:00
16718819,Majkel1337,Q1,374,1417,107081616,55971664,2026-09-09 09:32:42.894000+00:00
16718819,Majkel1337,Q1,375,1417,107102184,55971664,2026-09-09 10:56:32.908000+00:00
16718819,Majkel1337,Q1,376,1417,107106181,55971664,2026-09-09 11:12:34.368000+00:00
16718819,Majkel1337,Q1,377,1417,107118558,55971664,2026-09-09 12:04:33.414000+00:00
16718819,Majkel1337,Q1,378,1417,107140116,55971664,2026-09-09 13:36:32.468000+00:00
16718819,Majkel1337,Q2,683,1417,107624554,56142830,2026-09-10 23:04:46.684000+00:00
16718819,Majkel1337,Q2,684,1417,107624912,56148003,2026-09-10 23:04:47.214000+00:00
16718819,Majkel1337,Q2,685,1417,107625891,56142830,2026-09-10 23:08:50.090000+00:00
16718819,Majkel1337,Q2,686,1417,107627554,56142830,2026-09-10 23:16:51.908000+00:00
16718819,Majkel1337,Q2,687,1417,107629396,56148003,2026-09-10 23:24:44.993000+00:00
16718819,Majkel1337,Q2,688,1417,107629571,56148003,2026-09-10 23:24:45.225000+00:00
16718819,Majkel1337,Q2,689,1417,107630773,56142830,2026-09-10 23:28:49.524000+00:00
16718819,Majkel1337,Q2,690,1417,107633568,56148003,2026-09-10 23:40:50.223000+00:00
16718819,Majkel1337,Q2,691,1417,107635273,56142830,2026-09-10 23:48:47.029000+00:00
16718819,Majkel1337,Q2,692,1417,107635469,56142830,2026-09-10 23:48:47.391000+00:00
16718819,Majkel1337,Q2,693,1417,107636098,56142830,2026-09-10 23:52:45.282000+00:00
16718819,Majkel1337,Q2,694,1417,107637563,56148003,2026-09-10 23:56:45.907000+00:00
16718819,Majkel1337,Q2,695,1417,107640270,56142830,2026-09-11 00:08:45.034000+00:00
16718819,Majkel1337,Q2,696,1417,107640380,56142830,2026-09-11 00:08:45.234000+00:00
16718819,Majkel1337,Q2,697,1417,107642213,56148003,2026-09-11 00:16:44.615000+00:00
16718819,Majkel1337,Q2,698,1417,107642257,56148003,2026-09-11 00:16:44.685000+00:00
16718819,Majkel1337,Q2,699,1417,107642435,56148003,2026-09-11 00:16:44.998000+00:00
16718819,Majkel1337,Q2,700,1417,107644480,56142830,2026-09-11 00:24:45.902000+00:00
16718819,Majkel1337,Q2,701,1417,107645026,56142830,2026-09-11 00:28:44.334000+00:00
16718819,Majkel1337,Q2,702,1417,107646523,56148003,2026-09-11 00:32:45.287000+00:00
16718819,Majkel1337,Q2,703,1417,107649304,56142830,2026-09-11 00:44:44.935000+00:00
16718819,Majkel1337,Q2,704,1417,107649463,56148003,2026-09-11 00:44:45.189000+00:00
16718819,Majkel1337,Q2,705,1417,107651103,56142830,2026-09-11 00:52:44.409000+00:00
16718819,Majkel1337,Q2,706,1417,107651104,56148003,2026-09-11 00:52:44.409000+00:00
16718819,Majkel1337,Q2,707,1417,107653269,56142830,2026-09-11 01:00:45.280000+00:00
16718819,Majkel1337,Q2,708,1417,107655326,56148003,2026-09-11 01:08:45.303000+00:00
16718819,Majkel1337,Q2,709,1417,107655991,56148003,2026-09-11 01:12:44.470000+00:00
16718819,Majkel1337,Q2,710,1417,107658008,56142830,2026-09-11 01:20:45.382000+00:00
16718819,Majkel1337,Q2,711,1417,107658084,56142830,2026-09-11 01:20:45.491000+00:00
16718819,Majkel1337,Q2,712,1417,107660211,56148003,2026-09-11 01:28:46.025000+00:00
16718819,Majkel1337,Q2,713,1417,107661306,56142830,2026-09-11 01:32:47.595000+00:00
16718819,Majkel1337,Q2,714,1417,107664978,56148003,2026-09-11 01:48:51.507000+00:00
16718819,Majkel1337,Q2,715,1417,107664988,56148003,2026-09-11 01:48:51.516000+00:00
16718819,Majkel1337,Q2,716,1417,107666101,56142830,2026-09-11 01:52:51.275000+00:00
16718819,Majkel1337,Q2,717,1417,107669863,56148003,2026-09-11 02:08:45.080000+00:00
16718819,Majkel1337,Q2,718,1417,107670617,56142830,2026-09-11 02:12:44.617000+00:00
16718819,Majkel1337,Q2,719,1417,107670942,56142830,2026-09-11 02:12:45.238000+00:00
16718819,Majkel1337,Q2,720,1417,107671118,56148003,2026-09-11 02:12:45.605000+00:00
16718819,Majkel1337,Q2,721,1417,107673304,56156662,2026-09-11 02:24:54.173000+00:00
16718819,Majkel1337,Q2,722,1417,107674284,56156662,2026-09-11 02:28:55.683000+00:00
16718819,Majkel1337,Q2,723,1417,107674293,56156662,2026-09-11 02:28:55.694000+00:00
16718819,Majkel1337,Q2,724,1417,107675268,56156662,2026-09-11 02:32:52.412000+00:00
16718819,Majkel1337,Q2,725,1417,107675982,56148003,2026-09-11 02:32:54.111000+00:00
16718819,Majkel1337,Q2,726,1417,107676226,56156662,2026-09-11 02:36:52.483000+00:00
16718819,Majkel1337,Q2,727,1417,107677223,56156662,2026-09-11 02:40:52.383000+00:00
16718819,Majkel1337,Q2,728,1417,107678181,56156662,2026-09-11 02:44:52.387000+00:00
16718819,Majkel1337,Q2,729,1417,107678874,56148003,2026-09-11 02:44:53.678000+00:00
16718819,Majkel1337,Q2,730,1417,107678936,56148003,2026-09-11 02:44:53.780000+00:00
16718819,Majkel1337,Q2,731,1417,107679150,56156662,2026-09-11 02:48:58.877000+00:00
16718819,Majkel1337,Q2,732,1417,107679778,56148003,2026-09-11 02:48:59.828000+00:00
16718819,Majkel1337,Q3,1038,1417,108281700,56148003,2026-09-12 19:30:37.784000+00:00
16718819,Majkel1337,Q3,1039,1417,108285658,56156662,2026-09-12 19:46:35.499000+00:00
16718819,Majkel1337,Q3,1040,1417,108286684,56148003,2026-09-12 19:50:40.997000+00:00
16718819,Majkel1337,Q3,1041,1417,108290604,56156662,2026-09-12 20:06:35.788000+00:00
16718819,Majkel1337,Q3,1042,1417,108291636,56148003,2026-09-12 20:10:39.137000+00:00
16718819,Majkel1337,Q3,1043,1417,108295517,56156662,2026-09-12 20:26:45.799000+00:00
16718819,Majkel1337,Q3,1044,1417,108296555,56148003,2026-09-12 20:30:41.192000+00:00
16718819,Majkel1337,Q3,1045,1417,108300532,56156662,2026-09-12 20:46:35.836000+00:00
16718819,Majkel1337,Q3,1046,1417,108301409,56148003,2026-09-12 20:50:36.476000+00:00
16718819,Majkel1337,Q3,1047,1417,108301413,56148003,2026-09-12 20:50:36.482000+00:00
16718819,Majkel1337,Q3,1048,1417,108305451,56156662,2026-09-12 21:06:38.523000+00:00
16718819,Majkel1337,Q3,1049,1417,108305764,56148003,2026-09-12 21:06:38.980000+00:00
16718819,Majkel1337,Q3,1050,1417,108309734,56156662,2026-09-12 21:22:38.878000+00:00
16718819,Majkel1337,Q3,1051,1417,108310515,56148003,2026-09-12 21:26:40.385000+00:00
16718819,Majkel1337,Q3,1052,1417,108314478,56156662,2026-09-12 21:42:41.914000+00:00
16718819,Majkel1337,Q3,1053,1417,108314796,56148003,2026-09-12 21:42:42.377000+00:00
16718819,Majkel1337,Q3,1054,1417,108318789,56156662,2026-09-12 21:58:41.630000+00:00
16718819,Majkel1337,Q3,1055,1417,108319544,56148003,2026-09-12 22:02:41.378000+00:00
16718819,Majkel1337,Q3,1056,1417,108323526,56156662,2026-09-12 22:18:40.477000+00:00
16718819,Majkel1337,Q3,1057,1417,108323814,56148003,2026-09-12 22:18:40.938000+00:00
16718819,Majkel1337,Q3,1058,1417,108327803,56156662,2026-09-12 22:34:39.794000+00:00
16718819,Majkel1337,Q3,1059,1417,108328552,56148003,2026-09-12 22:38:49.081000+00:00
16718819,Majkel1337,Q3,1060,1417,108332509,56156662,2026-09-12 22:54:39.228000+00:00
16718819,Majkel1337,Q3,1061,1417,108332821,56148003,2026-09-12 22:54:39.675000+00:00
16718819,Majkel1337,Q3,1062,1417,108336738,56156662,2026-09-12 23:10:37.833000+00:00
16718819,Majkel1337,Q3,1063,1417,108336945,56148003,2026-09-12 23:10:38.123000+00:00
16718819,Majkel1337,Q3,1064,1417,108340909,56156662,2026-09-12 23:26:40.336000+00:00
16718819,Majkel1337,Q3,1065,1417,108341578,56148003,2026-09-12 23:30:40.222000+00:00
16718819,Majkel1337,Q3,1066,1417,108345542,56156662,2026-09-12 23:46:46.086000+00:00
16718819,Majkel1337,Q3,1067,1417,108345786,56148003,2026-09-12 23:46:46.445000+00:00
16718819,Majkel1337,Q3,1068,1417,108349757,56156662,2026-09-13 00:02:35.271000+00:00
16718819,Majkel1337,Q3,1069,1417,108349934,56148003,2026-09-13 00:02:35.515000+00:00
16718819,Majkel1337,Q3,1070,1417,108349935,56156662,2026-09-13 00:02:35.517000+00:00
16718819,Majkel1337,Q3,1071,1417,108354766,56148003,2026-09-13 00:22:38.931000+00:00
16718819,Majkel1337,Q3,1072,1417,108354767,56156662,2026-09-13 00:22:38.933000+00:00
16718819,Majkel1337,Q3,1073,1417,108354768,56148003,2026-09-13 00:22:38.933000+00:00
16718819,Majkel1337,Q3,1074,1417,108359084,56148003,2026-09-13 00:38:38.841000+00:00
16718819,Majkel1337,Q3,1075,1417,108359085,56156662,2026-09-13 00:38:38.842000+00:00
16718819,Majkel1337,Q3,1076,1417,108363847,56148003,2026-09-13 00:58:36.825000+00:00
16718819,Majkel1337,Q3,1077,1417,108363848,56156662,2026-09-13 00:58:36.827000+00:00
16718819,Majkel1337,Q3,1078,1417,108368100,56148003,2026-09-13 01:14:36.325000+00:00
16718819,Majkel1337,Q3,1079,1417,108368104,56156662,2026-09-13 01:14:36.325000+00:00
16718819,Majkel1337,Q3,1080,1417,108372809,56148003,2026-09-13 01:34:37.440000+00:00
16718819,Majkel1337,Q3,1081,1417,108372810,56156662,2026-09-13 01:34:37.441000+00:00
16718819,Majkel1337,Q3,1082,1417,108372813,56148003,2026-09-13 01:34:37.474000+00:00
16718819,Majkel1337,Q3,1083,1417,108377042,56156662,2026-09-13 01:50:36.932000+00:00
16718819,Majkel1337,Q3,1084,1417,108377044,56148003,2026-09-13 01:50:36.934000+00:00
16718819,Majkel1337,Q3,1085,1417,108377045,56156662,2026-09-13 01:50:36.936000+00:00
16718819,Majkel1337,Q3,1086,1417,108381188,56148003,2026-09-13 02:06:34.941000+00:00
16718819,Majkel1337,Q3,1087,1417,108381189,56156662,2026-09-13 02:06:34.943000+00:00
16718819,Majkel1337,L,1367,1417,108869119,56216119,2026-09-14 10:02:51.224000+00:00
16718819,Majkel1337,L,1368,1417,108872254,56156662,2026-09-14 10:14:51.033000+00:00
16718819,Majkel1337,L,1369,1417,108875332,56216119,2026-09-14 10:26:50.342000+00:00
16718819,Majkel1337,L,1370,1417,108878440,56156662,2026-09-14 10:38:53.540000+00:00
16718819,Majkel1337,L,1371,1417,108881544,56216119,2026-09-14 10:50:52.177000+00:00
16718819,Majkel1337,L,1372,1417,108882531,56216119,2026-09-14 10:54:52.422000+00:00
16718819,Majkel1337,L,1373,1417,108884657,56216119,2026-09-14 11:02:50.274000+00:00
16718819,Majkel1337,L,1374,1417,108884658,56156662,2026-09-14 11:02:50.275000+00:00
16718819,Majkel1337,L,1375,1417,108890593,56216119,2026-09-14 11:26:56.186000+00:00
16718819,Majkel1337,L,1376,1417,108890595,56156662,2026-09-14 11:26:56.187000+00:00
16718819,Majkel1337,L,1377,1417,108892720,56216119,2026-09-14 11:34:51.810000+00:00
16718819,Majkel1337,L,1378,1417,108896822,56156662,2026-09-14 11:50:50.492000+00:00
16718819,Majkel1337,L,1379,1417,108898869,56216119,2026-09-14 11:58:51.233000+00:00
16718819,Majkel1337,L,1380,1417,108899861,56216119,2026-09-14 12:02:51.814000+00:00
16718819,Majkel1337,L,1381,1417,108902964,56216119,2026-09-14 12:14:51.191000+00:00
16718819,Majkel1337,L,1382,1417,108903865,56156662,2026-09-14 12:18:52.197000+00:00
16718819,Majkel1337,L,1383,1417,108910059,56216119,2026-09-14 12:42:50.478000+00:00
16718819,Majkel1337,L,1384,1417,108910285,56156662,2026-09-14 12:42:50.911000+00:00
16718819,Majkel1337,L,1385,1417,108916488,56216119,2026-09-14 13:06:50.898000+00:00
16718819,Majkel1337,L,1386,1417,108917355,56156662,2026-09-14 13:10:50.400000+00:00
16718819,Majkel1337,L,1387,1417,108917364,56216119,2026-09-14 13:10:50.409000+00:00
16718819,Majkel1337,L,1388,1417,108924592,56156662,2026-09-14 13:39:01.615000+00:00
16718819,Majkel1337,L,1389,1417,108924601,56216119,2026-09-14 13:39:01.628000+00:00
16718819,Majkel1337,L,1390,1417,108931874,56156662,2026-09-14 14:06:50.095000+00:00
16718819,Majkel1337,L,1391,1417,108931883,56216119,2026-09-14 14:06:50.103000+00:00
16718819,Majkel1337,L,1392,1417,108939090,56156662,2026-09-14 14:34:56.194000+00:00
16718819,Majkel1337,L,1393,1417,108939100,56216119,2026-09-14 14:34:56.204000+00:00
16718819,Majkel1337,L,1394,1417,108946326,56156662,2026-09-14 15:02:53.190000+00:00
16718819,Majkel1337,L,1395,1417,108946475,56216119,2026-09-14 15:02:53.195000+00:00
16718819,Majkel1337,L,1396,1417,108953748,56216119,2026-09-14 15:30:53.425000+00:00
16718819,Majkel1337,L,1397,1417,108953735,56216119,2026-09-14 15:30:53.505000+00:00
16718819,Majkel1337,L,1398,1417,108953610,56156662,2026-09-14 15:30:53.507000+00:00
16718819,Majkel1337,L,1399,1417,108960927,56156662,2026-09-14 15:58:58.991000+00:00
16718819,Majkel1337,L,1400,1417,108960982,56216119,2026-09-14 15:58:59.049000+00:00
16718819,Majkel1337,L,1401,1417,108968260,56156662,2026-09-14 16:26:59.318000+00:00
16718819,Majkel1337,L,1402,1417,108969080,56216119,2026-09-14 16:30:50.742000+00:00
16718819,Majkel1337,L,1403,1417,108975457,56156662,2026-09-14 16:54:51.356000+00:00
16718819,Majkel1337,L,1404,1417,108976233,56216119,2026-09-14 16:58:53.209000+00:00
16718819,Majkel1337,L,1405,1417,108982600,56156662,2026-09-14 17:24:42.753000+00:00
16718819,Majkel1337,L,1406,1417,108983486,56216119,2026-09-14 17:28:45.693000+00:00
16718819,Majkel1337,L,1407,1417,108988876,56156662,2026-09-14 17:48:43.154000+00:00
16718819,Majkel1337,L,1408,1417,108989716,56216119,2026-09-14 17:52:41.644000+00:00
16718819,Majkel1337,L,1409,1417,108995069,56156662,2026-09-14 18:12:41.037000+00:00
16718819,Majkel1337,L,1410,1417,108995962,56216119,2026-09-14 18:16:41.060000+00:00
16718819,Majkel1337,L,1411,1417,109001193,56156662,2026-09-14 18:36:46.037000+00:00
16718819,Majkel1337,L,1412,1417,109002218,56216119,2026-09-14 18:40:41.654000+00:00
16718819,Majkel1337,L,1413,1417,109007181,56156662,2026-09-14 19:00:41.546000+00:00
16718819,Majkel1337,L,1414,1417,109007510,56216119,2026-09-14 19:00:42.039000+00:00
16718819,Majkel1337,L,1415,1417,109012503,56156662,2026-09-14 19:20:42.154000+00:00
16718819,Majkel1337,L,1416,1417,109013354,56216119,2026-09-14 19:24:42.198000+00:00
16718819,Majkel1337,C0,0,331,107673304,56156662,2026-09-11 02:24:54.173000+00:00
16718819,Majkel1337,C0,1,331,107674284,56156662,2026-09-11 02:28:55.683000+00:00
16718819,Majkel1337,C0,2,331,107674293,56156662,2026-09-11 02:28:55.694000+00:00
16718819,Majkel1337,C0,3,331,107675268,56156662,2026-09-11 02:32:52.412000+00:00
16718819,Majkel1337,C0,4,331,107676226,56156662,2026-09-11 02:36:52.483000+00:00
16718819,Majkel1337,C0,5,331,107677223,56156662,2026-09-11 02:40:52.383000+00:00
16718819,Majkel1337,C0,6,331,107678181,56156662,2026-09-11 02:44:52.387000+00:00
16718819,Majkel1337,C0,7,331,107679150,56156662,2026-09-11 02:48:58.877000+00:00
16718819,Majkel1337,C0,8,331,107680115,56156662,2026-09-11 02:52:56.095000+00:00
16718819,Majkel1337,C0,9,331,107680370,56156662,2026-09-11 02:52:56.488000+00:00
16718819,Majkel1337,C0,10,331,107681111,56156662,2026-09-11 02:56:56.611000+00:00
16718819,Majkel1337,C0,11,331,107682064,56156662,2026-09-11 03:01:04.435000+00:00
16718819,Majkel1337,C0,12,331,107683029,56156662,2026-09-11 03:05:01.806000+00:00
16718819,Majkel1337,C0,13,331,107684013,56156662,2026-09-11 03:08:52.519000+00:00
16718819,Majkel1337,C0,14,331,107684990,56156662,2026-09-11 03:12:52.066000+00:00
16718819,Majkel1337,C0,15,331,107685970,56156662,2026-09-11 03:16:52.010000+00:00
16718819,Majkel1337,C0,16,331,107686961,56156662,2026-09-11 03:20:51.992000+00:00
16718819,Majkel1337,C0,17,331,107687940,56156662,2026-09-11 03:24:51.959000+00:00
16718819,Majkel1337,C0,18,331,107688964,56156662,2026-09-11 03:28:52.784000+00:00
16718819,Majkel1337,C0,19,331,107689950,56156662,2026-09-11 03:32:52.780000+00:00
16718819,Majkel1337,C0,20,331,107690958,56156662,2026-09-11 03:36:55.037000+00:00
16718819,Majkel1337,C0,21,331,107692001,56156662,2026-09-11 03:40:52.796000+00:00
16718819,Majkel1337,C0,22,331,107692988,56156662,2026-09-11 03:44:52.299000+00:00
16718819,Majkel1337,C0,23,331,107694012,56156662,2026-09-11 03:48:52.202000+00:00
16718819,Majkel1337,C0,24,331,107694982,56156662,2026-09-11 03:52:52.295000+00:00
16718819,Majkel1337,C0,25,331,107695969,56156662,2026-09-11 03:56:53.211000+00:00
16718819,Majkel1337,C0,26,331,107696921,56156662,2026-09-11 04:00:52.001000+00:00
16718819,Majkel1337,C0,27,331,107696961,56156662,2026-09-11 04:00:52.073000+00:00
16718819,Majkel1337,C0,28,331,107697954,56156662,2026-09-11 04:04:52.507000+00:00
16718819,Majkel1337,C0,29,331,107698498,56156662,2026-09-11 04:04:53.290000+00:00
16718819,Majkel1337,C0,30,331,107698961,56156662,2026-09-11 04:08:52.300000+00:00
16718819,Majkel1337,C0,31,331,107699969,56156662,2026-09-11 04:12:52.541000+00:00
16718819,Majkel1337,C0,32,331,107700968,56156662,2026-09-11 04:16:52.049000+00:00
16718819,Majkel1337,C0,33,331,107701974,56156662,2026-09-11 04:20:52.068000+00:00
16718819,Majkel1337,C0,34,331,107702967,56156662,2026-09-11 04:24:52.091000+00:00
16718819,Majkel1337,C0,35,331,107703944,56156662,2026-09-11 04:28:52.809000+00:00
16718819,Majkel1337,C0,36,331,107705015,56156662,2026-09-11 04:32:52.586000+00:00
16718819,Majkel1337,C0,37,331,107705089,56156662,2026-09-11 04:32:52.885000+00:00
16718819,Majkel1337,C0,38,331,107705930,56156662,2026-09-11 04:36:52.141000+00:00
16718819,Majkel1337,C0,39,331,107706919,56156662,2026-09-11 04:40:58.008000+00:00
16718819,Majkel1337,C0,40,331,107707937,56156662,2026-09-11 04:44:54.536000+00:00
16718819,Majkel1337,C0,41,331,107708916,56156662,2026-09-11 04:48:52.941000+00:00
16718819,Majkel1337,C0,42,331,107709931,56156662,2026-09-11 04:52:53.926000+00:00
16718819,Majkel1337,C0,43,331,107710951,56156662,2026-09-11 04:56:53.694000+00:00
16718819,Majkel1337,C0,44,331,107711459,56156662,2026-09-11 04:56:54.431000+00:00
16718819,Majkel1337,C0,45,331,107711912,56156662,2026-09-11 05:00:57.396000+00:00
16718819,Majkel1337,C0,46,331,107712908,56156662,2026-09-11 05:04:52.149000+00:00
16718819,Majkel1337,C0,47,331,107713887,56156662,2026-09-11 05:08:52.430000+00:00
16718819,Majkel1337,C0,48,331,107714084,56156662,2026-09-11 05:08:52.747000+00:00
16718819,Majkel1337,C0,49,331,107714899,56156662,2026-09-11 05:12:52.382000+00:00
16732403,ymg_aq,F,0,5367,96854666,55692726,2026-08-22 14:16:07.331000+00:00
16732403,ymg_aq,F,1,5367,96856964,55692726,2026-08-22 14:20:06.267000+00:00
16732403,ymg_aq,F,2,5367,96859228,55692726,2026-08-22 14:24:02.055000+00:00
16732403,ymg_aq,F,3,5367,96861485,55692726,2026-08-22 14:28:02.778000+00:00
16732403,ymg_aq,F,4,5367,96861488,55692726,2026-08-22 14:28:02.780000+00:00
16732403,ymg_aq,F,5,5367,96863771,55692726,2026-08-22 14:32:03.252000+00:00
16732403,ymg_aq,F,6,5367,96866037,55692726,2026-08-22 14:36:02.311000+00:00
16732403,ymg_aq,F,7,5367,96868324,55692726,2026-08-22 14:40:05.559000+00:00
16732403,ymg_aq,F,8,5367,96870590,55692726,2026-08-22 14:44:07.112000+00:00
16732403,ymg_aq,F,9,5367,96872865,55692726,2026-08-22 14:48:02.325000+00:00
16732403,ymg_aq,F,10,5367,96875150,55692726,2026-08-22 14:52:02.765000+00:00
16732403,ymg_aq,F,11,5367,96877436,55692726,2026-08-22 14:56:02.965000+00:00
16732403,ymg_aq,F,12,5367,96877643,55692726,2026-08-22 14:56:03.263000+00:00
16732403,ymg_aq,F,13,5367,96879714,55692726,2026-08-22 15:00:04.449000+00:00
16732403,ymg_aq,F,14,5367,96882005,55692726,2026-08-22 15:04:03.039000+00:00
16732403,ymg_aq,F,15,5367,96884283,55692726,2026-08-22 15:08:05.095000+00:00
16732403,ymg_aq,F,16,5367,96886580,55692726,2026-08-22 15:12:05.888000+00:00
16732403,ymg_aq,F,17,5367,96888892,55692726,2026-08-22 15:16:02.408000+00:00
16732403,ymg_aq,F,18,5367,96891197,55692726,2026-08-22 15:20:05.709000+00:00
16732403,ymg_aq,F,19,5367,96893480,55692726,2026-08-22 15:24:02.546000+00:00
16732403,ymg_aq,F,20,5367,96895767,55692726,2026-08-22 15:28:01.863000+00:00
16732403,ymg_aq,F,21,5367,96898049,55692726,2026-08-22 15:32:03.242000+00:00
16732403,ymg_aq,F,22,5367,96900346,55692726,2026-08-22 15:36:02.313000+00:00
16732403,ymg_aq,F,23,5367,96902639,55692726,2026-08-22 15:40:05.185000+00:00
16732403,ymg_aq,F,24,5367,96904931,55692726,2026-08-22 15:44:07.006000+00:00
16732403,ymg_aq,F,25,5367,96907215,55692726,2026-08-22 15:48:03.663000+00:00
16732403,ymg_aq,F,26,5367,96909500,55692726,2026-08-22 15:52:02.068000+00:00
16732403,ymg_aq,F,27,5367,96911787,55692726,2026-08-22 15:56:03.258000+00:00
16732403,ymg_aq,F,28,5367,96914082,55692726,2026-08-22 16:00:04.544000+00:00
16732403,ymg_aq,F,29,5367,96916363,55692726,2026-08-22 16:04:01.502000+00:00
16732403,ymg_aq,F,30,5367,96918672,55692726,2026-08-22 16:08:01.961000+00:00
16732403,ymg_aq,F,31,5367,96920967,55692726,2026-08-22 16:12:01.873000+00:00
16732403,ymg_aq,F,32,5367,96923259,55692726,2026-08-22 16:16:03.751000+00:00
16732403,ymg_aq,F,33,5367,96925553,55692726,2026-08-22 16:20:04.536000+00:00
16732403,ymg_aq,F,34,5367,96927838,55692726,2026-08-22 16:24:02.693000+00:00
16732403,ymg_aq,F,35,5367,96930133,55692726,2026-08-22 16:28:02.351000+00:00
16732403,ymg_aq,F,36,5367,96932415,55692726,2026-08-22 16:32:03.700000+00:00
16732403,ymg_aq,F,37,5367,96934713,55692726,2026-08-22 16:36:02.329000+00:00
16732403,ymg_aq,F,38,5367,96936992,55692726,2026-08-22 16:40:04.898000+00:00
16732403,ymg_aq,F,39,5367,96939286,55692726,2026-08-22 16:44:01.791000+00:00
16732403,ymg_aq,F,40,5367,96941583,55692726,2026-08-22 16:48:01.978000+00:00
16732403,ymg_aq,F,41,5367,96943873,55692726,2026-08-22 16:52:01.637000+00:00
16732403,ymg_aq,F,42,5367,96946149,55692726,2026-08-22 16:56:02.667000+00:00
16732403,ymg_aq,F,43,5367,96948443,55692726,2026-08-22 17:00:36.274000+00:00
16732403,ymg_aq,F,44,5367,96950725,55692726,2026-08-22 17:04:31.803000+00:00
16732403,ymg_aq,F,45,5367,96953014,55692726,2026-08-22 17:08:32.154000+00:00
16732403,ymg_aq,F,46,5367,96955297,55692726,2026-08-22 17:12:32.299000+00:00
16732403,ymg_aq,F,47,5367,96957583,55692726,2026-08-22 17:16:32.769000+00:00
16732403,ymg_aq,F,48,5367,96959876,55692726,2026-08-22 17:20:39.950000+00:00
16732403,ymg_aq,F,49,5367,96962173,55692726,2026-08-22 17:24:32.585000+00:00
16732403,ymg_aq,Q1,1317,5367,104959666,55969830,2026-09-02 23:30:18.758000+00:00
16732403,ymg_aq,Q1,1318,5367,104960492,55969830,2026-09-02 23:34:19.909000+00:00
16732403,ymg_aq,Q1,1319,5367,104960495,55969827,2026-09-02 23:34:19.913000+00:00
16732403,ymg_aq,Q1,1320,5367,104961335,55969830,2026-09-02 23:38:18.717000+00:00
16732403,ymg_aq,Q1,1321,5367,104961339,55969827,2026-09-02 23:38:18.722000+00:00
16732403,ymg_aq,Q1,1322,5367,104962175,55969830,2026-09-02 23:42:18.581000+00:00
16732403,ymg_aq,Q1,1323,5367,104962180,55969827,2026-09-02 23:42:18.584000+00:00
16732403,ymg_aq,Q1,1324,5367,104963023,55969827,2026-09-02 23:46:18.553000+00:00
16732403,ymg_aq,Q1,1325,5367,104963024,55969830,2026-09-02 23:46:18.561000+00:00
16732403,ymg_aq,Q1,1326,5367,104963863,55969830,2026-09-02 23:50:18.391000+00:00
16732403,ymg_aq,Q1,1327,5367,104963867,55969827,2026-09-02 23:50:18.397000+00:00
16732403,ymg_aq,Q1,1328,5367,104964700,55969830,2026-09-02 23:54:18.764000+00:00
16732403,ymg_aq,Q1,1329,5367,104964701,55969827,2026-09-02 23:54:18.764000+00:00
16732403,ymg_aq,Q1,1330,5367,104965540,55969827,2026-09-02 23:58:18.596000+00:00
16732403,ymg_aq,Q1,1331,5367,104965543,55969830,2026-09-02 23:58:18.599000+00:00
16732403,ymg_aq,Q1,1332,5367,104966421,55969830,2026-09-03 00:02:18.767000+00:00
16732403,ymg_aq,Q1,1333,5367,104966429,55969827,2026-09-03 00:02:18.778000+00:00
16732403,ymg_aq,Q1,1334,5367,104967292,55969830,2026-09-03 00:06:19.132000+00:00
16732403,ymg_aq,Q1,1335,5367,104967299,55969827,2026-09-03 00:06:19.139000+00:00
16732403,ymg_aq,Q1,1336,5367,104968161,55969830,2026-09-03 00:10:19.185000+00:00
16732403,ymg_aq,Q1,1337,5367,104968178,55969827,2026-09-03 00:10:19.205000+00:00
16732403,ymg_aq,Q1,1338,5367,104969004,55969830,2026-09-03 00:14:22.735000+00:00
16732403,ymg_aq,Q1,1339,5367,104969026,55969827,2026-09-03 00:14:22.759000+00:00
16732403,ymg_aq,Q1,1340,5367,104969846,55969830,2026-09-03 00:18:19.064000+00:00
16732403,ymg_aq,Q1,1341,5367,104969882,55969827,2026-09-03 00:18:19.100000+00:00
16732403,ymg_aq,Q1,1342,5367,104970712,55969830,2026-09-03 00:22:18.866000+00:00
16732403,ymg_aq,Q1,1343,5367,104970795,55969827,2026-09-03 00:22:18.978000+00:00
16732403,ymg_aq,Q1,1344,5367,104971557,55969830,2026-09-03 00:26:19.710000+00:00
16732403,ymg_aq,Q1,1345,5367,104971652,55969827,2026-09-03 00:26:19.846000+00:00
16732403,ymg_aq,Q1,1346,5367,104972443,55969830,2026-09-03 00:30:18.772000+00:00
16732403,ymg_aq,Q1,1347,5367,104972527,55969827,2026-09-03 00:30:18.938000+00:00
16732403,ymg_aq,Q1,1348,5367,104973190,55969830,2026-09-03 00:30:20.184000+00:00
16732403,ymg_aq,Q1,1349,5367,104973373,55969830,2026-09-03 00:34:20.042000+00:00
16732403,ymg_aq,Q1,1350,5367,104973399,55969827,2026-09-03 00:34:20.073000+00:00
16732403,ymg_aq,Q1,1351,5367,104973561,55969827,2026-09-03 00:34:20.343000+00:00
16732403,ymg_aq,Q1,1352,5367,104974224,55969830,2026-09-03 00:38:23.758000+00:00
16732403,ymg_aq,Q1,1353,5367,104974258,55969827,2026-09-03 00:38:23.827000+00:00
16732403,ymg_aq,Q1,1354,5367,104974433,55969830,2026-09-03 00:38:24.070000+00:00
16732403,ymg_aq,Q1,1355,5367,104974638,55969827,2026-09-03 00:38:24.387000+00:00
16732403,ymg_aq,Q1,1356,5367,104974761,55969827,2026-09-03 00:38:24.667000+00:00
16732403,ymg_aq,Q1,1357,5367,104975106,55969830,2026-09-03 00:42:19.967000+00:00
16732403,ymg_aq,Q1,1358,5367,104975135,55969827,2026-09-03 00:42:20.035000+00:00
16732403,ymg_aq,Q1,1359,5367,104975301,55969830,2026-09-03 00:42:20.274000+00:00
16732403,ymg_aq,Q1,1360,5367,104975960,55969830,2026-09-03 00:46:18.854000+00:00
16732403,ymg_aq,Q1,1361,5367,104975993,55969827,2026-09-03 00:46:18.890000+00:00
16732403,ymg_aq,Q1,1362,5367,104976823,55969830,2026-09-03 00:50:19.062000+00:00
16732403,ymg_aq,Q1,1363,5367,104976857,55969827,2026-09-03 00:50:19.154000+00:00
16732403,ymg_aq,Q1,1364,5367,104977670,55969830,2026-09-03 00:54:24.282000+00:00
16732403,ymg_aq,Q1,1365,5367,104977711,55969827,2026-09-03 00:54:24.392000+00:00
16732403,ymg_aq,Q1,1366,5367,104978509,55969830,2026-09-03 00:58:18.832000+00:00
16732403,ymg_aq,Q2,2659,5367,105972581,56029597,2026-09-06 01:31:14.509000+00:00
16732403,ymg_aq,Q2,2660,5367,105973325,56029597,2026-09-06 01:35:14.160000+00:00
16732403,ymg_aq,Q2,2661,5367,105975073,56029584,2026-09-06 01:43:16.289000+00:00
16732403,ymg_aq,Q2,2662,5367,105976150,56029597,2026-09-06 01:47:14.081000+00:00
16732403,ymg_aq,Q2,2663,5367,105976750,56029597,2026-09-06 01:51:13.812000+00:00
16732403,ymg_aq,Q2,2664,5367,105977873,56029584,2026-09-06 01:55:14.200000+00:00
16732403,ymg_aq,Q2,2665,5367,105979642,56029584,2026-09-06 02:03:18.468000+00:00
16732403,ymg_aq,Q2,2666,5367,105979676,56029597,2026-09-06 02:03:18.526000+00:00
16732403,ymg_aq,Q2,2667,5367,105980749,56029597,2026-09-06 02:07:19.408000+00:00
16732403,ymg_aq,Q2,2668,5367,105982498,56029584,2026-09-06 02:15:14.260000+00:00
16732403,ymg_aq,Q2,2669,5367,105983389,56029584,2026-09-06 02:19:18.173000+00:00
16732403,ymg_aq,Q2,2670,5367,105984106,56029597,2026-09-06 02:23:17.524000+00:00
16732403,ymg_aq,Q2,2671,5367,105986171,56029597,2026-09-06 02:31:15.511000+00:00
16732403,ymg_aq,Q2,2672,5367,105986729,56029584,2026-09-06 02:35:14.724000+00:00
16732403,ymg_aq,Q2,2673,5367,105987859,56029584,2026-09-06 02:39:15.102000+00:00
16732403,ymg_aq,Q2,2674,5367,105987940,56029584,2026-09-06 02:39:15.300000+00:00
16732403,ymg_aq,Q2,2675,5367,105988613,56029597,2026-09-06 02:43:17.583000+00:00
16732403,ymg_aq,Q2,2676,5367,105988744,56029584,2026-09-06 02:43:17.863000+00:00
16732403,ymg_aq,Q2,2677,5367,105991553,56029597,2026-09-06 02:55:15.291000+00:00
16732403,ymg_aq,Q2,2678,5367,105991648,56029584,2026-09-06 02:55:15.482000+00:00
16732403,ymg_aq,Q2,2679,5367,105994971,56029584,2026-09-06 03:11:14.258000+00:00
16732403,ymg_aq,Q2,2680,5367,105994986,56029597,2026-09-06 03:11:14.274000+00:00
16732403,ymg_aq,Q2,2681,5367,105995051,56029584,2026-09-06 03:11:14.406000+00:00
16732403,ymg_aq,Q2,2682,5367,105997456,56029597,2026-09-06 03:23:16.478000+00:00
16732403,ymg_aq,Q2,2683,5367,105997805,56029584,2026-09-06 03:23:17.082000+00:00
16732403,ymg_aq,Q2,2684,5367,105997982,56029597,2026-09-06 03:23:17.393000+00:00
16732403,ymg_aq,Q2,2685,5367,105998036,56029584,2026-09-06 03:23:17.484000+00:00
16732403,ymg_aq,Q2,2686,5367,105998937,56029597,2026-09-06 03:27:14.801000+00:00
16732403,ymg_aq,Q2,2687,5367,106001527,56029584,2026-09-06 03:39:13.665000+00:00
16732403,ymg_aq,Q2,2688,5367,106002422,56029597,2026-09-06 03:43:16.663000+00:00
16732403,ymg_aq,Q2,2689,5367,106003139,56029584,2026-09-06 03:47:13.615000+00:00
16732403,ymg_aq,Q2,2690,5367,106004224,56029597,2026-09-06 03:51:44.370000+00:00
16732403,ymg_aq,Q2,2691,5367,106005814,56029597,2026-09-06 03:59:43.766000+00:00
16732403,ymg_aq,Q2,2692,5367,106006278,56029584,2026-09-06 03:59:44.562000+00:00
16732403,ymg_aq,Q2,2693,5367,106006291,56029597,2026-09-06 03:59:44.580000+00:00
16732403,ymg_aq,Q2,2694,5367,106009007,56029584,2026-09-06 04:11:44.087000+00:00
16732403,ymg_aq,Q2,2695,5367,106009788,56029597,2026-09-06 04:15:43.860000+00:00
16732403,ymg_aq,Q2,2696,5367,106009872,56029597,2026-09-06 04:15:43.986000+00:00
16732403,ymg_aq,Q2,2697,5367,106012528,56029584,2026-09-06 04:27:44.300000+00:00
16732403,ymg_aq,Q2,2698,5367,106012535,56029584,2026-09-06 04:27:44.308000+00:00
16732403,ymg_aq,Q2,2699,5367,106013417,56029597,2026-09-06 04:31:43.480000+00:00
16732403,ymg_aq,Q2,2700,5367,106013875,56046663,2026-09-06 04:35:43.230000+00:00
16732403,ymg_aq,Q2,2701,5367,106013879,56046677,2026-09-06 04:35:43.259000+00:00
16732403,ymg_aq,Q2,2702,5367,106014774,56046663,2026-09-06 04:39:43.172000+00:00
16732403,ymg_aq,Q2,2703,5367,106014790,56046677,2026-09-06 04:39:43.189000+00:00
16732403,ymg_aq,Q2,2704,5367,106015658,56046663,2026-09-06 04:43:45.669000+00:00
16732403,ymg_aq,Q2,2705,5367,106015662,56046677,2026-09-06 04:43:45.673000+00:00
16732403,ymg_aq,Q2,2706,5367,106016548,56046663,2026-09-06 04:47:42.664000+00:00
16732403,ymg_aq,Q2,2707,5367,106016565,56046677,2026-09-06 04:47:42.683000+00:00
16732403,ymg_aq,Q2,2708,5367,106017447,56046677,2026-09-06 04:51:42.778000+00:00
16732403,ymg_aq,Q3,4000,5367,107037645,56113325,2026-09-09 06:28:31.665000+00:00
16732403,ymg_aq,Q3,4001,5367,107037726,56113325,2026-09-09 06:28:31.864000+00:00
16732403,ymg_aq,Q3,4002,5367,107038588,56113331,2026-09-09 06:32:32.575000+00:00
16732403,ymg_aq,Q3,4003,5367,107038608,56113325,2026-09-09 06:32:32.595000+00:00
16732403,ymg_aq,Q3,4004,5367,107039545,56113331,2026-09-09 06:36:31.987000+00:00
16732403,ymg_aq,Q3,4005,5367,107039575,56113325,2026-09-09 06:36:32.019000+00:00
16732403,ymg_aq,Q3,4006,5367,107039824,56113325,2026-09-09 06:36:32.533000+00:00
16732403,ymg_aq,Q3,4007,5367,107040490,56113331,2026-09-09 06:40:32.639000+00:00
16732403,ymg_aq,Q3,4008,5367,107040527,56113325,2026-09-09 06:40:32.686000+00:00
16732403,ymg_aq,Q3,4009,5367,107040682,56113331,2026-09-09 06:40:33.025000+00:00
16732403,ymg_aq,Q3,4010,5367,107041471,56113331,2026-09-09 06:44:32.383000+00:00
16732403,ymg_aq,Q3,4011,5367,107041503,56113325,2026-09-09 06:44:32.424000+00:00
16732403,ymg_aq,Q3,4012,5367,107042442,56113331,2026-09-09 06:48:31.826000+00:00
16732403,ymg_aq,Q3,4013,5367,107042465,56113325,2026-09-09 06:48:31.875000+00:00
16732403,ymg_aq,Q3,4014,5367,107042884,56113325,2026-09-09 06:48:32.534000+00:00
16732403,ymg_aq,Q3,4015,5367,107043399,56113331,2026-09-09 06:52:31.827000+00:00
16732403,ymg_aq,Q3,4016,5367,107043433,56113325,2026-09-09 06:52:31.899000+00:00
16732403,ymg_aq,Q3,4017,5367,107043670,56113325,2026-09-09 06:52:32.312000+00:00
16732403,ymg_aq,Q3,4018,5367,107044373,56113331,2026-09-09 06:56:32.417000+00:00
16732403,ymg_aq,Q3,4019,5367,107044417,56113325,2026-09-09 06:56:32.492000+00:00
16732403,ymg_aq,Q3,4020,5367,107045344,56113331,2026-09-09 07:00:32.988000+00:00
16732403,ymg_aq,Q3,4021,5367,107045373,56113325,2026-09-09 07:00:33.019000+00:00
16732403,ymg_aq,Q3,4022,5367,107045610,56113331,2026-09-09 07:00:33.416000+00:00
16732403,ymg_aq,Q3,4023,5367,107046310,56113331,2026-09-09 07:04:37.813000+00:00
16732403,ymg_aq,Q3,4024,5367,107046337,56113325,2026-09-09 07:04:37.872000+00:00
16732403,ymg_aq,Q3,4025,5367,107046348,56113325,2026-09-09 07:04:37.889000+00:00
16732403,ymg_aq,Q3,4026,5367,107047151,56113331,2026-09-09 07:08:34.008000+00:00
16732403,ymg_aq,Q3,4027,5367,107047245,56113331,2026-09-09 07:08:34.169000+00:00
16732403,ymg_aq,Q3,4028,5367,107047273,56113325,2026-09-09 07:08:34.214000+00:00
16732403,ymg_aq,Q3,4029,5367,107048246,56113331,2026-09-09 07:12:32.596000+00:00
16732403,ymg_aq,Q3,4030,5367,107048281,56113325,2026-09-09 07:12:32.649000+00:00
16732403,ymg_aq,Q3,4031,5367,107049223,56113331,2026-09-09 07:16:37.097000+00:00
16732403,ymg_aq,Q3,4032,5367,107049244,56113325,2026-09-09 07:16:37.127000+00:00
16732403,ymg_aq,Q3,4033,5367,107050173,56113331,2026-09-09 07:20:32.713000+00:00
16732403,ymg_aq,Q3,4034,5367,107050206,56113325,2026-09-09 07:20:32.786000+00:00
16732403,ymg_aq,Q3,4035,5367,107050250,56113325,2026-09-09 07:20:32.864000+00:00
16732403,ymg_aq,Q3,4036,5367,107050952,56113331,2026-09-09 07:24:34.479000+00:00
16732403,ymg_aq,Q3,4037,5367,107050968,56113325,2026-09-09 07:24:34.511000+00:00
16732403,ymg_aq,Q3,4038,5367,107051962,56113325,2026-09-09 07:28:31.531000+00:00
16732403,ymg_aq,Q3,4039,5367,107052096,56113331,2026-09-09 07:28:31.762000+00:00
16732403,ymg_aq,Q3,4040,5367,107052130,56113325,2026-09-09 07:28:31.801000+00:00
16732403,ymg_aq,Q3,4041,5367,107053035,56113331,2026-09-09 07:32:31.906000+00:00
16732403,ymg_aq,Q3,4042,5367,107053083,56113325,2026-09-09 07:32:31.981000+00:00
16732403,ymg_aq,Q3,4043,5367,107053999,56113331,2026-09-09 07:36:32.165000+00:00
16732403,ymg_aq,Q3,4044,5367,107054046,56113325,2026-09-09 07:36:32.232000+00:00
16732403,ymg_aq,Q3,4045,5367,107054099,56113331,2026-09-09 07:36:32.376000+00:00
16732403,ymg_aq,Q3,4046,5367,107054982,56113331,2026-09-09 07:40:34.815000+00:00
16732403,ymg_aq,Q3,4047,5367,107055024,56113325,2026-09-09 07:40:34.893000+00:00
16732403,ymg_aq,Q3,4048,5367,107055900,56113325,2026-09-09 07:44:33.793000+00:00
16732403,ymg_aq,Q3,4049,5367,107055943,56113331,2026-09-09 07:44:33.873000+00:00
16732403,ymg_aq,L,5317,5367,108903870,56209748,2026-09-14 12:18:52.206000+00:00
16732403,ymg_aq,L,5318,5367,108910285,56209769,2026-09-14 12:42:50.911000+00:00
16732403,ymg_aq,L,5319,5367,108910289,56209769,2026-09-14 12:42:50.917000+00:00
16732403,ymg_aq,L,5320,5367,108910293,56209748,2026-09-14 12:42:50.919000+00:00
16732403,ymg_aq,L,5321,5367,108917359,56209748,2026-09-14 13:10:50.405000+00:00
16732403,ymg_aq,L,5322,5367,108917360,56209769,2026-09-14 13:10:50.405000+00:00
16732403,ymg_aq,L,5323,5367,108917363,56209748,2026-09-14 13:10:50.408000+00:00
16732403,ymg_aq,L,5324,5367,108924596,56209769,2026-09-14 13:39:01.619000+00:00
16732403,ymg_aq,L,5325,5367,108924597,56209748,2026-09-14 13:39:01.621000+00:00
16732403,ymg_aq,L,5326,5367,108924600,56209748,2026-09-14 13:39:01.623000+00:00
16732403,ymg_aq,L,5327,5367,108924601,56209748,2026-09-14 13:39:01.628000+00:00
16732403,ymg_aq,L,5328,5367,108927405,56209748,2026-09-14 13:50:50.191000+00:00
16732403,ymg_aq,L,5329,5367,108931876,56209769,2026-09-14 14:06:50.097000+00:00
16732403,ymg_aq,L,5330,5367,108931878,56209769,2026-09-14 14:06:50.099000+00:00
16732403,ymg_aq,L,5331,5367,108932963,56209769,2026-09-14 14:10:50.808000+00:00
16732403,ymg_aq,L,5332,5367,108934850,56209748,2026-09-14 14:18:52.384000+00:00
16732403,ymg_aq,L,5333,5367,108934901,56209748,2026-09-14 14:18:52.436000+00:00
16732403,ymg_aq,L,5334,5367,108939091,56209769,2026-09-14 14:34:56.196000+00:00
16732403,ymg_aq,L,5335,5367,108939100,56209748,2026-09-14 14:34:56.204000+00:00
16732403,ymg_aq,L,5336,5367,108946308,56209748,2026-09-14 15:02:53.182000+00:00
16732403,ymg_aq,L,5337,5367,108946316,56209769,2026-09-14 15:02:53.188000+00:00
16732403,ymg_aq,L,5338,5367,108953294,56209769,2026-09-14 15:30:52.612000+00:00
16732403,ymg_aq,L,5339,5367,108953748,56209748,2026-09-14 15:30:53.425000+00:00
16732403,ymg_aq,L,5340,5367,108953735,56209769,2026-09-14 15:30:53.505000+00:00
16732403,ymg_aq,L,5341,5367,108953610,56209748,2026-09-14 15:30:53.507000+00:00
16732403,ymg_aq,L,5342,5367,108953612,56209748,2026-09-14 15:30:53.511000+00:00
16732403,ymg_aq,L,5343,5367,108953644,56209748,2026-09-14 15:30:53.545000+00:00
16732403,ymg_aq,L,5344,5367,108953670,56209748,2026-09-14 15:30:53.563000+00:00
16732403,ymg_aq,L,5345,5367,108956391,56209748,2026-09-14 15:42:54.793000+00:00
16732403,ymg_aq,L,5346,5367,108960975,56209769,2026-09-14 15:58:59.047000+00:00
16732403,ymg_aq,L,5347,5367,108964006,56209748,2026-09-14 16:10:54.326000+00:00
16732403,ymg_aq,L,5348,5367,108969074,56209769,2026-09-14 16:30:50.780000+00:00
16732403,ymg_aq,L,5349,5367,108969259,56209748,2026-09-14 16:30:51.139000+00:00
16732403,ymg_aq,L,5350,5367,108976252,56209769,2026-09-14 16:58:53.219000+00:00
16732403,ymg_aq,L,5351,5367,108976484,56209748,2026-09-14 16:58:53.325000+00:00
16732403,ymg_aq,L,5352,5367,108983486,56209769,2026-09-14 17:28:45.693000+00:00
16732403,ymg_aq,L,5353,5367,108983492,56209769,2026-09-14 17:28:45.697000+00:00
16732403,ymg_aq,L,5354,5367,108983573,56209748,2026-09-14 17:28:45.840000+00:00
16732403,ymg_aq,L,5355,5367,108988667,56209769,2026-09-14 17:48:42.745000+00:00
16732403,ymg_aq,L,5356,5367,108989824,56209748,2026-09-14 17:52:41.787000+00:00
16732403,ymg_aq,L,5357,5367,108991988,56209769,2026-09-14 18:00:43.444000+00:00
16732403,ymg_aq,L,5358,5367,108994978,56209748,2026-09-14 18:12:40.887000+00:00
16732403,ymg_aq,L,5359,5367,108995069,56209769,2026-09-14 18:12:41.037000+00:00
16732403,ymg_aq,L,5360,5367,109001134,56209748,2026-09-14 18:36:45.953000+00:00
16732403,ymg_aq,L,5361,5367,109001196,56209769,2026-09-14 18:36:46.040000+00:00
16732403,ymg_aq,L,5362,5367,109002218,56209769,2026-09-14 18:40:41.654000+00:00
16732403,ymg_aq,L,5363,5367,109006483,56209748,2026-09-14 18:56:41.258000+00:00
16732403,ymg_aq,L,5364,5367,109007507,56209769,2026-09-14 19:00:42.037000+00:00
16732403,ymg_aq,L,5365,5367,109012339,56209748,2026-09-14 19:20:41.880000+00:00
16732403,ymg_aq,L,5366,5367,109013358,56209769,2026-09-14 19:24:42.197000+00:00
16732403,ymg_aq,C0,0,178,108580387,56209769,2026-09-13 15:14:45.588000+00:00
16732403,ymg_aq,C0,1,178,108581388,56209769,2026-09-13 15:18:46.704000+00:00
16732403,ymg_aq,C0,2,178,108582386,56209769,2026-09-13 15:22:43.709000+00:00
16732403,ymg_aq,C0,3,178,108583399,56209769,2026-09-13 15:26:43.182000+00:00
16732403,ymg_aq,C0,4,178,108584391,56209769,2026-09-13 15:30:49.566000+00:00
16732403,ymg_aq,C0,5,178,108585402,56209769,2026-09-13 15:34:44.284000+00:00
16732403,ymg_aq,C0,6,178,108586422,56209769,2026-09-13 15:38:46.940000+00:00
16732403,ymg_aq,C0,7,178,108587433,56209769,2026-09-13 15:42:49.816000+00:00
16732403,ymg_aq,C0,8,178,108588437,56209769,2026-09-13 15:46:48.946000+00:00
16732403,ymg_aq,C0,9,178,108589455,56209769,2026-09-13 15:50:49.763000+00:00
16732403,ymg_aq,C0,10,178,108590483,56209769,2026-09-13 15:54:43.630000+00:00
16732403,ymg_aq,C0,11,178,108591470,56209769,2026-09-13 15:58:46.493000+00:00
16732403,ymg_aq,C0,12,178,108592491,56209769,2026-09-13 16:02:42.856000+00:00
16732403,ymg_aq,C0,13,178,108593499,56209769,2026-09-13 16:06:43.452000+00:00
16732403,ymg_aq,C0,14,178,108594512,56209769,2026-09-13 16:10:45.095000+00:00
16732403,ymg_aq,C0,15,178,108595530,56209769,2026-09-13 16:14:49.038000+00:00
16732403,ymg_aq,C0,16,178,108596572,56209769,2026-09-13 16:18:47.663000+00:00
16732403,ymg_aq,C0,17,178,108597610,56209769,2026-09-13 16:22:44.593000+00:00
16732403,ymg_aq,C0,18,178,108598662,56209769,2026-09-13 16:26:43.245000+00:00
16732403,ymg_aq,C0,19,178,108599699,56209769,2026-09-13 16:30:43.583000+00:00
16732403,ymg_aq,C0,20,178,108600759,56209769,2026-09-13 16:34:46.474000+00:00
16732403,ymg_aq,C0,21,178,108601803,56209769,2026-09-13 16:38:45.414000+00:00
16732403,ymg_aq,C0,22,178,108602797,56209769,2026-09-13 16:42:47.406000+00:00
16732403,ymg_aq,C0,23,178,108603858,56209769,2026-09-13 16:46:50.235000+00:00
16732403,ymg_aq,C0,24,178,108604899,56209769,2026-09-13 16:50:44.687000+00:00
16732403,ymg_aq,C0,25,178,108605903,56209769,2026-09-13 16:54:46.921000+00:00
16732403,ymg_aq,C0,26,178,108606920,56209769,2026-09-13 16:58:44.320000+00:00
16732403,ymg_aq,C0,27,178,108607115,56209769,2026-09-13 16:58:44.598000+00:00
16732403,ymg_aq,C0,28,178,108607948,56209769,2026-09-13 17:02:42.883000+00:00
16732403,ymg_aq,C0,29,178,108608974,56209769,2026-09-13 17:06:43.523000+00:00
16732403,ymg_aq,C0,30,178,108610005,56209769,2026-09-13 17:10:46.881000+00:00
16732403,ymg_aq,C0,31,178,108611035,56209769,2026-09-13 17:14:42.275000+00:00
16732403,ymg_aq,C0,32,178,108612050,56209769,2026-09-13 17:18:43.788000+00:00
16732403,ymg_aq,C0,33,178,108612312,56209769,2026-09-13 17:18:44.218000+00:00
16732403,ymg_aq,C0,34,178,108612394,56209769,2026-09-13 17:18:44.321000+00:00
16732403,ymg_aq,C0,35,178,108613094,56209769,2026-09-13 17:22:43.600000+00:00
16732403,ymg_aq,C0,36,178,108613396,56209769,2026-09-13 17:22:44.076000+00:00
16732403,ymg_aq,C0,37,178,108614115,56209769,2026-09-13 17:26:43.907000+00:00
16732403,ymg_aq,C0,38,178,108615165,56209769,2026-09-13 17:30:42.628000+00:00
16732403,ymg_aq,C0,39,178,108616182,56209769,2026-09-13 17:34:43.429000+00:00
16732403,ymg_aq,C0,40,178,108617215,56209769,2026-09-13 17:38:45.583000+00:00
16732403,ymg_aq,C0,41,178,108618235,56209769,2026-09-13 17:42:43.236000+00:00
16732403,ymg_aq,C0,42,178,108619275,56209769,2026-09-13 17:46:42.882000+00:00
16732403,ymg_aq,C0,43,178,108620291,56209769,2026-09-13 17:50:45.879000+00:00
16732403,ymg_aq,C0,44,178,108620367,56209769,2026-09-13 17:50:46.015000+00:00
16732403,ymg_aq,C0,45,178,108621333,56209769,2026-09-13 17:54:48.134000+00:00
16732403,ymg_aq,C0,46,178,108621966,56209769,2026-09-13 17:54:49.302000+00:00
16732403,ymg_aq,C0,47,178,108622273,56209769,2026-09-13 17:58:50.246000+00:00
16732403,ymg_aq,C0,48,178,108623383,56209769,2026-09-13 18:02:47.633000+00:00
16732403,ymg_aq,C0,49,178,108624401,56209769,2026-09-13 18:06:44.107000+00:00
16640510,SpaTaro,F,0,4524,97692037,55717556,2026-08-23 14:44:52.644982100+00:00
16640510,SpaTaro,F,1,4524,97694316,55717556,2026-08-23 14:48:51.203978100+00:00
16640510,SpaTaro,F,2,4524,97696570,55717556,2026-08-23 14:52:53.334622900+00:00
16640510,SpaTaro,F,3,4524,97698827,55717556,2026-08-23 14:56:54.638583600+00:00
16640510,SpaTaro,F,4,4524,97701116,55717556,2026-08-23 15:00:56.594257200+00:00
16640510,SpaTaro,F,5,4524,97703399,55717556,2026-08-23 15:04:51.021126400+00:00
16640510,SpaTaro,F,6,4524,97705672,55717556,2026-08-23 15:08:50.923515500+00:00
16640510,SpaTaro,F,7,4524,97707949,55717556,2026-08-23 15:12:51.530689+00:00
16640510,SpaTaro,F,8,4524,97710220,55717556,2026-08-23 15:16:52.816853600+00:00
16640510,SpaTaro,F,9,4524,97710225,55717556,2026-08-23 15:16:52.822077100+00:00
16640510,SpaTaro,F,10,4524,97712503,55717556,2026-08-23 15:20:58.855590+00:00
16640510,SpaTaro,F,11,4524,97714835,55717556,2026-08-23 15:24:52.844776500+00:00
16640510,SpaTaro,F,12,4524,97717112,55717556,2026-08-23 15:28:54.229395800+00:00
16640510,SpaTaro,F,13,4524,97719395,55717556,2026-08-23 15:32:54.812263900+00:00
16640510,SpaTaro,F,14,4524,97721706,55717556,2026-08-23 15:36:54.054988600+00:00
16640510,SpaTaro,F,15,4524,97724005,55717556,2026-08-23 15:40:57.956521800+00:00
16640510,SpaTaro,F,16,4524,97726291,55717556,2026-08-23 15:44:51.129918800+00:00
16640510,SpaTaro,F,17,4524,97728602,55717556,2026-08-23 15:48:51.510429300+00:00
16640510,SpaTaro,F,18,4524,97730888,55717556,2026-08-23 15:52:53.028614400+00:00
16640510,SpaTaro,F,19,4524,97733198,55717556,2026-08-23 15:56:51.438996500+00:00
16640510,SpaTaro,F,20,4524,97735489,55717556,2026-08-23 16:00:53.054514+00:00
16640510,SpaTaro,F,21,4524,97737779,55717556,2026-08-23 16:04:50.665541600+00:00
16640510,SpaTaro,F,22,4524,97740073,55717556,2026-08-23 16:08:52.843814600+00:00
16640510,SpaTaro,F,23,4524,97742375,55717556,2026-08-23 16:12:52.167337700+00:00
16640510,SpaTaro,F,24,4524,97744669,55717556,2026-08-23 16:16:50.966064600+00:00
16640510,SpaTaro,F,25,4524,97746971,55717556,2026-08-23 16:20:54.146850200+00:00
16640510,SpaTaro,F,26,4524,97749261,55717556,2026-08-23 16:24:53.171880900+00:00
16640510,SpaTaro,F,27,4524,97751543,55717556,2026-08-23 16:28:58.137505800+00:00
16640510,SpaTaro,F,28,4524,97753834,55717556,2026-08-23 16:32:53.950717800+00:00
16640510,SpaTaro,F,29,4524,97756113,55717556,2026-08-23 16:36:53.838776300+00:00
16640510,SpaTaro,F,30,4524,97758407,55717556,2026-08-23 16:40:53.547030700+00:00
16640510,SpaTaro,F,31,4524,97760692,55717556,2026-08-23 16:44:55.241352800+00:00
16640510,SpaTaro,F,32,4524,97762971,55717556,2026-08-23 16:48:52.500913500+00:00
16640510,SpaTaro,F,33,4524,97765258,55717556,2026-08-23 16:52:51.172867800+00:00
16640510,SpaTaro,F,34,4524,97767553,55717556,2026-08-23 16:56:53.971130900+00:00
16640510,SpaTaro,F,35,4524,97769841,55717556,2026-08-23 17:00:56.703432100+00:00
16640510,SpaTaro,F,36,4524,97772130,55717556,2026-08-23 17:05:01.545294+00:00
16640510,SpaTaro,F,37,4524,97774412,55717556,2026-08-23 17:08:51.970833900+00:00
16640510,SpaTaro,F,38,4524,97776610,55717556,2026-08-23 17:12:50.999631600+00:00
16640510,SpaTaro,F,39,4524,97776703,55717556,2026-08-23 17:12:51.175496600+00:00
16640510,SpaTaro,F,40,4524,97778990,55717556,2026-08-23 17:16:52.469218700+00:00
16640510,SpaTaro,F,41,4524,97781292,55717556,2026-08-23 17:20:58.584875300+00:00
16640510,SpaTaro,F,42,4524,97783530,55717556,2026-08-23 17:24:52.158275200+00:00
16640510,SpaTaro,F,43,4524,97783579,55717556,2026-08-23 17:24:52.235001900+00:00
16640510,SpaTaro,F,44,4524,97785865,55717556,2026-08-23 17:28:52.498386900+00:00
16640510,SpaTaro,F,45,4524,97788197,55717556,2026-08-23 17:32:55.174258+00:00
16640510,SpaTaro,F,46,4524,97790474,55717556,2026-08-23 17:36:53.337237400+00:00
16640510,SpaTaro,F,47,4524,97810922,55717556,2026-08-23 18:12:58.454512500+00:00
16640510,SpaTaro,F,48,4524,97838418,55717556,2026-08-23 19:01:02.293435800+00:00
16640510,SpaTaro,F,49,4524,97865797,55717556,2026-08-23 19:48:55.270951100+00:00
16640510,SpaTaro,Q1,1106,4524,104822849,55891245,2026-09-02 12:28:41.988000+00:00
16640510,SpaTaro,Q1,1107,4524,104824300,55891245,2026-09-02 12:36:41.489000+00:00
16640510,SpaTaro,Q1,1108,4524,104826346,55891245,2026-09-02 12:44:42.646000+00:00
16640510,SpaTaro,Q1,1109,4524,104829551,55891245,2026-09-02 13:00:43.180000+00:00
16640510,SpaTaro,Q1,1110,4524,104830200,55891245,2026-09-02 13:04:41.481000+00:00
16640510,SpaTaro,Q1,1111,4524,104831927,55891245,2026-09-02 13:12:42.266000+00:00
16640510,SpaTaro,Q1,1112,4524,104831986,55891255,2026-09-02 13:12:42.511000+00:00
16640510,SpaTaro,Q1,1113,4524,104834788,55891245,2026-09-02 13:24:42.840000+00:00
16640510,SpaTaro,Q1,1114,4524,104835274,55891245,2026-09-02 13:28:42.462000+00:00
16640510,SpaTaro,Q1,1115,4524,104835867,55962149,2026-09-02 13:32:42.682000+00:00
16640510,SpaTaro,Q1,1116,4524,104836715,55962149,2026-09-02 13:36:42.198000+00:00
16640510,SpaTaro,Q1,1117,4524,104837531,55962149,2026-09-02 13:40:41.442000+00:00
16640510,SpaTaro,Q1,1118,4524,104838305,55962149,2026-09-02 13:44:44.738000+00:00
16640510,SpaTaro,Q1,1119,4524,104839180,55962149,2026-09-02 13:48:42.948000+00:00
16640510,SpaTaro,Q1,1120,4524,104840033,55962149,2026-09-02 13:52:41.603000+00:00
16640510,SpaTaro,Q1,1121,4524,104840883,55962149,2026-09-02 13:56:41.680000+00:00
16640510,SpaTaro,Q1,1122,4524,104841691,55962149,2026-09-02 14:00:41.612000+00:00
16640510,SpaTaro,Q1,1123,4524,104842137,55891255,2026-09-02 14:00:42.721000+00:00
16640510,SpaTaro,Q1,1124,4524,104842542,55962149,2026-09-02 14:04:40.490000+00:00
16640510,SpaTaro,Q1,1125,4524,104843380,55962149,2026-09-02 14:08:41.681000+00:00
16640510,SpaTaro,Q1,1126,4524,104843940,55891255,2026-09-02 14:08:42.682000+00:00
16640510,SpaTaro,Q1,1127,4524,104844205,55962149,2026-09-02 14:12:41.641000+00:00
16640510,SpaTaro,Q1,1128,4524,104845041,55962149,2026-09-02 14:16:41.767000+00:00
16640510,SpaTaro,Q1,1129,4524,104845940,55962149,2026-09-02 14:20:46.067000+00:00
16640510,SpaTaro,Q1,1130,4524,104846721,55962149,2026-09-02 14:24:41.676000+00:00
16640510,SpaTaro,Q1,1131,4524,104846769,55891255,2026-09-02 14:24:41.813000+00:00
16640510,SpaTaro,Q1,1132,4524,104847270,55891255,2026-09-02 14:24:43.215000+00:00
16640510,SpaTaro,Q1,1133,4524,104847556,55962149,2026-09-02 14:28:42.224000+00:00
16640510,SpaTaro,Q1,1134,4524,104848401,55962149,2026-09-02 14:32:41.963000+00:00
16640510,SpaTaro,Q1,1135,4524,104849244,55962149,2026-09-02 14:36:42.262000+00:00
16640510,SpaTaro,Q1,1136,4524,104850087,55962149,2026-09-02 14:40:41.805000+00:00
16640510,SpaTaro,Q1,1137,4524,104850932,55962149,2026-09-02 14:44:42.594000+00:00
16640510,SpaTaro,Q1,1138,4524,104851778,55962149,2026-09-02 14:48:42.964000+00:00
16640510,SpaTaro,Q1,1139,4524,104852636,55962149,2026-09-02 14:52:42.230000+00:00
16640510,SpaTaro,Q1,1140,4524,104853488,55962149,2026-09-02 14:56:41.599000+00:00
16640510,SpaTaro,Q1,1141,4524,104854379,55962149,2026-09-02 15:00:42.054000+00:00
16640510,SpaTaro,Q1,1142,4524,104855231,55962149,2026-09-02 15:04:42.011000+00:00
16640510,SpaTaro,Q1,1143,4524,104856173,55962149,2026-09-02 15:08:42.521000+00:00
16640510,SpaTaro,Q1,1144,4524,104856961,55962149,2026-09-02 15:12:42.643000+00:00
16640510,SpaTaro,Q1,1145,4524,104857809,55962149,2026-09-02 15:16:41.978000+00:00
16640510,SpaTaro,Q1,1146,4524,104857813,55963931,2026-09-02 15:16:41.987000+00:00
16640510,SpaTaro,Q1,1147,4524,104858652,55963931,2026-09-02 15:20:43.205000+00:00
16640510,SpaTaro,Q1,1148,4524,104858674,55962149,2026-09-02 15:20:43.258000+00:00
16640510,SpaTaro,Q1,1149,4524,104858737,55962149,2026-09-02 15:20:43.687000+00:00
16640510,SpaTaro,Q1,1150,4524,104859486,55963931,2026-09-02 15:24:47.201000+00:00
16640510,SpaTaro,Q1,1151,4524,104859528,55962149,2026-09-02 15:24:47.391000+00:00
16640510,SpaTaro,Q1,1152,4524,104860316,55963931,2026-09-02 15:28:42.378000+00:00
16640510,SpaTaro,Q1,1153,4524,104860370,55963931,2026-09-02 15:28:42.542000+00:00
16640510,SpaTaro,Q1,1154,4524,104860386,55962149,2026-09-02 15:28:42.581000+00:00
16640510,SpaTaro,Q1,1155,4524,104861138,55963931,2026-09-02 15:32:42.035000+00:00
16640510,SpaTaro,Q2,2237,4524,105847885,55973044,2026-09-05 16:23:11.215000+00:00
16640510,SpaTaro,Q2,2238,4524,105850748,55964744,2026-09-05 16:35:08.191000+00:00
16640510,SpaTaro,Q2,2239,4524,105851650,55973044,2026-09-05 16:39:09.908000+00:00
16640510,SpaTaro,Q2,2240,4524,105852568,55973044,2026-09-05 16:43:09.630000+00:00
16640510,SpaTaro,Q2,2241,4524,105854030,55964744,2026-09-05 16:51:04.983000+00:00
16640510,SpaTaro,Q2,2242,4524,105855716,55973044,2026-09-05 16:59:08.688000+00:00
16640510,SpaTaro,Q2,2243,4524,105857983,55964744,2026-09-05 17:07:06.203000+00:00
16640510,SpaTaro,Q2,2244,4524,105859747,55973044,2026-09-05 17:15:05.864000+00:00
16640510,SpaTaro,Q2,2245,4524,105862320,55964744,2026-09-05 17:27:11.909000+00:00
16640510,SpaTaro,Q2,2246,4524,105862335,55973044,2026-09-05 17:27:11.961000+00:00
16640510,SpaTaro,Q2,2247,4524,105862828,55964744,2026-09-05 17:31:06.779000+00:00
16640510,SpaTaro,Q2,2248,4524,105864185,55973044,2026-09-05 17:35:07.374000+00:00
16640510,SpaTaro,Q2,2249,4524,105866893,55964744,2026-09-05 17:47:07.624000+00:00
16640510,SpaTaro,Q2,2250,4524,105867856,55973044,2026-09-05 17:51:07.563000+00:00
16640510,SpaTaro,Q2,2251,4524,105868396,55964744,2026-09-05 17:55:12.318000+00:00
16640510,SpaTaro,Q2,2252,4524,105868517,55964744,2026-09-05 17:55:12.535000+00:00
16640510,SpaTaro,Q2,2253,4524,105871550,55973044,2026-09-05 18:07:08.472000+00:00
16640510,SpaTaro,Q2,2254,4524,105872143,55964744,2026-09-05 18:11:08.914000+00:00
16640510,SpaTaro,Q2,2255,4524,105872354,55964744,2026-09-05 18:11:09.227000+00:00
16640510,SpaTaro,Q2,2256,4524,105873586,55973044,2026-09-05 18:19:11.015000+00:00
16640510,SpaTaro,Q2,2257,4524,105874577,55964744,2026-09-05 18:23:14.971000+00:00
16640510,SpaTaro,Q2,2258,4524,105876965,55973044,2026-09-05 18:31:08.008000+00:00
16640510,SpaTaro,Q2,2259,4524,105877811,55964744,2026-09-05 18:35:07.970000+00:00
16640510,SpaTaro,Q2,2260,4524,105878310,55973044,2026-09-05 18:39:07.298000+00:00
16640510,SpaTaro,Q2,2261,4524,105878547,55973044,2026-09-05 18:39:07.717000+00:00
16640510,SpaTaro,Q2,2262,4524,105879284,55964744,2026-09-05 18:43:08.910000+00:00
16640510,SpaTaro,Q2,2263,4524,105879510,55973044,2026-09-05 18:43:09.289000+00:00
16640510,SpaTaro,Q2,2264,4524,105882439,55964744,2026-09-05 18:55:08.917000+00:00
16640510,SpaTaro,Q2,2265,4524,105882926,55973044,2026-09-05 18:59:08.365000+00:00
16640510,SpaTaro,Q2,2266,4524,105883123,55973044,2026-09-05 18:59:08.784000+00:00
16640510,SpaTaro,Q2,2267,4524,105884218,55973044,2026-09-05 19:03:13.521000+00:00
16640510,SpaTaro,Q2,2268,4524,105885955,55964744,2026-09-05 19:11:08.391000+00:00
16640510,SpaTaro,Q2,2269,4524,105887500,55973044,2026-09-05 19:19:06.702000+00:00
16640510,SpaTaro,Q2,2270,4524,105887730,55973044,2026-09-05 19:19:07.091000+00:00
16640510,SpaTaro,Q2,2271,4524,105888601,55964744,2026-09-05 19:23:09.222000+00:00
16640510,SpaTaro,Q2,2272,4524,105888856,55964744,2026-09-05 19:23:09.602000+00:00
16640510,SpaTaro,Q2,2273,4524,105889536,55964744,2026-09-05 19:27:07.882000+00:00
16640510,SpaTaro,Q2,2274,4524,105890083,55964744,2026-09-05 19:31:07.502000+00:00
16640510,SpaTaro,Q2,2275,4524,105890677,55973044,2026-09-05 19:31:08.911000+00:00
16640510,SpaTaro,Q2,2276,4524,105891404,55964744,2026-09-05 19:35:07.865000+00:00
16640510,SpaTaro,Q2,2277,4524,105892001,55973044,2026-09-05 19:39:07.375000+00:00
16640510,SpaTaro,Q2,2278,4524,105892808,55973044,2026-09-05 19:43:08.892000+00:00
16640510,SpaTaro,Q2,2279,4524,105894281,55964744,2026-09-05 19:47:07.672000+00:00
16640510,SpaTaro,Q2,2280,4524,105895086,55973044,2026-09-05 19:51:07.965000+00:00
16640510,SpaTaro,Q2,2281,4524,105895821,55973044,2026-09-05 19:55:07.317000+00:00
16640510,SpaTaro,Q2,2282,4524,105897701,55964744,2026-09-05 20:03:11.567000+00:00
16640510,SpaTaro,Q2,2283,4524,105897793,55964744,2026-09-05 20:03:11.696000+00:00
16640510,SpaTaro,Q2,2284,4524,105897862,55964744,2026-09-05 20:03:11.807000+00:00
16640510,SpaTaro,Q2,2285,4524,105898584,55973044,2026-09-05 20:07:11.927000+00:00
16640510,SpaTaro,Q2,2286,4524,105898751,55973044,2026-09-05 20:07:12.189000+00:00
16640510,SpaTaro,Q3,3368,4524,107053404,56089825,2026-09-09 07:32:32.469000+00:00
16640510,SpaTaro,Q3,3369,4524,107053864,56114097,2026-09-09 07:36:31.924000+00:00
16640510,SpaTaro,Q3,3370,4524,107054111,56114097,2026-09-09 07:36:32.397000+00:00
16640510,SpaTaro,Q3,3371,4524,107054868,56114097,2026-09-09 07:40:34.624000+00:00
16640510,SpaTaro,Q3,3372,4524,107055806,56114097,2026-09-09 07:44:33.622000+00:00
16640510,SpaTaro,Q3,3373,4524,107056771,56114097,2026-09-09 07:48:31.693000+00:00
16640510,SpaTaro,Q3,3374,4524,107057748,56114097,2026-09-09 07:52:32.960000+00:00
16640510,SpaTaro,Q3,3375,4524,107058227,56114097,2026-09-09 07:52:33.695000+00:00
16640510,SpaTaro,Q3,3376,4524,107058719,56114097,2026-09-09 07:56:31.574000+00:00
16640510,SpaTaro,Q3,3377,4524,107059184,56089825,2026-09-09 07:56:32.179000+00:00
16640510,SpaTaro,Q3,3378,4524,107059682,56114097,2026-09-09 08:00:32.464000+00:00
16640510,SpaTaro,Q3,3379,4524,107059683,56114097,2026-09-09 08:00:32.465000+00:00
16640510,SpaTaro,Q3,3380,4524,107060681,56114097,2026-09-09 08:04:36.975000+00:00
16640510,SpaTaro,Q3,3381,4524,107061618,56114097,2026-09-09 08:08:32.303000+00:00
16640510,SpaTaro,Q3,3382,4524,107062595,56114097,2026-09-09 08:12:31.872000+00:00
16640510,SpaTaro,Q3,3383,4524,107063568,56114097,2026-09-09 08:16:32.310000+00:00
16640510,SpaTaro,Q3,3384,4524,107064606,56114097,2026-09-09 08:20:32.880000+00:00
16640510,SpaTaro,Q3,3385,4524,107064978,56089825,2026-09-09 08:20:33.822000+00:00
16640510,SpaTaro,Q3,3386,4524,107065517,56114097,2026-09-09 08:24:34.289000+00:00
16640510,SpaTaro,Q3,3387,4524,107066482,56114097,2026-09-09 08:28:33.375000+00:00
16640510,SpaTaro,Q3,3388,4524,107067490,56114097,2026-09-09 08:32:32.028000+00:00
16640510,SpaTaro,Q3,3389,4524,107068412,56114097,2026-09-09 08:36:32.897000+00:00
16640510,SpaTaro,Q3,3390,4524,107068474,56114097,2026-09-09 08:36:33.065000+00:00
16640510,SpaTaro,Q3,3391,4524,107069364,56114097,2026-09-09 08:40:32.819000+00:00
16640510,SpaTaro,Q3,3392,4524,107070315,56114097,2026-09-09 08:44:34.488000+00:00
16640510,SpaTaro,Q3,3393,4524,107070532,56089825,2026-09-09 08:44:35.077000+00:00
16640510,SpaTaro,Q3,3394,4524,107071295,56114097,2026-09-09 08:48:32.472000+00:00
16640510,SpaTaro,Q3,3395,4524,107072268,56114097,2026-09-09 08:52:40.900000+00:00
16640510,SpaTaro,Q3,3396,4524,107073206,56114097,2026-09-09 08:56:41.520000+00:00
16640510,SpaTaro,Q3,3397,4524,107074230,56114097,2026-09-09 09:00:40.883000+00:00
16640510,SpaTaro,Q3,3398,4524,107075204,56114097,2026-09-09 09:04:37.984000+00:00
16640510,SpaTaro,Q3,3399,4524,107076232,56114097,2026-09-09 09:08:39.783000+00:00
16640510,SpaTaro,Q3,3400,4524,107077140,56114097,2026-09-09 09:12:40.668000+00:00
16640510,SpaTaro,Q3,3401,4524,107077327,56089825,2026-09-09 09:12:41.025000+00:00
16640510,SpaTaro,Q3,3402,4524,107078090,56114097,2026-09-09 09:16:38.990000+00:00
16640510,SpaTaro,Q3,3403,4524,107079052,56114097,2026-09-09 09:20:48.164000+00:00
16640510,SpaTaro,Q3,3404,4524,107080122,56114097,2026-09-09 09:24:41.689000+00:00
16640510,SpaTaro,Q3,3405,4524,107080984,56114097,2026-09-09 09:28:38.883000+00:00
16640510,SpaTaro,Q3,3406,4524,107081944,56114097,2026-09-09 09:32:43.601000+00:00
16640510,SpaTaro,Q3,3407,4524,107082907,56114097,2026-09-09 09:36:38.984000+00:00
16640510,SpaTaro,Q3,3408,4524,107083875,56114097,2026-09-09 09:40:40.975000+00:00
16640510,SpaTaro,Q3,3409,4524,107084021,56089825,2026-09-09 09:40:41.359000+00:00
16640510,SpaTaro,Q3,3410,4524,107084049,56114097,2026-09-09 09:40:41.417000+00:00
16640510,SpaTaro,Q3,3411,4524,107084850,56114097,2026-09-09 09:44:45.388000+00:00
16640510,SpaTaro,Q3,3412,4524,107085820,56114097,2026-09-09 09:48:36.527000+00:00
16640510,SpaTaro,Q3,3413,4524,107086791,56114097,2026-09-09 09:52:31.198000+00:00
16640510,SpaTaro,Q3,3414,4524,107087753,56114097,2026-09-09 09:56:32.865000+00:00
16640510,SpaTaro,Q3,3415,4524,107088718,56114097,2026-09-09 10:00:31.592000+00:00
16640510,SpaTaro,Q3,3416,4524,107089680,56114097,2026-09-09 10:04:37.476000+00:00
16640510,SpaTaro,Q3,3417,4524,107089867,56089825,2026-09-09 10:04:37.791000+00:00
16640510,SpaTaro,L,4474,4524,108878423,56114097,2026-09-14 10:38:53.521000+00:00
16640510,SpaTaro,L,4475,4524,108878440,56114097,2026-09-14 10:38:53.540000+00:00
16640510,SpaTaro,L,4476,4524,108880471,56162707,2026-09-14 10:46:52.471000+00:00
16640510,SpaTaro,L,4477,4524,108883657,56162707,2026-09-14 10:58:54.218000+00:00
16640510,SpaTaro,L,4478,4524,108884657,56114097,2026-09-14 11:02:50.274000+00:00
16640510,SpaTaro,L,4479,4524,108889803,56162707,2026-09-14 11:22:53.836000+00:00
16640510,SpaTaro,L,4480,4524,108890594,56114097,2026-09-14 11:26:56.186000+00:00
16640510,SpaTaro,L,4481,4524,108893256,56114097,2026-09-14 11:38:52.521000+00:00
16640510,SpaTaro,L,4482,4524,108894781,56162707,2026-09-14 11:42:50.981000+00:00
16640510,SpaTaro,L,4483,4524,108896822,56114097,2026-09-14 11:50:50.492000+00:00
16640510,SpaTaro,L,4484,4524,108898869,56162707,2026-09-14 11:58:51.233000+00:00
16640510,SpaTaro,L,4485,4524,108903867,56114097,2026-09-14 12:18:52.200000+00:00
16640510,SpaTaro,L,4486,4524,108905950,56162707,2026-09-14 12:26:50.778000+00:00
16640510,SpaTaro,L,4487,4524,108910287,56114097,2026-09-14 12:42:50.915000+00:00
16640510,SpaTaro,L,4488,4524,108910288,56162707,2026-09-14 12:42:50.915000+00:00
16640510,SpaTaro,L,4489,4524,108917355,56114097,2026-09-14 13:10:50.400000+00:00
16640510,SpaTaro,L,4490,4524,108917357,56114097,2026-09-14 13:10:50.403000+00:00
16640510,SpaTaro,L,4491,4524,108917359,56162707,2026-09-14 13:10:50.405000+00:00
16640510,SpaTaro,L,4492,4524,108922487,56162707,2026-09-14 13:30:51.142000+00:00
16640510,SpaTaro,L,4493,4524,108924592,56162707,2026-09-14 13:39:01.615000+00:00
16640510,SpaTaro,L,4494,4524,108924594,56114097,2026-09-14 13:39:01.617000+00:00
16640510,SpaTaro,L,4495,4524,108924598,56162707,2026-09-14 13:39:01.621000+00:00
16640510,SpaTaro,L,4496,4524,108931874,56162707,2026-09-14 14:06:50.095000+00:00
16640510,SpaTaro,L,4497,4524,108931876,56114097,2026-09-14 14:06:50.097000+00:00
16640510,SpaTaro,L,4498,4524,108931880,56162707,2026-09-14 14:06:50.102000+00:00
16640510,SpaTaro,L,4499,4524,108931883,56162707,2026-09-14 14:06:50.103000+00:00
16640510,SpaTaro,L,4500,4524,108939091,56114097,2026-09-14 14:34:56.196000+00:00
16640510,SpaTaro,L,4501,4524,108939095,56162707,2026-09-14 14:34:56.202000+00:00
16640510,SpaTaro,L,4502,4524,108944240,56162707,2026-09-14 14:54:50.678000+00:00
16640510,SpaTaro,L,4503,4524,108946326,56162707,2026-09-14 15:02:53.190000+00:00
16640510,SpaTaro,L,4504,4524,108946333,56114097,2026-09-14 15:02:53.192000+00:00
16640510,SpaTaro,L,4505,4524,108946334,56162707,2026-09-14 15:02:53.206000+00:00
16640510,SpaTaro,L,4506,4524,108953291,56162707,2026-09-14 15:30:52.607000+00:00
16640510,SpaTaro,L,4507,4524,108954593,56162707,2026-09-14 15:34:53.337000+00:00
16640510,SpaTaro,L,4508,4524,108961946,56162707,2026-09-14 16:02:58.084000+00:00
16640510,SpaTaro,L,4509,4524,108969259,56162707,2026-09-14 16:30:51.139000+00:00
16640510,SpaTaro,L,4510,4524,108976233,56162707,2026-09-14 16:58:53.209000+00:00
16640510,SpaTaro,L,4511,4524,108976252,56162707,2026-09-14 16:58:53.219000+00:00
16640510,SpaTaro,L,4512,4524,108976486,56162707,2026-09-14 16:58:53.596000+00:00
16640510,SpaTaro,L,4513,4524,108983521,56162707,2026-09-14 17:28:45.756000+00:00
16640510,SpaTaro,L,4514,4524,108983569,56162707,2026-09-14 17:28:45.843000+00:00
16640510,SpaTaro,L,4515,4524,108989817,56162707,2026-09-14 17:52:41.786000+00:00
16640510,SpaTaro,L,4516,4524,108989824,56162707,2026-09-14 17:52:41.787000+00:00
16640510,SpaTaro,L,4517,4524,108989807,56162707,2026-09-14 17:52:41.792000+00:00
16640510,SpaTaro,L,4518,4524,108993694,56162707,2026-09-14 18:08:41.976000+00:00
16640510,SpaTaro,L,4519,4524,109000023,56162707,2026-09-14 18:32:41.049000+00:00
16640510,SpaTaro,L,4520,4524,109005417,56162707,2026-09-14 18:52:41.793000+00:00
16640510,SpaTaro,L,4521,4524,109008094,56162707,2026-09-14 19:04:40.700000+00:00
16640510,SpaTaro,L,4522,4524,109012339,56162707,2026-09-14 19:20:41.880000+00:00
16640510,SpaTaro,L,4523,4524,109013354,56162707,2026-09-14 19:24:42.198000+00:00
16640510,SpaTaro,C0,0,456,107776884,56162707,2026-09-11 09:25:22.684000+00:00
16640510,SpaTaro,C0,1,456,107777869,56162707,2026-09-11 09:29:22.603000+00:00
16640510,SpaTaro,C0,2,456,107778863,56162707,2026-09-11 09:33:22.477000+00:00
16640510,SpaTaro,C0,3,456,107779848,56162707,2026-09-11 09:37:22.884000+00:00
16640510,SpaTaro,C0,4,456,107780589,56162707,2026-09-11 09:37:24.094000+00:00
16640510,SpaTaro,C0,5,456,107780788,56162707,2026-09-11 09:41:23.310000+00:00
16640510,SpaTaro,C0,6,456,107781812,56162707,2026-09-11 09:45:22.474000+00:00
16640510,SpaTaro,C0,7,456,107782761,56162707,2026-09-11 09:49:22.702000+00:00
16640510,SpaTaro,C0,8,456,107783563,56162707,2026-09-11 09:49:23.986000+00:00
16640510,SpaTaro,C0,9,456,107783734,56162707,2026-09-11 09:53:22.377000+00:00
16640510,SpaTaro,C0,10,456,107784767,56162707,2026-09-11 09:57:23.176000+00:00
16640510,SpaTaro,C0,11,456,107785762,56162707,2026-09-11 10:01:22.507000+00:00
16640510,SpaTaro,C0,12,456,107786764,56162707,2026-09-11 10:05:22.878000+00:00
16640510,SpaTaro,C0,13,456,107787862,56162707,2026-09-11 10:09:22.971000+00:00
16640510,SpaTaro,C0,14,456,107788690,56162707,2026-09-11 10:13:24.592000+00:00
16640510,SpaTaro,C0,15,456,107789042,56162707,2026-09-11 10:13:24.988000+00:00
16640510,SpaTaro,C0,16,456,107789776,56162707,2026-09-11 10:17:23.611000+00:00
16640510,SpaTaro,C0,17,456,107790767,56162707,2026-09-11 10:21:26.301000+00:00
16640510,SpaTaro,C0,18,456,107791775,56162707,2026-09-11 10:25:23.888000+00:00
16640510,SpaTaro,C0,19,456,107792783,56162707,2026-09-11 10:29:28.641000+00:00
16640510,SpaTaro,C0,20,456,107793773,56162707,2026-09-11 10:33:24.341000+00:00
16640510,SpaTaro,C0,21,456,107794752,56162707,2026-09-11 10:37:23.183000+00:00
16640510,SpaTaro,C0,22,456,107795737,56162707,2026-09-11 10:41:23.332000+00:00
16640510,SpaTaro,C0,23,456,107796730,56162707,2026-09-11 10:45:22.880000+00:00
16640510,SpaTaro,C0,24,456,107797726,56162707,2026-09-11 10:49:23.598000+00:00
16640510,SpaTaro,C0,25,456,107798717,56162707,2026-09-11 10:53:22.482000+00:00
16640510,SpaTaro,C0,26,456,107799705,56162707,2026-09-11 10:57:23.514000+00:00
16640510,SpaTaro,C0,27,456,107800707,56162707,2026-09-11 11:01:22.281000+00:00
16640510,SpaTaro,C0,28,456,107801690,56162707,2026-09-11 11:05:22.355000+00:00
16640510,SpaTaro,C0,29,456,107802685,56162707,2026-09-11 11:09:22.990000+00:00
16640510,SpaTaro,C0,30,456,107803663,56162707,2026-09-11 11:13:22.599000+00:00
16640510,SpaTaro,C0,31,456,107804650,56162707,2026-09-11 11:17:25.394000+00:00
16640510,SpaTaro,C0,32,456,107805645,56162707,2026-09-11 11:21:22.343000+00:00
16640510,SpaTaro,C0,33,456,107806651,56162707,2026-09-11 11:25:26.970000+00:00
16640510,SpaTaro,C0,34,456,107807642,56162707,2026-09-11 11:29:26.772000+00:00
16640510,SpaTaro,C0,35,456,107808632,56162707,2026-09-11 11:33:25.496000+00:00
16640510,SpaTaro,C0,36,456,107809635,56162707,2026-09-11 11:37:22.486000+00:00
16640510,SpaTaro,C0,37,456,107810614,56162707,2026-09-11 11:41:22.379000+00:00
16640510,SpaTaro,C0,38,456,107811606,56162707,2026-09-11 11:45:23.289000+00:00
16640510,SpaTaro,C0,39,456,107812593,56162707,2026-09-11 11:49:22.486000+00:00
16640510,SpaTaro,C0,40,456,107813589,56162707,2026-09-11 11:53:23.285000+00:00
16640510,SpaTaro,C0,41,456,107814590,56162707,2026-09-11 11:57:22.406000+00:00
16640510,SpaTaro,C0,42,456,107815008,56162707,2026-09-11 11:57:23.084000+00:00
16640510,SpaTaro,C0,43,456,107815579,56162707,2026-09-11 12:01:22.405000+00:00
16640510,SpaTaro,C0,44,456,107816575,56162707,2026-09-11 12:05:22.498000+00:00
16640510,SpaTaro,C0,45,456,107817577,56162707,2026-09-11 12:09:23.380000+00:00
16640510,SpaTaro,C0,46,456,107818568,56162707,2026-09-11 12:13:22.720000+00:00
16640510,SpaTaro,C0,47,456,107819566,56162707,2026-09-11 12:17:22.348000+00:00
16640510,SpaTaro,C0,48,456,107820577,56162707,2026-09-11 12:21:22.634000+00:00
16640510,SpaTaro,C0,49,456,107821586,56162707,2026-09-11 12:25:22.274000+00:00
16622349,Mengfei Li,F,0,9162,89469266,55179265,2026-08-02 06:27:11.913229200+00:00
16622349,Mengfei Li,F,1,9162,89469791,55179265,2026-08-02 06:31:11.924288900+00:00
16622349,Mengfei Li,F,2,9162,89470325,55179265,2026-08-02 06:35:16.331757300+00:00
16622349,Mengfei Li,F,3,9162,89470350,55179265,2026-08-02 06:35:16.359351100+00:00
16622349,Mengfei Li,F,4,9162,89470880,55179265,2026-08-02 06:39:12.932847900+00:00
16622349,Mengfei Li,F,5,9162,89471429,55179265,2026-08-02 06:43:12.132925700+00:00
16622349,Mengfei Li,F,6,9162,89471964,55179265,2026-08-02 06:47:12.332615+00:00
16622349,Mengfei Li,F,7,9162,90004966,55248928,2026-08-04 20:00:46.457950800+00:00
16622349,Mengfei Li,F,8,9162,90005604,55248928,2026-08-04 20:04:47.950673800+00:00
16622349,Mengfei Li,F,9,9162,90006248,55248928,2026-08-04 20:08:42.760819300+00:00
16622349,Mengfei Li,F,10,9162,90006896,55248928,2026-08-04 20:12:42.512366900+00:00
16622349,Mengfei Li,F,11,9162,90007534,55248928,2026-08-04 20:16:41.229528400+00:00
16622349,Mengfei Li,F,12,9162,90008179,55248928,2026-08-04 20:20:41.350662600+00:00
16622349,Mengfei Li,F,13,9162,90008823,55248928,2026-08-04 20:24:42.905610800+00:00
16622349,Mengfei Li,F,14,9162,90009465,55248928,2026-08-04 20:28:41.196527800+00:00
16622349,Mengfei Li,F,15,9162,90010106,55248928,2026-08-04 20:32:43.106256200+00:00
16622349,Mengfei Li,F,16,9162,90010223,55248928,2026-08-04 20:32:43.261358500+00:00
16622349,Mengfei Li,F,17,9162,90010245,55248928,2026-08-04 20:32:43.286381900+00:00
16622349,Mengfei Li,F,18,9162,90010763,55248928,2026-08-04 20:36:46.925008100+00:00
16622349,Mengfei Li,F,19,9162,90011408,55248928,2026-08-04 20:40:43.117462300+00:00
16622349,Mengfei Li,F,20,9162,90012052,55248928,2026-08-04 20:44:47.246546300+00:00
16622349,Mengfei Li,F,21,9162,90012704,55248928,2026-08-04 20:48:40.887226700+00:00
16622349,Mengfei Li,F,22,9162,90013347,55248928,2026-08-04 20:52:41.618962300+00:00
16622349,Mengfei Li,F,23,9162,90013994,55248928,2026-08-04 20:56:43.217148500+00:00
16622349,Mengfei Li,F,24,9162,90014636,55248928,2026-08-04 21:00:41.199875900+00:00
16622349,Mengfei Li,F,25,9162,90014640,55248928,2026-08-04 21:00:41.204020+00:00
16622349,Mengfei Li,F,26,9162,90015300,55248928,2026-08-04 21:04:47.549145300+00:00
16622349,Mengfei Li,F,27,9162,90015951,55248928,2026-08-04 21:08:43.412059600+00:00
16622349,Mengfei Li,F,28,9162,90016601,55248928,2026-08-04 21:12:43.511428800+00:00
16622349,Mengfei Li,F,29,9162,90017251,55248928,2026-08-04 21:16:42.067771100+00:00
16622349,Mengfei Li,F,30,9162,90017910,55248928,2026-08-04 21:20:40.717661+00:00
16622349,Mengfei Li,F,31,9162,90018559,55248928,2026-08-04 21:24:46.700854300+00:00
16622349,Mengfei Li,F,32,9162,90019248,55248928,2026-08-04 21:28:40.704529+00:00
16622349,Mengfei Li,F,33,9162,90019892,55248928,2026-08-04 21:32:43.457243600+00:00
16622349,Mengfei Li,F,34,9162,90020551,55248928,2026-08-04 21:36:42.255549200+00:00
16622349,Mengfei Li,F,35,9162,90021200,55248928,2026-08-04 21:41:02.913736900+00:00
16622349,Mengfei Li,F,36,9162,90021851,55248928,2026-08-04 21:44:59.960834100+00:00
16622349,Mengfei Li,F,37,9162,90022487,55248928,2026-08-04 21:48:58.284607800+00:00
16622349,Mengfei Li,F,38,9162,90022529,55248928,2026-08-04 21:48:58.350781200+00:00
16622349,Mengfei Li,F,39,9162,90023151,55248928,2026-08-04 21:53:01.839613400+00:00
16622349,Mengfei Li,F,40,9162,90023806,55248928,2026-08-04 21:56:59.240468600+00:00
16622349,Mengfei Li,F,41,9162,90023878,55248928,2026-08-04 21:56:59.327314300+00:00
16622349,Mengfei Li,F,42,9162,90024459,55248928,2026-08-04 22:00:57.841905500+00:00
16622349,Mengfei Li,F,43,9162,90025142,55248928,2026-08-04 22:04:58.612741900+00:00
16622349,Mengfei Li,F,44,9162,90025824,55248928,2026-08-04 22:08:57.732845+00:00
16622349,Mengfei Li,F,45,9162,90026532,55248928,2026-08-04 22:12:58.590803900+00:00
16622349,Mengfei Li,F,46,9162,90027189,55248928,2026-08-04 22:16:58.577440300+00:00
16622349,Mengfei Li,F,47,9162,90027212,55248928,2026-08-04 22:16:58.598413600+00:00
16622349,Mengfei Li,F,48,9162,90027899,55248928,2026-08-04 22:20:59.560320+00:00
16622349,Mengfei Li,F,49,9162,90028594,55248928,2026-08-04 22:25:00.358986300+00:00
16622349,Mengfei Li,Q1,2265,9162,93074522,55510691,2026-08-14 19:22:47.468249200+00:00
16622349,Mengfei Li,Q1,2266,9162,93075420,55510691,2026-08-14 19:26:48.063332+00:00
16622349,Mengfei Li,Q1,2267,9162,93076530,55510691,2026-08-14 19:30:48.599242700+00:00
16622349,Mengfei Li,Q1,2268,9162,93077303,55510691,2026-08-14 19:34:45.551081700+00:00
16622349,Mengfei Li,Q1,2269,9162,93077439,55510691,2026-08-14 19:34:45.789115500+00:00
16622349,Mengfei Li,Q1,2270,9162,93078232,55510691,2026-08-14 19:38:45.649714700+00:00
16622349,Mengfei Li,Q1,2271,9162,93079139,55510691,2026-08-14 19:42:45.466513100+00:00
16622349,Mengfei Li,Q1,2272,9162,93079305,55510691,2026-08-14 19:42:45.863541600+00:00
16622349,Mengfei Li,Q1,2273,9162,93080098,55510691,2026-08-14 19:46:48.016230400+00:00
16622349,Mengfei Li,Q1,2274,9162,93081018,55510691,2026-08-14 19:50:51.069616+00:00
16622349,Mengfei Li,Q1,2275,9162,93081928,55510691,2026-08-14 19:54:54.752529400+00:00
16622349,Mengfei Li,Q1,2276,9162,93082850,55510691,2026-08-14 19:58:52.095278600+00:00
16622349,Mengfei Li,Q1,2277,9162,93083789,55510691,2026-08-14 20:02:51.569716200+00:00
16622349,Mengfei Li,Q1,2278,9162,93084720,55510691,2026-08-14 20:06:57.689395400+00:00
16622349,Mengfei Li,Q1,2279,9162,93085640,55510691,2026-08-14 20:10:53.251973200+00:00
16622349,Mengfei Li,Q1,2280,9162,93086568,55510691,2026-08-14 20:14:51.769354+00:00
16622349,Mengfei Li,Q1,2281,9162,93087505,55510691,2026-08-14 20:18:52.398875800+00:00
16622349,Mengfei Li,Q1,2282,9162,93088417,55510691,2026-08-14 20:22:51.593777+00:00
16622349,Mengfei Li,Q1,2283,9162,93089341,55510691,2026-08-14 20:26:51.870800300+00:00
16622349,Mengfei Li,Q1,2284,9162,93090275,55510691,2026-08-14 20:30:55.164323400+00:00
16622349,Mengfei Li,Q1,2285,9162,93091203,55510691,2026-08-14 20:34:51.573666+00:00
16622349,Mengfei Li,Q1,2286,9162,93092125,55510691,2026-08-14 20:38:53.178306700+00:00
16622349,Mengfei Li,Q1,2287,9162,93093051,55510691,2026-08-14 20:42:51.847087100+00:00
16622349,Mengfei Li,Q1,2288,9162,93093982,55510691,2026-08-14 20:46:52.142048500+00:00
16622349,Mengfei Li,Q1,2289,9162,93094888,55510691,2026-08-14 20:50:55.668792200+00:00
16622349,Mengfei Li,Q1,2290,9162,93095856,55510691,2026-08-14 20:54:52.664047400+00:00
16622349,Mengfei Li,Q1,2291,9162,93096750,55510691,2026-08-14 20:58:52.385971200+00:00
16622349,Mengfei Li,Q1,2292,9162,93097677,55510691,2026-08-14 21:02:51.692476700+00:00
16622349,Mengfei Li,Q1,2293,9162,93098605,55510691,2026-08-14 21:06:51.585863300+00:00
16622349,Mengfei Li,Q1,2294,9162,93099537,55510691,2026-08-14 21:10:55.299929400+00:00
16622349,Mengfei Li,Q1,2295,9162,93100455,55510691,2026-08-14 21:14:52.259488500+00:00
16622349,Mengfei Li,Q1,2296,9162,93101386,55510691,2026-08-14 21:18:52.146374800+00:00
16622349,Mengfei Li,Q1,2297,9162,93102312,55510691,2026-08-14 21:22:52.377835+00:00
16622349,Mengfei Li,Q1,2298,9162,93103238,55510691,2026-08-14 21:26:52.056045400+00:00
16622349,Mengfei Li,Q1,2299,9162,93104170,55510691,2026-08-14 21:30:54.176748200+00:00
16622349,Mengfei Li,Q1,2300,9162,93105117,55510691,2026-08-14 21:34:52.165004+00:00
16622349,Mengfei Li,Q1,2301,9162,93106718,55510691,2026-08-14 21:44:47.592031+00:00
16622349,Mengfei Li,Q1,2302,9162,93106740,55513947,2026-08-14 21:44:47.629087900+00:00
16622349,Mengfei Li,Q1,2303,9162,93107652,55513947,2026-08-14 21:48:34.936998800+00:00
16622349,Mengfei Li,Q1,2304,9162,93108558,55513947,2026-08-14 21:52:35.559797+00:00
16622349,Mengfei Li,Q1,2305,9162,93109478,55513947,2026-08-14 21:56:41.506672+00:00
16622349,Mengfei Li,Q1,2306,9162,93110396,55513947,2026-08-14 22:00:34.930244200+00:00
16622349,Mengfei Li,Q1,2307,9162,93111327,55513947,2026-08-14 22:04:37.190957800+00:00
16622349,Mengfei Li,Q1,2308,9162,93112230,55510691,2026-08-14 22:08:35.530546+00:00
16622349,Mengfei Li,Q1,2309,9162,93112237,55513947,2026-08-14 22:08:35.534411200+00:00
16622349,Mengfei Li,Q1,2310,9162,93113154,55513947,2026-08-14 22:12:34.206518100+00:00
16622349,Mengfei Li,Q1,2311,9162,93114079,55513947,2026-08-14 22:16:34.280667900+00:00
16622349,Mengfei Li,Q1,2312,9162,93114997,55513947,2026-08-14 22:20:34.424913100+00:00
16622349,Mengfei Li,Q1,2313,9162,93115926,55513947,2026-08-14 22:24:35.891255500+00:00
16622349,Mengfei Li,Q1,2314,9162,93116847,55513947,2026-08-14 22:28:34.566135100+00:00
16622349,Mengfei Li,Q2,4556,9162,99673792,55778812,2026-08-26 01:09:31.928939400+00:00
16622349,Mengfei Li,Q2,4557,9162,99675996,55780327,2026-08-26 01:13:38.153104300+00:00
16622349,Mengfei Li,Q2,4558,9162,99676081,55778812,2026-08-26 01:13:38.362966700+00:00
16622349,Mengfei Li,Q2,4559,9162,99678280,55780327,2026-08-26 01:17:31.326197200+00:00
16622349,Mengfei Li,Q2,4560,9162,99678361,55778812,2026-08-26 01:17:31.463400700+00:00
16622349,Mengfei Li,Q2,4561,9162,99680539,55778812,2026-08-26 01:21:31.860232300+00:00
16622349,Mengfei Li,Q2,4562,9162,99680566,55780327,2026-08-26 01:21:31.888886800+00:00
16622349,Mengfei Li,Q2,4563,9162,99680646,55778812,2026-08-26 01:21:31.994662+00:00
16622349,Mengfei Li,Q2,4564,9162,99682855,55780327,2026-08-26 01:25:32.183698900+00:00
16622349,Mengfei Li,Q2,4565,9162,99682933,55778812,2026-08-26 01:25:32.296311500+00:00
16622349,Mengfei Li,Q2,4566,9162,99685132,55780327,2026-08-26 01:29:46.761086200+00:00
16622349,Mengfei Li,Q2,4567,9162,99687426,55780327,2026-08-26 01:33:40.675351700+00:00
16622349,Mengfei Li,Q2,4568,9162,99689721,55780327,2026-08-26 01:37:31.916248700+00:00
16622349,Mengfei Li,Q2,4569,9162,99691997,55780327,2026-08-26 01:41:32.176254200+00:00
16622349,Mengfei Li,Q2,4570,9162,99694290,55780327,2026-08-26 01:45:31.952067100+00:00
16622349,Mengfei Li,Q2,4571,9162,99696573,55780327,2026-08-26 01:49:33.023131700+00:00
16622349,Mengfei Li,Q2,4572,9162,99698876,55780327,2026-08-26 01:53:40.207120700+00:00
16622349,Mengfei Li,Q2,4573,9162,99701164,55780327,2026-08-26 01:57:33.713014400+00:00
16622349,Mengfei Li,Q2,4574,9162,99703444,55780327,2026-08-26 02:01:36.951906300+00:00
16622349,Mengfei Li,Q2,4575,9162,99703615,55778812,2026-08-26 02:01:37.194224800+00:00
16622349,Mengfei Li,Q2,4576,9162,99705727,55780327,2026-08-26 02:05:35.295651200+00:00
16622349,Mengfei Li,Q2,4577,9162,99708015,55780327,2026-08-26 02:09:33.976674600+00:00
16622349,Mengfei Li,Q2,4578,9162,99710304,55780327,2026-08-26 02:13:40.268596+00:00
16622349,Mengfei Li,Q2,4579,9162,99712412,55780327,2026-08-26 02:17:33.577137500+00:00
16622349,Mengfei Li,Q2,4580,9162,99712597,55780327,2026-08-26 02:17:33.908351+00:00
16622349,Mengfei Li,Q2,4581,9162,99714886,55780327,2026-08-26 02:21:35.186742600+00:00
16622349,Mengfei Li,Q2,4582,9162,99717180,55780327,2026-08-26 02:25:35.459803200+00:00
16622349,Mengfei Li,Q2,4583,9162,99719474,55780327,2026-08-26 02:29:34.868149500+00:00
16622349,Mengfei Li,Q2,4584,9162,99721774,55780327,2026-08-26 02:33:38.985542200+00:00
16622349,Mengfei Li,Q2,4585,9162,99724053,55780327,2026-08-26 02:38:05.705897200+00:00
16622349,Mengfei Li,Q2,4586,9162,99740102,55778812,2026-08-26 03:06:05.405487200+00:00
16622349,Mengfei Li,Q2,4587,9162,99762950,55780327,2026-08-26 03:46:03.577530800+00:00
16622349,Mengfei Li,Q2,4588,9162,99773973,55780327,2026-08-26 04:06:02.018846700+00:00
16622349,Mengfei Li,Q2,4589,9162,99785671,55778812,2026-08-26 04:26:05.817155100+00:00
16622349,Mengfei Li,Q2,4590,9162,99792594,55778812,2026-08-26 04:38:07.577442500+00:00
16622349,Mengfei Li,Q2,4591,9162,99808464,55778812,2026-08-26 05:06:05.877397900+00:00
16622349,Mengfei Li,Q2,4592,9162,99826754,55780327,2026-08-26 05:38:07.080082+00:00
16622349,Mengfei Li,Q2,4593,9162,99851655,55780327,2026-08-26 06:22:01.961636300+00:00
16622349,Mengfei Li,Q2,4594,9162,99872263,55780327,2026-08-26 06:58:39.179686400+00:00
16622349,Mengfei Li,Q2,4595,9162,100670219,55811670,2026-08-27 06:27:07.200490300+00:00
16622349,Mengfei Li,Q2,4596,9162,100672492,55811670,2026-08-27 06:31:06.238442700+00:00
16622349,Mengfei Li,Q2,4597,9162,100674776,55811670,2026-08-27 06:35:11.488378200+00:00
16622349,Mengfei Li,Q2,4598,9162,100677045,55811670,2026-08-27 06:39:06.092290900+00:00
16622349,Mengfei Li,Q2,4599,9162,100679329,55811670,2026-08-27 06:43:06.837461400+00:00
16622349,Mengfei Li,Q2,4600,9162,100681608,55811670,2026-08-27 06:47:36.852803700+00:00
16622349,Mengfei Li,Q2,4601,9162,100683879,55811670,2026-08-27 06:51:37.941861+00:00
16622349,Mengfei Li,Q2,4602,9162,100686152,55811670,2026-08-27 06:55:37.393307400+00:00
16622349,Mengfei Li,Q2,4603,9162,100688426,55811670,2026-08-27 06:59:37.681635900+00:00
16622349,Mengfei Li,Q2,4604,9162,100690705,55811670,2026-08-27 07:03:35.465499+00:00
16622349,Mengfei Li,Q2,4605,9162,100692986,55811670,2026-08-27 07:07:36.748193300+00:00
16622349,Mengfei Li,Q3,6847,9162,105849142,56035663,2026-09-05 16:31:07.366000+00:00
16622349,Mengfei Li,Q3,6848,9162,105849715,56035663,2026-09-05 16:31:08.510000+00:00
16622349,Mengfei Li,Q3,6849,9162,105850060,56035663,2026-09-05 16:35:06.882000+00:00
16622349,Mengfei Li,Q3,6850,9162,105850631,56031566,2026-09-05 16:35:08.002000+00:00
16622349,Mengfei Li,Q3,6851,9162,105851018,56035663,2026-09-05 16:39:08.561000+00:00
16622349,Mengfei Li,Q3,6852,9162,105851497,56035663,2026-09-05 16:39:09.577000+00:00
16622349,Mengfei Li,Q3,6853,9162,105851896,56035663,2026-09-05 16:43:08.509000+00:00
16622349,Mengfei Li,Q3,6854,9162,105852829,56035663,2026-09-05 16:47:04.491000+00:00
16622349,Mengfei Li,Q3,6855,9162,105853751,56035663,2026-09-05 16:51:04.480000+00:00
16622349,Mengfei Li,Q3,6856,9162,105854675,56035663,2026-09-05 16:55:08.791000+00:00
16622349,Mengfei Li,Q3,6857,9162,105855098,56031566,2026-09-05 16:55:09.670000+00:00
16622349,Mengfei Li,Q3,6858,9162,105855100,56031566,2026-09-05 16:55:09.672000+00:00
16622349,Mengfei Li,Q3,6859,9162,105855584,56035663,2026-09-05 16:59:08.482000+00:00
16622349,Mengfei Li,Q3,6860,9162,105856490,56035663,2026-09-05 17:03:09.425000+00:00
16622349,Mengfei Li,Q3,6861,9162,105857400,56035663,2026-09-05 17:07:05.079000+00:00
16622349,Mengfei Li,Q3,6862,9162,105858313,56035663,2026-09-05 17:11:04.912000+00:00
16622349,Mengfei Li,Q3,6863,9162,105858896,56031566,2026-09-05 17:11:05.972000+00:00
16622349,Mengfei Li,Q3,6864,9162,105859190,56035663,2026-09-05 17:15:04.716000+00:00
16622349,Mengfei Li,Q3,6865,9162,105860115,56035663,2026-09-05 17:19:07.966000+00:00
16622349,Mengfei Li,Q3,6866,9162,105860711,56035663,2026-09-05 17:19:09.103000+00:00
16622349,Mengfei Li,Q3,6867,9162,105861042,56035663,2026-09-05 17:23:15.593000+00:00
16622349,Mengfei Li,Q3,6868,9162,105861959,56035663,2026-09-05 17:27:11.175000+00:00
16622349,Mengfei Li,Q3,6869,9162,105862202,56035663,2026-09-05 17:27:11.703000+00:00
16622349,Mengfei Li,Q3,6870,9162,105862889,56035663,2026-09-05 17:31:06.871000+00:00
16622349,Mengfei Li,Q3,6871,9162,105863237,56031566,2026-09-05 17:31:07.480000+00:00
16622349,Mengfei Li,Q3,6872,9162,105863789,56035663,2026-09-05 17:35:06.621000+00:00
16622349,Mengfei Li,Q3,6873,9162,105864228,56031566,2026-09-05 17:35:07.429000+00:00
16622349,Mengfei Li,Q3,6874,9162,105864683,56035663,2026-09-05 17:39:07.588000+00:00
16622349,Mengfei Li,Q3,6875,9162,105865141,56031566,2026-09-05 17:39:08.397000+00:00
16622349,Mengfei Li,Q3,6876,9162,105865591,56035663,2026-09-05 17:43:09.601000+00:00
16622349,Mengfei Li,Q3,6877,9162,105866483,56035663,2026-09-05 17:47:07.026000+00:00
16622349,Mengfei Li,Q3,6878,9162,105867387,56035663,2026-09-05 17:51:06.794000+00:00
16622349,Mengfei Li,Q3,6879,9162,105868307,56035663,2026-09-05 17:55:12.184000+00:00
16622349,Mengfei Li,Q3,6880,9162,105868632,56031566,2026-09-05 17:55:12.710000+00:00
16622349,Mengfei Li,Q3,6881,9162,105868827,56031566,2026-09-05 17:55:13.015000+00:00
16622349,Mengfei Li,Q3,6882,9162,105869228,56035663,2026-09-05 17:59:07.998000+00:00
16622349,Mengfei Li,Q3,6883,9162,105870128,56035663,2026-09-05 18:03:15.596000+00:00
16622349,Mengfei Li,Q3,6884,9162,105871027,56035663,2026-09-05 18:07:07.314000+00:00
16622349,Mengfei Li,Q3,6885,9162,105871934,56035663,2026-09-05 18:11:08.505000+00:00
16622349,Mengfei Li,Q3,6886,9162,105872834,56035663,2026-09-05 18:15:09.565000+00:00
16622349,Mengfei Li,Q3,6887,9162,105873148,56031566,2026-09-05 18:15:10.134000+00:00
16622349,Mengfei Li,Q3,6888,9162,105873156,56031566,2026-09-05 18:15:10.169000+00:00
16622349,Mengfei Li,Q3,6889,9162,105873350,56031566,2026-09-05 18:15:10.490000+00:00
16622349,Mengfei Li,Q3,6890,9162,105873729,56035663,2026-09-05 18:19:11.270000+00:00
16622349,Mengfei Li,Q3,6891,9162,105874620,56035663,2026-09-05 18:23:15.016000+00:00
16622349,Mengfei Li,Q3,6892,9162,105874917,56031566,2026-09-05 18:23:15.682000+00:00
16622349,Mengfei Li,Q3,6893,9162,105875531,56035663,2026-09-05 18:27:07.222000+00:00
16622349,Mengfei Li,Q3,6894,9162,105876421,56035663,2026-09-05 18:31:07.001000+00:00
16622349,Mengfei Li,Q3,6895,9162,105876759,56031566,2026-09-05 18:31:07.583000+00:00
16622349,Mengfei Li,Q3,6896,9162,105876766,56031566,2026-09-05 18:31:07.592000+00:00
16622349,Mengfei Li,L,9112,9162,108917361,56047440,2026-09-14 13:10:50.405000+00:00
16622349,Mengfei Li,L,9113,9162,108917362,56173067,2026-09-14 13:10:50.407000+00:00
16622349,Mengfei Li,L,9114,9162,108921532,56047440,2026-09-14 13:26:51.539000+00:00
16622349,Mengfei Li,L,9115,9162,108924597,56173067,2026-09-14 13:39:01.621000+00:00
16622349,Mengfei Li,L,9116,9162,108928774,56047440,2026-09-14 13:54:50.323000+00:00
16622349,Mengfei Li,L,9117,9162,108931881,56173067,2026-09-14 14:06:50.101000+00:00
16622349,Mengfei Li,L,9118,9162,108932556,56047440,2026-09-14 14:10:49.948000+00:00
16622349,Mengfei Li,L,9119,9162,108933925,56173067,2026-09-14 14:14:51.943000+00:00
16622349,Mengfei Li,L,9120,9162,108938833,56173067,2026-09-14 14:34:55.784000+00:00
16622349,Mengfei Li,L,9121,9162,108940041,56047440,2026-09-14 14:38:55.801000+00:00
16622349,Mengfei Li,L,9122,9162,108946273,56173067,2026-09-14 15:02:53.159000+00:00
16622349,Mengfei Li,L,9123,9162,108947306,56047440,2026-09-14 15:06:54.612000+00:00
16622349,Mengfei Li,L,9124,9162,108948557,56047440,2026-09-14 15:10:50.916000+00:00
16622349,Mengfei Li,L,9125,9162,108950610,56173067,2026-09-14 15:18:55.413000+00:00
16622349,Mengfei Li,L,9126,9162,108955732,56047440,2026-09-14 15:38:55.983000+00:00
16622349,Mengfei Li,L,9127,9162,108957764,56173067,2026-09-14 15:46:55.922000+00:00
16622349,Mengfei Li,L,9128,9162,108963059,56047440,2026-09-14 16:06:52.940000+00:00
16622349,Mengfei Li,L,9129,9162,108965060,56173067,2026-09-14 16:14:51.288000+00:00
16622349,Mengfei Li,L,9130,9162,108968262,56047440,2026-09-14 16:26:59.321000+00:00
16622349,Mengfei Li,L,9131,9162,108968278,56047440,2026-09-14 16:26:59.333000+00:00
16622349,Mengfei Li,L,9132,9162,108968750,56047440,2026-09-14 16:30:50.200000+00:00
16622349,Mengfei Li,L,9133,9162,108971809,56047440,2026-09-14 16:42:53.479000+00:00
16622349,Mengfei Li,L,9134,9162,108972334,56173067,2026-09-14 16:42:54.415000+00:00
16622349,Mengfei Li,L,9135,9162,108978587,56047440,2026-09-14 17:08:57.669000+00:00
16622349,Mengfei Li,L,9136,9162,108979457,56047440,2026-09-14 17:12:42.794000+00:00
16622349,Mengfei Li,L,9137,9162,108979491,56173067,2026-09-14 17:12:42.859000+00:00
16622349,Mengfei Li,L,9138,9162,108982600,56173067,2026-09-14 17:24:42.753000+00:00
16622349,Mengfei Li,L,9139,9162,108985765,56047440,2026-09-14 17:36:43.267000+00:00
16622349,Mengfei Li,L,9140,9162,108987349,56047440,2026-09-14 17:44:41.339000+00:00
16622349,Mengfei Li,L,9141,9162,108988385,56047440,2026-09-14 17:48:42.138000+00:00
16622349,Mengfei Li,L,9142,9162,108988684,56173067,2026-09-14 17:48:42.771000+00:00
16622349,Mengfei Li,L,9143,9162,108988876,56173067,2026-09-14 17:48:43.154000+00:00
16622349,Mengfei Li,L,9144,9162,108991806,56047440,2026-09-14 18:00:43.065000+00:00
16622349,Mengfei Li,L,9145,9162,108995066,56173067,2026-09-14 18:12:41.036000+00:00
16622349,Mengfei Li,L,9146,9162,108998026,56047440,2026-09-14 18:24:41.096000+00:00
16622349,Mengfei Li,L,9147,9162,109000779,56173067,2026-09-14 18:36:45.369000+00:00
16622349,Mengfei Li,L,9148,9162,109001191,56173067,2026-09-14 18:36:46.037000+00:00
16622349,Mengfei Li,L,9149,9162,109004106,56047440,2026-09-14 18:48:41.546000+00:00
16622349,Mengfei Li,L,9150,9162,109007179,56173067,2026-09-14 19:00:41.544000+00:00
16622349,Mengfei Li,L,9151,9162,109007180,56173067,2026-09-14 19:00:41.546000+00:00
16622349,Mengfei Li,L,9152,9162,109007181,56173067,2026-09-14 19:00:41.546000+00:00
16622349,Mengfei Li,L,9153,9162,109007510,56173067,2026-09-14 19:00:42.039000+00:00
16622349,Mengfei Li,L,9154,9162,109008355,56047440,2026-09-14 19:04:41.196000+00:00
16622349,Mengfei Li,L,9155,9162,109008905,56173067,2026-09-14 19:08:42.758000+00:00
16622349,Mengfei Li,L,9156,9162,109010167,56173067,2026-09-14 19:12:40.473000+00:00
16622349,Mengfei Li,L,9157,9162,109012180,56047440,2026-09-14 19:20:41.650000+00:00
16622349,Mengfei Li,L,9158,9162,109012656,56047440,2026-09-14 19:20:42.379000+00:00
16622349,Mengfei Li,L,9159,9162,109013049,56047440,2026-09-14 19:24:41.654000+00:00
16622349,Mengfei Li,L,9160,9162,109015548,56173067,2026-09-14 19:32:41.436000+00:00
16622349,Mengfei Li,L,9161,9162,109016628,56047440,2026-09-14 19:36:41.189000+00:00
16622349,Mengfei Li,C0,0,374,107960159,56173067,2026-09-11 21:58:16.648000+00:00
16622349,Mengfei Li,C0,1,374,107961157,56173067,2026-09-11 22:06:54.279000+00:00
16622349,Mengfei Li,C0,2,374,107962139,56173067,2026-09-11 22:10:41.591000+00:00
16622349,Mengfei Li,C0,3,374,107963108,56173067,2026-09-11 22:14:41.749000+00:00
16622349,Mengfei Li,C0,4,374,107964090,56173067,2026-09-11 22:18:41.423000+00:00
16622349,Mengfei Li,C0,5,374,107965082,56173067,2026-09-11 22:22:41.656000+00:00
16622349,Mengfei Li,C0,6,374,107966058,56173067,2026-09-11 22:26:41.602000+00:00
16622349,Mengfei Li,C0,7,374,107967049,56173067,2026-09-11 22:30:42.577000+00:00
16622349,Mengfei Li,C0,8,374,107968031,56173067,2026-09-11 22:34:47.761000+00:00
16622349,Mengfei Li,C0,9,374,107969024,56173067,2026-09-11 22:38:46.960000+00:00
16622349,Mengfei Li,C0,10,374,107969025,56173067,2026-09-11 22:38:46.964000+00:00
16622349,Mengfei Li,C0,11,374,107970003,56173067,2026-09-11 22:42:43.972000+00:00
16622349,Mengfei Li,C0,12,374,107970991,56173067,2026-09-11 22:46:43.076000+00:00
16622349,Mengfei Li,C0,13,374,107971523,56173067,2026-09-11 22:46:43.879000+00:00
16622349,Mengfei Li,C0,14,374,107971978,56173067,2026-09-11 22:50:42.276000+00:00
16622349,Mengfei Li,C0,15,374,107972980,56173067,2026-09-11 22:54:43.137000+00:00
16622349,Mengfei Li,C0,16,374,107973877,56173067,2026-09-11 22:54:44.510000+00:00
16622349,Mengfei Li,C0,17,374,107973975,56173067,2026-09-11 22:58:45.504000+00:00
16622349,Mengfei Li,C0,18,374,107974984,56173067,2026-09-11 23:02:42.057000+00:00
16622349,Mengfei Li,C0,19,374,107975988,56173067,2026-09-11 23:06:41.357000+00:00
16622349,Mengfei Li,C0,20,374,107976990,56173067,2026-09-11 23:10:47.193000+00:00
16622349,Mengfei Li,C0,21,374,107977999,56173067,2026-09-11 23:14:41.064000+00:00
16622349,Mengfei Li,C0,22,374,107979006,56173067,2026-09-11 23:18:41.103000+00:00
16622349,Mengfei Li,C0,23,374,107980006,56173067,2026-09-11 23:22:42.186000+00:00
16622349,Mengfei Li,C0,24,374,107980987,56173067,2026-09-11 23:26:42.990000+00:00
16622349,Mengfei Li,C0,25,374,107981993,56173067,2026-09-11 23:30:45.964000+00:00
16622349,Mengfei Li,C0,26,374,107982992,56173067,2026-09-11 23:34:43.946000+00:00
16622349,Mengfei Li,C0,27,374,107983990,56173067,2026-09-11 23:38:46.286000+00:00
16622349,Mengfei Li,C0,28,374,107984979,56173067,2026-09-11 23:42:42.457000+00:00
16622349,Mengfei Li,C0,29,374,107985978,56173067,2026-09-11 23:46:46.889000+00:00
16622349,Mengfei Li,C0,30,374,107986050,56173067,2026-09-11 23:46:46.985000+00:00
16622349,Mengfei Li,C0,31,374,107986591,56173067,2026-09-11 23:46:47.860000+00:00
16622349,Mengfei Li,C0,32,374,107986948,56173067,2026-09-11 23:50:43.035000+00:00
16622349,Mengfei Li,C0,33,374,107987985,56173067,2026-09-11 23:54:41.757000+00:00
16622349,Mengfei Li,C0,34,374,107988982,56173067,2026-09-11 23:59:11.162000+00:00
16622349,Mengfei Li,C0,35,374,107990022,56173067,2026-09-12 00:03:16.573000+00:00
16622349,Mengfei Li,C0,36,374,107990385,56173067,2026-09-12 00:03:17.096000+00:00
16622349,Mengfei Li,C0,37,374,107990596,56173067,2026-09-12 00:03:17.444000+00:00
16622349,Mengfei Li,C0,38,374,107991069,56173067,2026-09-12 00:07:12.972000+00:00
16622349,Mengfei Li,C0,39,374,107992090,56173067,2026-09-12 00:11:11.750000+00:00
16622349,Mengfei Li,C0,40,374,107993108,56173067,2026-09-12 00:15:11.269000+00:00
16622349,Mengfei Li,C0,41,374,107994113,56173067,2026-09-12 00:19:12.894000+00:00
16622349,Mengfei Li,C0,42,374,107995109,56173067,2026-09-12 00:23:12.661000+00:00
16622349,Mengfei Li,C0,43,374,107996099,56173067,2026-09-12 00:27:13.952000+00:00
16622349,Mengfei Li,C0,44,374,107997095,56173067,2026-09-12 00:31:12.150000+00:00
16622349,Mengfei Li,C0,45,374,107998092,56173067,2026-09-12 00:35:12.664000+00:00
16622349,Mengfei Li,C0,46,374,107999079,56173067,2026-09-12 00:39:12.102000+00:00
16622349,Mengfei Li,C0,47,374,108000088,56173067,2026-09-12 00:43:11.993000+00:00
16622349,Mengfei Li,C0,48,374,108001101,56173067,2026-09-12 00:47:12.872000+00:00
16622349,Mengfei Li,C0,49,374,108002077,56173067,2026-09-12 00:51:11.785000+00:00
16675778,Orbital Terraformer,F,0,1711,101607346,55841167,2026-08-28 10:07:06.466112300+00:00
16675778,Orbital Terraformer,F,1,1711,101609577,55841167,2026-08-28 10:11:07.163005500+00:00
16675778,Orbital Terraformer,F,2,1711,101611809,55841167,2026-08-28 10:15:09.906430+00:00
16675778,Orbital Terraformer,F,3,1711,101614038,55841167,2026-08-28 10:19:06.828292200+00:00
16675778,Orbital Terraformer,F,4,1711,101616305,55841167,2026-08-28 10:23:06.581105900+00:00
16675778,Orbital Terraformer,F,5,1711,101618542,55841167,2026-08-28 10:27:06.384684200+00:00
16675778,Orbital Terraformer,F,6,1711,101620765,55841167,2026-08-28 10:31:06.747364400+00:00
16675778,Orbital Terraformer,F,7,1711,101623000,55841167,2026-08-28 10:35:09.151132900+00:00
16675778,Orbital Terraformer,F,8,1711,101625239,55841167,2026-08-28 10:39:07.256345700+00:00
16675778,Orbital Terraformer,F,9,1711,101627489,55841167,2026-08-28 10:43:15.092363500+00:00
16675778,Orbital Terraformer,F,10,1711,101629724,55841167,2026-08-28 10:47:14.569564400+00:00
16675778,Orbital Terraformer,F,11,1711,101631965,55841167,2026-08-28 10:51:10.142840800+00:00
16675778,Orbital Terraformer,F,12,1711,101634220,55841167,2026-08-28 10:55:08.972398200+00:00
16675778,Orbital Terraformer,F,13,1711,101636461,55841167,2026-08-28 10:59:06.871842600+00:00
16675778,Orbital Terraformer,F,14,1711,101638693,55841167,2026-08-28 11:03:07.457958400+00:00
16675778,Orbital Terraformer,F,15,1711,101640966,55841167,2026-08-28 11:07:13.783388600+00:00
16675778,Orbital Terraformer,F,16,1711,101643205,55841167,2026-08-28 11:11:08.360919100+00:00
16675778,Orbital Terraformer,F,17,1711,101645449,55841167,2026-08-28 11:15:15.335748800+00:00
16675778,Orbital Terraformer,F,18,1711,101647685,55841167,2026-08-28 11:19:12.685903+00:00
16675778,Orbital Terraformer,F,19,1711,101649938,55841167,2026-08-28 11:23:10.839929600+00:00
16675778,Orbital Terraformer,F,20,1711,101652184,55841167,2026-08-28 11:27:11.869357600+00:00
16675778,Orbital Terraformer,F,21,1711,101654414,55841167,2026-08-28 11:31:12.944780500+00:00
16675778,Orbital Terraformer,F,22,1711,101656657,55841167,2026-08-28 11:35:15.452254600+00:00
16675778,Orbital Terraformer,F,23,1711,101658896,55841167,2026-08-28 11:39:11.986727900+00:00
16675778,Orbital Terraformer,F,24,1711,101661135,55841167,2026-08-28 11:43:06.873118700+00:00
16675778,Orbital Terraformer,F,25,1711,101663366,55841167,2026-08-28 11:47:06.891199+00:00
16675778,Orbital Terraformer,F,26,1711,101665612,55841167,2026-08-28 11:51:07.371201600+00:00
16675778,Orbital Terraformer,F,27,1711,101667844,55841167,2026-08-28 11:55:09.366610400+00:00
16675778,Orbital Terraformer,F,28,1711,101670082,55841167,2026-08-28 11:59:06.674289700+00:00
16675778,Orbital Terraformer,F,29,1711,101672315,55841167,2026-08-28 12:03:07.249171200+00:00
16675778,Orbital Terraformer,F,30,1711,101674550,55841167,2026-08-28 12:07:06.985744900+00:00
16675778,Orbital Terraformer,F,31,1711,101676805,55841167,2026-08-28 12:11:07.060237500+00:00
16675778,Orbital Terraformer,F,32,1711,101707843,55841167,2026-08-28 13:07:07.469560200+00:00
16675778,Orbital Terraformer,F,33,1711,101725716,55841167,2026-08-28 13:39:08.357553100+00:00
16675778,Orbital Terraformer,F,34,1711,101788634,55841167,2026-08-28 15:38:01.029598900+00:00
16675778,Orbital Terraformer,F,35,1711,101866834,55841167,2026-08-28 17:58:46.882457200+00:00
16675778,Orbital Terraformer,F,36,1711,101929321,55841167,2026-08-28 19:53:30.116680900+00:00
16675778,Orbital Terraformer,F,37,1711,101962435,55841167,2026-08-28 20:57:53.749651700+00:00
16675778,Orbital Terraformer,F,38,1711,102009563,55841167,2026-08-28 22:21:53.184421400+00:00
16675778,Orbital Terraformer,F,39,1711,102024859,55841167,2026-08-28 22:52:36.255920300+00:00
16675778,Orbital Terraformer,F,40,1711,102038277,55841167,2026-08-28 23:16:33.707754700+00:00
16675778,Orbital Terraformer,F,41,1711,102096569,55841167,2026-08-29 01:00:30.158307600+00:00
16675778,Orbital Terraformer,F,42,1711,102158839,55841167,2026-08-29 02:52:34.598191100+00:00
16675778,Orbital Terraformer,F,43,1711,102210357,55841167,2026-08-29 04:24:32.517612400+00:00
16675778,Orbital Terraformer,F,44,1711,102261638,55841167,2026-08-29 05:56:33.841851300+00:00
16675778,Orbital Terraformer,F,45,1711,102353245,55841167,2026-08-29 08:40:28.756024900+00:00
16675778,Orbital Terraformer,F,46,1711,102370957,55841167,2026-08-29 09:12:28.816503500+00:00
16675778,Orbital Terraformer,F,47,1711,102386718,55841167,2026-08-29 09:40:28.505927+00:00
16675778,Orbital Terraformer,F,48,1711,102433319,55841167,2026-08-29 11:04:28.294935700+00:00
16675778,Orbital Terraformer,F,49,1711,102458218,55841167,2026-08-29 11:48:34.462217+00:00
16675778,Orbital Terraformer,Q1,403,1711,107177129,56123944,2026-09-09 16:10:16.257000+00:00
16675778,Orbital Terraformer,Q1,404,1711,107178089,56123944,2026-09-09 16:14:19.261000+00:00
16675778,Orbital Terraformer,Q1,405,1711,107179057,56123944,2026-09-09 16:18:16.014000+00:00
16675778,Orbital Terraformer,Q1,406,1711,107179168,56108649,2026-09-09 16:18:16.177000+00:00
16675778,Orbital Terraformer,Q1,407,1711,107179293,56123944,2026-09-09 16:18:16.361000+00:00
16675778,Orbital Terraformer,Q1,408,1711,107180029,56123944,2026-09-09 16:22:17.767000+00:00
16675778,Orbital Terraformer,Q1,409,1711,107181023,56123944,2026-09-09 16:26:15.289000+00:00
16675778,Orbital Terraformer,Q1,410,1711,107181982,56123944,2026-09-09 16:30:15.712000+00:00
16675778,Orbital Terraformer,Q1,411,1711,107182373,56123944,2026-09-09 16:30:16.349000+00:00
16675778,Orbital Terraformer,Q1,412,1711,107182955,56123944,2026-09-09 16:34:19.373000+00:00
16675778,Orbital Terraformer,Q1,413,1711,107183938,56123944,2026-09-09 16:38:16.160000+00:00
16675778,Orbital Terraformer,Q1,414,1711,107184895,56123944,2026-09-09 16:42:17.453000+00:00
16675778,Orbital Terraformer,Q1,415,1711,107185868,56123944,2026-09-09 16:46:15.819000+00:00
16675778,Orbital Terraformer,Q1,416,1711,107186534,56123944,2026-09-09 16:50:15.378000+00:00
16675778,Orbital Terraformer,Q1,417,1711,107186893,56108649,2026-09-09 16:50:15.990000+00:00
16675778,Orbital Terraformer,Q1,418,1711,107187582,56108649,2026-09-09 16:54:14.719000+00:00
16675778,Orbital Terraformer,Q1,419,1711,107187803,56123944,2026-09-09 16:54:15.085000+00:00
16675778,Orbital Terraformer,Q1,420,1711,107188117,56123944,2026-09-09 16:54:15.685000+00:00
16675778,Orbital Terraformer,Q1,421,1711,107188772,56123944,2026-09-09 16:58:16.847000+00:00
16675778,Orbital Terraformer,Q1,422,1711,107189757,56123944,2026-09-09 17:02:19.257000+00:00
16675778,Orbital Terraformer,Q1,423,1711,107190728,56123944,2026-09-09 17:06:16.173000+00:00
16675778,Orbital Terraformer,Q1,424,1711,107191702,56123944,2026-09-09 17:10:17.666000+00:00
16675778,Orbital Terraformer,Q1,425,1711,107192632,56108649,2026-09-09 17:14:16.470000+00:00
16675778,Orbital Terraformer,Q1,426,1711,107192661,56123944,2026-09-09 17:14:16.499000+00:00
16675778,Orbital Terraformer,Q1,427,1711,107193641,56123944,2026-09-09 17:18:15.477000+00:00
16675778,Orbital Terraformer,Q1,428,1711,107194603,56123944,2026-09-09 17:22:20.772000+00:00
16675778,Orbital Terraformer,Q1,429,1711,107195296,56108649,2026-09-09 17:26:15.416000+00:00
16675778,Orbital Terraformer,Q1,430,1711,107195578,56123944,2026-09-09 17:26:15.855000+00:00
16675778,Orbital Terraformer,Q1,431,1711,107196565,56123944,2026-09-09 17:30:15.693000+00:00
16675778,Orbital Terraformer,Q1,432,1711,107197517,56123944,2026-09-09 17:34:15.696000+00:00
16675778,Orbital Terraformer,Q1,433,1711,107198486,56123944,2026-09-09 17:38:17.418000+00:00
16675778,Orbital Terraformer,Q1,434,1711,107199450,56123944,2026-09-09 17:42:17.754000+00:00
16675778,Orbital Terraformer,Q1,435,1711,107200429,56123944,2026-09-09 17:46:24.569000+00:00
16675778,Orbital Terraformer,Q1,436,1711,107201387,56123944,2026-09-09 17:50:16.353000+00:00
16675778,Orbital Terraformer,Q1,437,1711,107202364,56123944,2026-09-09 17:54:16.177000+00:00
16675778,Orbital Terraformer,Q1,438,1711,107203095,56123944,2026-09-09 17:58:17.454000+00:00
16675778,Orbital Terraformer,Q1,439,1711,107203327,56123944,2026-09-09 17:58:17.765000+00:00
16675778,Orbital Terraformer,Q1,440,1711,107203426,56108649,2026-09-09 17:58:17.916000+00:00
16675778,Orbital Terraformer,Q1,441,1711,107204286,56123944,2026-09-09 18:02:20.854000+00:00
16675778,Orbital Terraformer,Q1,442,1711,107205083,56108649,2026-09-09 18:06:15.486000+00:00
16675778,Orbital Terraformer,Q1,443,1711,107207923,56123944,2026-09-09 18:18:16.133000+00:00
16675778,Orbital Terraformer,Q1,444,1711,107208587,56128975,2026-09-09 18:22:16.911000+00:00
16675778,Orbital Terraformer,Q1,445,1711,107209537,56128975,2026-09-09 18:26:14.828000+00:00
16675778,Orbital Terraformer,Q1,446,1711,107210495,56128975,2026-09-09 18:30:14.969000+00:00
16675778,Orbital Terraformer,Q1,447,1711,107211443,56128975,2026-09-09 18:34:14.902000+00:00
16675778,Orbital Terraformer,Q1,448,1711,107212398,56128975,2026-09-09 18:38:15.664000+00:00
16675778,Orbital Terraformer,Q1,449,1711,107213354,56128975,2026-09-09 18:46:29.825000+00:00
16675778,Orbital Terraformer,Q1,450,1711,107214144,56123944,2026-09-09 18:46:32.332000+00:00
16675778,Orbital Terraformer,Q1,451,1711,107214311,56128975,2026-09-09 18:50:13.185000+00:00
16675778,Orbital Terraformer,Q1,452,1711,107215264,56128975,2026-09-09 18:54:13.078000+00:00
16675778,Orbital Terraformer,Q2,831,1711,107701694,56128975,2026-09-11 04:16:53.095000+00:00
16675778,Orbital Terraformer,Q2,832,1711,107701710,56128975,2026-09-11 04:16:53.106000+00:00
16675778,Orbital Terraformer,Q2,833,1711,107702034,56128975,2026-09-11 04:20:52.140000+00:00
16675778,Orbital Terraformer,Q2,834,1711,107702947,56128975,2026-09-11 04:24:52.072000+00:00
16675778,Orbital Terraformer,Q2,835,1711,107705519,56123944,2026-09-11 04:32:53.499000+00:00
16675778,Orbital Terraformer,Q2,836,1711,107707087,56128975,2026-09-11 04:40:58.183000+00:00
16675778,Orbital Terraformer,Q2,837,1711,107707066,56128975,2026-09-11 04:40:58.199000+00:00
16675778,Orbital Terraformer,Q2,838,1711,107708994,56123944,2026-09-11 04:48:53.072000+00:00
16675778,Orbital Terraformer,Q2,839,1711,107709282,56128975,2026-09-11 04:48:53.489000+00:00
16675778,Orbital Terraformer,Q2,840,1711,107712052,56128975,2026-09-11 05:00:57.595000+00:00
16675778,Orbital Terraformer,Q2,841,1711,107712258,56123944,2026-09-11 05:00:57.910000+00:00
16675778,Orbital Terraformer,Q2,842,1711,107714913,56123944,2026-09-11 05:12:52.398000+00:00
16675778,Orbital Terraformer,Q2,843,1711,107717010,56123944,2026-09-11 05:21:23.722000+00:00
16675778,Orbital Terraformer,Q2,844,1711,107717417,56128975,2026-09-11 05:21:24.469000+00:00
16675778,Orbital Terraformer,Q2,845,1711,107722425,56123944,2026-09-11 05:41:24.287000+00:00
16675778,Orbital Terraformer,Q2,846,1711,107723246,56128975,2026-09-11 05:45:23.482000+00:00
16675778,Orbital Terraformer,Q2,847,1711,107724594,56123944,2026-09-11 05:53:22.014000+00:00
16675778,Orbital Terraformer,Q2,848,1711,107727952,56123944,2026-09-11 06:05:22.907000+00:00
16675778,Orbital Terraformer,Q2,849,1711,107729047,56128975,2026-09-11 06:09:28.878000+00:00
16675778,Orbital Terraformer,Q2,850,1711,107730715,56123944,2026-09-11 06:17:26.820000+00:00
16675778,Orbital Terraformer,Q2,851,1711,107731198,56123944,2026-09-11 06:17:27.572000+00:00
16675778,Orbital Terraformer,Q2,852,1711,107733420,56123944,2026-09-11 06:29:23.476000+00:00
16675778,Orbital Terraformer,Q2,853,1711,107734249,56128975,2026-09-11 06:29:24.821000+00:00
16675778,Orbital Terraformer,Q2,854,1711,107735147,56123944,2026-09-11 06:33:23.018000+00:00
16675778,Orbital Terraformer,Q2,855,1711,107736830,56128975,2026-09-11 06:41:22.642000+00:00
16675778,Orbital Terraformer,Q2,856,1711,107737658,56128975,2026-09-11 06:45:22.379000+00:00
16675778,Orbital Terraformer,Q2,857,1711,107739968,56123944,2026-09-11 06:53:22.934000+00:00
16675778,Orbital Terraformer,Q2,858,1711,107740485,56128975,2026-09-11 06:57:22.331000+00:00
16675778,Orbital Terraformer,Q2,859,1711,107745879,56123944,2026-09-11 07:17:23.284000+00:00
16675778,Orbital Terraformer,Q2,860,1711,107746077,56128975,2026-09-11 07:17:23.595000+00:00
16675778,Orbital Terraformer,Q2,861,1711,107749889,56128975,2026-09-11 07:33:23.371000+00:00
16675778,Orbital Terraformer,Q2,862,1711,107751810,56123944,2026-09-11 07:41:23.082000+00:00
16675778,Orbital Terraformer,Q2,863,1711,107755390,56123944,2026-09-11 07:57:26.885000+00:00
16675778,Orbital Terraformer,Q2,864,1711,107755805,56128975,2026-09-11 07:57:27.534000+00:00
16675778,Orbital Terraformer,Q2,865,1711,107757688,56128975,2026-09-11 08:05:23.540000+00:00
16675778,Orbital Terraformer,Q2,866,1711,107760180,56128975,2026-09-11 08:17:22.490000+00:00
16675778,Orbital Terraformer,Q2,867,1711,107760855,56123944,2026-09-11 08:17:23.493000+00:00
16675778,Orbital Terraformer,Q2,868,1711,107762607,56128975,2026-09-11 08:25:24.093000+00:00
16675778,Orbital Terraformer,Q2,869,1711,107764818,56128975,2026-09-11 08:33:24.395000+00:00
16675778,Orbital Terraformer,Q2,870,1711,107765123,56123944,2026-09-11 08:37:22.806000+00:00
16675778,Orbital Terraformer,Q2,871,1711,107767188,56123944,2026-09-11 08:45:22.679000+00:00
16675778,Orbital Terraformer,Q2,872,1711,107770561,56128975,2026-09-11 08:57:31.783000+00:00
16675778,Orbital Terraformer,Q2,873,1711,107772631,56123944,2026-09-11 09:05:36.020000+00:00
16675778,Orbital Terraformer,Q2,874,1711,107774028,56123944,2026-09-11 09:13:27.620000+00:00
16675778,Orbital Terraformer,Q2,875,1711,107775646,56128975,2026-09-11 09:17:29.599000+00:00
16675778,Orbital Terraformer,Q2,876,1711,107777448,56128975,2026-09-11 09:25:23.601000+00:00
16675778,Orbital Terraformer,Q2,877,1711,107779676,56123944,2026-09-11 09:33:23.920000+00:00
16675778,Orbital Terraformer,Q2,878,1711,107783419,56128975,2026-09-11 09:49:23.733000+00:00
16675778,Orbital Terraformer,Q2,879,1711,107784385,56128975,2026-09-11 09:53:23.421000+00:00
16675778,Orbital Terraformer,Q2,880,1711,107785492,56123944,2026-09-11 09:57:24.388000+00:00
16675778,Orbital Terraformer,Q3,1258,1711,108351667,56128975,2026-09-13 00:10:35.322000+00:00
16675778,Orbital Terraformer,Q3,1259,1711,108354110,56123944,2026-09-13 00:18:37.404000+00:00
16675778,Orbital Terraformer,Q3,1260,1711,108354755,56123944,2026-09-13 00:22:38.919000+00:00
16675778,Orbital Terraformer,Q3,1261,1711,108355447,56123944,2026-09-13 00:26:34.042000+00:00
16675778,Orbital Terraformer,Q3,1262,1711,108356031,56128975,2026-09-13 00:26:34.989000+00:00
16675778,Orbital Terraformer,Q3,1263,1711,108356756,56128975,2026-09-13 00:30:39.811000+00:00
16675778,Orbital Terraformer,Q3,1264,1711,108359000,56123944,2026-09-13 00:38:38.728000+00:00
16675778,Orbital Terraformer,Q3,1265,1711,108360029,56123944,2026-09-13 00:42:35.821000+00:00
16675778,Orbital Terraformer,Q3,1266,1711,108361045,56128975,2026-09-13 00:46:39.431000+00:00
16675778,Orbital Terraformer,Q3,1267,1711,108363842,56123944,2026-09-13 00:58:36.821000+00:00
16675778,Orbital Terraformer,Q3,1268,1711,108365793,56128975,2026-09-13 01:06:34.949000+00:00
16675778,Orbital Terraformer,Q3,1269,1711,108366018,56123944,2026-09-13 01:06:35.302000+00:00
16675778,Orbital Terraformer,Q3,1270,1711,108367820,56128975,2026-09-13 01:14:35.952000+00:00
16675778,Orbital Terraformer,Q3,1271,1711,108369052,56123944,2026-09-13 01:18:35.378000+00:00
16675778,Orbital Terraformer,Q3,1272,1711,108371035,56123944,2026-09-13 01:26:34.709000+00:00
16675778,Orbital Terraformer,Q3,1273,1711,108371554,56123944,2026-09-13 01:30:34.330000+00:00
16675778,Orbital Terraformer,Q3,1274,1711,108372014,56123944,2026-09-13 01:30:35.119000+00:00
16675778,Orbital Terraformer,Q3,1275,1711,108372073,56128975,2026-09-13 01:30:35.212000+00:00
16675778,Orbital Terraformer,Q3,1276,1711,108372970,56123944,2026-09-13 01:34:37.682000+00:00
16675778,Orbital Terraformer,Q3,1277,1711,108373898,56128975,2026-09-13 01:38:35.823000+00:00
16675778,Orbital Terraformer,Q3,1278,1711,108374596,56123944,2026-09-13 01:42:34.081000+00:00
16675778,Orbital Terraformer,Q3,1279,1711,108375826,56128975,2026-09-13 01:46:34.803000+00:00
16675778,Orbital Terraformer,Q3,1280,1711,108378238,56123944,2026-09-13 01:54:36.787000+00:00
16675778,Orbital Terraformer,Q3,1281,1711,108380060,56128975,2026-09-13 02:02:34.514000+00:00
16675778,Orbital Terraformer,Q3,1282,1711,108381727,56123944,2026-09-13 02:10:34.696000+00:00
16675778,Orbital Terraformer,Q3,1283,1711,108382977,56128975,2026-09-13 02:14:35.802000+00:00
16675778,Orbital Terraformer,Q3,1284,1711,108384546,56123944,2026-09-13 02:22:40.989000+00:00
16675778,Orbital Terraformer,Q3,1285,1711,108385500,56123944,2026-09-13 02:26:40.514000+00:00
16675778,Orbital Terraformer,Q3,1286,1711,108387215,56128975,2026-09-13 02:30:40.085000+00:00
16675778,Orbital Terraformer,Q3,1287,1711,108389473,56128975,2026-09-13 02:42:42.994000+00:00
16675778,Orbital Terraformer,Q3,1288,1711,108390168,56123944,2026-09-13 02:42:44.227000+00:00
16675778,Orbital Terraformer,Q3,1289,1711,108390236,56128975,2026-09-13 02:42:44.317000+00:00
16675778,Orbital Terraformer,Q3,1290,1711,108391088,56123944,2026-09-13 02:46:42.514000+00:00
16675778,Orbital Terraformer,Q3,1291,1711,108395167,56128975,2026-09-13 03:02:52.907000+00:00
16675778,Orbital Terraformer,Q3,1292,1711,108395479,56128975,2026-09-13 03:06:45.658000+00:00
16675778,Orbital Terraformer,Q3,1293,1711,108396086,56123944,2026-09-13 03:06:46.632000+00:00
16675778,Orbital Terraformer,Q3,1294,1711,108397825,56123944,2026-09-13 03:14:39.179000+00:00
16675778,Orbital Terraformer,Q3,1295,1711,108400319,56128975,2026-09-13 03:22:41.845000+00:00
16675778,Orbital Terraformer,Q3,1296,1711,108402174,56128975,2026-09-13 03:30:43.251000+00:00
16675778,Orbital Terraformer,Q3,1297,1711,108402363,56123944,2026-09-13 03:30:43.504000+00:00
16675778,Orbital Terraformer,Q3,1298,1711,108402655,56128975,2026-09-13 03:34:40.382000+00:00
16675778,Orbital Terraformer,Q3,1299,1711,108404446,56128975,2026-09-13 03:38:41.502000+00:00
16675778,Orbital Terraformer,Q3,1300,1711,108407334,56123944,2026-09-13 03:50:40.590000+00:00
16675778,Orbital Terraformer,Q3,1301,1711,108408285,56128975,2026-09-13 03:54:40.224000+00:00
16675778,Orbital Terraformer,Q3,1302,1711,108408331,56128975,2026-09-13 03:54:40.294000+00:00
16675778,Orbital Terraformer,Q3,1303,1711,108412356,56123944,2026-09-13 04:10:39.250000+00:00
16675778,Orbital Terraformer,Q3,1304,1711,108413396,56128975,2026-09-13 04:14:40.503000+00:00
16675778,Orbital Terraformer,Q3,1305,1711,108417210,56123944,2026-09-13 04:30:41.638000+00:00
16675778,Orbital Terraformer,Q3,1306,1711,108418531,56128975,2026-09-13 04:34:43.998000+00:00
16675778,Orbital Terraformer,Q3,1307,1711,108422533,56123944,2026-09-13 04:50:40.995000+00:00
16675778,Orbital Terraformer,L,1661,1711,108902977,56205640,2026-09-14 12:14:51.207000+00:00
16675778,Orbital Terraformer,L,1662,1711,108903853,56212726,2026-09-14 12:18:52.184000+00:00
16675778,Orbital Terraformer,L,1663,1711,108903868,56212726,2026-09-14 12:18:52.203000+00:00
16675778,Orbital Terraformer,L,1664,1711,108904757,56212726,2026-09-14 12:22:49.898000+00:00
16675778,Orbital Terraformer,L,1665,1711,108908034,56212726,2026-09-14 12:34:50.590000+00:00
16675778,Orbital Terraformer,L,1666,1711,108910072,56205640,2026-09-14 12:42:50.498000+00:00
16675778,Orbital Terraformer,L,1667,1711,108914416,56212726,2026-09-14 12:58:52.494000+00:00
16675778,Orbital Terraformer,L,1668,1711,108917263,56205640,2026-09-14 13:10:50.261000+00:00
16675778,Orbital Terraformer,L,1669,1711,108917517,56212726,2026-09-14 13:10:50.682000+00:00
16675778,Orbital Terraformer,L,1670,1711,108922221,56212726,2026-09-14 13:30:50.592000+00:00
16675778,Orbital Terraformer,L,1671,1711,108924548,56205640,2026-09-14 13:39:01.513000+00:00
16675778,Orbital Terraformer,L,1672,1711,108924599,56205640,2026-09-14 13:39:01.623000+00:00
16675778,Orbital Terraformer,L,1673,1711,108929747,56212726,2026-09-14 13:58:58.330000+00:00
16675778,Orbital Terraformer,L,1674,1711,108931875,56212726,2026-09-14 14:06:50.097000+00:00
16675778,Orbital Terraformer,L,1675,1711,108931882,56205640,2026-09-14 14:06:50.102000+00:00
16675778,Orbital Terraformer,L,1676,1711,108933910,56212726,2026-09-14 14:14:51.926000+00:00
16675778,Orbital Terraformer,L,1677,1711,108939096,56205640,2026-09-14 14:34:56.202000+00:00
16675778,Orbital Terraformer,L,1678,1711,108940131,56212726,2026-09-14 14:38:55.989000+00:00
16675778,Orbital Terraformer,L,1679,1711,108946312,56205640,2026-09-14 15:02:53.188000+00:00
16675778,Orbital Terraformer,L,1680,1711,108946316,56212726,2026-09-14 15:02:53.188000+00:00
16675778,Orbital Terraformer,L,1681,1711,108947170,56212726,2026-09-14 15:06:54.334000+00:00
16675778,Orbital Terraformer,L,1682,1711,108953288,56205640,2026-09-14 15:30:52.596000+00:00
16675778,Orbital Terraformer,L,1683,1711,108953299,56205640,2026-09-14 15:30:52.610000+00:00
16675778,Orbital Terraformer,L,1684,1711,108954556,56212726,2026-09-14 15:34:53.294000+00:00
16675778,Orbital Terraformer,L,1685,1711,108960849,56205640,2026-09-14 15:58:58.860000+00:00
16675778,Orbital Terraformer,L,1686,1711,108960927,56205640,2026-09-14 15:58:58.991000+00:00
16675778,Orbital Terraformer,L,1687,1711,108961933,56212726,2026-09-14 16:02:58.074000+00:00
16675778,Orbital Terraformer,L,1688,1711,108968227,56205640,2026-09-14 16:26:59.281000+00:00
16675778,Orbital Terraformer,L,1689,1711,108968261,56205640,2026-09-14 16:26:59.318000+00:00
16675778,Orbital Terraformer,L,1690,1711,108969245,56212726,2026-09-14 16:30:51.129000+00:00
16675778,Orbital Terraformer,L,1691,1711,108975441,56205640,2026-09-14 16:54:51.341000+00:00
16675778,Orbital Terraformer,L,1692,1711,108975453,56205640,2026-09-14 16:54:51.359000+00:00
16675778,Orbital Terraformer,L,1693,1711,108976290,56212726,2026-09-14 16:58:53.309000+00:00
16675778,Orbital Terraformer,L,1694,1711,108977477,56212726,2026-09-14 17:02:51.527000+00:00
16675778,Orbital Terraformer,L,1695,1711,108982602,56205640,2026-09-14 17:24:42.754000+00:00
16675778,Orbital Terraformer,L,1696,1711,108982608,56212726,2026-09-14 17:24:42.758000+00:00
16675778,Orbital Terraformer,L,1697,1711,108983573,56212726,2026-09-14 17:28:45.840000+00:00
16675778,Orbital Terraformer,L,1698,1711,108988671,56205640,2026-09-14 17:48:42.744000+00:00
16675778,Orbital Terraformer,L,1699,1711,108988882,56212726,2026-09-14 17:48:42.752000+00:00
16675778,Orbital Terraformer,L,1700,1711,108991495,56212726,2026-09-14 18:00:42.364000+00:00
16675778,Orbital Terraformer,L,1701,1711,108994979,56205640,2026-09-14 18:12:40.889000+00:00
16675778,Orbital Terraformer,L,1702,1711,108995962,56205640,2026-09-14 18:16:41.060000+00:00
16675778,Orbital Terraformer,L,1703,1711,108997975,56212726,2026-09-14 18:24:41.041000+00:00
16675778,Orbital Terraformer,L,1704,1711,109000023,56212726,2026-09-14 18:32:41.049000+00:00
16675778,Orbital Terraformer,L,1705,1711,109001191,56205640,2026-09-14 18:36:46.037000+00:00
16675778,Orbital Terraformer,L,1706,1711,109005418,56212726,2026-09-14 18:52:41.794000+00:00
16675778,Orbital Terraformer,L,1707,1711,109007180,56205640,2026-09-14 19:00:41.546000+00:00
16675778,Orbital Terraformer,L,1708,1711,109011117,56205640,2026-09-14 19:16:41.056000+00:00
16675778,Orbital Terraformer,L,1709,1711,109011299,56212726,2026-09-14 19:16:41.345000+00:00
16675778,Orbital Terraformer,L,1710,1711,109013497,56212726,2026-09-14 19:24:42.444000+00:00
16675778,Orbital Terraformer,C0,0,187,108522243,56205640,2026-09-13 11:26:46.786000+00:00
16675778,Orbital Terraformer,C0,1,187,108523273,56205640,2026-09-13 11:30:40.501000+00:00
16675778,Orbital Terraformer,C0,2,187,108523663,56205640,2026-09-13 11:30:41.295000+00:00
16675778,Orbital Terraformer,C0,3,187,108524279,56205640,2026-09-13 11:34:39.913000+00:00
16675778,Orbital Terraformer,C0,4,187,108525280,56205640,2026-09-13 11:38:40.497000+00:00
16675778,Orbital Terraformer,C0,5,187,108526294,56205640,2026-09-13 11:42:40.093000+00:00
16675778,Orbital Terraformer,C0,6,187,108527288,56205640,2026-09-13 11:46:40.203000+00:00
16675778,Orbital Terraformer,C0,7,187,108528293,56205640,2026-09-13 11:50:39.992000+00:00
16675778,Orbital Terraformer,C0,8,187,108529311,56205640,2026-09-13 11:54:42.189000+00:00
16675778,Orbital Terraformer,C0,9,187,108530319,56205640,2026-09-13 11:58:44.012000+00:00
16675778,Orbital Terraformer,C0,10,187,108531331,56205640,2026-09-13 12:02:40.981000+00:00
16675778,Orbital Terraformer,C0,11,187,108532339,56205640,2026-09-13 12:06:46.275000+00:00
16675778,Orbital Terraformer,C0,12,187,108533357,56205640,2026-09-13 12:10:45.660000+00:00
16675778,Orbital Terraformer,C0,13,187,108533773,56205640,2026-09-13 12:10:46.381000+00:00
16675778,Orbital Terraformer,C0,14,187,108534369,56205640,2026-09-13 12:14:41.071000+00:00
16675778,Orbital Terraformer,C0,15,187,108535378,56205640,2026-09-13 12:18:42.228000+00:00
16675778,Orbital Terraformer,C0,16,187,108536497,56205640,2026-09-13 12:22:41.914000+00:00
16675778,Orbital Terraformer,C0,17,187,108537416,56205640,2026-09-13 12:26:40.332000+00:00
16675778,Orbital Terraformer,C0,18,187,108538427,56205640,2026-09-13 12:30:45.929000+00:00
16675778,Orbital Terraformer,C0,19,187,108539443,56205640,2026-09-13 12:34:41.303000+00:00
16675778,Orbital Terraformer,C0,20,187,108539983,56205640,2026-09-13 12:34:42.241000+00:00
16675778,Orbital Terraformer,C0,21,187,108540148,56205640,2026-09-13 12:34:42.520000+00:00
16675778,Orbital Terraformer,C0,22,187,108540461,56205640,2026-09-13 12:38:46.186000+00:00
16675778,Orbital Terraformer,C0,23,187,108541466,56205640,2026-09-13 12:42:40.299000+00:00
16675778,Orbital Terraformer,C0,24,187,108542194,56205640,2026-09-13 12:42:41.535000+00:00
16675778,Orbital Terraformer,C0,25,187,108542552,56205640,2026-09-13 12:46:43.089000+00:00
16675778,Orbital Terraformer,C0,26,187,108543613,56205640,2026-09-13 12:50:41.402000+00:00
16675778,Orbital Terraformer,C0,27,187,108544618,56205640,2026-09-13 12:54:41.225000+00:00
16675778,Orbital Terraformer,C0,28,187,108545666,56205640,2026-09-13 12:58:49.272000+00:00
16675778,Orbital Terraformer,C0,29,187,108545738,56205640,2026-09-13 12:58:49.375000+00:00
16675778,Orbital Terraformer,C0,30,187,108546720,56205640,2026-09-13 13:02:41.795000+00:00
16675778,Orbital Terraformer,C0,31,187,108547755,56205640,2026-09-13 13:06:41.776000+00:00
16675778,Orbital Terraformer,C0,32,187,108548780,56205640,2026-09-13 13:10:42.632000+00:00
16675778,Orbital Terraformer,C0,33,187,108549798,56205640,2026-09-13 13:14:43.587000+00:00
16675778,Orbital Terraformer,C0,34,187,108549931,56205640,2026-09-13 13:14:43.802000+00:00
16675778,Orbital Terraformer,C0,35,187,108550846,56205640,2026-09-13 13:18:45.092000+00:00
16675778,Orbital Terraformer,C0,36,187,108551885,56205640,2026-09-13 13:22:40.225000+00:00
16675778,Orbital Terraformer,C0,37,187,108552912,56205640,2026-09-13 13:26:43.506000+00:00
16675778,Orbital Terraformer,C0,38,187,108553936,56205640,2026-09-13 13:30:44.285000+00:00
16675778,Orbital Terraformer,C0,39,187,108554179,56205640,2026-09-13 13:30:44.621000+00:00
16675778,Orbital Terraformer,C0,40,187,108554981,56205640,2026-09-13 13:34:43.823000+00:00
16675778,Orbital Terraformer,C0,41,187,108556027,56205640,2026-09-13 13:38:43.122000+00:00
16675778,Orbital Terraformer,C0,42,187,108557063,56205640,2026-09-13 13:42:42.380000+00:00
16675778,Orbital Terraformer,C0,43,187,108558071,56205640,2026-09-13 13:46:41.474000+00:00
16675778,Orbital Terraformer,C0,44,187,108558646,56205640,2026-09-13 13:46:42.491000+00:00
16675778,Orbital Terraformer,C0,45,187,108559101,56205640,2026-09-13 13:50:42.342000+00:00
16675778,Orbital Terraformer,C0,46,187,108559564,56205640,2026-09-13 13:50:43.179000+00:00
16675778,Orbital Terraformer,C0,47,187,108560149,56205640,2026-09-13 13:54:41.811000+00:00
16675778,Orbital Terraformer,C0,48,187,108561009,56205640,2026-09-13 13:58:44.480000+00:00
16675778,Orbital Terraformer,C0,49,187,108561202,56205640,2026-09-13 13:58:44.688000+00:00
16732748,DSM,F,0,8341,92805624,55493222,2026-08-14 00:00:45.615000+00:00
16732748,DSM,F,1,8341,92806605,55493222,2026-08-14 00:04:44.976000+00:00
16732748,DSM,F,2,8341,92807542,55493222,2026-08-14 00:08:45.481000+00:00
16732748,DSM,F,3,8341,92808478,55493222,2026-08-14 00:12:44.505000+00:00
16732748,DSM,F,4,8341,92808555,55493222,2026-08-14 00:12:44.605000+00:00
16732748,DSM,F,5,8341,92809411,55493222,2026-08-14 00:16:45.947000+00:00
16732748,DSM,F,6,8341,92810337,55493222,2026-08-14 00:20:45.115000+00:00
16732748,DSM,F,7,8341,92811254,55493222,2026-08-14 00:24:44.270000+00:00
16732748,DSM,F,8,8341,92812179,55493222,2026-08-14 00:28:44.999000+00:00
16732748,DSM,F,9,8341,92813109,55493222,2026-08-14 00:32:45.785000+00:00
16732748,DSM,F,10,8341,92814043,55493222,2026-08-14 00:41:02.625000+00:00
16732748,DSM,F,11,8341,92814977,55493222,2026-08-14 00:44:49.971000+00:00
16732748,DSM,F,12,8341,92815904,55493222,2026-08-14 00:48:49.312000+00:00
16732748,DSM,F,13,8341,92816845,55493222,2026-08-14 00:52:49.391000+00:00
16732748,DSM,F,14,8341,92817784,55493222,2026-08-14 00:56:49.645000+00:00
16732748,DSM,F,15,8341,92818725,55493222,2026-08-14 01:00:52.781000+00:00
16732748,DSM,F,16,8341,92819618,55493222,2026-08-14 01:04:49.436000+00:00
16732748,DSM,F,17,8341,92819663,55493222,2026-08-14 01:04:49.506000+00:00
16732748,DSM,F,18,8341,92820621,55493222,2026-08-14 01:08:48.675000+00:00
16732748,DSM,F,19,8341,92821555,55493222,2026-08-14 01:12:50.985000+00:00
16732748,DSM,F,20,8341,92822485,55493222,2026-08-14 01:16:48.928000+00:00
16732748,DSM,F,21,8341,92822703,55493222,2026-08-14 01:16:49.409000+00:00
16732748,DSM,F,22,8341,92823428,55493222,2026-08-14 01:20:52.781000+00:00
16732748,DSM,F,23,8341,92824366,55493222,2026-08-14 01:24:51.652000+00:00
16732748,DSM,F,24,8341,92825304,55493222,2026-08-14 01:28:51.322000+00:00
16732748,DSM,F,25,8341,92825499,55493222,2026-08-14 01:28:51.619000+00:00
16732748,DSM,F,26,8341,92826247,55493222,2026-08-14 01:32:48.922000+00:00
16732748,DSM,F,27,8341,92827176,55493222,2026-08-14 01:36:48.929000+00:00
16732748,DSM,F,28,8341,92828107,55493222,2026-08-14 01:40:52.608000+00:00
16732748,DSM,F,29,8341,92829042,55493222,2026-08-14 01:44:49.042000+00:00
16732748,DSM,F,30,8341,92829967,55493222,2026-08-14 01:48:48.738000+00:00
16732748,DSM,F,31,8341,92830908,55493222,2026-08-14 01:52:50.131000+00:00
16732748,DSM,F,32,8341,92831899,55493222,2026-08-14 01:56:54.726000+00:00
16732748,DSM,F,33,8341,92832769,55493222,2026-08-14 02:00:57.796000+00:00
16732748,DSM,F,34,8341,92833688,55493222,2026-08-14 02:04:54.237000+00:00
16732748,DSM,F,35,8341,92834610,55493222,2026-08-14 02:08:54.240000+00:00
16732748,DSM,F,36,8341,92835543,55493222,2026-08-14 02:12:53.897000+00:00
16732748,DSM,F,37,8341,92836472,55493222,2026-08-14 02:16:53.880000+00:00
16732748,DSM,F,38,8341,92837364,55493222,2026-08-14 02:20:55.513000+00:00
16732748,DSM,F,39,8341,92837407,55493222,2026-08-14 02:20:55.596000+00:00
16732748,DSM,F,40,8341,92837559,55493222,2026-08-14 02:20:55.987000+00:00
16732748,DSM,F,41,8341,92838322,55493222,2026-08-14 02:24:56.242000+00:00
16732748,DSM,F,42,8341,92839290,55493222,2026-08-14 02:28:54.499000+00:00
16732748,DSM,F,43,8341,92840232,55493222,2026-08-14 02:32:53.996000+00:00
16732748,DSM,F,44,8341,92841162,55493222,2026-08-14 02:36:54.452000+00:00
16732748,DSM,F,45,8341,92842095,55493222,2026-08-14 02:40:55.447000+00:00
16732748,DSM,F,46,8341,92843021,55493222,2026-08-14 02:44:53.799000+00:00
16732748,DSM,F,47,8341,92843966,55493222,2026-08-14 02:48:53.841000+00:00
16732748,DSM,F,48,8341,92844910,55493222,2026-08-14 02:52:53.886000+00:00
16732748,DSM,F,49,8341,92845839,55493222,2026-08-14 02:57:13.910000+00:00
16732748,DSM,Q1,2060,8341,100180600,55794053,2026-08-26 15:58:51.557777400+00:00
16732748,DSM,Q1,2061,8341,100182914,55794053,2026-08-26 16:02:51.626851800+00:00
16732748,DSM,Q1,2062,8341,100185201,55794053,2026-08-26 16:06:50.777781600+00:00
16732748,DSM,Q1,2063,8341,100187366,55531808,2026-08-26 16:11:03.619000+00:00
16732748,DSM,Q1,2064,8341,100196485,55794059,2026-08-26 16:30:48.708769100+00:00
16732748,DSM,Q1,2065,8341,100196676,55543097,2026-08-26 16:30:48.941000+00:00
16732748,DSM,Q1,2066,8341,100203466,55531808,2026-08-26 16:42:47.916000+00:00
16732748,DSM,Q1,2067,8341,100214867,55531808,2026-08-26 17:02:46.237000+00:00
16732748,DSM,Q1,2068,8341,100214909,55531808,2026-08-26 17:02:46.309000+00:00
16732748,DSM,Q1,2069,8341,100217182,55794053,2026-08-26 17:06:51.508765+00:00
16732748,DSM,Q1,2070,8341,100230834,55794059,2026-08-26 17:30:44.207058800+00:00
16732748,DSM,Q1,2071,8341,100244078,55543097,2026-08-26 17:54:43.701000+00:00
16732748,DSM,Q1,2072,8341,100246426,55794053,2026-08-26 17:58:45.841400500+00:00
16732748,DSM,Q1,2073,8341,100248647,55531808,2026-08-26 18:02:45.819000+00:00
16732748,DSM,Q1,2074,8341,100257824,55794059,2026-08-26 18:18:45.849041700+00:00
16732748,DSM,Q1,2075,8341,100271510,55794053,2026-08-26 18:42:44.683399+00:00
16732748,DSM,Q1,2076,8341,100273658,55794059,2026-08-26 18:46:48.082989300+00:00
16732748,DSM,Q1,2077,8341,100273825,55794053,2026-08-26 18:46:48.414250400+00:00
16732748,DSM,Q1,2078,8341,100294067,55794059,2026-08-26 19:23:13.459200500+00:00
16732748,DSM,Q1,2079,8341,100298886,55794053,2026-08-26 19:31:15.133103800+00:00
16732748,DSM,Q1,2080,8341,100303429,55543097,2026-08-26 19:39:13.918000+00:00
16732748,DSM,Q1,2081,8341,100307923,55531808,2026-08-26 19:47:17.251000+00:00
16732748,DSM,Q1,2082,8341,100312502,55794059,2026-08-26 19:55:19.795882500+00:00
16732748,DSM,Q1,2083,8341,100319331,55794053,2026-08-26 20:07:16.846354500+00:00
16732748,DSM,Q1,2084,8341,100326203,55794059,2026-08-26 20:19:15.283650900+00:00
16732748,DSM,Q1,2085,8341,100335112,55543097,2026-08-26 20:35:13.806000+00:00
16732748,DSM,Q1,2086,8341,100335278,55794053,2026-08-26 20:35:14.048959200+00:00
16732748,DSM,Q1,2087,8341,100339836,55794059,2026-08-26 20:43:14.408233200+00:00
16732748,DSM,Q1,2088,8341,100344404,55531808,2026-08-26 20:51:14.550000+00:00
16732748,DSM,Q1,2089,8341,100346493,55794053,2026-08-26 20:55:14.300393500+00:00
16732748,DSM,Q1,2090,8341,100348937,55794053,2026-08-26 20:59:24.405618200+00:00
16732748,DSM,Q1,2091,8341,100353349,55543097,2026-08-26 21:07:19.650000+00:00
16732748,DSM,Q1,2092,8341,100353539,55794059,2026-08-26 21:07:20.036860500+00:00
16732748,DSM,Q1,2093,8341,100369458,55794059,2026-08-26 21:35:17.357023200+00:00
16732748,DSM,Q1,2094,8341,100371727,55794053,2026-08-26 21:39:15.617389400+00:00
16732748,DSM,Q1,2095,8341,100378415,55794059,2026-08-26 21:51:15.403856+00:00
16732748,DSM,Q1,2096,8341,100378482,55794059,2026-08-26 21:51:15.579500500+00:00
16732748,DSM,Q1,2097,8341,100382952,55543097,2026-08-26 21:59:13.885000+00:00
16732748,DSM,Q1,2098,8341,100385402,55531808,2026-08-26 22:03:15.748000+00:00
16732748,DSM,Q1,2099,8341,100389910,55543097,2026-08-26 22:11:13.389000+00:00
16732748,DSM,Q1,2100,8341,100392248,55794053,2026-08-26 22:15:16.916074900+00:00
16732748,DSM,Q1,2101,8341,100401419,55794059,2026-08-26 22:31:16.316479500+00:00
16732748,DSM,Q1,2102,8341,100410363,55794053,2026-08-26 22:47:20.592878700+00:00
16732748,DSM,Q1,2103,8341,100419543,55531808,2026-08-26 23:03:20.902000+00:00
16732748,DSM,Q1,2104,8341,100419666,55794053,2026-08-26 23:03:21.093518100+00:00
16732748,DSM,Q1,2105,8341,100421935,55543097,2026-08-26 23:07:23.590000+00:00
16732748,DSM,Q1,2106,8341,100424151,55794059,2026-08-26 23:11:22.151544100+00:00
16732748,DSM,Q1,2107,8341,100435598,55543097,2026-08-26 23:31:25.483000+00:00
16732748,DSM,Q1,2108,8341,100435604,55794059,2026-08-26 23:31:25.485157+00:00
16732748,DSM,Q1,2109,8341,100439986,55794059,2026-08-26 23:39:23.485920200+00:00
16732748,DSM,Q2,4145,8341,105376549,56003563,2026-09-04 05:44:36.341000+00:00
16732748,DSM,Q2,4146,8341,105376759,56003563,2026-09-04 05:44:36.711000+00:00
16732748,DSM,Q2,4147,8341,105376895,55999309,2026-09-04 05:44:36.969000+00:00
16732748,DSM,Q2,4148,8341,105377244,55999309,2026-09-04 05:44:37.487000+00:00
16732748,DSM,Q2,4149,8341,105377625,56003563,2026-09-04 05:48:34.071000+00:00
16732748,DSM,Q2,4150,8341,105377768,55999309,2026-09-04 05:48:34.290000+00:00
16732748,DSM,Q2,4151,8341,105378510,56003563,2026-09-04 05:52:34.386000+00:00
16732748,DSM,Q2,4152,8341,105378662,55999309,2026-09-04 05:52:34.667000+00:00
16732748,DSM,Q2,4153,8341,105378875,55999309,2026-09-04 05:52:35.062000+00:00
16732748,DSM,Q2,4154,8341,105379388,56003563,2026-09-04 05:56:33.686000+00:00
16732748,DSM,Q2,4155,8341,105379584,55999309,2026-09-04 05:56:34.014000+00:00
16732748,DSM,Q2,4156,8341,105379617,55999309,2026-09-04 05:56:34.069000+00:00
16732748,DSM,Q2,4157,8341,105380260,56003563,2026-09-04 06:00:35.488000+00:00
16732748,DSM,Q2,4158,8341,105381134,56003563,2026-09-04 06:04:34.215000+00:00
16732748,DSM,Q2,4159,8341,105382019,56003563,2026-09-04 06:08:34.067000+00:00
16732748,DSM,Q2,4160,8341,105382794,56003563,2026-09-04 06:12:33.803000+00:00
16732748,DSM,Q2,4161,8341,105382904,56003563,2026-09-04 06:12:34.025000+00:00
16732748,DSM,Q2,4162,8341,105383330,55999309,2026-09-04 06:12:34.786000+00:00
16732748,DSM,Q2,4163,8341,105383781,56003563,2026-09-04 06:16:33.712000+00:00
16732748,DSM,Q2,4164,8341,105384645,56003563,2026-09-04 06:20:36.485000+00:00
16732748,DSM,Q2,4165,8341,105385535,56003563,2026-09-04 06:24:34.730000+00:00
16732748,DSM,Q2,4166,8341,105386398,55999309,2026-09-04 06:28:35.363000+00:00
16732748,DSM,Q2,4167,8341,105386550,56003563,2026-09-04 06:28:35.604000+00:00
16732748,DSM,Q2,4168,8341,105386904,55999309,2026-09-04 06:28:36.216000+00:00
16732748,DSM,Q2,4169,8341,105387764,56003563,2026-09-04 06:32:33.895000+00:00
16732748,DSM,Q2,4170,8341,105388615,56003563,2026-09-04 06:36:35.504000+00:00
16732748,DSM,Q2,4171,8341,105388688,55999309,2026-09-04 06:36:35.609000+00:00
16732748,DSM,Q2,4172,8341,105388903,55999309,2026-09-04 06:36:36.013000+00:00
16732748,DSM,Q2,4173,8341,105389495,56003563,2026-09-04 06:40:38.675000+00:00
16732748,DSM,Q2,4174,8341,105390384,56003563,2026-09-04 06:44:40.866000+00:00
16732748,DSM,Q2,4175,8341,105391245,55999309,2026-09-04 06:48:34.376000+00:00
16732748,DSM,Q2,4176,8341,105391258,56003563,2026-09-04 06:48:34.391000+00:00
16732748,DSM,Q2,4177,8341,105392203,56003563,2026-09-04 06:52:35.364000+00:00
16732748,DSM,Q2,4178,8341,105392989,56003563,2026-09-04 06:56:34.203000+00:00
16732748,DSM,Q2,4179,8341,105393885,56003563,2026-09-04 07:00:36.079000+00:00
16732748,DSM,Q2,4180,8341,105394755,56003563,2026-09-04 07:04:33.884000+00:00
16732748,DSM,Q2,4181,8341,105394961,55999309,2026-09-04 07:04:34.275000+00:00
16732748,DSM,Q2,4182,8341,105395636,56003563,2026-09-04 07:09:03.964000+00:00
16732748,DSM,Q2,4183,8341,105395951,55999309,2026-09-04 07:09:04.531000+00:00
16732748,DSM,Q2,4184,8341,105396547,56003563,2026-09-04 07:13:04.292000+00:00
16732748,DSM,Q2,4185,8341,105397444,56003563,2026-09-04 07:17:03.767000+00:00
16732748,DSM,Q2,4186,8341,105397793,55999309,2026-09-04 07:17:04.483000+00:00
16732748,DSM,Q2,4187,8341,105398313,56003563,2026-09-04 07:21:06.164000+00:00
16732748,DSM,Q2,4188,8341,105399198,56003563,2026-09-04 07:25:03.792000+00:00
16732748,DSM,Q2,4189,8341,105400064,56003563,2026-09-04 07:29:03.812000+00:00
16732748,DSM,Q2,4190,8341,105400662,56003563,2026-09-04 07:33:04.388000+00:00
16732748,DSM,Q2,4191,8341,105401212,55999309,2026-09-04 07:33:05.367000+00:00
16732748,DSM,Q2,4192,8341,105401246,56003563,2026-09-04 07:33:05.428000+00:00
16732748,DSM,Q2,4193,8341,105403011,55999309,2026-09-04 07:41:08.716000+00:00
16732748,DSM,Q2,4194,8341,105403955,55999309,2026-09-04 07:49:05.404000+00:00
16732748,DSM,Q3,6231,8341,107166777,56121287,2026-09-09 15:24:39.870000+00:00
16732748,DSM,Q3,6232,8341,107167157,56121296,2026-09-09 15:28:37.272000+00:00
16732748,DSM,Q3,6233,8341,107167705,56121296,2026-09-09 15:28:38.175000+00:00
16732748,DSM,Q3,6234,8341,107167748,56121287,2026-09-09 15:28:38.218000+00:00
16732748,DSM,Q3,6235,8341,107168693,56121296,2026-09-09 15:32:37.292000+00:00
16732748,DSM,Q3,6236,8341,107168718,56121287,2026-09-09 15:32:37.327000+00:00
16732748,DSM,Q3,6237,8341,107169644,56121296,2026-09-09 15:36:37.780000+00:00
16732748,DSM,Q3,6238,8341,107169675,56121287,2026-09-09 15:36:37.821000+00:00
16732748,DSM,Q3,6239,8341,107170670,56121296,2026-09-09 15:40:37.882000+00:00
16732748,DSM,Q3,6240,8341,107170684,56121287,2026-09-09 15:40:37.892000+00:00
16732748,DSM,Q3,6241,8341,107171026,56126460,2026-09-09 15:44:37.730000+00:00
16732748,DSM,Q3,6242,8341,107171594,56121296,2026-09-09 15:44:38.787000+00:00
16732748,DSM,Q3,6243,8341,107171763,56121287,2026-09-09 15:44:39.026000+00:00
16732748,DSM,Q3,6244,8341,107171978,56126460,2026-09-09 15:48:36.594000+00:00
16732748,DSM,Q3,6245,8341,107171995,56126472,2026-09-09 15:48:36.622000+00:00
16732748,DSM,Q3,6246,8341,107172565,56121296,2026-09-09 15:48:37.810000+00:00
16732748,DSM,Q3,6247,8341,107172919,56126460,2026-09-09 15:52:36.884000+00:00
16732748,DSM,Q3,6248,8341,107172972,56126472,2026-09-09 15:52:36.970000+00:00
16732748,DSM,Q3,6249,8341,107173167,56121287,2026-09-09 15:52:37.342000+00:00
16732748,DSM,Q3,6250,8341,107173541,56121296,2026-09-09 15:52:38.017000+00:00
16732748,DSM,Q3,6251,8341,107173809,56121296,2026-09-09 15:56:36.691000+00:00
16732748,DSM,Q3,6252,8341,107173950,56126472,2026-09-09 15:56:36.977000+00:00
16732748,DSM,Q3,6253,8341,107174030,56126460,2026-09-09 15:56:36.983000+00:00
16732748,DSM,Q3,6254,8341,107174643,56121296,2026-09-09 15:56:38.369000+00:00
16732748,DSM,Q3,6255,8341,107174810,56126460,2026-09-09 16:02:29.478000+00:00
16732748,DSM,Q3,6256,8341,107174852,56126472,2026-09-09 16:02:29.588000+00:00
16732748,DSM,Q3,6257,8341,107175783,56126460,2026-09-09 16:06:15.272000+00:00
16732748,DSM,Q3,6258,8341,107175791,56126472,2026-09-09 16:06:15.280000+00:00
16732748,DSM,Q3,6259,8341,107176730,56126472,2026-09-09 16:10:15.654000+00:00
16732748,DSM,Q3,6260,8341,107176736,56126460,2026-09-09 16:10:15.655000+00:00
16732748,DSM,Q3,6261,8341,107177683,56126460,2026-09-09 16:14:18.709000+00:00
16732748,DSM,Q3,6262,8341,107177707,56126472,2026-09-09 16:14:18.755000+00:00
16732748,DSM,Q3,6263,8341,107178625,56126460,2026-09-09 16:18:15.358000+00:00
16732748,DSM,Q3,6264,8341,107178648,56126472,2026-09-09 16:18:15.378000+00:00
16732748,DSM,Q3,6265,8341,107179260,56121296,2026-09-09 16:18:16.299000+00:00
16732748,DSM,Q3,6266,8341,107179629,56126460,2026-09-09 16:22:17.153000+00:00
16732748,DSM,Q3,6267,8341,107179660,56126472,2026-09-09 16:22:17.195000+00:00
16732748,DSM,Q3,6268,8341,107180585,56126460,2026-09-09 16:26:14.656000+00:00
16732748,DSM,Q3,6269,8341,107180627,56126472,2026-09-09 16:26:14.706000+00:00
16732748,DSM,Q3,6270,8341,107181578,56126460,2026-09-09 16:30:15.153000+00:00
16732748,DSM,Q3,6271,8341,107181614,56126472,2026-09-09 16:30:15.189000+00:00
16732748,DSM,Q3,6272,8341,107182295,56121287,2026-09-09 16:30:16.249000+00:00
16732748,DSM,Q3,6273,8341,107182535,56126460,2026-09-09 16:34:18.751000+00:00
16732748,DSM,Q3,6274,8341,107182611,56126472,2026-09-09 16:34:18.856000+00:00
16732748,DSM,Q3,6275,8341,107183516,56126460,2026-09-09 16:38:15.395000+00:00
16732748,DSM,Q3,6276,8341,107183556,56126472,2026-09-09 16:38:15.466000+00:00
16732748,DSM,Q3,6277,8341,107183977,56121287,2026-09-09 16:38:16.208000+00:00
16732748,DSM,Q3,6278,8341,107184525,56126460,2026-09-09 16:42:16.667000+00:00
16732748,DSM,Q3,6279,8341,107184556,56126472,2026-09-09 16:42:16.695000+00:00
16732748,DSM,Q3,6280,8341,107185516,56126460,2026-09-09 16:46:15.007000+00:00
16732748,DSM,L,8291,8341,108975794,56233619,2026-09-14 16:58:52.276000+00:00
16732748,DSM,L,8292,8341,108975830,56233619,2026-09-14 16:58:52.316000+00:00
16732748,DSM,L,8293,8341,108976986,56233619,2026-09-14 17:02:50.200000+00:00
16732748,DSM,L,8294,8341,108977854,56233619,2026-09-14 17:08:55.644000+00:00
16732748,DSM,L,8295,8341,108978203,56233619,2026-09-14 17:08:56.638000+00:00
16732748,DSM,L,8296,8341,108978890,56233619,2026-09-14 17:12:41.839000+00:00
16732748,DSM,L,8297,8341,108979932,56233619,2026-09-14 17:16:43.385000+00:00
16732748,DSM,L,8298,8341,108980134,56233619,2026-09-14 17:16:43.740000+00:00
16732748,DSM,L,8299,8341,108980966,56233619,2026-09-14 17:20:42.643000+00:00
16732748,DSM,L,8300,8341,108982004,56233619,2026-09-14 17:24:41.748000+00:00
16732748,DSM,L,8301,8341,108983038,56233619,2026-09-14 17:28:44.958000+00:00
16732748,DSM,L,8302,8341,108984083,56233619,2026-09-14 17:32:41.063000+00:00
16732748,DSM,L,8303,8341,108985116,56233619,2026-09-14 17:36:42.066000+00:00
16732748,DSM,L,8304,8341,108986143,56233619,2026-09-14 17:40:40.650000+00:00
16732748,DSM,L,8305,8341,108986172,56233619,2026-09-14 17:40:40.684000+00:00
16732748,DSM,L,8306,8341,108987190,56233619,2026-09-14 17:44:41.063000+00:00
16732748,DSM,L,8307,8341,108988219,56233619,2026-09-14 17:48:41.838000+00:00
16732748,DSM,L,8308,8341,108989324,56233619,2026-09-14 17:52:40.987000+00:00
16732748,DSM,L,8309,8341,108990324,56233619,2026-09-14 17:56:40.462000+00:00
16732748,DSM,L,8310,8341,108991367,56233619,2026-09-14 18:00:42.135000+00:00
16732748,DSM,L,8311,8341,108992408,56233619,2026-09-14 18:04:41.344000+00:00
16732748,DSM,L,8312,8341,108992987,56233619,2026-09-14 18:04:42.566000+00:00
16732748,DSM,L,8313,8341,108993448,56233619,2026-09-14 18:08:41.561000+00:00
16732748,DSM,L,8314,8341,108994489,56233619,2026-09-14 18:12:40.134000+00:00
16732748,DSM,L,8315,8341,108995530,56233619,2026-09-14 18:16:40.288000+00:00
16732748,DSM,L,8316,8341,108996568,56233619,2026-09-14 18:20:44.176000+00:00
16732748,DSM,L,8317,8341,108996773,56233619,2026-09-14 18:20:44.467000+00:00
16732748,DSM,L,8318,8341,108997600,56233619,2026-09-14 18:24:40.356000+00:00
16732748,DSM,L,8319,8341,108998645,56233619,2026-09-14 18:28:42.546000+00:00
16732748,DSM,L,8320,8341,108999693,56233619,2026-09-14 18:32:40.434000+00:00
16732748,DSM,L,8321,8341,109000718,56233619,2026-09-14 18:36:45.274000+00:00
16732748,DSM,L,8322,8341,109001756,56233619,2026-09-14 18:40:40.896000+00:00
16732748,DSM,L,8323,8341,109002791,56233619,2026-09-14 18:44:40.490000+00:00
16732748,DSM,L,8324,8341,109003822,56233619,2026-09-14 18:48:41.003000+00:00
16732748,DSM,L,8325,8341,109004743,56233619,2026-09-14 18:52:40.580000+00:00
16732748,DSM,L,8326,8341,109004853,56233619,2026-09-14 18:52:40.788000+00:00
16732748,DSM,L,8327,8341,109005449,56233619,2026-09-14 18:52:41.859000+00:00
16732748,DSM,L,8328,8341,109005903,56233619,2026-09-14 18:56:40.359000+00:00
16732748,DSM,L,8329,8341,109006488,56233619,2026-09-14 18:56:41.263000+00:00
16732748,DSM,L,8330,8341,109006953,56233619,2026-09-14 19:00:41.160000+00:00
16732748,DSM,L,8331,8341,109007995,56233619,2026-09-14 19:04:40.552000+00:00
16732748,DSM,L,8332,8341,109009040,56233619,2026-09-14 19:08:43.061000+00:00
16732748,DSM,L,8333,8341,109010081,56233619,2026-09-14 19:12:40.351000+00:00
16732748,DSM,L,8334,8341,109010290,56233619,2026-09-14 19:12:40.677000+00:00
16732748,DSM,L,8335,8341,109011117,56233619,2026-09-14 19:16:41.056000+00:00
16732748,DSM,L,8336,8341,109012159,56233619,2026-09-14 19:20:41.591000+00:00
16732748,DSM,L,8337,8341,109013204,56233619,2026-09-14 19:24:41.931000+00:00
16732748,DSM,L,8338,8341,109014236,56233619,2026-09-14 19:28:41.984000+00:00
16732748,DSM,L,8339,8341,109015274,56233619,2026-09-14 19:32:40.991000+00:00
16732748,DSM,L,8340,8341,109015548,56233619,2026-09-14 19:32:41.436000+00:00
16732748,DSM,C0,0,80,108945555,56233619,2026-09-14 15:02:51.177000+00:00
16732748,DSM,C0,1,80,108946692,56233619,2026-09-14 15:06:53.478000+00:00
16732748,DSM,C0,2,80,108947708,56233619,2026-09-14 15:10:49.237000+00:00
16732748,DSM,C0,3,80,108948725,56233619,2026-09-14 15:14:51.126000+00:00
16732748,DSM,C0,4,80,108949862,56233619,2026-09-14 15:18:53.465000+00:00
16732748,DSM,C0,5,80,108950777,56233619,2026-09-14 15:22:53.483000+00:00
16732748,DSM,C0,6,80,108951786,56233619,2026-09-14 15:26:56.131000+00:00
16732748,DSM,C0,7,80,108952822,56233619,2026-09-14 15:30:51.437000+00:00
16732748,DSM,C0,8,80,108953852,56233619,2026-09-14 15:34:52.048000+00:00
16732748,DSM,C0,9,80,108954875,56233619,2026-09-14 15:38:50.892000+00:00
16732748,DSM,C0,10,80,108955918,56233619,2026-09-14 15:42:53.737000+00:00
16732748,DSM,C0,11,80,108956950,56233619,2026-09-14 15:46:54.883000+00:00
16732748,DSM,C0,12,80,108957967,56233619,2026-09-14 15:50:56.879000+00:00
16732748,DSM,C0,13,80,108959017,56233619,2026-09-14 15:54:55.179000+00:00
16732748,DSM,C0,14,80,108960048,56233619,2026-09-14 15:58:56.691000+00:00
16732748,DSM,C0,15,80,108961071,56233619,2026-09-14 16:02:56.596000+00:00
16732748,DSM,C0,16,80,108962103,56233619,2026-09-14 16:06:51.694000+00:00
16732748,DSM,C0,17,80,108963145,56233619,2026-09-14 16:10:52.262000+00:00
16732748,DSM,C0,18,80,108963727,56233619,2026-09-14 16:10:53.645000+00:00
16732748,DSM,C0,19,80,108964225,56233619,2026-09-14 16:14:48.893000+00:00
16732748,DSM,C0,20,80,108965297,56233619,2026-09-14 16:18:55.510000+00:00
16732748,DSM,C0,21,80,108966348,56233619,2026-09-14 16:22:54.034000+00:00
16732748,DSM,C0,22,80,108967401,56233619,2026-09-14 16:26:57.844000+00:00
16732748,DSM,C0,23,80,108968438,56233619,2026-09-14 16:30:49.678000+00:00
16732748,DSM,C0,24,80,108969710,56233619,2026-09-14 16:34:50.621000+00:00
16732748,DSM,C0,25,80,108970586,56233619,2026-09-14 16:38:54.483000+00:00
16732748,DSM,C0,26,80,108971591,56233619,2026-09-14 16:42:52.924000+00:00
16732748,DSM,C0,27,80,108972640,56233619,2026-09-14 16:46:49.587000+00:00
16732748,DSM,C0,28,80,108973670,56233619,2026-09-14 16:50:50.396000+00:00
16732748,DSM,C0,29,80,108974714,56233619,2026-09-14 16:54:49.875000+00:00
16732748,DSM,C0,30,80,108975794,56233619,2026-09-14 16:58:52.276000+00:00
16732748,DSM,C0,31,80,108975830,56233619,2026-09-14 16:58:52.316000+00:00
16732748,DSM,C0,32,80,108976986,56233619,2026-09-14 17:02:50.200000+00:00
16732748,DSM,C0,33,80,108977854,56233619,2026-09-14 17:08:55.644000+00:00
16732748,DSM,C0,34,80,108978203,56233619,2026-09-14 17:08:56.638000+00:00
16732748,DSM,C0,35,80,108978890,56233619,2026-09-14 17:12:41.839000+00:00
16732748,DSM,C0,36,80,108979932,56233619,2026-09-14 17:16:43.385000+00:00
16732748,DSM,C0,37,80,108980134,56233619,2026-09-14 17:16:43.740000+00:00
16732748,DSM,C0,38,80,108980966,56233619,2026-09-14 17:20:42.643000+00:00
16732748,DSM,C0,39,80,108982004,56233619,2026-09-14 17:24:41.748000+00:00
16732748,DSM,C0,40,80,108983038,56233619,2026-09-14 17:28:44.958000+00:00
16732748,DSM,C0,41,80,108984083,56233619,2026-09-14 17:32:41.063000+00:00
16732748,DSM,C0,42,80,108985116,56233619,2026-09-14 17:36:42.066000+00:00
16732748,DSM,C0,43,80,108986143,56233619,2026-09-14 17:40:40.650000+00:00
16732748,DSM,C0,44,80,108986172,56233619,2026-09-14 17:40:40.684000+00:00
16732748,DSM,C0,45,80,108987190,56233619,2026-09-14 17:44:41.063000+00:00
16732748,DSM,C0,46,80,108988219,56233619,2026-09-14 17:48:41.838000+00:00
16732748,DSM,C0,47,80,108989324,56233619,2026-09-14 17:52:40.987000+00:00
16732748,DSM,C0,48,80,108990324,56233619,2026-09-14 17:56:40.462000+00:00
16732748,DSM,C0,49,80,108991367,56233619,2026-09-14 18:00:42.135000+00:00
16732521,redblackbst,F,0,4822,100248416,55800660,2026-08-26 18:02:45.462315700+00:00
16732521,redblackbst,F,1,4822,100250690,55800660,2026-08-26 18:06:46.534497800+00:00
16732521,redblackbst,F,2,4822,100252956,55800660,2026-08-26 18:10:44.788782700+00:00
16732521,redblackbst,F,3,4822,100255228,55800660,2026-08-26 18:14:45.135301300+00:00
16732521,redblackbst,F,4,4822,100257499,55800660,2026-08-26 18:18:45.392950600+00:00
16732521,redblackbst,F,5,4822,100259793,55800660,2026-08-26 18:22:51.823270500+00:00
16732521,redblackbst,F,6,4822,100262089,55800660,2026-08-26 18:26:50.478676200+00:00
16732521,redblackbst,F,7,4822,100264353,55800660,2026-08-26 18:30:47.032369400+00:00
16732521,redblackbst,F,8,4822,100266647,55800660,2026-08-26 18:34:48.827316300+00:00
16732521,redblackbst,F,9,4822,100268949,55800660,2026-08-26 18:38:45.885957900+00:00
16732521,redblackbst,F,10,4822,100271235,55800660,2026-08-26 18:42:44.300923700+00:00
16732521,redblackbst,F,11,4822,100273510,55800660,2026-08-26 18:46:47.807969100+00:00
16732521,redblackbst,F,12,4822,100275818,55800660,2026-08-26 18:50:44.082283600+00:00
16732521,redblackbst,F,13,4822,100278099,55800660,2026-08-26 18:54:44.129882400+00:00
16732521,redblackbst,F,14,4822,100280393,55800660,2026-08-26 18:58:43.831141900+00:00
16732521,redblackbst,F,15,4822,100282672,55800660,2026-08-26 19:03:14.094513600+00:00
16732521,redblackbst,F,16,4822,100284873,55800660,2026-08-26 19:07:15.878666800+00:00
16732521,redblackbst,F,17,4822,100284952,55800660,2026-08-26 19:07:15.984012400+00:00
16732521,redblackbst,F,18,4822,100287242,55800660,2026-08-26 19:11:16.754133400+00:00
16732521,redblackbst,F,19,4822,100289514,55800660,2026-08-26 19:15:14.529471900+00:00
16732521,redblackbst,F,20,4822,100291817,55800660,2026-08-26 19:19:14.544225500+00:00
16732521,redblackbst,F,21,4822,100294098,55800660,2026-08-26 19:23:13.518619400+00:00
16732521,redblackbst,F,22,4822,100296369,55800660,2026-08-26 19:27:18.404204400+00:00
16732521,redblackbst,F,23,4822,100298651,55800660,2026-08-26 19:31:14.830050400+00:00
16732521,redblackbst,F,24,4822,100300942,55800660,2026-08-26 19:35:13.224196500+00:00
16732521,redblackbst,F,25,4822,100303229,55800660,2026-08-26 19:39:13.610723600+00:00
16732521,redblackbst,F,26,4822,100305519,55800660,2026-08-26 19:43:13.613916900+00:00
16732521,redblackbst,F,27,4822,100307797,55800660,2026-08-26 19:47:17.077967200+00:00
16732521,redblackbst,F,28,4822,100310077,55800660,2026-08-26 19:51:20.394036400+00:00
16732521,redblackbst,F,29,4822,100312340,55800660,2026-08-26 19:55:19.486040100+00:00
16732521,redblackbst,F,30,4822,100314638,55800660,2026-08-26 19:59:15.931247300+00:00
16732521,redblackbst,F,31,4822,100316926,55800660,2026-08-26 20:03:18.698934600+00:00
16732521,redblackbst,F,32,4822,100319212,55800660,2026-08-26 20:07:16.638774100+00:00
16732521,redblackbst,F,33,4822,100321488,55800660,2026-08-26 20:11:13.624488500+00:00
16732521,redblackbst,F,34,4822,100323770,55800660,2026-08-26 20:15:16.494511400+00:00
16732521,redblackbst,F,35,4822,100326052,55800660,2026-08-26 20:19:15.008057200+00:00
16732521,redblackbst,F,36,4822,100328335,55800660,2026-08-26 20:23:14.343501800+00:00
16732521,redblackbst,F,37,4822,100330634,55800660,2026-08-26 20:27:18.005655100+00:00
16732521,redblackbst,F,38,4822,100332917,55800660,2026-08-26 20:31:16.780975100+00:00
16732521,redblackbst,F,39,4822,100335168,55800660,2026-08-26 20:35:13.886685100+00:00
16732521,redblackbst,F,40,4822,100337453,55800660,2026-08-26 20:39:14.243255100+00:00
16732521,redblackbst,F,41,4822,100337492,55800660,2026-08-26 20:39:14.311473500+00:00
16732521,redblackbst,F,42,4822,100339755,55800660,2026-08-26 20:43:14.289827+00:00
16732521,redblackbst,F,43,4822,100342049,55800660,2026-08-26 20:47:17.246913600+00:00
16732521,redblackbst,F,44,4822,100351283,55800660,2026-08-26 21:03:15.300934600+00:00
16732521,redblackbst,F,45,4822,100364974,55800660,2026-08-26 21:27:20.979247400+00:00
16732521,redblackbst,F,46,4822,100374062,55800660,2026-08-26 21:43:14.338283300+00:00
16732521,redblackbst,F,47,4822,100396799,55800660,2026-08-26 22:23:16.263292500+00:00
16732521,redblackbst,F,48,4822,100401117,55800660,2026-08-26 22:31:15.803423600+00:00
16732521,redblackbst,F,49,4822,100428707,55800660,2026-08-26 23:19:21.722146200+00:00
16732521,redblackbst,Q1,1181,4822,105243787,55969620,2026-09-03 20:56:32.698000+00:00
16732521,redblackbst,Q1,1182,4822,105245101,55974678,2026-09-03 21:00:20.588000+00:00
16732521,redblackbst,Q1,1183,4822,105245294,55969620,2026-09-03 21:00:21.017000+00:00
16732521,redblackbst,Q1,1184,4822,105247277,55974678,2026-09-03 21:08:23.323000+00:00
16732521,redblackbst,Q1,1185,4822,105248690,55969620,2026-09-03 21:16:19.380000+00:00
16732521,redblackbst,Q1,1186,4822,105249901,55974678,2026-09-03 21:22:13.614000+00:00
16732521,redblackbst,Q1,1187,4822,105252039,55969620,2026-09-03 21:39:51.800000+00:00
16732521,redblackbst,Q1,1188,4822,105253079,55974678,2026-09-03 21:40:15.025000+00:00
16732521,redblackbst,Q1,1189,4822,105254862,55969620,2026-09-03 21:48:09.620000+00:00
16732521,redblackbst,Q1,1190,4822,105254924,55969620,2026-09-03 21:48:09.701000+00:00
16732521,redblackbst,Q1,1191,4822,105255794,55974678,2026-09-03 21:52:09.425000+00:00
16732521,redblackbst,Q1,1192,4822,105256492,55969620,2026-09-03 21:56:09.363000+00:00
16732521,redblackbst,Q1,1193,4822,105256545,55974678,2026-09-03 21:56:09.430000+00:00
16732521,redblackbst,Q1,1194,4822,105258298,55969620,2026-09-03 22:04:12.894000+00:00
16732521,redblackbst,Q1,1195,4822,105258300,55969620,2026-09-03 22:04:12.896000+00:00
16732521,redblackbst,Q1,1196,4822,105258474,55969620,2026-09-03 22:08:12.153000+00:00
16732521,redblackbst,Q1,1197,4822,105259105,55974678,2026-09-03 22:08:13.207000+00:00
16732521,redblackbst,Q1,1198,4822,105259630,55969620,2026-09-03 22:12:11.996000+00:00
16732521,redblackbst,Q1,1199,4822,105259768,55969620,2026-09-03 22:12:12.254000+00:00
16732521,redblackbst,Q1,1200,4822,105262189,55969620,2026-09-03 22:22:48.907000+00:00
16732521,redblackbst,Q1,1201,4822,105262529,55969620,2026-09-03 22:22:49.436000+00:00
16732521,redblackbst,Q1,1202,4822,105262650,55974678,2026-09-03 22:22:49.638000+00:00
16732521,redblackbst,Q1,1203,4822,105262718,55974678,2026-09-03 22:22:49.741000+00:00
16732521,redblackbst,Q1,1204,4822,105264569,55974678,2026-09-03 22:30:37.737000+00:00
16732521,redblackbst,Q1,1205,4822,105264826,55969620,2026-09-03 22:30:38.102000+00:00
16732521,redblackbst,Q1,1206,4822,105265310,55974678,2026-09-03 22:30:38.885000+00:00
16732521,redblackbst,Q1,1207,4822,105266103,55969620,2026-09-03 22:34:37.758000+00:00
16732521,redblackbst,Q1,1208,4822,105267112,55969620,2026-09-03 22:40:45.193000+00:00
16732521,redblackbst,Q1,1209,4822,105268166,55974678,2026-09-03 22:44:30.907000+00:00
16732521,redblackbst,Q1,1210,4822,105269769,55969620,2026-09-03 22:52:29.697000+00:00
16732521,redblackbst,Q1,1211,4822,105269795,55974678,2026-09-03 22:52:29.725000+00:00
16732521,redblackbst,Q1,1212,4822,105269909,55969620,2026-09-03 22:52:29.891000+00:00
16732521,redblackbst,Q1,1213,4822,105271080,55974678,2026-09-03 23:00:29.479000+00:00
16732521,redblackbst,Q1,1214,4822,105272639,55969620,2026-09-03 23:04:29.096000+00:00
16732521,redblackbst,Q1,1215,4822,105273669,55974678,2026-09-03 23:08:29.075000+00:00
16732521,redblackbst,Q1,1216,4822,105273823,55974678,2026-09-03 23:08:29.296000+00:00
16732521,redblackbst,Q1,1217,4822,105273825,55974678,2026-09-03 23:08:29.298000+00:00
16732521,redblackbst,Q1,1218,4822,105274110,55969620,2026-09-03 23:12:28.328000+00:00
16732521,redblackbst,Q1,1219,4822,105276890,55969620,2026-09-03 23:20:33.022000+00:00
16732521,redblackbst,Q1,1220,4822,105276896,55974678,2026-09-03 23:20:33.027000+00:00
16732521,redblackbst,Q1,1221,4822,105276971,55969620,2026-09-03 23:20:33.128000+00:00
16732521,redblackbst,Q1,1222,4822,105280285,55974678,2026-09-03 23:32:30.872000+00:00
16732521,redblackbst,Q1,1223,4822,105280329,55974678,2026-09-03 23:32:30.916000+00:00
16732521,redblackbst,Q1,1224,4822,105280384,55969620,2026-09-03 23:32:31.001000+00:00
16732521,redblackbst,Q1,1225,4822,105282511,55974678,2026-09-03 23:40:32.601000+00:00
16732521,redblackbst,Q1,1226,4822,105283828,55969620,2026-09-03 23:44:31.302000+00:00
16732521,redblackbst,Q1,1227,4822,105285172,55974678,2026-09-03 23:48:32.179000+00:00
16732521,redblackbst,Q1,1228,4822,105287047,55969620,2026-09-03 23:56:29.527000+00:00
16732521,redblackbst,Q1,1229,4822,105287245,55969620,2026-09-03 23:56:29.875000+00:00
16732521,redblackbst,Q1,1230,4822,105288568,55974678,2026-09-04 00:00:31.421000+00:00
16732521,redblackbst,Q2,2386,4822,106656020,56086175,2026-09-08 03:18:18.032000+00:00
16732521,redblackbst,Q2,2387,4822,106656961,56086175,2026-09-08 03:22:18.035000+00:00
16732521,redblackbst,Q2,2388,4822,106657912,56086175,2026-09-08 03:26:19.792000+00:00
16732521,redblackbst,Q2,2389,4822,106658746,56086175,2026-09-08 03:30:17.646000+00:00
16732521,redblackbst,Q2,2390,4822,106659789,56086175,2026-09-08 03:34:17.583000+00:00
16732521,redblackbst,Q2,2391,4822,106660722,56086175,2026-09-08 03:38:18.042000+00:00
16732521,redblackbst,Q2,2392,4822,106661670,56086175,2026-09-08 03:42:17.641000+00:00
16732521,redblackbst,Q2,2393,4822,106661940,56086175,2026-09-08 03:42:18.076000+00:00
16732521,redblackbst,Q2,2394,4822,106662324,56086175,2026-09-08 03:46:20.296000+00:00
16732521,redblackbst,Q2,2395,4822,106662619,56086175,2026-09-08 03:46:20.706000+00:00
16732521,redblackbst,Q2,2396,4822,106663544,56086175,2026-09-08 03:50:18.117000+00:00
16732521,redblackbst,Q2,2397,4822,106664484,56086175,2026-09-08 03:54:18.280000+00:00
16732521,redblackbst,Q2,2398,4822,106665428,56086175,2026-09-08 03:58:17.926000+00:00
16732521,redblackbst,Q2,2399,4822,106666058,56086175,2026-09-08 04:02:17.191000+00:00
16732521,redblackbst,Q2,2400,4822,106666364,56086175,2026-09-08 04:02:17.626000+00:00
16732521,redblackbst,Q2,2401,4822,106667301,56086175,2026-09-08 04:06:19.308000+00:00
16732521,redblackbst,Q2,2402,4822,106668456,56086175,2026-09-08 04:10:18.721000+00:00
16732521,redblackbst,Q2,2403,4822,106669365,56086175,2026-09-08 04:14:18.724000+00:00
16732521,redblackbst,Q2,2404,4822,106672081,56086175,2026-09-08 04:26:22.209000+00:00
16732521,redblackbst,Q2,2405,4822,106676910,56086175,2026-09-08 04:46:27.078000+00:00
16732521,redblackbst,Q2,2406,4822,106678182,56086175,2026-09-08 04:54:17.118000+00:00
16732521,redblackbst,Q2,2407,4822,106683322,56086175,2026-09-08 05:14:18.606000+00:00
16732521,redblackbst,Q2,2408,4822,106686093,56086175,2026-09-08 05:26:20.092000+00:00
16732521,redblackbst,Q2,2409,4822,106687525,56086175,2026-09-08 05:34:17.308000+00:00
16732521,redblackbst,Q2,2410,4822,106688649,56086175,2026-09-08 05:38:18.026000+00:00
16732521,redblackbst,Q2,2411,4822,106689762,56086175,2026-09-08 05:42:17.911000+00:00
16732521,redblackbst,Q2,2412,4822,106695403,56086175,2026-09-08 06:06:20.083000+00:00
16732521,redblackbst,Q2,2413,4822,106697258,56086175,2026-09-08 06:14:18.098000+00:00
16732521,redblackbst,Q2,2414,4822,106700298,56086175,2026-09-08 06:30:16.705000+00:00
16732521,redblackbst,Q2,2415,4822,106705751,56086175,2026-09-08 06:50:18.275000+00:00
16732521,redblackbst,Q2,2416,4822,106706715,56086175,2026-09-08 06:54:18.578000+00:00
16732521,redblackbst,Q2,2417,4822,106707082,56086175,2026-09-08 06:58:17.380000+00:00
16732521,redblackbst,Q2,2418,4822,106712277,56086175,2026-09-08 07:18:18.327000+00:00
16732521,redblackbst,Q2,2419,4822,106714332,56086175,2026-09-08 07:30:16.810000+00:00
16732521,redblackbst,Q2,2420,4822,106719790,56086175,2026-09-08 07:50:18.173000+00:00
16732521,redblackbst,Q2,2421,4822,106725297,56086175,2026-09-08 08:14:18.045000+00:00
16732521,redblackbst,Q2,2422,4822,106730174,56086175,2026-09-08 08:34:18.698000+00:00
16732521,redblackbst,Q2,2423,4822,106732451,56086175,2026-09-08 08:46:19.500000+00:00
16732521,redblackbst,Q2,2424,4822,106733321,56086175,2026-09-08 08:50:19.007000+00:00
16732521,redblackbst,Q2,2425,4822,106738529,56086175,2026-09-08 09:10:24.001000+00:00
16732521,redblackbst,Q2,2426,4822,106741217,56086175,2026-09-08 09:22:22.706000+00:00
16732521,redblackbst,Q2,2427,4822,106745999,56086175,2026-09-08 09:42:18.513000+00:00
16732521,redblackbst,Q2,2428,4822,106750668,56086175,2026-09-08 10:02:18.771000+00:00
16732521,redblackbst,Q2,2429,4822,106750685,56086175,2026-09-08 10:02:18.791000+00:00
16732521,redblackbst,Q2,2430,4822,106750695,56086175,2026-09-08 10:02:18.805000+00:00
16732521,redblackbst,Q2,2431,4822,106753518,56086175,2026-09-08 10:14:18.613000+00:00
16732521,redblackbst,Q2,2432,4822,106754270,56086175,2026-09-08 10:18:19.189000+00:00
16732521,redblackbst,Q2,2433,4822,106758392,56086175,2026-09-08 10:38:17.778000+00:00
16732521,redblackbst,Q2,2434,4822,106759029,56086175,2026-09-08 10:38:18.992000+00:00
16732521,redblackbst,Q2,2435,4822,106763838,56086175,2026-09-08 10:58:18.402000+00:00
16732521,redblackbst,Q3,3591,4822,107753334,56159109,2026-09-11 07:49:22.424000+00:00
16732521,redblackbst,Q3,3592,4822,107754240,56159109,2026-09-11 07:53:23.769000+00:00
16732521,redblackbst,Q3,3593,4822,107754909,56153223,2026-09-11 07:53:24.856000+00:00
16732521,redblackbst,Q3,3594,4822,107755425,56159109,2026-09-11 07:57:26.904000+00:00
16732521,redblackbst,Q3,3595,4822,107756221,56159109,2026-09-11 08:01:28.606000+00:00
16732521,redblackbst,Q3,3596,4822,107757301,56159109,2026-09-11 08:05:23.015000+00:00
16732521,redblackbst,Q3,3597,4822,107758290,56159109,2026-09-11 08:09:23.011000+00:00
16732521,redblackbst,Q3,3598,4822,107759286,56159109,2026-09-11 08:13:23.011000+00:00
16732521,redblackbst,Q3,3599,4822,107760267,56159109,2026-09-11 08:17:22.673000+00:00
16732521,redblackbst,Q3,3600,4822,107760729,56153223,2026-09-11 08:17:23.305000+00:00
16732521,redblackbst,Q3,3601,4822,107761265,56159109,2026-09-11 08:21:23.969000+00:00
16732521,redblackbst,Q3,3602,4822,107761618,56159109,2026-09-11 08:21:24.490000+00:00
16732521,redblackbst,Q3,3603,4822,107762278,56159109,2026-09-11 08:25:23.291000+00:00
16732521,redblackbst,Q3,3604,4822,107763264,56159109,2026-09-11 08:29:24.921000+00:00
16732521,redblackbst,Q3,3605,4822,107764255,56159109,2026-09-11 08:33:23.434000+00:00
16732521,redblackbst,Q3,3606,4822,107764710,56159109,2026-09-11 08:33:24.231000+00:00
16732521,redblackbst,Q3,3607,4822,107765249,56159109,2026-09-11 08:37:22.997000+00:00
16732521,redblackbst,Q3,3608,4822,107766401,56159109,2026-09-11 08:41:24.470000+00:00
16732521,redblackbst,Q3,3609,4822,107766628,56153223,2026-09-11 08:41:24.709000+00:00
16732521,redblackbst,Q3,3610,4822,107766674,56153223,2026-09-11 08:41:24.795000+00:00
16732521,redblackbst,Q3,3611,4822,107767234,56159109,2026-09-11 08:45:22.801000+00:00
16732521,redblackbst,Q3,3612,4822,107768235,56159109,2026-09-11 08:49:24.631000+00:00
16732521,redblackbst,Q3,3613,4822,107769053,56159109,2026-09-11 08:53:29.209000+00:00
16732521,redblackbst,Q3,3614,4822,107770221,56159109,2026-09-11 08:57:31.226000+00:00
16732521,redblackbst,Q3,3615,4822,107771223,56159109,2026-09-11 09:01:34.674000+00:00
16732521,redblackbst,Q3,3616,4822,107771344,56153223,2026-09-11 09:01:34.908000+00:00
16732521,redblackbst,Q3,3617,4822,107772226,56159109,2026-09-11 09:05:35.401000+00:00
16732521,redblackbst,Q3,3618,4822,107773219,56159109,2026-09-11 09:09:29.705000+00:00
16732521,redblackbst,Q3,3619,4822,107774207,56159109,2026-09-11 09:13:27.945000+00:00
16732521,redblackbst,Q3,3620,4822,107775208,56159109,2026-09-11 09:17:28.736000+00:00
16732521,redblackbst,Q3,3621,4822,107776195,56159109,2026-09-11 09:21:25.178000+00:00
16732521,redblackbst,Q3,3622,4822,107776659,56153223,2026-09-11 09:21:26.123000+00:00
16732521,redblackbst,Q3,3623,4822,107777192,56159109,2026-09-11 09:25:23.223000+00:00
16732521,redblackbst,Q3,3624,4822,107778183,56159109,2026-09-11 09:29:23.116000+00:00
16732521,redblackbst,Q3,3625,4822,107779195,56159109,2026-09-11 09:33:23.024000+00:00
16732521,redblackbst,Q3,3626,4822,107779393,56159109,2026-09-11 09:33:23.492000+00:00
16732521,redblackbst,Q3,3627,4822,107780189,56159109,2026-09-11 09:37:23.509000+00:00
16732521,redblackbst,Q3,3628,4822,107781192,56159109,2026-09-11 09:41:23.995000+00:00
16732521,redblackbst,Q3,3629,4822,107782191,56159109,2026-09-11 09:45:23.122000+00:00
16732521,redblackbst,Q3,3630,4822,107782522,56153223,2026-09-11 09:45:23.612000+00:00
16732521,redblackbst,Q3,3631,4822,107783180,56159109,2026-09-11 09:49:23.384000+00:00
16732521,redblackbst,Q3,3632,4822,107784181,56159109,2026-09-11 09:53:23.126000+00:00
16732521,redblackbst,Q3,3633,4822,107785243,56159109,2026-09-11 09:57:23.981000+00:00
16732521,redblackbst,Q3,3634,4822,107786170,56159109,2026-09-11 10:01:23.119000+00:00
16732521,redblackbst,Q3,3635,4822,107787173,56159109,2026-09-11 10:05:23.475000+00:00
16732521,redblackbst,Q3,3636,4822,107788174,56159109,2026-09-11 10:09:23.581000+00:00
16732521,redblackbst,Q3,3637,4822,107788473,56153223,2026-09-11 10:09:24.039000+00:00
16732521,redblackbst,Q3,3638,4822,107789177,56159109,2026-09-11 10:13:25.376000+00:00
16732521,redblackbst,Q3,3639,4822,107790157,56159109,2026-09-11 10:17:24.235000+00:00
16732521,redblackbst,Q3,3640,4822,107791171,56159109,2026-09-11 10:21:26.907000+00:00
16732521,redblackbst,L,4772,4822,108843370,56221758,2026-09-14 08:22:51.623000+00:00
16732521,redblackbst,L,4773,4822,108844305,56221758,2026-09-14 08:26:57.237000+00:00
16732521,redblackbst,L,4774,4822,108845338,56221758,2026-09-14 08:30:51.780000+00:00
16732521,redblackbst,L,4775,4822,108846372,56221758,2026-09-14 08:34:51.003000+00:00
16732521,redblackbst,L,4776,4822,108847389,56221758,2026-09-14 08:38:58.694000+00:00
16732521,redblackbst,L,4777,4822,108848338,56221758,2026-09-14 08:42:52.291000+00:00
16732521,redblackbst,L,4778,4822,108848446,56221758,2026-09-14 08:42:52.493000+00:00
16732521,redblackbst,L,4779,4822,108849468,56221758,2026-09-14 08:46:55.132000+00:00
16732521,redblackbst,L,4780,4822,108849659,56221758,2026-09-14 08:46:55.484000+00:00
16732521,redblackbst,L,4781,4822,108850492,56221758,2026-09-14 08:50:55.027000+00:00
16732521,redblackbst,L,4782,4822,108851554,56221758,2026-09-14 08:54:56.730000+00:00
16732521,redblackbst,L,4783,4822,108851722,56221758,2026-09-14 08:54:57.077000+00:00
16732521,redblackbst,L,4784,4822,108852586,56221758,2026-09-14 08:59:00.217000+00:00
16732521,redblackbst,L,4785,4822,108853634,56221758,2026-09-14 09:02:55.081000+00:00
16732521,redblackbst,L,4786,4822,108854686,56221758,2026-09-14 09:07:04.008000+00:00
16732521,redblackbst,L,4787,4822,108860238,56221758,2026-09-14 09:26:51.377000+00:00
16732521,redblackbst,L,4788,4822,108861612,56221758,2026-09-14 09:34:57.631000+00:00
16732521,redblackbst,L,4789,4822,108867992,56221758,2026-09-14 09:58:53.099000+00:00
16732521,redblackbst,L,4790,4822,108874237,56221758,2026-09-14 10:22:55.302000+00:00
16732521,redblackbst,L,4791,4822,108880476,56221758,2026-09-14 10:46:52.445000+00:00
16732521,redblackbst,L,4792,4822,108886632,56221758,2026-09-14 11:10:50.371000+00:00
16732521,redblackbst,L,4793,4822,108889803,56221758,2026-09-14 11:22:53.836000+00:00
16732521,redblackbst,L,4794,4822,108892599,56221758,2026-09-14 11:34:51.614000+00:00
16732521,redblackbst,L,4795,4822,108895738,56221758,2026-09-14 11:46:50.543000+00:00
16732521,redblackbst,L,4796,4822,108897425,56221758,2026-09-14 11:54:49.688000+00:00
16732521,redblackbst,L,4797,4822,108904007,56221758,2026-09-14 12:18:52.507000+00:00
16732521,redblackbst,L,4798,4822,108911108,56221758,2026-09-14 12:46:50.792000+00:00
16732521,redblackbst,L,4799,4822,108917521,56221758,2026-09-14 13:10:50.686000+00:00
16732521,redblackbst,L,4800,4822,108924668,56221758,2026-09-14 13:39:01.778000+00:00
16732521,redblackbst,L,4801,4822,108931869,56221758,2026-09-14 14:06:50.088000+00:00
16732521,redblackbst,L,4802,4822,108931918,56221758,2026-09-14 14:06:50.149000+00:00
16732521,redblackbst,L,4803,4822,108939122,56221758,2026-09-14 14:34:56.235000+00:00
16732521,redblackbst,L,4804,4822,108946330,56221758,2026-09-14 15:02:53.207000+00:00
16732521,redblackbst,L,4805,4822,108953606,56221758,2026-09-14 15:30:52.617000+00:00
16732521,redblackbst,L,4806,4822,108960912,56221758,2026-09-14 15:58:58.958000+00:00
16732521,redblackbst,L,4807,4822,108960930,56221758,2026-09-14 15:58:58.994000+00:00
16732521,redblackbst,L,4808,4822,108960975,56221758,2026-09-14 15:58:59.047000+00:00
16732521,redblackbst,L,4809,4822,108964006,56221758,2026-09-14 16:10:54.326000+00:00
16732521,redblackbst,L,4810,4822,108969080,56221758,2026-09-14 16:30:50.742000+00:00
16732521,redblackbst,L,4811,4822,108975016,56221758,2026-09-14 16:54:50.412000+00:00
16732521,redblackbst,L,4812,4822,108976239,56221758,2026-09-14 16:58:53.213000+00:00
16732521,redblackbst,L,4813,4822,108976351,56221758,2026-09-14 16:58:53.384000+00:00
16732521,redblackbst,L,4814,4822,108983521,56221758,2026-09-14 17:28:45.756000+00:00
16732521,redblackbst,L,4815,4822,108983569,56221758,2026-09-14 17:28:45.843000+00:00
16732521,redblackbst,L,4816,4822,108985371,56221758,2026-09-14 17:36:42.547000+00:00
16732521,redblackbst,L,4817,4822,108991812,56221758,2026-09-14 18:00:43.081000+00:00
16732521,redblackbst,L,4818,4822,108998030,56221758,2026-09-14 18:24:41.135000+00:00
16732521,redblackbst,L,4819,4822,109004107,56221758,2026-09-14 18:48:41.548000+00:00
16732521,redblackbst,L,4820,4822,109007995,56221758,2026-09-14 19:04:40.552000+00:00
16732521,redblackbst,L,4821,4822,109013497,56221758,2026-09-14 19:24:42.444000+00:00
16732521,redblackbst,C0,0,115,108788579,56221758,2026-09-14 04:50:45.893000+00:00
16732521,redblackbst,C0,1,115,108789618,56221758,2026-09-14 04:54:45.636000+00:00
16732521,redblackbst,C0,2,115,108790619,56221758,2026-09-14 04:58:47.089000+00:00
16732521,redblackbst,C0,3,115,108791625,56221758,2026-09-14 05:02:45.495000+00:00
16732521,redblackbst,C0,4,115,108792660,56221758,2026-09-14 05:06:48.815000+00:00
16732521,redblackbst,C0,5,115,108793642,56221758,2026-09-14 05:10:48.798000+00:00
16732521,redblackbst,C0,6,115,108794653,56221758,2026-09-14 05:14:50.973000+00:00
16732521,redblackbst,C0,7,115,108795680,56221758,2026-09-14 05:18:47.284000+00:00
16732521,redblackbst,C0,8,115,108796740,56221758,2026-09-14 05:22:46.996000+00:00
16732521,redblackbst,C0,9,115,108797715,56221758,2026-09-14 05:26:50.819000+00:00
16732521,redblackbst,C0,10,115,108798722,56221758,2026-09-14 05:30:51.772000+00:00
16732521,redblackbst,C0,11,115,108799739,56221758,2026-09-14 05:34:51.367000+00:00
16732521,redblackbst,C0,12,115,108800760,56221758,2026-09-14 05:38:53.444000+00:00
16732521,redblackbst,C0,13,115,108801777,56221758,2026-09-14 05:42:49.965000+00:00
16732521,redblackbst,C0,14,115,108802791,56221758,2026-09-14 05:46:51.297000+00:00
16732521,redblackbst,C0,15,115,108803817,56221758,2026-09-14 05:50:52.651000+00:00
16732521,redblackbst,C0,16,115,108803837,56221758,2026-09-14 05:50:52.681000+00:00
16732521,redblackbst,C0,17,115,108804874,56221758,2026-09-14 05:54:49.344000+00:00
16732521,redblackbst,C0,18,115,108805928,56221758,2026-09-14 05:58:56.001000+00:00
16732521,redblackbst,C0,19,115,108806986,56221758,2026-09-14 06:02:55.728000+00:00
16732521,redblackbst,C0,20,115,108808048,56221758,2026-09-14 06:06:51.233000+00:00
16732521,redblackbst,C0,21,115,108808652,56221758,2026-09-14 06:06:52.398000+00:00
16732521,redblackbst,C0,22,115,108809080,56221758,2026-09-14 06:10:51.241000+00:00
16732521,redblackbst,C0,23,115,108810148,56221758,2026-09-14 06:14:54.126000+00:00
16732521,redblackbst,C0,24,115,108811191,56221758,2026-09-14 06:18:55.327000+00:00
16732521,redblackbst,C0,25,115,108812235,56221758,2026-09-14 06:22:50.789000+00:00
16732521,redblackbst,C0,26,115,108813002,56221758,2026-09-14 06:22:52.014000+00:00
16732521,redblackbst,C0,27,115,108813269,56221758,2026-09-14 06:26:50.620000+00:00
16732521,redblackbst,C0,28,115,108813298,56221758,2026-09-14 06:26:50.685000+00:00
16732521,redblackbst,C0,29,115,108814313,56221758,2026-09-14 06:30:54.977000+00:00
16732521,redblackbst,C0,30,115,108814900,56221758,2026-09-14 06:30:56.110000+00:00
16732521,redblackbst,C0,31,115,108815185,56221758,2026-09-14 06:34:54.132000+00:00
16732521,redblackbst,C0,32,115,108816364,56221758,2026-09-14 06:38:54.182000+00:00
16732521,redblackbst,C0,33,115,108817400,56221758,2026-09-14 06:42:52.279000+00:00
16732521,redblackbst,C0,34,115,108818021,56221758,2026-09-14 06:42:53.530000+00:00
16732521,redblackbst,C0,35,115,108818431,56221758,2026-09-14 06:46:48.912000+00:00
16732521,redblackbst,C0,36,115,108819467,56221758,2026-09-14 06:50:49.285000+00:00
16732521,redblackbst,C0,37,115,108820502,56221758,2026-09-14 06:54:48.998000+00:00
16732521,redblackbst,C0,38,115,108821529,56221758,2026-09-14 06:58:51.896000+00:00
16732521,redblackbst,C0,39,115,108822144,56221758,2026-09-14 06:58:52.908000+00:00
16732521,redblackbst,C0,40,115,108822572,56221758,2026-09-14 07:02:53.532000+00:00
16732521,redblackbst,C0,41,115,108823604,56221758,2026-09-14 07:06:50.618000+00:00
16732521,redblackbst,C0,42,115,108823972,56221758,2026-09-14 07:06:51.193000+00:00
16732521,redblackbst,C0,43,115,108824705,56221758,2026-09-14 07:10:50.471000+00:00
16732521,redblackbst,C0,44,115,108825689,56221758,2026-09-14 07:14:49.072000+00:00
16732521,redblackbst,C0,45,115,108826722,56221758,2026-09-14 07:18:52.495000+00:00
16732521,redblackbst,C0,46,115,108827155,56221758,2026-09-14 07:18:53.302000+00:00
16732521,redblackbst,C0,47,115,108827735,56221758,2026-09-14 07:22:49.003000+00:00
16732521,redblackbst,C0,48,115,108828381,56221758,2026-09-14 07:22:50.002000+00:00
16732521,redblackbst,C0,49,115,108828793,56221758,2026-09-14 07:26:49.473000+00:00
16621799,Artem The Farmer 🍅,F,0,1679,94540857,55625586,2026-08-19 14:41:53.395000+00:00
16621799,Artem The Farmer 🍅,F,1,1679,94541740,55625586,2026-08-19 14:45:55.248000+00:00
16621799,Artem The Farmer 🍅,F,2,1679,94542618,55625586,2026-08-19 14:49:53.494000+00:00
16621799,Artem The Farmer 🍅,F,3,1679,94543491,55625586,2026-08-19 14:53:54.069000+00:00
16621799,Artem The Farmer 🍅,F,4,1679,94544362,55625586,2026-08-19 14:57:57.235000+00:00
16621799,Artem The Farmer 🍅,F,5,1679,94545275,55625586,2026-08-19 15:01:54.344000+00:00
16621799,Artem The Farmer 🍅,F,6,1679,94546174,55625586,2026-08-19 15:05:54.494000+00:00
16621799,Artem The Farmer 🍅,F,7,1679,94547065,55625586,2026-08-19 15:09:53.949000+00:00
16621799,Artem The Farmer 🍅,F,8,1679,94547966,55625586,2026-08-19 15:13:53.732000+00:00
16621799,Artem The Farmer 🍅,F,9,1679,94548868,55625586,2026-08-19 15:17:59.131000+00:00
16621799,Artem The Farmer 🍅,F,10,1679,94549767,55625586,2026-08-19 15:21:54.132000+00:00
16621799,Artem The Farmer 🍅,F,11,1679,94550651,55625586,2026-08-19 15:25:54.793000+00:00
16621799,Artem The Farmer 🍅,F,12,1679,94551536,55625586,2026-08-19 15:29:53.836000+00:00
16621799,Artem The Farmer 🍅,F,13,1679,94552418,55625586,2026-08-19 15:34:01.029000+00:00
16621799,Artem The Farmer 🍅,F,14,1679,94553299,55625586,2026-08-19 15:37:59.747000+00:00
16621799,Artem The Farmer 🍅,F,15,1679,94554182,55625586,2026-08-19 15:41:53.822000+00:00
16621799,Artem The Farmer 🍅,F,16,1679,94555064,55625586,2026-08-19 15:45:57.100000+00:00
16621799,Artem The Farmer 🍅,F,17,1679,94555951,55625586,2026-08-19 15:49:53.138000+00:00
16621799,Artem The Farmer 🍅,F,18,1679,94556845,55625586,2026-08-19 15:53:55.485000+00:00
16621799,Artem The Farmer 🍅,F,19,1679,94557746,55625586,2026-08-19 15:57:58.213000+00:00
16621799,Artem The Farmer 🍅,F,20,1679,94558647,55625586,2026-08-19 16:01:57.908000+00:00
16621799,Artem The Farmer 🍅,F,21,1679,94559542,55625586,2026-08-19 16:08:26.592000+00:00
16621799,Artem The Farmer 🍅,F,22,1679,94560433,55625586,2026-08-19 16:12:10.520000+00:00
16621799,Artem The Farmer 🍅,F,23,1679,94561328,55625586,2026-08-19 16:16:09.304000+00:00
16621799,Artem The Farmer 🍅,F,24,1679,94562217,55625586,2026-08-19 16:20:08.718000+00:00
16621799,Artem The Farmer 🍅,F,25,1679,94563119,55625586,2026-08-19 16:24:09.547000+00:00
16621799,Artem The Farmer 🍅,F,26,1679,94564015,55625586,2026-08-19 16:28:10.628000+00:00
16621799,Artem The Farmer 🍅,F,27,1679,94564905,55625586,2026-08-19 16:32:08.209000+00:00
16621799,Artem The Farmer 🍅,F,28,1679,94565798,55625586,2026-08-19 16:36:07.628000+00:00
16621799,Artem The Farmer 🍅,F,29,1679,94566688,55625586,2026-08-19 16:40:08.129000+00:00
16621799,Artem The Farmer 🍅,F,30,1679,94567321,55625586,2026-08-19 16:44:08.014000+00:00
16621799,Artem The Farmer 🍅,F,31,1679,94567568,55625586,2026-08-19 16:44:08.361000+00:00
16621799,Artem The Farmer 🍅,F,32,1679,94568463,55625586,2026-08-19 16:48:11.119000+00:00
16621799,Artem The Farmer 🍅,F,33,1679,94569351,55625586,2026-08-19 16:52:08.394000+00:00
16621799,Artem The Farmer 🍅,F,34,1679,94570246,55625586,2026-08-19 16:56:07.832000+00:00
16621799,Artem The Farmer 🍅,F,35,1679,94571136,55625586,2026-08-19 17:00:08.412000+00:00
16621799,Artem The Farmer 🍅,F,36,1679,94572033,55625586,2026-08-19 17:04:08.062000+00:00
16621799,Artem The Farmer 🍅,F,37,1679,94572925,55625586,2026-08-19 17:08:11.006000+00:00
16621799,Artem The Farmer 🍅,F,38,1679,94573834,55625586,2026-08-19 17:12:10.956000+00:00
16621799,Artem The Farmer 🍅,F,39,1679,94585652,55625586,2026-08-19 18:01:20.618000+00:00
16621799,Artem The Farmer 🍅,F,40,1679,94612791,55625586,2026-08-19 19:05:41.474000+00:00
16621799,Artem The Farmer 🍅,F,41,1679,94632799,55625586,2026-08-19 19:53:43.357000+00:00
16621799,Artem The Farmer 🍅,F,42,1679,94632912,55625586,2026-08-19 19:53:43.567000+00:00
16621799,Artem The Farmer 🍅,F,43,1679,94654714,55625586,2026-08-19 20:47:10.530000+00:00
16621799,Artem The Farmer 🍅,F,44,1679,94673146,55625586,2026-08-19 21:31:14.066000+00:00
16621799,Artem The Farmer 🍅,F,45,1679,94674589,55625586,2026-08-19 21:35:12.994000+00:00
16621799,Artem The Farmer 🍅,F,46,1679,94698329,55625586,2026-08-19 22:31:41.844000+00:00
16621799,Artem The Farmer 🍅,F,47,1679,94725127,55625586,2026-08-19 23:37:58.659000+00:00
16621799,Artem The Farmer 🍅,F,48,1679,94755749,55625586,2026-08-20 00:41:59.425000+00:00
16621799,Artem The Farmer 🍅,F,49,1679,94801382,55625586,2026-08-20 02:02:03.006000+00:00
16621799,Artem The Farmer 🍅,Q1,395,1679,106411741,56071513,2026-09-07 09:40:19.916000+00:00
16621799,Artem The Farmer 🍅,Q1,396,1679,106412665,56071513,2026-09-07 09:44:21.702000+00:00
16621799,Artem The Farmer 🍅,Q1,397,1679,106413574,56071513,2026-09-07 09:48:20.630000+00:00
16621799,Artem The Farmer 🍅,Q1,398,1679,106414519,56071513,2026-09-07 09:52:20.510000+00:00
16621799,Artem The Farmer 🍅,Q1,399,1679,106415461,56071513,2026-09-07 09:56:20.472000+00:00
16621799,Artem The Farmer 🍅,Q1,400,1679,106416399,56071513,2026-09-07 10:00:21.760000+00:00
16621799,Artem The Farmer 🍅,Q1,401,1679,106417310,56071513,2026-09-07 10:04:28.466000+00:00
16621799,Artem The Farmer 🍅,Q1,402,1679,106418231,56071513,2026-09-07 10:08:23.814000+00:00
16621799,Artem The Farmer 🍅,Q1,403,1679,106419145,56071513,2026-09-07 10:12:20.717000+00:00
16621799,Artem The Farmer 🍅,Q1,404,1679,106420076,56071513,2026-09-07 10:16:20.973000+00:00
16621799,Artem The Farmer 🍅,Q1,405,1679,106421010,56071513,2026-09-07 10:20:20.531000+00:00
16621799,Artem The Farmer 🍅,Q1,406,1679,106421935,56071513,2026-09-07 10:24:21.687000+00:00
16621799,Artem The Farmer 🍅,Q1,407,1679,106422855,56071513,2026-09-07 10:28:20.557000+00:00
16621799,Artem The Farmer 🍅,Q1,408,1679,106423770,56071513,2026-09-07 10:32:21.699000+00:00
16621799,Artem The Farmer 🍅,Q1,409,1679,106424714,56071513,2026-09-07 10:36:21.495000+00:00
16621799,Artem The Farmer 🍅,Q1,410,1679,106425645,56071513,2026-09-07 10:40:20.302000+00:00
16621799,Artem The Farmer 🍅,Q1,411,1679,106426571,56071513,2026-09-07 10:44:23.304000+00:00
16621799,Artem The Farmer 🍅,Q1,412,1679,106427498,56071513,2026-09-07 10:48:19.788000+00:00
16621799,Artem The Farmer 🍅,Q1,413,1679,106428433,56071513,2026-09-07 10:52:20.084000+00:00
16621799,Artem The Farmer 🍅,Q1,414,1679,106429356,56071513,2026-09-07 10:56:19.867000+00:00
16621799,Artem The Farmer 🍅,Q1,415,1679,106430307,56071513,2026-09-07 11:00:20.177000+00:00
16621799,Artem The Farmer 🍅,Q1,416,1679,106431241,56071513,2026-09-07 11:04:23.957000+00:00
16621799,Artem The Farmer 🍅,Q1,417,1679,106438461,56071513,2026-09-07 11:36:25.365000+00:00
16621799,Artem The Farmer 🍅,Q1,418,1679,106447782,56071513,2026-09-07 12:16:26.295000+00:00
16621799,Artem The Farmer 🍅,Q1,419,1679,106451500,56071513,2026-09-07 12:32:26.930000+00:00
16621799,Artem The Farmer 🍅,Q1,420,1679,106453969,56071513,2026-09-07 12:44:29.111000+00:00
16621799,Artem The Farmer 🍅,Q1,421,1679,106460718,56071513,2026-09-07 13:12:27.217000+00:00
16621799,Artem The Farmer 🍅,Q1,422,1679,106481099,56071513,2026-09-07 14:40:26.511000+00:00
16621799,Artem The Farmer 🍅,Q1,423,1679,106502310,56071513,2026-09-07 16:12:31.222000+00:00
16621799,Artem The Farmer 🍅,Q1,424,1679,106505615,56071513,2026-09-07 16:28:27.093000+00:00
16621799,Artem The Farmer 🍅,Q1,425,1679,106529295,56071513,2026-09-07 18:08:27.134000+00:00
16621799,Artem The Farmer 🍅,Q1,426,1679,106539890,56071513,2026-09-07 18:56:26.762000+00:00
16621799,Artem The Farmer 🍅,Q1,427,1679,106545368,56071513,2026-09-07 19:20:25.323000+00:00
16621799,Artem The Farmer 🍅,Q1,428,1679,106570559,56071513,2026-09-07 21:10:06.330000+00:00
16621799,Artem The Farmer 🍅,Q1,429,1679,106576690,56071513,2026-09-07 21:38:05.505000+00:00
16621799,Artem The Farmer 🍅,Q1,430,1679,106601948,56071513,2026-09-07 23:26:12.412000+00:00
16621799,Artem The Farmer 🍅,Q1,431,1679,106606253,56071513,2026-09-07 23:46:12.087000+00:00
16621799,Artem The Farmer 🍅,Q1,432,1679,106608929,56071513,2026-09-07 23:58:11.439000+00:00
16621799,Artem The Farmer 🍅,Q1,433,1679,106613814,56071513,2026-09-08 00:18:11.814000+00:00
16621799,Artem The Farmer 🍅,Q1,434,1679,106640201,56071513,2026-09-08 02:10:12.004000+00:00
16621799,Artem The Farmer 🍅,Q1,435,1679,106648655,56071513,2026-09-08 02:46:19.118000+00:00
16621799,Artem The Farmer 🍅,Q1,436,1679,106653809,56071513,2026-09-08 03:10:17.399000+00:00
16621799,Artem The Farmer 🍅,Q1,437,1679,106665038,56071513,2026-09-08 03:58:17.313000+00:00
16621799,Artem The Farmer 🍅,Q1,438,1679,106665970,56071513,2026-09-08 04:02:17.031000+00:00
16621799,Artem The Farmer 🍅,Q1,439,1679,106687637,56071513,2026-09-08 05:34:17.480000+00:00
16621799,Artem The Farmer 🍅,Q1,440,1679,106714923,56071513,2026-09-08 07:30:17.689000+00:00
16621799,Artem The Farmer 🍅,Q1,441,1679,106718746,56071513,2026-09-08 07:46:20.487000+00:00
16621799,Artem The Farmer 🍅,Q1,442,1679,106724007,56071513,2026-09-08 08:10:18.102000+00:00
16621799,Artem The Farmer 🍅,Q1,443,1679,106732154,56071513,2026-09-08 08:46:19.024000+00:00
16621799,Artem The Farmer 🍅,Q1,444,1679,106751778,56071513,2026-09-08 10:10:17.299000+00:00
16621799,Artem The Farmer 🍅,Q2,815,1679,107648894,56145462,2026-09-11 00:44:44.314000+00:00
16621799,Artem The Farmer 🍅,Q2,816,1679,107652158,56142482,2026-09-11 00:56:44.739000+00:00
16621799,Artem The Farmer 🍅,Q2,817,1679,107652240,56145462,2026-09-11 00:56:44.893000+00:00
16621799,Artem The Farmer 🍅,Q2,818,1679,107655178,56142482,2026-09-11 01:08:45.092000+00:00
16621799,Artem The Farmer 🍅,Q2,819,1679,107656999,56145462,2026-09-11 01:16:44.589000+00:00
16621799,Artem The Farmer 🍅,Q2,820,1679,107659949,56142482,2026-09-11 01:28:45.631000+00:00
16621799,Artem The Farmer 🍅,Q2,821,1679,107661055,56145462,2026-09-11 01:32:47.137000+00:00
16621799,Artem The Farmer 🍅,Q2,822,1679,107661180,56145462,2026-09-11 01:32:47.408000+00:00
16621799,Artem The Farmer 🍅,Q2,823,1679,107664213,56142482,2026-09-11 01:44:52.234000+00:00
16621799,Artem The Farmer 🍅,Q2,824,1679,107666002,56145462,2026-09-11 01:52:51.102000+00:00
16621799,Artem The Farmer 🍅,Q2,825,1679,107666638,56142482,2026-09-11 01:56:45.821000+00:00
16621799,Artem The Farmer 🍅,Q2,826,1679,107666732,56145462,2026-09-11 01:56:46.021000+00:00
16621799,Artem The Farmer 🍅,Q2,827,1679,107667006,56142482,2026-09-11 01:56:46.516000+00:00
16621799,Artem The Farmer 🍅,Q2,828,1679,107667731,56142482,2026-09-11 02:00:44.211000+00:00
16621799,Artem The Farmer 🍅,Q2,829,1679,107669583,56142482,2026-09-11 02:08:44.591000+00:00
16621799,Artem The Farmer 🍅,Q2,830,1679,107670412,56142482,2026-09-11 02:12:44.212000+00:00
16621799,Artem The Farmer 🍅,Q2,831,1679,107670979,56145462,2026-09-11 02:12:45.399000+00:00
16621799,Artem The Farmer 🍅,Q2,832,1679,107671153,56145462,2026-09-11 02:12:45.671000+00:00
16621799,Artem The Farmer 🍅,Q2,833,1679,107673053,56145462,2026-09-11 02:20:47.297000+00:00
16621799,Artem The Farmer 🍅,Q2,834,1679,107674351,56145462,2026-09-11 02:28:55.783000+00:00
16621799,Artem The Farmer 🍅,Q2,835,1679,107675092,56142482,2026-09-11 02:28:56.991000+00:00
16621799,Artem The Farmer 🍅,Q2,836,1679,107675372,56145462,2026-09-11 02:32:53.154000+00:00
16621799,Artem The Farmer 🍅,Q2,837,1679,107677963,56145462,2026-09-11 02:40:53.575000+00:00
16621799,Artem The Farmer 🍅,Q2,838,1679,107677972,56145462,2026-09-11 02:40:53.576000+00:00
16621799,Artem The Farmer 🍅,Q2,839,1679,107679955,56142482,2026-09-11 02:49:00.111000+00:00
16621799,Artem The Farmer 🍅,Q2,840,1679,107680561,56142482,2026-09-11 02:52:56.791000+00:00
16621799,Artem The Farmer 🍅,Q2,841,1679,107682919,56145462,2026-09-11 03:01:05.681000+00:00
16621799,Artem The Farmer 🍅,Q2,842,1679,107683458,56145462,2026-09-11 03:05:02.400000+00:00
16621799,Artem The Farmer 🍅,Q2,843,1679,107685710,56142482,2026-09-11 03:12:53.170000+00:00
16621799,Artem The Farmer 🍅,Q2,844,1679,107686745,56145462,2026-09-11 03:16:53.194000+00:00
16621799,Artem The Farmer 🍅,Q2,845,1679,107690786,56142482,2026-09-11 03:32:54.175000+00:00
16621799,Artem The Farmer 🍅,Q2,846,1679,107691781,56145462,2026-09-11 03:36:56.325000+00:00
16621799,Artem The Farmer 🍅,Q2,847,1679,107695570,56142482,2026-09-11 03:52:53.194000+00:00
16621799,Artem The Farmer 🍅,Q2,848,1679,107696463,56142482,2026-09-11 03:56:54.024000+00:00
16621799,Artem The Farmer 🍅,Q2,849,1679,107697088,56145462,2026-09-11 04:00:52.233000+00:00
16621799,Artem The Farmer 🍅,Q2,850,1679,107697495,56145462,2026-09-11 04:00:52.820000+00:00
16621799,Artem The Farmer 🍅,Q2,851,1679,107698169,56145462,2026-09-11 04:04:52.818000+00:00
16621799,Artem The Farmer 🍅,Q2,852,1679,107701612,56142482,2026-09-11 04:16:52.975000+00:00
16621799,Artem The Farmer 🍅,Q2,853,1679,107703578,56145462,2026-09-11 04:24:52.923000+00:00
16621799,Artem The Farmer 🍅,Q2,854,1679,107703653,56142482,2026-09-11 04:24:53.073000+00:00
16621799,Artem The Farmer 🍅,Q2,855,1679,107704224,56142482,2026-09-11 04:28:53.201000+00:00
16621799,Artem The Farmer 🍅,Q2,856,1679,107704598,56145462,2026-09-11 04:28:53.790000+00:00
16621799,Artem The Farmer 🍅,Q2,857,1679,107705207,56142482,2026-09-11 04:32:53.081000+00:00
16621799,Artem The Farmer 🍅,Q2,858,1679,107705386,56145462,2026-09-11 04:32:53.319000+00:00
16621799,Artem The Farmer 🍅,Q2,859,1679,107705822,56158444,2026-09-11 04:36:51.976000+00:00
16621799,Artem The Farmer 🍅,Q2,860,1679,107706786,56158444,2026-09-11 04:40:57.718000+00:00
16621799,Artem The Farmer 🍅,Q2,861,1679,107707792,56158444,2026-09-11 04:44:54.336000+00:00
16621799,Artem The Farmer 🍅,Q2,862,1679,107708499,56145462,2026-09-11 04:44:55.387000+00:00
16621799,Artem The Farmer 🍅,Q2,863,1679,107708760,56158444,2026-09-11 04:48:52.729000+00:00
16621799,Artem The Farmer 🍅,Q2,864,1679,107709747,56158444,2026-09-11 04:52:53.591000+00:00
16621799,Artem The Farmer 🍅,Q3,1234,1679,108478280,56201964,2026-09-13 08:30:39.408000+00:00
16621799,Artem The Farmer 🍅,Q3,1235,1679,108478491,56201964,2026-09-13 08:34:38.686000+00:00
16621799,Artem The Farmer 🍅,Q3,1236,1679,108479522,56201964,2026-09-13 08:38:44.017000+00:00
16621799,Artem The Farmer 🍅,Q3,1237,1679,108480545,56201964,2026-09-13 08:42:39.843000+00:00
16621799,Artem The Farmer 🍅,Q3,1238,1679,108481578,56201964,2026-09-13 08:46:39.527000+00:00
16621799,Artem The Farmer 🍅,Q3,1239,1679,108482215,56193798,2026-09-13 08:46:40.600000+00:00
16621799,Artem The Farmer 🍅,Q3,1240,1679,108482610,56201964,2026-09-13 08:50:41.086000+00:00
16621799,Artem The Farmer 🍅,Q3,1241,1679,108483151,56193798,2026-09-13 08:50:42.034000+00:00
16621799,Artem The Farmer 🍅,Q3,1242,1679,108483630,56201964,2026-09-13 08:54:45.844000+00:00
16621799,Artem The Farmer 🍅,Q3,1243,1679,108484660,56201964,2026-09-13 08:58:50.632000+00:00
16621799,Artem The Farmer 🍅,Q3,1244,1679,108484798,56201964,2026-09-13 08:58:50.920000+00:00
16621799,Artem The Farmer 🍅,Q3,1245,1679,108485668,56201964,2026-09-13 09:02:46.674000+00:00
16621799,Artem The Farmer 🍅,Q3,1246,1679,108485982,56201964,2026-09-13 09:02:47.283000+00:00
16621799,Artem The Farmer 🍅,Q3,1247,1679,108486694,56201964,2026-09-13 09:06:44+00:00
16621799,Artem The Farmer 🍅,Q3,1248,1679,108487738,56201964,2026-09-13 09:10:45.032000+00:00
16621799,Artem The Farmer 🍅,Q3,1249,1679,108488228,56193798,2026-09-13 09:10:45.895000+00:00
16621799,Artem The Farmer 🍅,Q3,1250,1679,108488493,56193798,2026-09-13 09:10:46.395000+00:00
16621799,Artem The Farmer 🍅,Q3,1251,1679,108488497,56193798,2026-09-13 09:10:46.404000+00:00
16621799,Artem The Farmer 🍅,Q3,1252,1679,108488501,56193798,2026-09-13 09:10:46.407000+00:00
16621799,Artem The Farmer 🍅,Q3,1253,1679,108488766,56201964,2026-09-13 09:14:50.013000+00:00
16621799,Artem The Farmer 🍅,Q3,1254,1679,108489805,56201964,2026-09-13 09:19:00.035000+00:00
16621799,Artem The Farmer 🍅,Q3,1255,1679,108490824,56201964,2026-09-13 09:22:39.940000+00:00
16621799,Artem The Farmer 🍅,Q3,1256,1679,108491853,56201964,2026-09-13 09:26:39.644000+00:00
16621799,Artem The Farmer 🍅,Q3,1257,1679,108491860,56201964,2026-09-13 09:26:39.673000+00:00
16621799,Artem The Farmer 🍅,Q3,1258,1679,108492875,56201964,2026-09-13 09:30:39.681000+00:00
16621799,Artem The Farmer 🍅,Q3,1259,1679,108493930,56201964,2026-09-13 09:34:39.806000+00:00
16621799,Artem The Farmer 🍅,Q3,1260,1679,108494525,56193798,2026-09-13 09:34:40.783000+00:00
16621799,Artem The Farmer 🍅,Q3,1261,1679,108494533,56193798,2026-09-13 09:34:40.786000+00:00
16621799,Artem The Farmer 🍅,Q3,1262,1679,108494929,56201964,2026-09-13 09:38:46.512000+00:00
16621799,Artem The Farmer 🍅,Q3,1263,1679,108495960,56201964,2026-09-13 09:42:39.931000+00:00
16621799,Artem The Farmer 🍅,Q3,1264,1679,108496983,56201964,2026-09-13 09:46:41.032000+00:00
16621799,Artem The Farmer 🍅,Q3,1265,1679,108497992,56201964,2026-09-13 09:50:45.490000+00:00
16621799,Artem The Farmer 🍅,Q3,1266,1679,108499036,56201964,2026-09-13 09:54:43.875000+00:00
16621799,Artem The Farmer 🍅,Q3,1267,1679,108500059,56201964,2026-09-13 09:58:41.340000+00:00
16621799,Artem The Farmer 🍅,Q3,1268,1679,108500554,56193798,2026-09-13 09:58:42.190000+00:00
16621799,Artem The Farmer 🍅,Q3,1269,1679,108500559,56193798,2026-09-13 09:58:42.197000+00:00
16621799,Artem The Farmer 🍅,Q3,1270,1679,108501079,56201964,2026-09-13 10:02:42.822000+00:00
16621799,Artem The Farmer 🍅,Q3,1271,1679,108502094,56201964,2026-09-13 10:06:43.509000+00:00
16621799,Artem The Farmer 🍅,Q3,1272,1679,108503132,56201964,2026-09-13 10:10:41.731000+00:00
16621799,Artem The Farmer 🍅,Q3,1273,1679,108504149,56201964,2026-09-13 10:14:38.994000+00:00
16621799,Artem The Farmer 🍅,Q3,1274,1679,108505175,56201964,2026-09-13 10:18:41.083000+00:00
16621799,Artem The Farmer 🍅,Q3,1275,1679,108505522,56201964,2026-09-13 10:18:41.689000+00:00
16621799,Artem The Farmer 🍅,Q3,1276,1679,108506196,56201964,2026-09-13 10:22:39.080000+00:00
16621799,Artem The Farmer 🍅,Q3,1277,1679,108506603,56193798,2026-09-13 10:22:39.681000+00:00
16621799,Artem The Farmer 🍅,Q3,1278,1679,108507233,56201964,2026-09-13 10:26:39.406000+00:00
16621799,Artem The Farmer 🍅,Q3,1279,1679,108508265,56201964,2026-09-13 10:30:45.184000+00:00
16621799,Artem The Farmer 🍅,Q3,1280,1679,108509295,56201964,2026-09-13 10:34:44.026000+00:00
16621799,Artem The Farmer 🍅,Q3,1281,1679,108510335,56201964,2026-09-13 10:38:42.084000+00:00
16621799,Artem The Farmer 🍅,Q3,1282,1679,108511359,56201964,2026-09-13 10:42:38.848000+00:00
16621799,Artem The Farmer 🍅,Q3,1283,1679,108512293,56201964,2026-09-13 10:46:39.132000+00:00
16621799,Artem The Farmer 🍅,L,1629,1679,108960653,56232364,2026-09-14 15:58:58.255000+00:00
16621799,Artem The Farmer 🍅,L,1630,1679,108961432,56232364,2026-09-14 16:02:57.228000+00:00
16621799,Artem The Farmer 🍅,L,1631,1679,108962535,56232364,2026-09-14 16:06:52.591000+00:00
16621799,Artem The Farmer 🍅,L,1632,1679,108962952,56232364,2026-09-14 16:06:52.849000+00:00
16621799,Artem The Farmer 🍅,L,1633,1679,108963508,56232364,2026-09-14 16:10:52.873000+00:00
16621799,Artem The Farmer 🍅,L,1634,1679,108964749,56232364,2026-09-14 16:14:50.311000+00:00
16621799,Artem The Farmer 🍅,L,1635,1679,108965454,56232364,2026-09-14 16:18:55.823000+00:00
16621799,Artem The Farmer 🍅,L,1636,1679,108966602,56232364,2026-09-14 16:22:54.501000+00:00
16621799,Artem The Farmer 🍅,L,1637,1679,108967645,56232364,2026-09-14 16:26:58.289000+00:00
16621799,Artem The Farmer 🍅,L,1638,1679,108968700,56232364,2026-09-14 16:30:50.114000+00:00
16621799,Artem The Farmer 🍅,L,1639,1679,108969264,56232364,2026-09-14 16:30:51.176000+00:00
16621799,Artem The Farmer 🍅,L,1640,1679,108969815,56232364,2026-09-14 16:34:50.699000+00:00
16621799,Artem The Farmer 🍅,L,1641,1679,108970860,56232364,2026-09-14 16:38:55.532000+00:00
16621799,Artem The Farmer 🍅,L,1642,1679,108971787,56232364,2026-09-14 16:42:53.445000+00:00
16621799,Artem The Farmer 🍅,L,1643,1679,108972855,56232364,2026-09-14 16:46:50.094000+00:00
16621799,Artem The Farmer 🍅,L,1644,1679,108973896,56232364,2026-09-14 16:50:50.899000+00:00
16621799,Artem The Farmer 🍅,L,1645,1679,108974927,56232364,2026-09-14 16:54:50.313000+00:00
16621799,Artem The Farmer 🍅,L,1646,1679,108976022,56232364,2026-09-14 16:58:52.730000+00:00
16621799,Artem The Farmer 🍅,L,1647,1679,108977149,56232364,2026-09-14 17:02:50.603000+00:00
16621799,Artem The Farmer 🍅,L,1648,1679,108978058,56232364,2026-09-14 17:08:56.234000+00:00
16621799,Artem The Farmer 🍅,L,1649,1679,108979097,56232364,2026-09-14 17:12:42.239000+00:00
16621799,Artem The Farmer 🍅,L,1650,1679,108979168,56232364,2026-09-14 17:12:42.348000+00:00
16621799,Artem The Farmer 🍅,L,1651,1679,108980145,56232364,2026-09-14 17:16:43.759000+00:00
16621799,Artem The Farmer 🍅,L,1652,1679,108981173,56232364,2026-09-14 17:20:42.980000+00:00
16621799,Artem The Farmer 🍅,L,1653,1679,108982210,56232364,2026-09-14 17:24:42.090000+00:00
16621799,Artem The Farmer 🍅,L,1654,1679,108983231,56232364,2026-09-14 17:28:45.257000+00:00
16621799,Artem The Farmer 🍅,L,1655,1679,108984273,56232364,2026-09-14 17:32:41.347000+00:00
16621799,Artem The Farmer 🍅,L,1656,1679,108985309,56232364,2026-09-14 17:36:42.415000+00:00
16621799,Artem The Farmer 🍅,L,1657,1679,108986339,56232364,2026-09-14 17:40:40.986000+00:00
16621799,Artem The Farmer 🍅,L,1658,1679,108987349,56232364,2026-09-14 17:44:41.339000+00:00
16621799,Artem The Farmer 🍅,L,1659,1679,108988371,56232364,2026-09-14 17:48:42.085000+00:00
16621799,Artem The Farmer 🍅,L,1660,1679,108989555,56232364,2026-09-14 17:52:41.347000+00:00
16621799,Artem The Farmer 🍅,L,1661,1679,108990513,56232364,2026-09-14 17:56:40.861000+00:00
16621799,Artem The Farmer 🍅,L,1662,1679,108991556,56232364,2026-09-14 18:00:42.494000+00:00
16621799,Artem The Farmer 🍅,L,1663,1679,108992600,56232364,2026-09-14 18:04:41.673000+00:00
16621799,Artem The Farmer 🍅,L,1664,1679,108993640,56232364,2026-09-14 18:08:41.879000+00:00
16621799,Artem The Farmer 🍅,L,1665,1679,108994663,56232364,2026-09-14 18:12:40.449000+00:00
16621799,Artem The Farmer 🍅,L,1666,1679,108995702,56232364,2026-09-14 18:16:40.573000+00:00
16621799,Artem The Farmer 🍅,L,1667,1679,108996738,56232364,2026-09-14 18:20:44.398000+00:00
16621799,Artem The Farmer 🍅,L,1668,1679,108997779,56232364,2026-09-14 18:24:40.677000+00:00
16621799,Artem The Farmer 🍅,L,1669,1679,108998821,56232364,2026-09-14 18:28:42.890000+00:00
16621799,Artem The Farmer 🍅,L,1670,1679,108999849,56232364,2026-09-14 18:32:40.682000+00:00
16621799,Artem The Farmer 🍅,L,1671,1679,109000897,56232364,2026-09-14 18:36:45.544000+00:00
16621799,Artem The Farmer 🍅,L,1672,1679,109001918,56232364,2026-09-14 18:40:41.179000+00:00
16621799,Artem The Farmer 🍅,L,1673,1679,109002961,56232364,2026-09-14 18:44:40.870000+00:00
16621799,Artem The Farmer 🍅,L,1674,1679,109004245,56232364,2026-09-14 18:48:41.953000+00:00
16621799,Artem The Farmer 🍅,L,1675,1679,109004973,56232364,2026-09-14 18:52:41.034000+00:00
16621799,Artem The Farmer 🍅,L,1676,1679,109005291,56232364,2026-09-14 18:52:41.556000+00:00
16621799,Artem The Farmer 🍅,L,1677,1679,109007507,56232364,2026-09-14 19:00:42.037000+00:00
16621799,Artem The Farmer 🍅,L,1678,1679,109013351,56232364,2026-09-14 19:24:42.196000+00:00
16621799,Artem The Farmer 🍅,C0,0,86,108928050,56232364,2026-09-14 13:54:48.974000+00:00
16621799,Artem The Farmer 🍅,C0,1,86,108929094,56232364,2026-09-14 13:58:56.980000+00:00
16621799,Artem The Farmer 🍅,C0,2,86,108930098,56232364,2026-09-14 14:02:48.826000+00:00
16621799,Artem The Farmer 🍅,C0,3,86,108931137,56232364,2026-09-14 14:06:48.851000+00:00
16621799,Artem The Farmer 🍅,C0,4,86,108932162,56232364,2026-09-14 14:10:49.192000+00:00
16621799,Artem The Farmer 🍅,C0,5,86,108933189,56232364,2026-09-14 14:14:50.527000+00:00
16621799,Artem The Farmer 🍅,C0,6,86,108934198,56232364,2026-09-14 14:18:51.280000+00:00
16621799,Artem The Farmer 🍅,C0,7,86,108935243,56232364,2026-09-14 14:22:51.572000+00:00
16621799,Artem The Farmer 🍅,C0,8,86,108936257,56232364,2026-09-14 14:26:50.814000+00:00
16621799,Artem The Farmer 🍅,C0,9,86,108937289,56232364,2026-09-14 14:30:49.421000+00:00
16621799,Artem The Farmer 🍅,C0,10,86,108938308,56232364,2026-09-14 14:34:54.829000+00:00
16621799,Artem The Farmer 🍅,C0,11,86,108939330,56232364,2026-09-14 14:38:54.349000+00:00
16621799,Artem The Farmer 🍅,C0,12,86,108940369,56232364,2026-09-14 14:42:49.091000+00:00
16621799,Artem The Farmer 🍅,C0,13,86,108941390,56232364,2026-09-14 14:46:48.576000+00:00
16621799,Artem The Farmer 🍅,C0,14,86,108942421,56232364,2026-09-14 14:50:49.159000+00:00
16621799,Artem The Farmer 🍅,C0,15,86,108943439,56232364,2026-09-14 14:54:49.043000+00:00
16621799,Artem The Farmer 🍅,C0,16,86,108943991,56232364,2026-09-14 14:54:50.083000+00:00
16621799,Artem The Farmer 🍅,C0,17,86,108944476,56232364,2026-09-14 14:58:49.463000+00:00
16621799,Artem The Farmer 🍅,C0,18,86,108945527,56232364,2026-09-14 15:02:51.071000+00:00
16621799,Artem The Farmer 🍅,C0,19,86,108946586,56232364,2026-09-14 15:06:53.299000+00:00
16621799,Artem The Farmer 🍅,C0,20,86,108946607,56232364,2026-09-14 15:06:53.325000+00:00
16621799,Artem The Farmer 🍅,C0,21,86,108947648,56232364,2026-09-14 15:10:49.134000+00:00
16621799,Artem The Farmer 🍅,C0,22,86,108948740,56232364,2026-09-14 15:14:51.178000+00:00
16621799,Artem The Farmer 🍅,C0,23,86,108949917,56232364,2026-09-14 15:18:53.528000+00:00
16621799,Artem The Farmer 🍅,C0,24,86,108949893,56232364,2026-09-14 15:18:53.531000+00:00
16621799,Artem The Farmer 🍅,C0,25,86,108950859,56232364,2026-09-14 15:22:53.595000+00:00
16621799,Artem The Farmer 🍅,C0,26,86,108952042,56232364,2026-09-14 15:26:56.692000+00:00
16621799,Artem The Farmer 🍅,C0,27,86,108952973,56232364,2026-09-14 15:30:51.795000+00:00
16621799,Artem The Farmer 🍅,C0,28,86,108954043,56232364,2026-09-14 15:34:52.472000+00:00
16621799,Artem The Farmer 🍅,C0,29,86,108955051,56232364,2026-09-14 15:38:54.265000+00:00
16621799,Artem The Farmer 🍅,C0,30,86,108956161,56232364,2026-09-14 15:42:54.274000+00:00
16621799,Artem The Farmer 🍅,C0,31,86,108957272,56232364,2026-09-14 15:46:55.246000+00:00
16621799,Artem The Farmer 🍅,C0,32,86,108958206,56232364,2026-09-14 15:50:57.177000+00:00
16621799,Artem The Farmer 🍅,C0,33,86,108959276,56232364,2026-09-14 15:54:55.696000+00:00
16621799,Artem The Farmer 🍅,C0,34,86,108959558,56232364,2026-09-14 15:54:56.173000+00:00
16621799,Artem The Farmer 🍅,C0,35,86,108960215,56232364,2026-09-14 15:58:57.061000+00:00
16621799,Artem The Farmer 🍅,C0,36,86,108960653,56232364,2026-09-14 15:58:58.255000+00:00
16621799,Artem The Farmer 🍅,C0,37,86,108961432,56232364,2026-09-14 16:02:57.228000+00:00
16621799,Artem The Farmer 🍅,C0,38,86,108962535,56232364,2026-09-14 16:06:52.591000+00:00
16621799,Artem The Farmer 🍅,C0,39,86,108962952,56232364,2026-09-14 16:06:52.849000+00:00
16621799,Artem The Farmer 🍅,C0,40,86,108963508,56232364,2026-09-14 16:10:52.873000+00:00
16621799,Artem The Farmer 🍅,C0,41,86,108964749,56232364,2026-09-14 16:14:50.311000+00:00
16621799,Artem The Farmer 🍅,C0,42,86,108965454,56232364,2026-09-14 16:18:55.823000+00:00
16621799,Artem The Farmer 🍅,C0,43,86,108966602,56232364,2026-09-14 16:22:54.501000+00:00
16621799,Artem The Farmer 🍅,C0,44,86,108967645,56232364,2026-09-14 16:26:58.289000+00:00
16621799,Artem The Farmer 🍅,C0,45,86,108968700,56232364,2026-09-14 16:30:50.114000+00:00
16621799,Artem The Farmer 🍅,C0,46,86,108969264,56232364,2026-09-14 16:30:51.176000+00:00
16621799,Artem The Farmer 🍅,C0,47,86,108969815,56232364,2026-09-14 16:34:50.699000+00:00
16621799,Artem The Farmer 🍅,C0,48,86,108970860,56232364,2026-09-14 16:38:55.532000+00:00
16621799,Artem The Farmer 🍅,C0,49,86,108971787,56232364,2026-09-14 16:42:53.445000+00:00
16773026,アルモンド,F,0,2928,104471231,55927743,2026-09-01 00:41:40.464000+00:00
16773026,アルモンド,F,1,2928,104471650,55927743,2026-09-01 00:45:40.487000+00:00
16773026,アルモンド,F,2,2928,104472073,55927743,2026-09-01 00:49:41.870000+00:00
16773026,アルモンド,F,3,2928,104472502,55927743,2026-09-01 00:53:41.177000+00:00
16773026,アルモンド,F,4,2928,104472918,55927743,2026-09-01 00:57:40.683000+00:00
16773026,アルモンド,F,5,2928,104473345,55927743,2026-09-01 01:01:40.507000+00:00
16773026,アルモンド,F,6,2928,104473776,55927743,2026-09-01 01:05:40.301000+00:00
16773026,アルモンド,F,7,2928,104474205,55927743,2026-09-01 01:09:45.149000+00:00
16773026,アルモンド,F,8,2928,104474631,55927743,2026-09-01 01:13:40.615000+00:00
16773026,アルモンド,F,9,2928,104475060,55927743,2026-09-01 01:17:41.324000+00:00
16773026,アルモンド,F,10,2928,104475488,55927743,2026-09-01 01:21:40.386000+00:00
16773026,アルモンド,F,11,2928,104475910,55927743,2026-09-01 01:25:40.649000+00:00
16773026,アルモンド,F,12,2928,104476341,55927743,2026-09-01 01:29:42.681000+00:00
16773026,アルモンド,F,13,2928,104476773,55927743,2026-09-01 01:33:43.460000+00:00
16773026,アルモンド,F,14,2928,104477229,55927743,2026-09-01 01:37:40.495000+00:00
16773026,アルモンド,F,15,2928,104477675,55927743,2026-09-01 01:41:40.520000+00:00
16773026,アルモンド,F,16,2928,104478002,55927743,2026-09-01 01:41:40.992000+00:00
16773026,アルモンド,F,17,2928,104478120,55927743,2026-09-01 01:45:40.432000+00:00
16773026,アルモンド,F,18,2928,104478594,55927743,2026-09-01 01:49:41.781000+00:00
16773026,アルモンド,F,19,2928,104479021,55927743,2026-09-01 01:53:42.105000+00:00
16773026,アルモンド,F,20,2928,104479478,55927743,2026-09-01 01:57:40.764000+00:00
16773026,アルモンド,F,21,2928,104479920,55927743,2026-09-01 02:01:40.417000+00:00
16773026,アルモンド,F,22,2928,104480360,55927743,2026-09-01 02:05:40.575000+00:00
16773026,アルモンド,F,23,2928,104480795,55927743,2026-09-01 02:09:41.316000+00:00
16773026,アルモンド,F,24,2928,104480874,55927743,2026-09-01 02:09:41.473000+00:00
16773026,アルモンド,F,25,2928,104481224,55927743,2026-09-01 02:13:42.720000+00:00
16773026,アルモンド,F,26,2928,104481412,55927743,2026-09-01 02:13:43.020000+00:00
16773026,アルモンド,F,27,2928,104481680,55927743,2026-09-01 02:17:56.313000+00:00
16773026,アルモンド,F,28,2928,104482124,55927743,2026-09-01 02:22:00.224000+00:00
16773026,アルモンド,F,29,2928,104482545,55927743,2026-09-01 02:25:56.676000+00:00
16773026,アルモンド,F,30,2928,104482981,55927743,2026-09-01 02:29:57.312000+00:00
16773026,アルモンド,F,31,2928,104483428,55927743,2026-09-01 02:33:56.613000+00:00
16773026,アルモンド,F,32,2928,104483864,55927743,2026-09-01 02:37:56.323000+00:00
16773026,アルモンド,F,33,2928,104484309,55927743,2026-09-01 02:41:56.508000+00:00
16773026,アルモンド,F,34,2928,104484736,55927743,2026-09-01 02:46:26.292000+00:00
16773026,アルモンド,F,35,2928,104485187,55927743,2026-09-01 02:50:29.880000+00:00
16773026,アルモンド,F,36,2928,104485626,55927743,2026-09-01 02:54:27.083000+00:00
16773026,アルモンド,F,37,2928,104485635,55927743,2026-09-01 02:54:27.091000+00:00
16773026,アルモンド,F,38,2928,104486080,55927743,2026-09-01 02:58:38.210000+00:00
16773026,アルモンド,F,39,2928,104486508,55927743,2026-09-01 03:02:37.674000+00:00
16773026,アルモンド,F,40,2928,104486900,55927743,2026-09-01 03:06:26.313000+00:00
16773026,アルモンド,F,41,2928,104486933,55927743,2026-09-01 03:06:26.382000+00:00
16773026,アルモンド,F,42,2928,104487202,55927743,2026-09-01 03:10:27.260000+00:00
16773026,アルモンド,F,43,2928,104487388,55927743,2026-09-01 03:10:27.608000+00:00
16773026,アルモンド,F,44,2928,104487824,55927743,2026-09-01 03:14:26.876000+00:00
16773026,アルモンド,F,45,2928,104488275,55927743,2026-09-01 03:18:29.464000+00:00
16773026,アルモンド,F,46,2928,104488713,55927743,2026-09-01 03:22:26.789000+00:00
16773026,アルモンド,F,47,2928,104489138,55927743,2026-09-01 03:26:26.370000+00:00
16773026,アルモンド,F,48,2928,104489495,55927743,2026-09-01 03:30:30.070000+00:00
16773026,アルモンド,F,49,2928,104490003,55927743,2026-09-01 03:34:33.417000+00:00
16773026,アルモンド,Q1,707,2928,106308489,56063501,2026-09-07 02:07:57.215000+00:00
16773026,アルモンド,Q1,708,2928,106309064,56065885,2026-09-07 02:11:55.366000+00:00
16773026,アルモンド,Q1,709,2928,106309405,56063501,2026-09-07 02:11:55.912000+00:00
16773026,アルモンド,Q1,710,2928,106309961,56065885,2026-09-07 02:15:53.788000+00:00
16773026,アルモンド,Q1,711,2928,106310894,56065885,2026-09-07 02:19:51.301000+00:00
16773026,アルモンド,Q1,712,2928,106311287,56065885,2026-09-07 02:19:52.110000+00:00
16773026,アルモンド,Q1,713,2928,106311842,56065885,2026-09-07 02:23:51.607000+00:00
16773026,アルモンド,Q1,714,2928,106312761,56065885,2026-09-07 02:27:49.965000+00:00
16773026,アルモンド,Q1,715,2928,106313075,56063501,2026-09-07 02:27:50.499000+00:00
16773026,アルモンド,Q1,716,2928,106313679,56065885,2026-09-07 02:31:50.762000+00:00
16773026,アルモンド,Q1,717,2928,106313918,56065885,2026-09-07 02:31:51.170000+00:00
16773026,アルモンド,Q1,718,2928,106314599,56065885,2026-09-07 02:35:50.063000+00:00
16773026,アルモンド,Q1,719,2928,106315538,56065885,2026-09-07 02:39:49.701000+00:00
16773026,アルモンド,Q1,720,2928,106316607,56065885,2026-09-07 02:43:52.090000+00:00
16773026,アルモンド,Q1,721,2928,106317328,56063501,2026-09-07 02:47:49.580000+00:00
16773026,アルモンド,Q1,722,2928,106317382,56065885,2026-09-07 02:47:49.676000+00:00
16773026,アルモンド,Q1,723,2928,106318277,56065885,2026-09-07 02:51:50.069000+00:00
16773026,アルモンド,Q1,724,2928,106319189,56065885,2026-09-07 02:55:49.378000+00:00
16773026,アルモンド,Q1,725,2928,106320109,56065885,2026-09-07 03:00:00.761000+00:00
16773026,アルモンド,Q1,726,2928,106321043,56065885,2026-09-07 03:04:19.011000+00:00
16773026,アルモンド,Q1,727,2928,106321950,56065885,2026-09-07 03:07:49.891000+00:00
16773026,アルモンド,Q1,728,2928,106322871,56065885,2026-09-07 03:11:49.793000+00:00
16773026,アルモンド,Q1,729,2928,106323794,56065885,2026-09-07 03:15:49.421000+00:00
16773026,アルモンド,Q1,730,2928,106324693,56065885,2026-09-07 03:19:49.417000+00:00
16773026,アルモンド,Q1,731,2928,106325627,56065885,2026-09-07 03:23:51.173000+00:00
16773026,アルモンド,Q1,732,2928,106326526,56065885,2026-09-07 03:27:49.132000+00:00
16773026,アルモンド,Q1,733,2928,106327453,56065885,2026-09-07 03:31:49.467000+00:00
16773026,アルモンド,Q1,734,2928,106328046,56063501,2026-09-07 03:31:50.566000+00:00
16773026,アルモンド,Q1,735,2928,106328354,56065885,2026-09-07 03:35:49.474000+00:00
16773026,アルモンド,Q1,736,2928,106329297,56065885,2026-09-07 03:39:49.160000+00:00
16773026,アルモンド,Q1,737,2928,106330206,56065885,2026-09-07 03:43:53.069000+00:00
16773026,アルモンド,Q1,738,2928,106331108,56065885,2026-09-07 03:47:52.880000+00:00
16773026,アルモンド,Q1,739,2928,106332044,56065885,2026-09-07 03:51:49.292000+00:00
16773026,アルモンド,Q1,740,2928,106332963,56065885,2026-09-07 03:55:49.020000+00:00
16773026,アルモンド,Q1,741,2928,106333877,56065885,2026-09-07 03:59:49.573000+00:00
16773026,アルモンド,Q1,742,2928,106334811,56065885,2026-09-07 04:03:50.213000+00:00
16773026,アルモンド,Q1,743,2928,106335717,56065885,2026-09-07 04:07:49.588000+00:00
16773026,アルモンド,Q1,744,2928,106336524,56063501,2026-09-07 04:11:50.518000+00:00
16773026,アルモンド,Q1,745,2928,106336638,56065885,2026-09-07 04:11:50.709000+00:00
16773026,アルモンド,Q1,746,2928,106337317,56068533,2026-09-07 04:15:49.299000+00:00
16773026,アルモンド,Q1,747,2928,106337551,56065885,2026-09-07 04:15:49.667000+00:00
16773026,アルモンド,Q1,748,2928,106338225,56068533,2026-09-07 04:19:49.298000+00:00
16773026,アルモンド,Q1,749,2928,106338446,56065885,2026-09-07 04:19:49.775000+00:00
16773026,アルモンド,Q1,750,2928,106338458,56065885,2026-09-07 04:19:49.791000+00:00
16773026,アルモンド,Q1,751,2928,106339115,56068533,2026-09-07 04:23:50.900000+00:00
16773026,アルモンド,Q1,752,2928,106339332,56068533,2026-09-07 04:23:51.260000+00:00
16773026,アルモンド,Q1,753,2928,106339412,56065885,2026-09-07 04:23:51.469000+00:00
16773026,アルモンド,Q1,754,2928,106340015,56068533,2026-09-07 04:27:49.020000+00:00
16773026,アルモンド,Q1,755,2928,106340281,56065885,2026-09-07 04:27:49.593000+00:00
16773026,アルモンド,Q1,756,2928,106340900,56068533,2026-09-07 04:31:48.831000+00:00
16773026,アルモンド,Q2,1439,2928,107261000,56122155,2026-09-09 22:04:57.159000+00:00
16773026,アルモンド,Q2,1440,2928,107272307,56122155,2026-09-09 22:52:50.687000+00:00
16773026,アルモンド,Q2,1441,2928,107281100,56122155,2026-09-09 23:28:53.616000+00:00
16773026,アルモンド,Q2,1442,2928,107300962,56122155,2026-09-10 00:48:50.833000+00:00
16773026,アルモンド,Q2,1443,2928,107313001,56122155,2026-09-10 01:40:51.933000+00:00
16773026,アルモンド,Q2,1444,2928,107314674,56122155,2026-09-10 01:48:54.346000+00:00
16773026,アルモンド,Q2,1445,2928,107317930,56122155,2026-09-10 02:00:50.367000+00:00
16773026,アルモンド,Q2,1446,2928,107324346,56122155,2026-09-10 02:28:55.952000+00:00
16773026,アルモンド,Q2,1447,2928,107342197,56122155,2026-09-10 03:43:58.550000+00:00
16773026,アルモンド,Q2,1448,2928,107347646,56122155,2026-09-10 04:07:57.988000+00:00
16773026,アルモンド,Q2,1449,2928,107368558,56122155,2026-09-10 05:31:59.504000+00:00
16773026,アルモンド,Q2,1450,2928,107558493,56149791,2026-09-10 18:32:14.121000+00:00
16773026,アルモンド,Q2,1451,2928,107559516,56149791,2026-09-10 18:36:17.024000+00:00
16773026,アルモンド,Q2,1452,2928,107560418,56149791,2026-09-10 18:40:11.377000+00:00
16773026,アルモンド,Q2,1453,2928,107561400,56149791,2026-09-10 18:44:11.366000+00:00
16773026,アルモンド,Q2,1454,2928,107562365,56149791,2026-09-10 18:48:10.594000+00:00
16773026,アルモンド,Q2,1455,2928,107563330,56149791,2026-09-10 18:52:11.038000+00:00
16773026,アルモンド,Q2,1456,2928,107564290,56149791,2026-09-10 18:56:13.988000+00:00
16773026,アルモンド,Q2,1457,2928,107565266,56149791,2026-09-10 19:00:13.895000+00:00
16773026,アルモンド,Q2,1458,2928,107566239,56149791,2026-09-10 19:04:11.749000+00:00
16773026,アルモンド,Q2,1459,2928,107567206,56149791,2026-09-10 19:08:10.559000+00:00
16773026,アルモンド,Q2,1460,2928,107568188,56149791,2026-09-10 19:12:12.536000+00:00
16773026,アルモンド,Q2,1461,2928,107569156,56149791,2026-09-10 19:16:10.296000+00:00
16773026,アルモンド,Q2,1462,2928,107570138,56149791,2026-09-10 19:20:10.427000+00:00
16773026,アルモンド,Q2,1463,2928,107571123,56149791,2026-09-10 19:24:10.548000+00:00
16773026,アルモンド,Q2,1464,2928,107571234,56150417,2026-09-10 19:24:10.658000+00:00
16773026,アルモンド,Q2,1465,2928,107572087,56149791,2026-09-10 19:28:10.199000+00:00
16773026,アルモンド,Q2,1466,2928,107572197,56150417,2026-09-10 19:28:10.321000+00:00
16773026,アルモンド,Q2,1467,2928,107573061,56149791,2026-09-10 19:32:12.620000+00:00
16773026,アルモンド,Q2,1468,2928,107573147,56150417,2026-09-10 19:32:12.718000+00:00
16773026,アルモンド,Q2,1469,2928,107574038,56149791,2026-09-10 19:36:10.977000+00:00
16773026,アルモンド,Q2,1470,2928,107574203,56150417,2026-09-10 19:36:11.296000+00:00
16773026,アルモンド,Q2,1471,2928,107575038,56149791,2026-09-10 19:40:10.702000+00:00
16773026,アルモンド,Q2,1472,2928,107575100,56150417,2026-09-10 19:40:10.780000+00:00
16773026,アルモンド,Q2,1473,2928,107576034,56149791,2026-09-10 19:44:10.533000+00:00
16773026,アルモンド,Q2,1474,2928,107576072,56150417,2026-09-10 19:44:10.581000+00:00
16773026,アルモンド,Q2,1475,2928,107577030,56150417,2026-09-10 19:48:10.472000+00:00
16773026,アルモンド,Q2,1476,2928,107577038,56149791,2026-09-10 19:48:10.480000+00:00
16773026,アルモンド,Q2,1477,2928,107577845,56149791,2026-09-10 19:48:11.700000+00:00
16773026,アルモンド,Q2,1478,2928,107578009,56150417,2026-09-10 19:52:11.913000+00:00
16773026,アルモンド,Q2,1479,2928,107578048,56149791,2026-09-10 19:52:11.933000+00:00
16773026,アルモンド,Q2,1480,2928,107578967,56150417,2026-09-10 19:56:11.151000+00:00
16773026,アルモンド,Q2,1481,2928,107579016,56149791,2026-09-10 19:56:11.215000+00:00
16773026,アルモンド,Q2,1482,2928,107579364,56150417,2026-09-10 19:56:11.785000+00:00
16773026,アルモンド,Q2,1483,2928,107579939,56150417,2026-09-10 20:00:10.176000+00:00
16773026,アルモンド,Q2,1484,2928,107580021,56149791,2026-09-10 20:00:10.296000+00:00
16773026,アルモンド,Q2,1485,2928,107580909,56150417,2026-09-10 20:04:10.565000+00:00
16773026,アルモンド,Q2,1486,2928,107581011,56149791,2026-09-10 20:04:10.803000+00:00
16773026,アルモンド,Q2,1487,2928,107581887,56150417,2026-09-10 20:08:14.155000+00:00
16773026,アルモンド,Q2,1488,2928,107581990,56149791,2026-09-10 20:08:14.314000+00:00
16773026,アルモンド,Q3,2171,2928,108173477,56184345,2026-09-12 12:22:34.186000+00:00
16773026,アルモンド,Q3,2172,2928,108173810,56182718,2026-09-12 12:22:34.727000+00:00
16773026,アルモンド,Q3,2173,2928,108173874,56182718,2026-09-12 12:22:34.826000+00:00
16773026,アルモンド,Q3,2174,2928,108174519,56184345,2026-09-12 12:26:34.382000+00:00
16773026,アルモンド,Q3,2175,2928,108174821,56182718,2026-09-12 12:26:34.919000+00:00
16773026,アルモンド,Q3,2176,2928,108175543,56184345,2026-09-12 12:30:34.391000+00:00
16773026,アルモンド,Q3,2177,2928,108175838,56182718,2026-09-12 12:30:34.890000+00:00
16773026,アルモンド,Q3,2178,2928,108175848,56182718,2026-09-12 12:30:34.898000+00:00
16773026,アルモンド,Q3,2179,2928,108176556,56184345,2026-09-12 12:34:34.190000+00:00
16773026,アルモンド,Q3,2180,2928,108176840,56182718,2026-09-12 12:34:34.693000+00:00
16773026,アルモンド,Q3,2181,2928,108176860,56182718,2026-09-12 12:34:34.713000+00:00
16773026,アルモンド,Q3,2182,2928,108176878,56184345,2026-09-12 12:34:34.733000+00:00
16773026,アルモンド,Q3,2183,2928,108177549,56184345,2026-09-12 12:38:36.589000+00:00
16773026,アルモンド,Q3,2184,2928,108177905,56182718,2026-09-12 12:38:37.192000+00:00
16773026,アルモンド,Q3,2185,2928,108178563,56184345,2026-09-12 12:42:34.531000+00:00
16773026,アルモンド,Q3,2186,2928,108178871,56182718,2026-09-12 12:42:35.081000+00:00
16773026,アルモンド,Q3,2187,2928,108179579,56184345,2026-09-12 12:46:34.380000+00:00
16773026,アルモンド,Q3,2188,2928,108179876,56182718,2026-09-12 12:46:34.855000+00:00
16773026,アルモンド,Q3,2189,2928,108180561,56184345,2026-09-12 12:50:34.390000+00:00
16773026,アルモンド,Q3,2190,2928,108180882,56182718,2026-09-12 12:50:34.924000+00:00
16773026,アルモンド,Q3,2191,2928,108181597,56184345,2026-09-12 12:54:34.681000+00:00
16773026,アルモンド,Q3,2192,2928,108181609,56182718,2026-09-12 12:54:34.693000+00:00
16773026,アルモンド,Q3,2193,2928,108181900,56182718,2026-09-12 12:54:35.105000+00:00
16773026,アルモンド,Q3,2194,2928,108182586,56184345,2026-09-12 12:58:35.374000+00:00
16773026,アルモンド,Q3,2195,2928,108182918,56182718,2026-09-12 12:58:35.893000+00:00
16773026,アルモンド,Q3,2196,2928,108183631,56184345,2026-09-12 13:02:34.398000+00:00
16773026,アルモンド,Q3,2197,2928,108183934,56182718,2026-09-12 13:02:34.917000+00:00
16773026,アルモンド,Q3,2198,2928,108183938,56182718,2026-09-12 13:02:34.928000+00:00
16773026,アルモンド,Q3,2199,2928,108184631,56184345,2026-09-12 13:06:34.473000+00:00
16773026,アルモンド,Q3,2200,2928,108184940,56182718,2026-09-12 13:06:34.908000+00:00
16773026,アルモンド,Q3,2201,2928,108185641,56184345,2026-09-12 13:10:34.491000+00:00
16773026,アルモンド,Q3,2202,2928,108185947,56182718,2026-09-12 13:10:34.919000+00:00
16773026,アルモンド,Q3,2203,2928,108186647,56184345,2026-09-12 13:14:34.589000+00:00
16773026,アルモンド,Q3,2204,2928,108186966,56182718,2026-09-12 13:14:35.137000+00:00
16773026,アルモンド,Q3,2205,2928,108187659,56184345,2026-09-12 13:18:40.632000+00:00
16773026,アルモンド,Q3,2206,2928,108187681,56184345,2026-09-12 13:18:40.685000+00:00
16773026,アルモンド,Q3,2207,2928,108188014,56182718,2026-09-12 13:18:41.146000+00:00
16773026,アルモンド,Q3,2208,2928,108188671,56184345,2026-09-12 13:22:35.147000+00:00
16773026,アルモンド,Q3,2209,2928,108188985,56182718,2026-09-12 13:22:35.670000+00:00
16773026,アルモンド,Q3,2210,2928,108189682,56184345,2026-09-12 13:26:39.842000+00:00
16773026,アルモンド,Q3,2211,2928,108189991,56182718,2026-09-12 13:26:40.293000+00:00
16773026,アルモンド,Q3,2212,2928,108190712,56184345,2026-09-12 13:30:35.880000+00:00
16773026,アルモンド,Q3,2213,2928,108191012,56182718,2026-09-12 13:30:36.300000+00:00
16773026,アルモンド,Q3,2214,2928,108191213,56184345,2026-09-12 13:30:36.599000+00:00
16773026,アルモンド,Q3,2215,2928,108191724,56184345,2026-09-12 13:34:34.685000+00:00
16773026,アルモンド,Q3,2216,2928,108192023,56182718,2026-09-12 13:34:35.213000+00:00
16773026,アルモンド,Q3,2217,2928,108192725,56184345,2026-09-12 13:38:36.237000+00:00
16773026,アルモンド,Q3,2218,2928,108193036,56182718,2026-09-12 13:38:36.710000+00:00
16773026,アルモンド,Q3,2219,2928,108193592,56184345,2026-09-12 13:42:34.416000+00:00
16773026,アルモンド,Q3,2220,2928,108193683,56184345,2026-09-12 13:42:34.597000+00:00
16773026,アルモンド,L,2878,2928,108977361,56233099,2026-09-14 17:02:49.857000+00:00
16773026,アルモンド,L,2879,2928,108977067,56233099,2026-09-14 17:02:50.533000+00:00
16773026,アルモンド,L,2880,2928,108977973,56233099,2026-09-14 17:08:55.963000+00:00
16773026,アルモンド,L,2881,2928,108979016,56233099,2026-09-14 17:12:42.100000+00:00
16773026,アルモンド,L,2882,2928,108980048,56233099,2026-09-14 17:16:43.577000+00:00
16773026,アルモンド,L,2883,2928,108981066,56233099,2026-09-14 17:20:42.801000+00:00
16773026,アルモンド,L,2884,2928,108981453,56230634,2026-09-14 17:20:43.480000+00:00
16773026,アルモンド,L,2885,2928,108981499,56233099,2026-09-14 17:20:43.558000+00:00
16773026,アルモンド,L,2886,2928,108982117,56233099,2026-09-14 17:24:41.943000+00:00
16773026,アルモンド,L,2887,2928,108983143,56233099,2026-09-14 17:28:45.135000+00:00
16773026,アルモンド,L,2888,2928,108984198,56233099,2026-09-14 17:32:41.244000+00:00
16773026,アルモンド,L,2889,2928,108984801,56233099,2026-09-14 17:32:42.242000+00:00
16773026,アルモンド,L,2890,2928,108985231,56233099,2026-09-14 17:36:42.284000+00:00
16773026,アルモンド,L,2891,2928,108986275,56233099,2026-09-14 17:40:40.871000+00:00
16773026,アルモンド,L,2892,2928,108987309,56233099,2026-09-14 17:44:41.255000+00:00
16773026,アルモンド,L,2893,2928,108987719,56230634,2026-09-14 17:44:42.039000+00:00
16773026,アルモンド,L,2894,2928,108988309,56233099,2026-09-14 17:48:41.981000+00:00
16773026,アルモンド,L,2895,2928,108988383,56230634,2026-09-14 17:48:42.136000+00:00
16773026,アルモンド,L,2896,2928,108988395,56230634,2026-09-14 17:48:42.164000+00:00
16773026,アルモンド,L,2897,2928,108989500,56233099,2026-09-14 17:52:41.281000+00:00
16773026,アルモンド,L,2898,2928,108989583,56233099,2026-09-14 17:52:41.356000+00:00
16773026,アルモンド,L,2899,2928,108990441,56233099,2026-09-14 17:56:40.648000+00:00
16773026,アルモンド,L,2900,2928,108991495,56233099,2026-09-14 18:00:42.364000+00:00
16773026,アルモンド,L,2901,2928,108992530,56233099,2026-09-14 18:04:41.570000+00:00
16773026,アルモンド,L,2902,2928,108993573,56233099,2026-09-14 18:08:41.777000+00:00
16773026,アルモンド,L,2903,2928,108994610,56233099,2026-09-14 18:12:40.287000+00:00
16773026,アルモンド,L,2904,2928,108994887,56230634,2026-09-14 18:12:40.763000+00:00
16773026,アルモンド,L,2905,2928,108995661,56233099,2026-09-14 18:16:40.508000+00:00
16773026,アルモンド,L,2906,2928,108996425,56230634,2026-09-14 18:20:43.899000+00:00
16773026,アルモンド,L,2907,2928,108996691,56233099,2026-09-14 18:20:44.346000+00:00
16773026,アルモンド,L,2908,2928,108997731,56233099,2026-09-14 18:24:40.605000+00:00
16773026,アルモンド,L,2909,2928,108998683,56230634,2026-09-14 18:28:42.643000+00:00
16773026,アルモンド,L,2910,2928,108998773,56233099,2026-09-14 18:28:42.790000+00:00
16773026,アルモンド,L,2911,2928,108999808,56233099,2026-09-14 18:32:40.635000+00:00
16773026,アルモンド,L,2912,2928,109000659,56230634,2026-09-14 18:36:45.186000+00:00
16773026,アルモンド,L,2913,2928,109000838,56233099,2026-09-14 18:36:45.453000+00:00
16773026,アルモンド,L,2914,2928,109001874,56233099,2026-09-14 18:40:41.106000+00:00
16773026,アルモンド,L,2915,2928,109002914,56233099,2026-09-14 18:44:40.777000+00:00
16773026,アルモンド,L,2916,2928,109003944,56233099,2026-09-14 18:48:41.251000+00:00
16773026,アルモンド,L,2917,2928,109004973,56233099,2026-09-14 18:52:41.034000+00:00
16773026,アルモンド,L,2918,2928,109006009,56233099,2026-09-14 18:56:40.496000+00:00
16773026,アルモンド,L,2919,2928,109006333,56230634,2026-09-14 18:56:41.045000+00:00
16773026,アルモンド,L,2920,2928,109007057,56233099,2026-09-14 19:00:41.354000+00:00
16773026,アルモンド,L,2921,2928,109008094,56233099,2026-09-14 19:04:40.700000+00:00
16773026,アルモンド,L,2922,2928,109009139,56233099,2026-09-14 19:08:43.271000+00:00
16773026,アルモンド,L,2923,2928,109009234,56230634,2026-09-14 19:08:43.566000+00:00
16773026,アルモンド,L,2924,2928,109010167,56233099,2026-09-14 19:12:40.473000+00:00
16773026,アルモンド,L,2925,2928,109010567,56230634,2026-09-14 19:12:41.144000+00:00
16773026,アルモンド,L,2926,2928,109012503,56233099,2026-09-14 19:20:42.154000+00:00
16773026,アルモンド,L,2927,2928,109015724,56230634,2026-09-14 19:32:41.743000+00:00
16773026,アルモンド,C0,0,90,108904312,56230634,2026-09-14 12:22:48.838000+00:00
16773026,アルモンド,C0,1,90,108905324,56230634,2026-09-14 12:26:49.538000+00:00
16773026,アルモンド,C0,2,90,108906332,56230634,2026-09-14 12:30:49.500000+00:00
16773026,アルモンド,C0,3,90,108907365,56230634,2026-09-14 12:34:49.228000+00:00
16773026,アルモンド,C0,4,90,108908387,56230634,2026-09-14 12:38:50.424000+00:00
16773026,アルモンド,C0,5,90,108909417,56230634,2026-09-14 12:42:49.088000+00:00
16773026,アルモンド,C0,6,90,108910434,56230634,2026-09-14 12:46:49.295000+00:00
16773026,アルモンド,C0,7,90,108911440,56230634,2026-09-14 12:50:52.103000+00:00
16773026,アルモンド,C0,8,90,108912460,56230634,2026-09-14 12:54:49.095000+00:00
16773026,アルモンド,C0,9,90,108913483,56230634,2026-09-14 12:58:50.773000+00:00
16773026,アルモンド,C0,10,90,108914507,56230634,2026-09-14 13:02:48.570000+00:00
16773026,アルモンド,C0,11,90,108915537,56230634,2026-09-14 13:06:48.883000+00:00
16773026,アルモンド,C0,12,90,108916561,56230634,2026-09-14 13:10:48.924000+00:00
16773026,アルモンド,C0,13,90,108917584,56230634,2026-09-14 13:14:48.663000+00:00
16773026,アルモンド,C0,14,90,108918612,56230634,2026-09-14 13:18:56.311000+00:00
16773026,アルモンド,C0,15,90,108919568,56230634,2026-09-14 13:18:57.944000+00:00
16773026,アルモンド,C0,16,90,108919642,56230634,2026-09-14 13:22:49.306000+00:00
16773026,アルモンド,C0,17,90,108919728,56230634,2026-09-14 13:22:49.422000+00:00
16773026,アルモンド,C0,18,90,108920703,56230634,2026-09-14 13:26:49.844000+00:00
16773026,アルモンド,C0,19,90,108921764,56230634,2026-09-14 13:30:49.739000+00:00
16773026,アルモンド,C0,20,90,108922850,56230634,2026-09-14 13:34:49.693000+00:00
16773026,アルモンド,C0,21,90,108923904,56230634,2026-09-14 13:39:00.032000+00:00
16773026,アルモンド,C0,22,90,108924900,56230634,2026-09-14 13:42:50.492000+00:00
16773026,アルモンド,C0,23,90,108925771,56230634,2026-09-14 13:42:52.239000+00:00
16773026,アルモンド,C0,24,90,108926028,56230634,2026-09-14 13:46:49.831000+00:00
16773026,アルモンド,C0,25,90,108926364,56230634,2026-09-14 13:46:50.526000+00:00
16773026,アルモンド,C0,26,90,108927074,56230634,2026-09-14 13:50:49.501000+00:00
16773026,アルモンド,C0,27,90,108928120,56230634,2026-09-14 13:54:49.082000+00:00
16773026,アルモンド,C0,28,90,108929154,56230634,2026-09-14 13:58:57.094000+00:00
16773026,アルモンド,C0,29,90,108930204,56230634,2026-09-14 14:02:49.036000+00:00
16773026,アルモンド,C0,30,90,108931266,56230634,2026-09-14 14:06:49.042000+00:00
16773026,アルモンド,C0,31,90,108932310,56230634,2026-09-14 14:10:49.529000+00:00
16773026,アルモンド,C0,32,90,108933379,56230634,2026-09-14 14:14:50.987000+00:00
16773026,アルモンド,C0,33,90,108934394,56230634,2026-09-14 14:18:51.591000+00:00
16773026,アルモンド,C0,34,90,108935433,56230634,2026-09-14 14:22:52.018000+00:00
16773026,アルモンド,C0,35,90,108936472,56230634,2026-09-14 14:26:51.272000+00:00
16773026,アルモンド,C0,36,90,108937513,56230634,2026-09-14 14:30:49.799000+00:00
16773026,アルモンド,C0,37,90,108938548,56230634,2026-09-14 14:34:55.230000+00:00
16773026,アルモンド,C0,38,90,108939601,56230634,2026-09-14 14:38:54.815000+00:00
16773026,アルモンド,C0,39,90,108940650,56230634,2026-09-14 14:42:49.600000+00:00
16773026,アルモンド,C0,40,90,108941622,56230634,2026-09-14 14:46:49.023000+00:00
16773026,アルモンド,C0,41,90,108941697,56230634,2026-09-14 14:46:49.184000+00:00
16773026,アルモンド,C0,42,90,108942732,56230634,2026-09-14 14:50:49.818000+00:00
16773026,アルモンド,C0,43,90,108943775,56230634,2026-09-14 14:54:49.695000+00:00
16773026,アルモンド,C0,44,90,108944767,56230634,2026-09-14 14:58:50.072000+00:00
16773026,アルモンド,C0,45,90,108945624,56230634,2026-09-14 15:02:51.390000+00:00
16773026,アルモンド,C0,46,90,108946480,56230634,2026-09-14 15:02:53.808000+00:00
16773026,アルモンド,C0,47,90,108946911,56230634,2026-09-14 15:06:53.927000+00:00
16773026,アルモンド,C0,48,90,108947960,56230634,2026-09-14 15:10:49.819000+00:00
16773026,アルモンド,C0,49,90,108948354,56230634,2026-09-14 15:10:50.500000+00:00
16690867,HowardLeeTW,F,0,2348,91001640,55349816,2026-08-08 12:11:51.579660300+00:00
16690867,HowardLeeTW,F,1,2348,91002470,55349816,2026-08-08 12:15:49.803490300+00:00
16690867,HowardLeeTW,F,2,2348,91003289,55349816,2026-08-08 12:19:49.919626300+00:00
16690867,HowardLeeTW,F,3,2348,91004108,55349816,2026-08-08 12:23:54.510060700+00:00
16690867,HowardLeeTW,F,4,2348,91004943,55349816,2026-08-08 12:27:49.692739+00:00
16690867,HowardLeeTW,F,5,2348,91005777,55349816,2026-08-08 12:31:52.624406200+00:00
16690867,HowardLeeTW,F,6,2348,91006605,55349816,2026-08-08 12:35:49.733432300+00:00
16690867,HowardLeeTW,F,7,2348,91007432,55349816,2026-08-08 12:39:49.501100500+00:00
16690867,HowardLeeTW,F,8,2348,91008298,55349816,2026-08-08 12:43:49.577768600+00:00
16690867,HowardLeeTW,F,9,2348,91009139,55349816,2026-08-08 12:47:49.471675600+00:00
16690867,HowardLeeTW,F,10,2348,91009979,55349816,2026-08-08 12:51:51.916923400+00:00
16690867,HowardLeeTW,F,11,2348,91010831,55349816,2026-08-08 12:55:48.824321800+00:00
16690867,HowardLeeTW,F,12,2348,91011670,55349816,2026-08-08 12:59:49.069037200+00:00
16690867,HowardLeeTW,F,13,2348,91011694,55349816,2026-08-08 12:59:49.106507300+00:00
16690867,HowardLeeTW,F,14,2348,91012506,55349816,2026-08-08 13:03:49.969213200+00:00
16690867,HowardLeeTW,F,15,2348,91012608,55349816,2026-08-08 13:03:50.124658700+00:00
16690867,HowardLeeTW,F,16,2348,91013364,55349816,2026-08-08 13:07:48.819650700+00:00
16690867,HowardLeeTW,F,17,2348,91014209,55349816,2026-08-08 13:11:50.949478200+00:00
16690867,HowardLeeTW,F,18,2348,91015059,55349816,2026-08-08 13:15:49.475037200+00:00
16690867,HowardLeeTW,F,19,2348,91015900,55349816,2026-08-08 13:19:48.825069500+00:00
16690867,HowardLeeTW,F,20,2348,91016734,55349816,2026-08-08 13:23:49.409199800+00:00
16690867,HowardLeeTW,F,21,2348,91016965,55349816,2026-08-08 13:23:49.772034300+00:00
16690867,HowardLeeTW,F,22,2348,91017587,55349816,2026-08-08 13:27:49.336326400+00:00
16690867,HowardLeeTW,F,23,2348,91018391,55349816,2026-08-08 13:31:50.988529500+00:00
16690867,HowardLeeTW,F,24,2348,91018425,55349816,2026-08-08 13:31:51.028203500+00:00
16690867,HowardLeeTW,F,25,2348,91019272,55349816,2026-08-08 13:35:48.678635800+00:00
16690867,HowardLeeTW,F,26,2348,91020111,55349816,2026-08-08 13:39:49.623371100+00:00
16690867,HowardLeeTW,F,27,2348,91020965,55349816,2026-08-08 13:43:56.446742800+00:00
16690867,HowardLeeTW,F,28,2348,91021818,55349816,2026-08-08 13:47:56.275676800+00:00
16690867,HowardLeeTW,F,29,2348,91022658,55349816,2026-08-08 13:52:00.418773500+00:00
16690867,HowardLeeTW,F,30,2348,91022700,55349816,2026-08-08 13:52:00.487516600+00:00
16690867,HowardLeeTW,F,31,2348,91023499,55349816,2026-08-08 13:55:56.389655600+00:00
16690867,HowardLeeTW,F,32,2348,91024341,55349816,2026-08-08 13:59:56.833534900+00:00
16690867,HowardLeeTW,F,33,2348,91025185,55349816,2026-08-08 14:03:56.514264700+00:00
16690867,HowardLeeTW,F,34,2348,91026022,55349816,2026-08-08 14:07:56.728468500+00:00
16690867,HowardLeeTW,F,35,2348,91026873,55349816,2026-08-08 14:12:05.994764400+00:00
16690867,HowardLeeTW,F,36,2348,91027722,55349816,2026-08-08 14:15:58.305600900+00:00
16690867,HowardLeeTW,F,37,2348,91028565,55349816,2026-08-08 14:19:56.907600900+00:00
16690867,HowardLeeTW,F,38,2348,91029398,55349816,2026-08-08 14:23:59.847773400+00:00
16690867,HowardLeeTW,F,39,2348,91030237,55349816,2026-08-08 14:27:57.617337700+00:00
16690867,HowardLeeTW,F,40,2348,91031097,55349816,2026-08-08 14:32:01.504722700+00:00
16690867,HowardLeeTW,F,41,2348,91031940,55349816,2026-08-08 14:35:56.985588+00:00
16690867,HowardLeeTW,F,42,2348,91032788,55349816,2026-08-08 14:39:56.585999900+00:00
16690867,HowardLeeTW,F,43,2348,91032816,55349816,2026-08-08 14:39:56.615368600+00:00
16690867,HowardLeeTW,F,44,2348,91033632,55349816,2026-08-08 14:43:56.810891700+00:00
16690867,HowardLeeTW,F,45,2348,91034474,55349816,2026-08-08 14:47:56.915041100+00:00
16690867,HowardLeeTW,F,46,2348,91035320,55349816,2026-08-08 14:51:59.332476500+00:00
16690867,HowardLeeTW,F,47,2348,91036158,55349816,2026-08-08 14:55:56.417443600+00:00
16690867,HowardLeeTW,F,48,2348,91037023,55349816,2026-08-08 14:59:56.520911500+00:00
16690867,HowardLeeTW,F,49,2348,91037866,55349816,2026-08-08 15:03:56.606645300+00:00
16690867,HowardLeeTW,Q1,562,2348,94084147,55524237,2026-08-18 01:38:44.722018800+00:00
16690867,HowardLeeTW,Q1,563,2348,94097476,55524237,2026-08-18 02:38:44.525215800+00:00
16690867,HowardLeeTW,Q1,564,2348,94109765,55524237,2026-08-18 03:34:46.804524500+00:00
16690867,HowardLeeTW,Q1,565,2348,94110388,55349816,2026-08-18 03:38:44.153278600+00:00
16690867,HowardLeeTW,Q1,566,2348,94112489,55349816,2026-08-18 03:46:45.342979800+00:00
16690867,HowardLeeTW,Q1,567,2348,94124798,55524237,2026-08-18 04:42:45.204139900+00:00
16690867,HowardLeeTW,Q1,568,2348,94125340,55349816,2026-08-18 04:46:44.686467900+00:00
16690867,HowardLeeTW,Q1,569,2348,94130719,55524237,2026-08-18 05:10:45.018863800+00:00
16690867,HowardLeeTW,Q1,570,2348,94138566,55524237,2026-08-18 05:46:44.383819900+00:00
16690867,HowardLeeTW,Q1,571,2348,94151212,55349816,2026-08-18 07:06:43.151062900+00:00
16690867,HowardLeeTW,Q1,572,2348,94166127,55349816,2026-08-18 09:10:42.391073+00:00
16690867,HowardLeeTW,Q1,573,2348,94171429,55524237,2026-08-18 09:54:49.726087700+00:00
16690867,HowardLeeTW,Q1,574,2348,94174832,55524237,2026-08-18 10:22:42.759023600+00:00
16690867,HowardLeeTW,Q1,575,2348,94179631,55349816,2026-08-18 11:02:42.809638100+00:00
16690867,HowardLeeTW,Q1,576,2348,94181936,55349816,2026-08-18 11:22:41.953001800+00:00
16690867,HowardLeeTW,Q1,577,2348,94183463,55524237,2026-08-18 11:34:44.311298400+00:00
16690867,HowardLeeTW,Q1,578,2348,94184845,55524237,2026-08-18 11:47:12.498064400+00:00
16690867,HowardLeeTW,Q1,579,2348,94213260,55349816,2026-08-18 15:45:37.662720+00:00
16690867,HowardLeeTW,Q1,580,2348,94213717,55524237,2026-08-18 15:49:34.026410100+00:00
16690867,HowardLeeTW,Q1,581,2348,94216114,55524237,2026-08-18 16:09:34.268713100+00:00
16690867,HowardLeeTW,Q1,582,2348,94226384,55349816,2026-08-18 16:57:37.733269600+00:00
16690867,HowardLeeTW,Q1,583,2348,94227590,55524237,2026-08-18 17:01:35.933395100+00:00
16690867,HowardLeeTW,Q1,584,2348,94229266,55524237,2026-08-18 17:09:35.720077100+00:00
16690867,HowardLeeTW,Q1,585,2348,94239917,55524237,2026-08-18 17:45:01.945354500+00:00
16690867,HowardLeeTW,Q1,586,2348,94244035,55524237,2026-08-18 17:57:00.752461+00:00
16690867,HowardLeeTW,Q1,587,2348,94249442,55349816,2026-08-18 18:09:02.447773300+00:00
16690867,HowardLeeTW,Q1,588,2348,94251693,55349816,2026-08-18 18:13:03.574383300+00:00
16690867,HowardLeeTW,Q1,589,2348,94273517,55349816,2026-08-18 19:02:50.223946200+00:00
16690867,HowardLeeTW,Q1,590,2348,94275758,55524237,2026-08-18 19:06:44.829181200+00:00
16690867,HowardLeeTW,Q1,591,2348,94284650,55524237,2026-08-18 19:26:45.249559300+00:00
16690867,HowardLeeTW,Q1,592,2348,94292654,55349816,2026-08-18 19:50:39.352298300+00:00
16690867,HowardLeeTW,Q1,593,2348,94293649,55349816,2026-08-18 19:54:39.265316800+00:00
16690867,HowardLeeTW,Q1,594,2348,94298025,55524237,2026-08-18 20:14:42.376281600+00:00
16690867,HowardLeeTW,Q1,595,2348,94298993,55524237,2026-08-18 20:20:13.811415700+00:00
16690867,HowardLeeTW,Q1,596,2348,94311911,55349816,2026-08-18 21:19:57.388669300+00:00
16690867,HowardLeeTW,Q1,597,2348,94315650,55524237,2026-08-18 21:35:55.051818+00:00
16690867,HowardLeeTW,Q1,598,2348,94316486,55524237,2026-08-18 21:39:57.240281500+00:00
16690867,HowardLeeTW,Q1,599,2348,94329635,55524237,2026-08-18 22:39:57.043504200+00:00
16690867,HowardLeeTW,Q1,600,2348,94332945,55524237,2026-08-18 22:55:55.262877600+00:00
16690867,HowardLeeTW,Q1,601,2348,94334690,55524237,2026-08-18 23:03:56.239904400+00:00
16690867,HowardLeeTW,Q1,602,2348,94339987,55524237,2026-08-18 23:27:56.069997300+00:00
16690867,HowardLeeTW,Q1,603,2348,94343688,55524237,2026-08-18 23:43:55.351894600+00:00
16690867,HowardLeeTW,Q1,604,2348,94345417,55349816,2026-08-18 23:51:55.034859600+00:00
16690867,HowardLeeTW,Q1,605,2348,94353488,55524237,2026-08-19 00:27:55.888196100+00:00
16690867,HowardLeeTW,Q1,606,2348,94356691,55349816,2026-08-19 00:43:55.609202800+00:00
16690867,HowardLeeTW,Q1,607,2348,94361084,55524237,2026-08-19 01:03:59.773636700+00:00
16690867,HowardLeeTW,Q1,608,2348,94363689,55349816,2026-08-19 01:15:56.133612600+00:00
16690867,HowardLeeTW,Q1,609,2348,94371978,55524237,2026-08-19 01:51:56.632822+00:00
16690867,HowardLeeTW,Q1,610,2348,94372628,55349816,2026-08-19 01:55:57.548702900+00:00
16690867,HowardLeeTW,Q1,611,2348,94378100,55524237,2026-08-19 02:19:58.965499400+00:00
16690867,HowardLeeTW,Q2,1149,2348,103620619,55349816,2026-08-30 22:34:26.346684200+00:00
16690867,HowardLeeTW,Q2,1150,2348,103656644,55524237,2026-08-30 23:38:27.506592300+00:00
16690867,HowardLeeTW,Q2,1151,2348,103718801,55524237,2026-08-31 01:30:30.190746700+00:00
16690867,HowardLeeTW,Q2,1152,2348,103721133,55524237,2026-08-31 01:34:24.979988300+00:00
16690867,HowardLeeTW,Q2,1153,2348,103729983,55349816,2026-08-31 01:50:28.046186500+00:00
16690867,HowardLeeTW,Q2,1154,2348,103787999,55349816,2026-08-31 03:34:32.840677300+00:00
16690867,HowardLeeTW,Q2,1155,2348,103812912,55524237,2026-08-31 04:18:31.149310700+00:00
16690867,HowardLeeTW,Q2,1156,2348,103917792,55524237,2026-08-31 07:26:30.808678800+00:00
16690867,HowardLeeTW,Q2,1157,2348,103944534,55349816,2026-08-31 08:14:33.233021900+00:00
16690867,HowardLeeTW,Q2,1158,2348,103989145,55524237,2026-08-31 09:34:30.156789800+00:00
16690867,HowardLeeTW,Q2,1159,2348,104058440,55524237,2026-08-31 11:38:32.158646300+00:00
16690867,HowardLeeTW,Q2,1160,2348,104080426,55524237,2026-08-31 12:18:33.817104500+00:00
16690867,HowardLeeTW,Q2,1161,2348,104080557,55524237,2026-08-31 12:18:34.024485600+00:00
16690867,HowardLeeTW,Q2,1162,2348,104089733,55349816,2026-08-31 12:34:30.477756900+00:00
16690867,HowardLeeTW,Q2,1163,2348,104205847,55524237,2026-08-31 16:02:35.497384200+00:00
16690867,HowardLeeTW,Q2,1164,2348,104257153,55349816,2026-08-31 17:34:33.662412500+00:00
16690867,HowardLeeTW,Q2,1165,2348,104306233,55524237,2026-08-31 19:02:32.024663700+00:00
16690867,HowardLeeTW,Q2,1166,2348,104308364,55349816,2026-08-31 19:06:29.837938800+00:00
16690867,HowardLeeTW,Q2,1167,2348,104359490,55524237,2026-08-31 20:41:58.469137100+00:00
16690867,HowardLeeTW,Q2,1168,2348,104435395,55349816,2026-08-31 23:00:18.137208900+00:00
16690867,HowardLeeTW,Q2,1169,2348,104437792,55524237,2026-08-31 23:04:18.040527+00:00
16690867,HowardLeeTW,Q2,1170,2348,104477045,55524237,2026-09-01 01:33:44.033687800+00:00
16690867,HowardLeeTW,Q2,1171,2348,104482047,55349816,2026-09-01 02:22:00.113076800+00:00
16690867,HowardLeeTW,Q2,1172,2348,104485695,55524237,2026-09-01 02:54:27.260134700+00:00
16690867,HowardLeeTW,Q2,1173,2348,104487599,55349816,2026-09-01 03:14:26.528818400+00:00
16690867,HowardLeeTW,Q2,1174,2348,104492633,55524237,2026-09-01 03:58:26.799841400+00:00
16690867,HowardLeeTW,Q2,1175,2348,104499332,55524237,2026-09-01 05:02:26.159353800+00:00
16690867,HowardLeeTW,Q2,1176,2348,104505259,55349816,2026-09-01 05:58:25.899175800+00:00
16690867,HowardLeeTW,Q2,1177,2348,104505582,55349816,2026-09-01 05:58:26.425058500+00:00
16690867,HowardLeeTW,Q2,1178,2348,104506420,55349816,2026-09-01 06:06:26.562926+00:00
16690867,HowardLeeTW,Q2,1179,2348,104512223,55524237,2026-09-01 07:02:27.058894400+00:00
16690867,HowardLeeTW,Q2,1180,2348,104513891,55349816,2026-09-01 07:18:26.942333400+00:00
16690867,HowardLeeTW,Q2,1181,2348,104530961,55524237,2026-09-01 09:54:28.816640700+00:00
16690867,HowardLeeTW,Q2,1182,2348,104531005,55524237,2026-09-01 09:54:28.891023800+00:00
16690867,HowardLeeTW,Q2,1183,2348,104537547,55524237,2026-09-01 10:58:28.689972800+00:00
16690867,HowardLeeTW,Q2,1184,2348,104543528,55349816,2026-09-01 11:50:28.363670500+00:00
16690867,HowardLeeTW,Q2,1185,2348,104555334,55524237,2026-09-01 13:46:23.413109500+00:00
16690867,HowardLeeTW,Q2,1186,2348,104561547,55524237,2026-09-01 14:42:24.230691400+00:00
16690867,HowardLeeTW,Q2,1187,2348,104564954,55349816,2026-09-01 15:14:27.973812900+00:00
16690867,HowardLeeTW,Q2,1188,2348,104570943,55349816,2026-09-01 16:10:24.182848100+00:00
16690867,HowardLeeTW,Q2,1189,2348,104583702,55524237,2026-09-01 17:14:35.739634+00:00
16690867,HowardLeeTW,Q2,1190,2348,104584169,55349816,2026-09-01 17:18:27.006689400+00:00
16690867,HowardLeeTW,Q2,1191,2348,104598564,55524237,2026-09-01 18:26:25.903216700+00:00
16690867,HowardLeeTW,Q2,1192,2348,104621105,55524237,2026-09-01 20:16:20.790686100+00:00
16690867,HowardLeeTW,Q2,1193,2348,104622920,55524237,2026-09-01 20:28:38.625916400+00:00
16690867,HowardLeeTW,Q2,1194,2348,104626428,55349816,2026-09-01 20:44:38.026801600+00:00
16690867,HowardLeeTW,Q2,1195,2348,104637110,55349816,2026-09-01 21:36:41.514233200+00:00
16690867,HowardLeeTW,Q2,1196,2348,104646212,55524237,2026-09-01 22:20:38.265172600+00:00
16690867,HowardLeeTW,Q2,1197,2348,104649745,55349816,2026-09-01 22:36:38.300417300+00:00
16690867,HowardLeeTW,Q2,1198,2348,104652506,55349816,2026-09-01 22:52:37.601505500+00:00
16690867,HowardLeeTW,Q3,1736,2348,106301507,56064100,2026-09-07 01:35:49.975000+00:00
16690867,HowardLeeTW,Q3,1737,2348,106302010,56064100,2026-09-07 01:39:49.478000+00:00
16690867,HowardLeeTW,Q3,1738,2348,106302923,56064100,2026-09-07 01:43:50.692000+00:00
16690867,HowardLeeTW,Q3,1739,2348,106302938,56064100,2026-09-07 01:43:50.708000+00:00
16690867,HowardLeeTW,Q3,1740,2348,106303844,56064100,2026-09-07 01:47:48.899000+00:00
16690867,HowardLeeTW,Q3,1741,2348,106304753,56064100,2026-09-07 01:51:49.983000+00:00
16690867,HowardLeeTW,Q3,1742,2348,106305664,56064100,2026-09-07 01:55:49.709000+00:00
16690867,HowardLeeTW,Q3,1743,2348,106306573,56064100,2026-09-07 01:59:49.662000+00:00
16690867,HowardLeeTW,Q3,1744,2348,106307487,56064100,2026-09-07 02:03:57.819000+00:00
16690867,HowardLeeTW,Q3,1745,2348,106308397,56064100,2026-09-07 02:07:57.070000+00:00
16690867,HowardLeeTW,Q3,1746,2348,106308439,56064100,2026-09-07 02:07:57.159000+00:00
16690867,HowardLeeTW,Q3,1747,2348,106308686,56064100,2026-09-07 02:07:57.616000+00:00
16690867,HowardLeeTW,Q3,1748,2348,106309312,56064100,2026-09-07 02:11:55.778000+00:00
16690867,HowardLeeTW,Q3,1749,2348,106309334,56064100,2026-09-07 02:11:55.804000+00:00
16690867,HowardLeeTW,Q3,1750,2348,106310231,56064100,2026-09-07 02:15:54.483000+00:00
16690867,HowardLeeTW,Q3,1751,2348,106311157,56064100,2026-09-07 02:19:51.891000+00:00
16690867,HowardLeeTW,Q3,1752,2348,106312067,56064100,2026-09-07 02:23:52.296000+00:00
16690867,HowardLeeTW,Q3,1753,2348,106312987,56064100,2026-09-07 02:27:50.369000+00:00
16690867,HowardLeeTW,Q3,1754,2348,106313903,56064100,2026-09-07 02:31:51.115000+00:00
16690867,HowardLeeTW,Q3,1755,2348,106314816,56064100,2026-09-07 02:35:50.967000+00:00
16690867,HowardLeeTW,Q3,1756,2348,106315769,56064100,2026-09-07 02:39:50.099000+00:00
16690867,HowardLeeTW,Q3,1757,2348,106316547,56064100,2026-09-07 02:43:52.002000+00:00
16690867,HowardLeeTW,Q3,1758,2348,106317578,56064100,2026-09-07 02:47:49.921000+00:00
16690867,HowardLeeTW,Q3,1759,2348,106318496,56064100,2026-09-07 02:51:50.419000+00:00
16690867,HowardLeeTW,Q3,1760,2348,106319368,56064100,2026-09-07 02:55:49.671000+00:00
16690867,HowardLeeTW,Q3,1761,2348,106320318,56064100,2026-09-07 03:00:01.069000+00:00
16690867,HowardLeeTW,Q3,1762,2348,106321236,56064100,2026-09-07 03:04:19.318000+00:00
16690867,HowardLeeTW,Q3,1763,2348,106322154,56064100,2026-09-07 03:07:50.359000+00:00
16690867,HowardLeeTW,Q3,1764,2348,106323064,56064100,2026-09-07 03:11:50.172000+00:00
16690867,HowardLeeTW,Q3,1765,2348,106323097,56064100,2026-09-07 03:11:50.213000+00:00
16690867,HowardLeeTW,Q3,1766,2348,106323975,56064100,2026-09-07 03:15:49.683000+00:00
16690867,HowardLeeTW,Q3,1767,2348,106324895,56064100,2026-09-07 03:19:49.760000+00:00
16690867,HowardLeeTW,Q3,1768,2348,106325863,56064100,2026-09-07 03:23:51.869000+00:00
16690867,HowardLeeTW,Q3,1769,2348,106326723,56064100,2026-09-07 03:27:49.500000+00:00
16690867,HowardLeeTW,Q3,1770,2348,106327644,56064100,2026-09-07 03:31:49.859000+00:00
16690867,HowardLeeTW,Q3,1771,2348,106328562,56064100,2026-09-07 03:35:49.782000+00:00
16690867,HowardLeeTW,Q3,1772,2348,106329480,56064100,2026-09-07 03:39:49.488000+00:00
16690867,HowardLeeTW,Q3,1773,2348,106330395,56064100,2026-09-07 03:43:53.422000+00:00
16690867,HowardLeeTW,Q3,1774,2348,106331244,56064100,2026-09-07 03:47:53.104000+00:00
16690867,HowardLeeTW,Q3,1775,2348,106332236,56064100,2026-09-07 03:51:49.576000+00:00
16690867,HowardLeeTW,Q3,1776,2348,106336069,56064100,2026-09-07 04:07:50.181000+00:00
16690867,HowardLeeTW,Q3,1777,2348,106339710,56064100,2026-09-07 04:23:51.916000+00:00
16690867,HowardLeeTW,Q3,1778,2348,106343388,56064100,2026-09-07 04:39:50.171000+00:00
16690867,HowardLeeTW,Q3,1779,2348,106347146,56064100,2026-09-07 04:55:50.907000+00:00
16690867,HowardLeeTW,Q3,1780,2348,106350790,56064100,2026-09-07 05:11:49.995000+00:00
16690867,HowardLeeTW,Q3,1781,2348,106639796,56088611,2026-09-08 02:10:11.333000+00:00
16690867,HowardLeeTW,Q3,1782,2348,106639801,56088632,2026-09-08 02:10:11.338000+00:00
16690867,HowardLeeTW,Q3,1783,2348,106640715,56088611,2026-09-08 02:14:13.983000+00:00
16690867,HowardLeeTW,Q3,1784,2348,106640738,56088632,2026-09-08 02:14:14.017000+00:00
16690867,HowardLeeTW,Q3,1785,2348,106641627,56088632,2026-09-08 02:18:12.895000+00:00
16690867,HowardLeeTW,L,2298,2348,108919396,56197331,2026-09-14 13:18:57.703000+00:00
16690867,HowardLeeTW,L,2299,2348,108921532,56202668,2026-09-14 13:26:51.539000+00:00
16690867,HowardLeeTW,L,2300,2348,108926648,56197331,2026-09-14 13:46:51.190000+00:00
16690867,HowardLeeTW,L,2301,2348,108927703,56197331,2026-09-14 13:50:50.830000+00:00
16690867,HowardLeeTW,L,2302,2348,108928764,56202668,2026-09-14 13:54:50.309000+00:00
16690867,HowardLeeTW,L,2303,2348,108928775,56202668,2026-09-14 13:54:50.325000+00:00
16690867,HowardLeeTW,L,2304,2348,108931878,56202668,2026-09-14 14:06:50.099000+00:00
16690867,HowardLeeTW,L,2305,2348,108931881,56202668,2026-09-14 14:06:50.101000+00:00
16690867,HowardLeeTW,L,2306,2348,108932707,56202668,2026-09-14 14:10:50.203000+00:00
16690867,HowardLeeTW,L,2307,2348,108934972,56197331,2026-09-14 14:18:52.575000+00:00
16690867,HowardLeeTW,L,2308,2348,108940064,56202668,2026-09-14 14:38:55.835000+00:00
16690867,HowardLeeTW,L,2309,2348,108940072,56197331,2026-09-14 14:38:55.880000+00:00
16690867,HowardLeeTW,L,2310,2348,108947313,56197331,2026-09-14 15:06:54.633000+00:00
16690867,HowardLeeTW,L,2311,2348,108947323,56202668,2026-09-14 15:06:54.635000+00:00
16690867,HowardLeeTW,L,2312,2348,108948219,56202668,2026-09-14 15:10:50.295000+00:00
16690867,HowardLeeTW,L,2313,2348,108951045,56197331,2026-09-14 15:22:54.210000+00:00
16690867,HowardLeeTW,L,2314,2348,108955644,56202668,2026-09-14 15:38:55.699000+00:00
16690867,HowardLeeTW,L,2315,2348,108955827,56197331,2026-09-14 15:38:56.373000+00:00
16690867,HowardLeeTW,L,2316,2348,108957138,56197331,2026-09-14 15:46:55.278000+00:00
16690867,HowardLeeTW,L,2317,2348,108960070,56197331,2026-09-14 15:58:56.729000+00:00
16690867,HowardLeeTW,L,2318,2348,108963033,56202668,2026-09-14 16:06:54.060000+00:00
16690867,HowardLeeTW,L,2319,2348,108964988,56197331,2026-09-14 16:14:51.057000+00:00
16690867,HowardLeeTW,L,2320,2348,108966321,56197331,2026-09-14 16:22:54.003000+00:00
16690867,HowardLeeTW,L,2321,2348,108966918,56197331,2026-09-14 16:22:55.027000+00:00
16690867,HowardLeeTW,L,2322,2348,108970322,56202668,2026-09-14 16:34:51.794000+00:00
16690867,HowardLeeTW,L,2323,2348,108972089,56197331,2026-09-14 16:42:53.832000+00:00
16690867,HowardLeeTW,L,2324,2348,108975412,56197331,2026-09-14 16:54:51.249000+00:00
16690867,HowardLeeTW,L,2325,2348,108976486,56202668,2026-09-14 16:58:53.596000+00:00
16690867,HowardLeeTW,L,2326,2348,108977189,56202668,2026-09-14 17:02:50.710000+00:00
16690867,HowardLeeTW,L,2327,2348,108982574,56197331,2026-09-14 17:24:42.699000+00:00
16690867,HowardLeeTW,L,2328,2348,108983765,56202668,2026-09-14 17:28:46.141000+00:00
16690867,HowardLeeTW,L,2329,2348,108984749,56197331,2026-09-14 17:32:42.154000+00:00
16690867,HowardLeeTW,L,2330,2348,108987174,56197331,2026-09-14 17:44:41.045000+00:00
16690867,HowardLeeTW,L,2331,2348,108989910,56202668,2026-09-14 17:52:42.023000+00:00
16690867,HowardLeeTW,L,2332,2348,108990328,56197331,2026-09-14 17:56:40.467000+00:00
16690867,HowardLeeTW,L,2333,2348,108994979,56202668,2026-09-14 18:12:40.889000+00:00
16690867,HowardLeeTW,L,2334,2348,108996909,56197331,2026-09-14 18:20:44.665000+00:00
16690867,HowardLeeTW,L,2335,2348,108997100,56197331,2026-09-14 18:20:44.964000+00:00
16690867,HowardLeeTW,L,2336,2348,109001134,56202668,2026-09-14 18:36:45.953000+00:00
16690867,HowardLeeTW,L,2337,2348,109001138,56202668,2026-09-14 18:36:45.958000+00:00
16690867,HowardLeeTW,L,2338,2348,109003204,56197331,2026-09-14 18:44:41.193000+00:00
16690867,HowardLeeTW,L,2339,2348,109006005,56202668,2026-09-14 18:56:40.494000+00:00
16690867,HowardLeeTW,L,2340,2348,109006489,56202668,2026-09-14 18:56:41.265000+00:00
16690867,HowardLeeTW,L,2341,2348,109007436,56202668,2026-09-14 19:00:41.932000+00:00
16690867,HowardLeeTW,L,2342,2348,109008511,56197331,2026-09-14 19:04:41.402000+00:00
16690867,HowardLeeTW,L,2343,2348,109009273,56197331,2026-09-14 19:08:43.650000+00:00
16690867,HowardLeeTW,L,2344,2348,109011556,56197331,2026-09-14 19:16:41.700000+00:00
16690867,HowardLeeTW,L,2345,2348,109012652,56202668,2026-09-14 19:20:42.375000+00:00
16690867,HowardLeeTW,L,2346,2348,109014051,56197331,2026-09-14 19:28:41.693000+00:00
16690867,HowardLeeTW,L,2347,2348,109014236,56202668,2026-09-14 19:28:41.984000+00:00
16690867,HowardLeeTW,C0,0,194,108472469,56202668,2026-09-13 08:10:39.407000+00:00
16690867,HowardLeeTW,C0,1,194,108473464,56202668,2026-09-13 08:14:42.037000+00:00
16690867,HowardLeeTW,C0,2,194,108474472,56202668,2026-09-13 08:18:46.874000+00:00
16690867,HowardLeeTW,C0,3,194,108475468,56202668,2026-09-13 08:22:39.720000+00:00
16690867,HowardLeeTW,C0,4,194,108476461,56202668,2026-09-13 08:26:38.099000+00:00
16690867,HowardLeeTW,C0,5,194,108477465,56202668,2026-09-13 08:30:38.091000+00:00
16690867,HowardLeeTW,C0,6,194,108478492,56202668,2026-09-13 08:34:38.686000+00:00
16690867,HowardLeeTW,C0,7,194,108479494,56202668,2026-09-13 08:38:43.983000+00:00
16690867,HowardLeeTW,C0,8,194,108480484,56202668,2026-09-13 08:42:39.769000+00:00
16690867,HowardLeeTW,C0,9,194,108481479,56202668,2026-09-13 08:46:39.285000+00:00
16690867,HowardLeeTW,C0,10,194,108482499,56202668,2026-09-13 08:50:40.902000+00:00
16690867,HowardLeeTW,C0,11,194,108483496,56202668,2026-09-13 08:54:45.528000+00:00
16690867,HowardLeeTW,C0,12,194,108484501,56202668,2026-09-13 08:58:50.384000+00:00
16690867,HowardLeeTW,C0,13,194,108485507,56202668,2026-09-13 09:02:46.418000+00:00
16690867,HowardLeeTW,C0,14,194,108486517,56202668,2026-09-13 09:06:43.645000+00:00
16690867,HowardLeeTW,C0,15,194,108487540,56202668,2026-09-13 09:10:44.739000+00:00
16690867,HowardLeeTW,C0,16,194,108488307,56202668,2026-09-13 09:10:46.008000+00:00
16690867,HowardLeeTW,C0,17,194,108488603,56202668,2026-09-13 09:14:49.708000+00:00
16690867,HowardLeeTW,C0,18,194,108489629,56202668,2026-09-13 09:18:59.773000+00:00
16690867,HowardLeeTW,C0,19,194,108490648,56202668,2026-09-13 09:22:39.610000+00:00
16690867,HowardLeeTW,C0,20,194,108491716,56202668,2026-09-13 09:26:39.341000+00:00
16690867,HowardLeeTW,C0,21,194,108491775,56202668,2026-09-13 09:26:39.439000+00:00
16690867,HowardLeeTW,C0,22,194,108492774,56202668,2026-09-13 09:30:39.506000+00:00
16690867,HowardLeeTW,C0,23,194,108493821,56202668,2026-09-13 09:34:39.535000+00:00
16690867,HowardLeeTW,C0,24,194,108494818,56202668,2026-09-13 09:38:46.323000+00:00
16690867,HowardLeeTW,C0,25,194,108495096,56202668,2026-09-13 09:38:46.788000+00:00
16690867,HowardLeeTW,C0,26,194,108495853,56202668,2026-09-13 09:42:39.779000+00:00
16690867,HowardLeeTW,C0,27,194,108496887,56202668,2026-09-13 09:46:40.797000+00:00
16690867,HowardLeeTW,C0,28,194,108497097,56202668,2026-09-13 09:46:41.298000+00:00
16690867,HowardLeeTW,C0,29,194,108497973,56202668,2026-09-13 09:50:45.402000+00:00
16690867,HowardLeeTW,C0,30,194,108498954,56202668,2026-09-13 09:54:43.733000+00:00
16690867,HowardLeeTW,C0,31,194,108499969,56202668,2026-09-13 09:58:41.217000+00:00
16690867,HowardLeeTW,C0,32,194,108500269,56202668,2026-09-13 09:58:41.677000+00:00
16690867,HowardLeeTW,C0,33,194,108500990,56202668,2026-09-13 10:02:42.585000+00:00
16690867,HowardLeeTW,C0,34,194,108501440,56202668,2026-09-13 10:02:43.430000+00:00
16690867,HowardLeeTW,C0,35,194,108502012,56202668,2026-09-13 10:06:43.336000+00:00
16690867,HowardLeeTW,C0,36,194,108503049,56202668,2026-09-13 10:10:41.615000+00:00
16690867,HowardLeeTW,C0,37,194,108504082,56202668,2026-09-13 10:14:38.897000+00:00
16690867,HowardLeeTW,C0,38,194,108505099,56202668,2026-09-13 10:18:40.976000+00:00
16690867,HowardLeeTW,C0,39,194,108506126,56202668,2026-09-13 10:22:38.984000+00:00
16690867,HowardLeeTW,C0,40,194,108507146,56202668,2026-09-13 10:26:39.282000+00:00
16690867,HowardLeeTW,C0,41,194,108508178,56202668,2026-09-13 10:30:45.034000+00:00
16690867,HowardLeeTW,C0,42,194,108509209,56202668,2026-09-13 10:34:43.901000+00:00
16690867,HowardLeeTW,C0,43,194,108509356,56202668,2026-09-13 10:34:44.109000+00:00
16690867,HowardLeeTW,C0,44,194,108510259,56202668,2026-09-13 10:38:41.884000+00:00
16690867,HowardLeeTW,C0,45,194,108511289,56202668,2026-09-13 10:42:38.727000+00:00
16690867,HowardLeeTW,C0,46,194,108512313,56202668,2026-09-13 10:46:39.176000+00:00
16690867,HowardLeeTW,C0,47,194,108513330,56202668,2026-09-13 10:50:38.739000+00:00
16690867,HowardLeeTW,C0,48,194,108514335,56202668,2026-09-13 10:54:40.862000+00:00
16690867,HowardLeeTW,C0,49,194,108514366,56202668,2026-09-13 10:54:40.889000+00:00
16760569,Otter Vibe,F,0,2189,100960098,55820772,2026-08-27 14:55:37.227000+00:00
16760569,Otter Vibe,F,1,2189,100962381,55820772,2026-08-27 14:59:36.218000+00:00
16760569,Otter Vibe,F,2,2189,100964649,55820772,2026-08-27 15:03:38.125000+00:00
16760569,Otter Vibe,F,3,2189,100966920,55820772,2026-08-27 15:07:36.871000+00:00
16760569,Otter Vibe,F,4,2189,100969191,55820772,2026-08-27 15:11:37.546000+00:00
16760569,Otter Vibe,F,5,2189,100971467,55820772,2026-08-27 15:15:41.320000+00:00
16760569,Otter Vibe,F,6,2189,100973747,55820772,2026-08-27 15:19:37.834000+00:00
16760569,Otter Vibe,F,7,2189,100976044,55820772,2026-08-27 15:23:35.874000+00:00
16760569,Otter Vibe,F,8,2189,100978344,55820772,2026-08-27 15:27:35.727000+00:00
16760569,Otter Vibe,F,9,2189,100980642,55820772,2026-08-27 15:31:37.567000+00:00
16760569,Otter Vibe,F,10,2189,100982953,55820772,2026-08-27 15:35:41.720000+00:00
16760569,Otter Vibe,F,11,2189,100985262,55820772,2026-08-27 15:39:35.859000+00:00
16760569,Otter Vibe,F,12,2189,100987546,55820772,2026-08-27 15:43:36.198000+00:00
16760569,Otter Vibe,F,13,2189,100989844,55820772,2026-08-27 15:47:39.572000+00:00
16760569,Otter Vibe,F,14,2189,100992113,55820772,2026-08-27 15:51:36.003000+00:00
16760569,Otter Vibe,F,15,2189,100994404,55820772,2026-08-27 15:55:36.165000+00:00
16760569,Otter Vibe,F,16,2189,100996719,55820772,2026-08-27 15:59:37.358000+00:00
16760569,Otter Vibe,F,17,2189,100999009,55820772,2026-08-27 16:03:36.335000+00:00
16760569,Otter Vibe,F,18,2189,101001312,55820772,2026-08-27 16:07:39.026000+00:00
16760569,Otter Vibe,F,19,2189,101003600,55820772,2026-08-27 16:11:37.859000+00:00
16760569,Otter Vibe,F,20,2189,101005884,55820772,2026-08-27 16:15:39.831000+00:00
16760569,Otter Vibe,F,21,2189,101008184,55820772,2026-08-27 16:19:36.572000+00:00
16760569,Otter Vibe,F,22,2189,101010464,55820772,2026-08-27 16:23:36.442000+00:00
16760569,Otter Vibe,F,23,2189,101012740,55820772,2026-08-27 16:27:37.526000+00:00
16760569,Otter Vibe,F,24,2189,101015016,55820772,2026-08-27 16:31:45.612000+00:00
16760569,Otter Vibe,F,25,2189,101017334,55820772,2026-08-27 16:35:38.580000+00:00
16760569,Otter Vibe,F,26,2189,101019612,55820772,2026-08-27 16:39:42.067000+00:00
16760569,Otter Vibe,F,27,2189,101021895,55820772,2026-08-27 16:43:36.251000+00:00
16760569,Otter Vibe,F,28,2189,101024191,55820772,2026-08-27 16:47:38.258000+00:00
16760569,Otter Vibe,F,29,2189,101026482,55820772,2026-08-27 16:51:38.445000+00:00
16760569,Otter Vibe,F,30,2189,101028769,55820772,2026-08-27 16:55:39.322000+00:00
16760569,Otter Vibe,F,31,2189,101031052,55820772,2026-08-27 16:59:39.417000+00:00
16760569,Otter Vibe,F,32,2189,101033321,55820772,2026-08-27 17:03:36.281000+00:00
16760569,Otter Vibe,F,33,2189,101035611,55820772,2026-08-27 17:07:47.523000+00:00
16760569,Otter Vibe,F,34,2189,101037901,55820772,2026-08-27 17:11:40.330000+00:00
16760569,Otter Vibe,F,35,2189,101040193,55820772,2026-08-27 17:15:41.043000+00:00
16760569,Otter Vibe,F,36,2189,101042245,55820772,2026-08-27 17:19:41.451000+00:00
16760569,Otter Vibe,F,37,2189,101042475,55820772,2026-08-27 17:19:41.881000+00:00
16760569,Otter Vibe,F,38,2189,101047165,55820772,2026-08-27 17:27:42.121000+00:00
16760569,Otter Vibe,F,39,2189,101049448,55820772,2026-08-27 17:31:39.961000+00:00
16760569,Otter Vibe,F,40,2189,101076760,55820772,2026-08-27 18:19:37.947000+00:00
16760569,Otter Vibe,F,41,2189,101101859,55820772,2026-08-27 19:03:37.380000+00:00
16760569,Otter Vibe,F,42,2189,101131491,55820772,2026-08-27 19:58:31.682000+00:00
16760569,Otter Vibe,F,43,2189,101158775,55820772,2026-08-27 20:47:04.945000+00:00
16760569,Otter Vibe,F,44,2189,101181621,55820772,2026-08-27 21:27:05.148000+00:00
16760569,Otter Vibe,F,45,2189,101204443,55820772,2026-08-27 22:07:04.237000+00:00
16760569,Otter Vibe,F,46,2189,101231762,55820772,2026-08-27 22:55:08.236000+00:00
16760569,Otter Vibe,F,47,2189,101243052,55820772,2026-08-27 23:15:13.550000+00:00
16760569,Otter Vibe,F,48,2189,101261082,55820772,2026-08-27 23:47:09.989000+00:00
16760569,Otter Vibe,F,49,2189,101317366,55820772,2026-08-28 01:27:06.957000+00:00
16760569,Otter Vibe,Q1,522,2189,104943902,55966244,2026-09-02 22:14:19.690000+00:00
16760569,Otter Vibe,Q1,523,2189,104944621,55966244,2026-09-02 22:18:18.536000+00:00
16760569,Otter Vibe,Q1,524,2189,104945586,55966244,2026-09-02 22:22:18.857000+00:00
16760569,Otter Vibe,Q1,525,2189,104946433,55966244,2026-09-02 22:26:18.642000+00:00
16760569,Otter Vibe,Q1,526,2189,104947279,55966244,2026-09-02 22:30:20.776000+00:00
16760569,Otter Vibe,Q1,527,2189,104948119,55966244,2026-09-02 22:34:19.333000+00:00
16760569,Otter Vibe,Q1,528,2189,104948961,55966244,2026-09-02 22:38:19.084000+00:00
16760569,Otter Vibe,Q1,529,2189,104949801,55966244,2026-09-02 22:42:19.458000+00:00
16760569,Otter Vibe,Q1,530,2189,104950639,55966244,2026-09-02 22:46:19.131000+00:00
16760569,Otter Vibe,Q1,531,2189,104951532,55966244,2026-09-02 22:50:19.263000+00:00
16760569,Otter Vibe,Q1,532,2189,104952367,55966244,2026-09-02 22:54:19.762000+00:00
16760569,Otter Vibe,Q1,533,2189,104960831,55966244,2026-09-02 23:34:20.395000+00:00
16760569,Otter Vibe,Q1,534,2189,104970082,55966244,2026-09-03 00:18:19.437000+00:00
16760569,Otter Vibe,Q1,535,2189,104977285,55966244,2026-09-03 00:50:19.884000+00:00
16760569,Otter Vibe,Q1,536,2189,104978859,55966244,2026-09-03 00:58:19.466000+00:00
16760569,Otter Vibe,Q1,537,2189,104988875,55966244,2026-09-03 01:46:19.074000+00:00
16760569,Otter Vibe,Q1,538,2189,104996326,55972534,2026-09-03 02:22:23.691000+00:00
16760569,Otter Vibe,Q1,539,2189,104997190,55972534,2026-09-03 02:26:24.042000+00:00
16760569,Otter Vibe,Q1,540,2189,104998024,55972534,2026-09-03 02:30:23.688000+00:00
16760569,Otter Vibe,Q1,541,2189,104998864,55972534,2026-09-03 02:34:24.434000+00:00
16760569,Otter Vibe,Q1,542,2189,104999632,55966244,2026-09-03 02:38:23.514000+00:00
16760569,Otter Vibe,Q1,543,2189,104999709,55972534,2026-09-03 02:38:23.640000+00:00
16760569,Otter Vibe,Q1,544,2189,105000177,55966244,2026-09-03 02:38:24.464000+00:00
16760569,Otter Vibe,Q1,545,2189,105000500,55972534,2026-09-03 02:42:24.006000+00:00
16760569,Otter Vibe,Q1,546,2189,105001386,55972534,2026-09-03 02:46:23.564000+00:00
16760569,Otter Vibe,Q1,547,2189,105002228,55972534,2026-09-03 02:50:24.374000+00:00
16760569,Otter Vibe,Q1,548,2189,105002517,55966244,2026-09-03 02:50:24.889000+00:00
16760569,Otter Vibe,Q1,549,2189,105003071,55972534,2026-09-03 02:54:25.536000+00:00
16760569,Otter Vibe,Q1,550,2189,105003902,55972534,2026-09-03 02:58:32.978000+00:00
16760569,Otter Vibe,Q1,551,2189,105004770,55972534,2026-09-03 03:02:30.744000+00:00
16760569,Otter Vibe,Q1,552,2189,105005609,55972534,2026-09-03 03:06:23.358000+00:00
16760569,Otter Vibe,Q1,553,2189,105006455,55972534,2026-09-03 03:10:23.568000+00:00
16760569,Otter Vibe,Q1,554,2189,105007360,55972534,2026-09-03 03:14:24.479000+00:00
16760569,Otter Vibe,Q1,555,2189,105008201,55972534,2026-09-03 03:18:23.435000+00:00
16760569,Otter Vibe,Q1,556,2189,105009090,55972534,2026-09-03 03:22:25.812000+00:00
16760569,Otter Vibe,Q1,557,2189,105009961,55972534,2026-09-03 03:26:24.448000+00:00
16760569,Otter Vibe,Q1,558,2189,105010832,55972534,2026-09-03 03:30:24.040000+00:00
16760569,Otter Vibe,Q1,559,2189,105011712,55972534,2026-09-03 03:34:24.970000+00:00
16760569,Otter Vibe,Q1,560,2189,105011794,55966244,2026-09-03 03:34:25.249000+00:00
16760569,Otter Vibe,Q1,561,2189,105012556,55972534,2026-09-03 03:38:23.673000+00:00
16760569,Otter Vibe,Q1,562,2189,105013417,55972534,2026-09-03 03:42:24.318000+00:00
16760569,Otter Vibe,Q1,563,2189,105013945,55972534,2026-09-03 03:42:25.106000+00:00
16760569,Otter Vibe,Q1,564,2189,105014282,55972534,2026-09-03 03:46:24.098000+00:00
16760569,Otter Vibe,Q1,565,2189,105015130,55972534,2026-09-03 03:50:23.679000+00:00
16760569,Otter Vibe,Q1,566,2189,105015982,55972534,2026-09-03 03:54:25.943000+00:00
16760569,Otter Vibe,Q1,567,2189,105016847,55972534,2026-09-03 03:58:23.977000+00:00
16760569,Otter Vibe,Q1,568,2189,105017701,55972534,2026-09-03 04:02:23.736000+00:00
16760569,Otter Vibe,Q1,569,2189,105018552,55972534,2026-09-03 04:06:25.036000+00:00
16760569,Otter Vibe,Q1,570,2189,105019420,55972534,2026-09-03 04:10:23.850000+00:00
16760569,Otter Vibe,Q1,571,2189,105020271,55972534,2026-09-03 04:14:25.893000+00:00
16760569,Otter Vibe,Q2,1069,2189,107009645,56097405,2026-09-09 04:28:24.586000+00:00
16760569,Otter Vibe,Q2,1070,2189,107010601,56097405,2026-09-09 04:32:24.687000+00:00
16760569,Otter Vibe,Q2,1071,2189,107010881,56094606,2026-09-09 04:36:23.509000+00:00
16760569,Otter Vibe,Q2,1072,2189,107014984,56097405,2026-09-09 04:52:24.788000+00:00
16760569,Otter Vibe,Q2,1073,2189,107014989,56097405,2026-09-09 04:52:24.791000+00:00
16760569,Otter Vibe,Q2,1074,2189,107016176,56094606,2026-09-09 04:56:24.803000+00:00
16760569,Otter Vibe,Q2,1075,2189,107019497,56094606,2026-09-09 05:12:25.336000+00:00
16760569,Otter Vibe,Q2,1076,2189,107020121,56097405,2026-09-09 05:12:26.371000+00:00
16760569,Otter Vibe,Q2,1077,2189,107022789,56094606,2026-09-09 05:24:39.018000+00:00
16760569,Otter Vibe,Q2,1078,2189,107025699,56097405,2026-09-09 05:36:33.498000+00:00
16760569,Otter Vibe,Q2,1079,2189,107027744,56094606,2026-09-09 05:44:35.516000+00:00
16760569,Otter Vibe,Q2,1080,2189,107030635,56097405,2026-09-09 05:56:34.509000+00:00
16760569,Otter Vibe,Q2,1081,2189,107033315,56094606,2026-09-09 06:08:37.108000+00:00
16760569,Otter Vibe,Q2,1082,2189,107034763,56094606,2026-09-09 06:16:31.421000+00:00
16760569,Otter Vibe,Q2,1083,2189,107036211,56097405,2026-09-09 06:20:33.014000+00:00
16760569,Otter Vibe,Q2,1084,2189,107040122,56094606,2026-09-09 06:36:33.069000+00:00
16760569,Otter Vibe,Q2,1085,2189,107041915,56097405,2026-09-09 06:44:33.105000+00:00
16760569,Otter Vibe,Q2,1086,2189,107042970,56094606,2026-09-09 06:48:32.671000+00:00
16760569,Otter Vibe,Q2,1087,2189,107044866,56094606,2026-09-09 06:56:33.150000+00:00
16760569,Otter Vibe,Q2,1088,2189,107047719,56097405,2026-09-09 07:08:35.011000+00:00
16760569,Otter Vibe,Q2,1089,2189,107050596,56094606,2026-09-09 07:20:33.409000+00:00
16760569,Otter Vibe,Q2,1090,2189,107053401,56097405,2026-09-09 07:32:32.469000+00:00
16760569,Otter Vibe,Q2,1091,2189,107054174,56094606,2026-09-09 07:36:32.535000+00:00
16760569,Otter Vibe,Q2,1092,2189,107054308,56094606,2026-09-09 07:36:32.813000+00:00
16760569,Otter Vibe,Q2,1093,2189,107057326,56094606,2026-09-09 07:48:32.696000+00:00
16760569,Otter Vibe,Q2,1094,2189,107059181,56097405,2026-09-09 07:56:32.176000+00:00
16760569,Otter Vibe,Q2,1095,2189,107059182,56097405,2026-09-09 07:56:32.176000+00:00
16760569,Otter Vibe,Q2,1096,2189,107060975,56094606,2026-09-09 08:04:37.511000+00:00
16760569,Otter Vibe,Q2,1097,2189,107064786,56097405,2026-09-09 08:20:33.158000+00:00
16760569,Otter Vibe,Q2,1098,2189,107066482,56097405,2026-09-09 08:28:33.375000+00:00
16760569,Otter Vibe,Q2,1099,2189,107066786,56094606,2026-09-09 08:28:33.946000+00:00
16760569,Otter Vibe,Q2,1100,2189,107070608,56094606,2026-09-09 08:44:35.265000+00:00
16760569,Otter Vibe,Q2,1101,2189,107071079,56094606,2026-09-09 08:48:32.074000+00:00
16760569,Otter Vibe,Q2,1102,2189,107071295,56097405,2026-09-09 08:48:32.472000+00:00
16760569,Otter Vibe,Q2,1103,2189,107071553,56097405,2026-09-09 08:48:33.002000+00:00
16760569,Otter Vibe,Q2,1104,2189,107075204,56097405,2026-09-09 09:04:37.984000+00:00
16760569,Otter Vibe,Q2,1105,2189,107077140,56097405,2026-09-09 09:12:40.668000+00:00
16760569,Otter Vibe,Q2,1106,2189,107077327,56097405,2026-09-09 09:12:41.025000+00:00
16760569,Otter Vibe,Q2,1107,2189,107077465,56094606,2026-09-09 09:12:41.405000+00:00
16760569,Otter Vibe,Q2,1108,2189,107082907,56097405,2026-09-09 09:36:38.984000+00:00
16760569,Otter Vibe,Q2,1109,2189,107084069,56094606,2026-09-09 09:40:41.524000+00:00
16760569,Otter Vibe,Q2,1110,2189,107088718,56097405,2026-09-09 10:00:31.592000+00:00
16760569,Otter Vibe,Q2,1111,2189,107088968,56097405,2026-09-09 10:00:32.013000+00:00
16760569,Otter Vibe,Q2,1112,2189,107089920,56094606,2026-09-09 10:04:37.864000+00:00
16760569,Otter Vibe,Q2,1113,2189,107090079,56094606,2026-09-09 10:08:31.970000+00:00
16760569,Otter Vibe,Q2,1114,2189,107093426,56094606,2026-09-09 10:20:37.696000+00:00
16760569,Otter Vibe,Q2,1115,2189,107094720,56097405,2026-09-09 10:24:36.571000+00:00
16760569,Otter Vibe,Q2,1116,2189,107095299,56097405,2026-09-09 10:28:32.298000+00:00
16760569,Otter Vibe,Q2,1117,2189,107096517,56094606,2026-09-09 10:32:32.807000+00:00
16760569,Otter Vibe,Q2,1118,2189,107100338,56097405,2026-09-09 10:48:34.523000+00:00
16760569,Otter Vibe,Q3,1617,2189,107935005,56097405,2026-09-11 20:12:22.792000+00:00
16760569,Otter Vibe,Q3,1618,2189,107937126,56097405,2026-09-11 20:20:26.892000+00:00
16760569,Otter Vibe,Q3,1619,2189,107937127,56097405,2026-09-11 20:20:26.892000+00:00
16760569,Otter Vibe,Q3,1620,2189,107938006,56094606,2026-09-11 20:24:22.998000+00:00
16760569,Otter Vibe,Q3,1621,2189,107939128,56094606,2026-09-11 20:28:23.385000+00:00
16760569,Otter Vibe,Q3,1622,2189,107941997,56097405,2026-09-11 20:40:24.393000+00:00
16760569,Otter Vibe,Q3,1623,2189,107941998,56097405,2026-09-11 20:40:24.394000+00:00
16760569,Otter Vibe,Q3,1624,2189,107942004,56097405,2026-09-11 20:40:24.400000+00:00
16760569,Otter Vibe,Q3,1625,2189,107943967,56094606,2026-09-11 20:48:22.615000+00:00
16760569,Otter Vibe,Q3,1626,2189,107944841,56094606,2026-09-11 20:52:22.502000+00:00
16760569,Otter Vibe,Q3,1627,2189,107946853,56097405,2026-09-11 21:02:33.085000+00:00
16760569,Otter Vibe,Q3,1628,2189,107949159,56094606,2026-09-11 21:10:18.509000+00:00
16760569,Otter Vibe,Q3,1629,2189,107949707,56094606,2026-09-11 21:14:18.594000+00:00
16760569,Otter Vibe,Q3,1630,2189,107951111,56097405,2026-09-11 21:18:18.252000+00:00
16760569,Otter Vibe,Q3,1631,2189,107951124,56097405,2026-09-11 21:18:18.253000+00:00
16760569,Otter Vibe,Q3,1632,2189,107951430,56094606,2026-09-11 21:22:17.946000+00:00
16760569,Otter Vibe,Q3,1633,2189,107955740,56097405,2026-09-11 21:38:17.476000+00:00
16760569,Otter Vibe,Q3,1634,2189,107955751,56097405,2026-09-11 21:38:17.487000+00:00
16760569,Otter Vibe,Q3,1635,2189,107955854,56094606,2026-09-11 21:38:17.640000+00:00
16760569,Otter Vibe,Q3,1636,2189,107958891,56094606,2026-09-11 21:50:17.697000+00:00
16760569,Otter Vibe,Q3,1637,2189,107959880,56097405,2026-09-11 21:54:17.680000+00:00
16760569,Otter Vibe,Q3,1638,2189,107959895,56094606,2026-09-11 21:54:17.697000+00:00
16760569,Otter Vibe,Q3,1639,2189,107959904,56094606,2026-09-11 21:54:17.708000+00:00
16760569,Otter Vibe,Q3,1640,2189,107961966,56094606,2026-09-11 22:06:56.257000+00:00
16760569,Otter Vibe,Q3,1641,2189,107962995,56094606,2026-09-11 22:10:43.047000+00:00
16760569,Otter Vibe,Q3,1642,2189,107964505,56097405,2026-09-11 22:18:41.991000+00:00
16760569,Otter Vibe,Q3,1643,2189,107964506,56097405,2026-09-11 22:18:41.994000+00:00
16760569,Otter Vibe,Q3,1644,2189,107966993,56094606,2026-09-11 22:26:42.906000+00:00
16760569,Otter Vibe,Q3,1645,2189,107967931,56094606,2026-09-11 22:30:43.900000+00:00
16760569,Otter Vibe,Q3,1646,2189,107968635,56097405,2026-09-11 22:34:48.632000+00:00
16760569,Otter Vibe,Q3,1647,2189,107970586,56094606,2026-09-11 22:42:44.880000+00:00
16760569,Otter Vibe,Q3,1648,2189,107971701,56094606,2026-09-11 22:46:44.116000+00:00
16760569,Otter Vibe,Q3,1649,2189,107972520,56097405,2026-09-11 22:50:43.090000+00:00
16760569,Otter Vibe,Q3,1650,2189,107972589,56097405,2026-09-11 22:50:43.182000+00:00
16760569,Otter Vibe,Q3,1651,2189,107975726,56094606,2026-09-11 23:02:43.132000+00:00
16760569,Otter Vibe,Q3,1652,2189,107976675,56097405,2026-09-11 23:06:42.464000+00:00
16760569,Otter Vibe,Q3,1653,2189,107976683,56097405,2026-09-11 23:06:42.475000+00:00
16760569,Otter Vibe,Q3,1654,2189,107978113,56094606,2026-09-11 23:14:41.249000+00:00
16760569,Otter Vibe,Q3,1655,2189,107978916,56094606,2026-09-11 23:18:40.997000+00:00
16760569,Otter Vibe,Q3,1656,2189,107980524,56097405,2026-09-11 23:22:43.049000+00:00
16760569,Otter Vibe,Q3,1657,2189,107980670,56097405,2026-09-11 23:22:43.251000+00:00
16760569,Otter Vibe,Q3,1658,2189,107982216,56094606,2026-09-11 23:30:46.296000+00:00
16760569,Otter Vibe,Q3,1659,2189,107982612,56097405,2026-09-11 23:30:46.977000+00:00
16760569,Otter Vibe,Q3,1660,2189,107986354,56094606,2026-09-11 23:46:47.517000+00:00
16760569,Otter Vibe,Q3,1661,2189,107986564,56097405,2026-09-11 23:46:47.820000+00:00
16760569,Otter Vibe,Q3,1662,2189,107989697,56094606,2026-09-11 23:59:12.188000+00:00
16760569,Otter Vibe,Q3,1663,2189,107990550,56097405,2026-09-12 00:03:17.364000+00:00
16760569,Otter Vibe,Q3,1664,2189,107992649,56097405,2026-09-12 00:11:12.636000+00:00
16760569,Otter Vibe,Q3,1665,2189,107992654,56097405,2026-09-12 00:11:12.651000+00:00
16760569,Otter Vibe,Q3,1666,2189,107994361,56094606,2026-09-12 00:19:13.301000+00:00
16760569,Otter Vibe,L,2139,2189,108797587,56097405,2026-09-14 05:22:48.417000+00:00
16760569,Otter Vibe,L,2140,2189,108801481,56097405,2026-09-14 05:38:54.606000+00:00
16760569,Otter Vibe,L,2141,2189,108807580,56097405,2026-09-14 06:02:57.028000+00:00
16760569,Otter Vibe,L,2142,2189,108810410,56097405,2026-09-14 06:14:54.502000+00:00
16760569,Otter Vibe,L,2143,2189,108813737,56097405,2026-09-14 06:26:51.418000+00:00
16760569,Otter Vibe,L,2144,2189,108814042,56097405,2026-09-14 06:26:51.904000+00:00
16760569,Otter Vibe,L,2145,2189,108819986,56097405,2026-09-14 06:50:50.226000+00:00
16760569,Otter Vibe,L,2146,2189,108826076,56097405,2026-09-14 07:14:49.692000+00:00
16760569,Otter Vibe,L,2147,2189,108831165,56097405,2026-09-14 07:34:49.722000+00:00
16760569,Otter Vibe,L,2148,2189,108836562,56097405,2026-09-14 07:54:50.120000+00:00
16760569,Otter Vibe,L,2149,2189,108840542,56097405,2026-09-14 08:10:50.098000+00:00
16760569,Otter Vibe,L,2150,2189,108843254,56097405,2026-09-14 08:22:51.269000+00:00
16760569,Otter Vibe,L,2151,2189,108848342,56097405,2026-09-14 08:42:52.304000+00:00
16760569,Otter Vibe,L,2152,2189,108848837,56097405,2026-09-14 08:42:53.108000+00:00
16760569,Otter Vibe,L,2153,2189,108852586,56097405,2026-09-14 08:59:00.217000+00:00
16760569,Otter Vibe,L,2154,2189,108854686,56097405,2026-09-14 09:07:04.008000+00:00
16760569,Otter Vibe,L,2155,2189,108855047,56097405,2026-09-14 09:07:04.630000+00:00
16760569,Otter Vibe,L,2156,2189,108860881,56097405,2026-09-14 09:30:52.849000+00:00
16760569,Otter Vibe,L,2157,2189,108866066,56097405,2026-09-14 09:50:54.117000+00:00
16760569,Otter Vibe,L,2158,2189,108872248,56097405,2026-09-14 10:14:51.027000+00:00
16760569,Otter Vibe,L,2159,2189,108874019,56097405,2026-09-14 10:22:54.890000+00:00
16760569,Otter Vibe,L,2160,2189,108880390,56097405,2026-09-14 10:46:52.303000+00:00
16760569,Otter Vibe,L,2161,2189,108886577,56097405,2026-09-14 11:10:50.279000+00:00
16760569,Otter Vibe,L,2162,2189,108886629,56097405,2026-09-14 11:10:50.344000+00:00
16760569,Otter Vibe,L,2163,2189,108892721,56097405,2026-09-14 11:34:51.811000+00:00
16760569,Otter Vibe,L,2164,2189,108896825,56097405,2026-09-14 11:50:50.496000+00:00
16760569,Otter Vibe,L,2165,2189,108903869,56097405,2026-09-14 12:18:52.203000+00:00
16760569,Otter Vibe,L,2166,2189,108910059,56097405,2026-09-14 12:42:50.478000+00:00
16760569,Otter Vibe,L,2167,2189,108910290,56097405,2026-09-14 12:42:50.918000+00:00
16760569,Otter Vibe,L,2168,2189,108915250,56097405,2026-09-14 13:02:49.880000+00:00
16760569,Otter Vibe,L,2169,2189,108922488,56097405,2026-09-14 13:30:51.139000+00:00
16760569,Otter Vibe,L,2170,2189,108929804,56097405,2026-09-14 13:58:58.428000+00:00
16760569,Otter Vibe,L,2171,2189,108931888,56097405,2026-09-14 14:06:50.104000+00:00
16760569,Otter Vibe,L,2172,2189,108939098,56097405,2026-09-14 14:34:56.205000+00:00
16760569,Otter Vibe,L,2173,2189,108946471,56097405,2026-09-14 15:02:53.188000+00:00
16760569,Otter Vibe,L,2174,2189,108953581,56097405,2026-09-14 15:30:52.588000+00:00
16760569,Otter Vibe,L,2175,2189,108960912,56097405,2026-09-14 15:58:58.958000+00:00
16760569,Otter Vibe,L,2176,2189,108968256,56097405,2026-09-14 16:26:59.312000+00:00
16760569,Otter Vibe,L,2177,2189,108972184,56097405,2026-09-14 16:42:54.176000+00:00
16760569,Otter Vibe,L,2178,2189,108979414,56097405,2026-09-14 17:12:42.744000+00:00
16760569,Otter Vibe,L,2179,2189,108983231,56097405,2026-09-14 17:28:45.257000+00:00
16760569,Otter Vibe,L,2180,2189,108983492,56097405,2026-09-14 17:28:45.697000+00:00
16760569,Otter Vibe,L,2181,2189,108989807,56097405,2026-09-14 17:52:41.792000+00:00
16760569,Otter Vibe,L,2182,2189,108989838,56097405,2026-09-14 17:52:41.846000+00:00
16760569,Otter Vibe,L,2183,2189,108996040,56097405,2026-09-14 18:16:41.187000+00:00
16760569,Otter Vibe,L,2184,2189,109001874,56097405,2026-09-14 18:40:41.106000+00:00
16760569,Otter Vibe,L,2185,2189,109002270,56097405,2026-09-14 18:40:41.483000+00:00
16760569,Otter Vibe,L,2186,2189,109002914,56097405,2026-09-14 18:44:40.777000+00:00
16760569,Otter Vibe,L,2187,2189,109008362,56097405,2026-09-14 19:04:41.202000+00:00
16760569,Otter Vibe,L,2188,2189,109012024,56097405,2026-09-14 19:20:41.349000+00:00
16760569,Otter Vibe,C0,0,721,106772566,56097405,2026-09-08 11:38:16.929000+00:00
16760569,Otter Vibe,C0,1,721,106773485,56097405,2026-09-08 11:42:17.186000+00:00
16760569,Otter Vibe,C0,2,721,106774391,56097405,2026-09-08 11:46:18.713000+00:00
16760569,Otter Vibe,C0,3,721,106775338,56097405,2026-09-08 11:50:17.309000+00:00
16760569,Otter Vibe,C0,4,721,106776252,56097405,2026-09-08 11:54:17.294000+00:00
16760569,Otter Vibe,C0,5,721,106777175,56097405,2026-09-08 11:58:16.913000+00:00
16760569,Otter Vibe,C0,6,721,106778115,56097405,2026-09-08 12:02:17.339000+00:00
16760569,Otter Vibe,C0,7,721,106779051,56097405,2026-09-08 12:06:21.900000+00:00
16760569,Otter Vibe,C0,8,721,106779988,56097405,2026-09-08 12:10:22.922000+00:00
16760569,Otter Vibe,C0,9,721,106780959,56097405,2026-09-08 12:14:17.277000+00:00
16760569,Otter Vibe,C0,10,721,106781854,56097405,2026-09-08 12:18:17.141000+00:00
16760569,Otter Vibe,C0,11,721,106782791,56097405,2026-09-08 12:22:16.786000+00:00
16760569,Otter Vibe,C0,12,721,106783728,56097405,2026-09-08 12:26:22.562000+00:00
16760569,Otter Vibe,C0,13,721,106784663,56097405,2026-09-08 12:30:17.617000+00:00
16760569,Otter Vibe,C0,14,721,106784986,56097405,2026-09-08 12:30:18.177000+00:00
16760569,Otter Vibe,C0,15,721,106785611,56097405,2026-09-08 12:34:16.847000+00:00
16760569,Otter Vibe,C0,16,721,106786541,56097405,2026-09-08 12:38:17.384000+00:00
16760569,Otter Vibe,C0,17,721,106787294,56097405,2026-09-08 12:38:18.884000+00:00
16760569,Otter Vibe,C0,18,721,106787537,56097405,2026-09-08 12:42:17.145000+00:00
16760569,Otter Vibe,C0,19,721,106788525,56097405,2026-09-08 12:46:18.631000+00:00
16760569,Otter Vibe,C0,20,721,106788984,56097405,2026-09-08 12:46:19.481000+00:00
16760569,Otter Vibe,C0,21,721,106789498,56097405,2026-09-08 12:50:17.499000+00:00
16760569,Otter Vibe,C0,22,721,106790483,56097405,2026-09-08 12:54:17.891000+00:00
16760569,Otter Vibe,C0,23,721,106791419,56097405,2026-09-08 12:58:17.785000+00:00
16760569,Otter Vibe,C0,24,721,106792389,56097405,2026-09-08 13:02:19.935000+00:00
16760569,Otter Vibe,C0,25,721,106793333,56097405,2026-09-08 13:06:20.730000+00:00
16760569,Otter Vibe,C0,26,721,106794277,56097405,2026-09-08 13:10:17.777000+00:00
16760569,Otter Vibe,C0,27,721,106794377,56097405,2026-09-08 13:10:18.074000+00:00
16760569,Otter Vibe,C0,28,721,106795242,56097405,2026-09-08 13:14:19.087000+00:00
16760569,Otter Vibe,C0,29,721,106795757,56097405,2026-09-08 13:14:20.100000+00:00
16760569,Otter Vibe,C0,30,721,106796212,56097405,2026-09-08 13:18:18.719000+00:00
16760569,Otter Vibe,C0,31,721,106797165,56097405,2026-09-08 13:22:19.708000+00:00
16760569,Otter Vibe,C0,32,721,106798134,56097405,2026-09-08 13:26:20.980000+00:00
16760569,Otter Vibe,C0,33,721,106799074,56097405,2026-09-08 13:30:18.626000+00:00
16760569,Otter Vibe,C0,34,721,106799589,56097405,2026-09-08 13:30:19.692000+00:00
16760569,Otter Vibe,C0,35,721,106800049,56097405,2026-09-08 13:34:18.304000+00:00
16760569,Otter Vibe,C0,36,721,106801011,56097405,2026-09-08 13:38:17.834000+00:00
16760569,Otter Vibe,C0,37,721,106801969,56097405,2026-09-08 13:42:17.994000+00:00
16760569,Otter Vibe,C0,38,721,106802934,56097405,2026-09-08 13:46:20.486000+00:00
16760569,Otter Vibe,C0,39,721,106803874,56097405,2026-09-08 13:50:20.030000+00:00
16760569,Otter Vibe,C0,40,721,106804039,56097405,2026-09-08 13:50:20.387000+00:00
16760569,Otter Vibe,C0,41,721,106804827,56097405,2026-09-08 13:54:18.736000+00:00
16760569,Otter Vibe,C0,42,721,106805788,56097405,2026-09-08 13:58:18.325000+00:00
16760569,Otter Vibe,C0,43,721,106806724,56097405,2026-09-08 14:02:18.309000+00:00
16760569,Otter Vibe,C0,44,721,106807697,56097405,2026-09-08 14:06:21.020000+00:00
16760569,Otter Vibe,C0,45,721,106808639,56097405,2026-09-08 14:10:18.086000+00:00
16760569,Otter Vibe,C0,46,721,106808948,56097405,2026-09-08 14:10:18.701000+00:00
16760569,Otter Vibe,C0,47,721,106808954,56097405,2026-09-08 14:10:18.708000+00:00
16760569,Otter Vibe,C0,48,721,106809605,56097405,2026-09-08 14:14:17.801000+00:00
16760569,Otter Vibe,C0,49,721,106810562,56097405,2026-09-08 14:18:17.940000+00:00
16640467,Catalyst,F,0,906,108081543,56179790,2026-09-12 06:14:35.233000+00:00
16640467,Catalyst,F,1,906,108082526,56179790,2026-09-12 06:18:36.343000+00:00
16640467,Catalyst,F,2,906,108083509,56179790,2026-09-12 06:22:34.305000+00:00
16640467,Catalyst,F,3,906,108084506,56179790,2026-09-12 06:26:34.215000+00:00
16640467,Catalyst,F,4,906,108085490,56179790,2026-09-12 06:30:34.328000+00:00
16640467,Catalyst,F,5,906,108086487,56179790,2026-09-12 06:34:34.576000+00:00
16640467,Catalyst,F,6,906,108087463,56179790,2026-09-12 06:38:36.018000+00:00
16640467,Catalyst,F,7,906,108087600,56180317,2026-09-12 06:38:36.109000+00:00
16640467,Catalyst,F,8,906,108088440,56179790,2026-09-12 06:42:34.696000+00:00
16640467,Catalyst,F,9,906,108088527,56180317,2026-09-12 06:42:34.822000+00:00
16640467,Catalyst,F,10,906,108089433,56179790,2026-09-12 06:46:34.313000+00:00
16640467,Catalyst,F,11,906,108089501,56180317,2026-09-12 06:46:34.410000+00:00
16640467,Catalyst,F,12,906,108090438,56179790,2026-09-12 06:50:36.842000+00:00
16640467,Catalyst,F,13,906,108090481,56180317,2026-09-12 06:50:36.907000+00:00
16640467,Catalyst,F,14,906,108091420,56179790,2026-09-12 06:54:39.374000+00:00
16640467,Catalyst,F,15,906,108091488,56180317,2026-09-12 06:54:39.442000+00:00
16640467,Catalyst,F,16,906,108092421,56179790,2026-09-12 06:58:41.064000+00:00
16640467,Catalyst,F,17,906,108092477,56180317,2026-09-12 06:58:41.197000+00:00
16640467,Catalyst,F,18,906,108093416,56179790,2026-09-12 07:02:33.954000+00:00
16640467,Catalyst,F,19,906,108093461,56180317,2026-09-12 07:02:34+00:00
16640467,Catalyst,F,20,906,108094412,56179790,2026-09-12 07:06:34.305000+00:00
16640467,Catalyst,F,21,906,108094449,56180317,2026-09-12 07:06:34.351000+00:00
16640467,Catalyst,F,22,906,108095406,56179790,2026-09-12 07:10:34.214000+00:00
16640467,Catalyst,F,23,906,108095450,56180317,2026-09-12 07:10:34.263000+00:00
16640467,Catalyst,F,24,906,108096356,56179790,2026-09-12 07:10:35.823000+00:00
16640467,Catalyst,F,25,906,108096432,56180317,2026-09-12 07:14:34.087000+00:00
16640467,Catalyst,F,26,906,108096436,56179790,2026-09-12 07:14:34.092000+00:00
16640467,Catalyst,F,27,906,108097423,56180317,2026-09-12 07:18:36.173000+00:00
16640467,Catalyst,F,28,906,108097451,56179790,2026-09-12 07:18:36.205000+00:00
16640467,Catalyst,F,29,906,108098426,56180317,2026-09-12 07:22:34.407000+00:00
16640467,Catalyst,F,30,906,108098500,56179790,2026-09-12 07:22:34.505000+00:00
16640467,Catalyst,F,31,906,108099417,56180317,2026-09-12 07:26:34.676000+00:00
16640467,Catalyst,F,32,906,108099534,56179790,2026-09-12 07:26:34.874000+00:00
16640467,Catalyst,F,33,906,108100164,56180317,2026-09-12 07:26:35.940000+00:00
16640467,Catalyst,F,34,906,108100410,56180317,2026-09-12 07:30:34.374000+00:00
16640467,Catalyst,F,35,906,108100558,56179790,2026-09-12 07:30:34.622000+00:00
16640467,Catalyst,F,36,906,108101427,56180317,2026-09-12 07:34:36.541000+00:00
16640467,Catalyst,F,37,906,108101566,56179790,2026-09-12 07:34:36.728000+00:00
16640467,Catalyst,F,38,906,108101953,56179790,2026-09-12 07:34:37.412000+00:00
16640467,Catalyst,F,39,906,108102446,56180317,2026-09-12 07:38:41.356000+00:00
16640467,Catalyst,F,40,906,108102590,56179790,2026-09-12 07:38:41.585000+00:00
16640467,Catalyst,F,41,906,108103517,56180317,2026-09-12 07:42:35.722000+00:00
16640467,Catalyst,F,42,906,108103583,56179790,2026-09-12 07:42:35.833000+00:00
16640467,Catalyst,F,43,906,108103941,56179790,2026-09-12 07:42:36.477000+00:00
16640467,Catalyst,F,44,906,108104247,56180317,2026-09-12 07:42:36.928000+00:00
16640467,Catalyst,F,45,906,108104523,56180317,2026-09-12 07:46:34.821000+00:00
16640467,Catalyst,F,46,906,108104606,56179790,2026-09-12 07:46:34.935000+00:00
16640467,Catalyst,F,47,906,108105388,56180317,2026-09-12 07:50:39.923000+00:00
16640467,Catalyst,F,48,906,108105556,56180317,2026-09-12 07:50:40.175000+00:00
16640467,Catalyst,F,49,906,108105604,56179790,2026-09-12 07:50:40.286000+00:00
16640467,Catalyst,Q1,201,906,108216782,56180317,2026-09-12 15:14:34.811000+00:00
16640467,Catalyst,Q1,202,906,108217031,56180317,2026-09-12 15:14:35.174000+00:00
16640467,Catalyst,Q1,203,906,108217694,56188066,2026-09-12 15:18:35.408000+00:00
16640467,Catalyst,Q1,204,906,108218641,56188066,2026-09-12 15:22:34.929000+00:00
16640467,Catalyst,Q1,205,906,108219043,56180317,2026-09-12 15:22:35.503000+00:00
16640467,Catalyst,Q1,206,906,108219634,56188066,2026-09-12 15:26:34.492000+00:00
16640467,Catalyst,Q1,207,906,108220639,56188066,2026-09-12 15:30:34.704000+00:00
16640467,Catalyst,Q1,208,906,108221618,56188066,2026-09-12 15:34:34.593000+00:00
16640467,Catalyst,Q1,209,906,108221909,56180317,2026-09-12 15:34:35.116000+00:00
16640467,Catalyst,Q1,210,906,108222626,56188066,2026-09-12 15:38:34.910000+00:00
16640467,Catalyst,Q1,211,906,108223112,56180317,2026-09-12 15:38:35.706000+00:00
16640467,Catalyst,Q1,212,906,108223619,56188066,2026-09-12 15:42:34.646000+00:00
16640467,Catalyst,Q1,213,906,108224628,56188066,2026-09-12 15:46:35.947000+00:00
16640467,Catalyst,Q1,214,906,108224884,56188066,2026-09-12 15:46:36.398000+00:00
16640467,Catalyst,Q1,215,906,108225303,56180317,2026-09-12 15:46:37.102000+00:00
16640467,Catalyst,Q1,216,906,108225612,56188066,2026-09-12 15:50:34.739000+00:00
16640467,Catalyst,Q1,217,906,108225883,56180317,2026-09-12 15:50:35.100000+00:00
16640467,Catalyst,Q1,218,906,108226600,56188066,2026-09-12 15:54:36.517000+00:00
16640467,Catalyst,Q1,219,906,108227135,56180317,2026-09-12 15:54:37.240000+00:00
16640467,Catalyst,Q1,220,906,108227603,56188066,2026-09-12 15:58:39.725000+00:00
16640467,Catalyst,Q1,221,906,108228605,56188066,2026-09-12 16:02:35.218000+00:00
16640467,Catalyst,Q1,222,906,108229604,56188066,2026-09-12 16:06:34.807000+00:00
16640467,Catalyst,Q1,223,906,108230606,56188066,2026-09-12 16:10:35.201000+00:00
16640467,Catalyst,Q1,224,906,108231631,56188066,2026-09-12 16:14:35.033000+00:00
16640467,Catalyst,Q1,225,906,108232666,56188066,2026-09-12 16:18:35.043000+00:00
16640467,Catalyst,Q1,226,906,108233347,56180317,2026-09-12 16:18:36.188000+00:00
16640467,Catalyst,Q1,227,906,108233483,56188066,2026-09-12 16:18:36.398000+00:00
16640467,Catalyst,Q1,228,906,108233724,56188066,2026-09-12 16:22:34.831000+00:00
16640467,Catalyst,Q1,229,906,108234736,56188066,2026-09-12 16:26:35.372000+00:00
16640467,Catalyst,Q1,230,906,108235750,56188066,2026-09-12 16:30:34.579000+00:00
16640467,Catalyst,Q1,231,906,108235786,56188066,2026-09-12 16:30:34.620000+00:00
16640467,Catalyst,Q1,232,906,108236155,56180317,2026-09-12 16:30:35.222000+00:00
16640467,Catalyst,Q1,233,906,108236756,56188066,2026-09-12 16:34:34.518000+00:00
16640467,Catalyst,Q1,234,906,108237778,56188066,2026-09-12 16:38:42.023000+00:00
16640467,Catalyst,Q1,235,906,108238403,56188066,2026-09-12 16:38:43.013000+00:00
16640467,Catalyst,Q1,236,906,108238790,56188066,2026-09-12 16:42:34.740000+00:00
16640467,Catalyst,Q1,237,906,108239794,56188066,2026-09-12 16:46:35.131000+00:00
16640467,Catalyst,Q1,238,906,108239979,56180317,2026-09-12 16:46:35.476000+00:00
16640467,Catalyst,Q1,239,906,108240342,56180317,2026-09-12 16:46:36.082000+00:00
16640467,Catalyst,Q1,240,906,108240829,56188066,2026-09-12 16:50:34.994000+00:00
16640467,Catalyst,Q1,241,906,108241368,56180317,2026-09-12 16:50:35.919000+00:00
16640467,Catalyst,Q1,242,906,108241816,56188066,2026-09-12 16:54:35.392000+00:00
16640467,Catalyst,Q1,243,906,108242551,56188066,2026-09-12 16:54:36.617000+00:00
16640467,Catalyst,Q1,244,906,108242837,56188066,2026-09-12 16:58:43.873000+00:00
16640467,Catalyst,Q1,245,906,108243850,56188066,2026-09-12 17:02:34.723000+00:00
16640467,Catalyst,Q1,246,906,108244856,56188066,2026-09-12 17:06:37.023000+00:00
16640467,Catalyst,Q1,247,906,108245857,56188066,2026-09-12 17:10:34.987000+00:00
16640467,Catalyst,Q1,248,906,108246875,56188066,2026-09-12 17:14:34.601000+00:00
16640467,Catalyst,Q1,249,906,108247338,56180317,2026-09-12 17:14:35.400000+00:00
16640467,Catalyst,Q1,250,906,108247866,56188066,2026-09-12 17:18:36.913000+00:00
16640467,Catalyst,Q2,428,906,108419155,56188066,2026-09-13 04:38:43.787000+00:00
16640467,Catalyst,Q2,429,906,108419928,56197142,2026-09-13 04:42:41.181000+00:00
16640467,Catalyst,Q2,430,906,108420957,56197142,2026-09-13 04:46:47.197000+00:00
16640467,Catalyst,Q2,431,906,108421157,56188066,2026-09-13 04:46:47.495000+00:00
16640467,Catalyst,Q2,432,906,108421965,56197142,2026-09-13 04:50:40.173000+00:00
16640467,Catalyst,Q2,433,906,108422977,56197142,2026-09-13 04:54:44.831000+00:00
16640467,Catalyst,Q2,434,906,108424011,56197142,2026-09-13 04:58:45.892000+00:00
16640467,Catalyst,Q2,435,906,108425018,56197142,2026-09-13 05:02:38.422000+00:00
16640467,Catalyst,Q2,436,906,108426043,56197142,2026-09-13 05:06:39.828000+00:00
16640467,Catalyst,Q2,437,906,108426502,56188066,2026-09-13 05:06:40.488000+00:00
16640467,Catalyst,Q2,438,906,108427068,56197142,2026-09-13 05:10:40.280000+00:00
16640467,Catalyst,Q2,439,906,108428072,56197142,2026-09-13 05:14:43.715000+00:00
16640467,Catalyst,Q2,440,906,108429119,56197142,2026-09-13 05:18:40.327000+00:00
16640467,Catalyst,Q2,441,906,108430153,56197142,2026-09-13 05:22:44.513000+00:00
16640467,Catalyst,Q2,442,906,108431172,56197142,2026-09-13 05:26:40.947000+00:00
16640467,Catalyst,Q2,443,906,108431467,56197142,2026-09-13 05:26:41.386000+00:00
16640467,Catalyst,Q2,444,906,108431673,56188066,2026-09-13 05:26:41.680000+00:00
16640467,Catalyst,Q2,445,906,108432191,56197142,2026-09-13 05:30:42.092000+00:00
16640467,Catalyst,Q2,446,906,108433209,56197142,2026-09-13 05:34:42.717000+00:00
16640467,Catalyst,Q2,447,906,108433765,56197142,2026-09-13 05:34:43.538000+00:00
16640467,Catalyst,Q2,448,906,108434239,56197142,2026-09-13 05:38:43.220000+00:00
16640467,Catalyst,Q2,449,906,108435255,56197142,2026-09-13 05:42:40.582000+00:00
16640467,Catalyst,Q2,450,906,108436273,56197142,2026-09-13 05:46:40.023000+00:00
16640467,Catalyst,Q2,451,906,108437285,56197142,2026-09-13 05:50:42.179000+00:00
16640467,Catalyst,Q2,452,906,108437577,56188066,2026-09-13 05:50:42.643000+00:00
16640467,Catalyst,Q2,453,906,108438308,56197142,2026-09-13 05:54:40.413000+00:00
16640467,Catalyst,Q2,454,906,108438627,56188066,2026-09-13 05:54:40.927000+00:00
16640467,Catalyst,Q2,455,906,108438760,56197142,2026-09-13 05:54:41.100000+00:00
16640467,Catalyst,Q2,456,906,108439337,56197142,2026-09-13 05:58:41.208000+00:00
16640467,Catalyst,Q2,457,906,108440378,56197142,2026-09-13 06:02:39.013000+00:00
16640467,Catalyst,Q2,458,906,108441390,56197142,2026-09-13 06:06:38.882000+00:00
16640467,Catalyst,Q2,459,906,108442409,56197142,2026-09-13 06:10:39.077000+00:00
16640467,Catalyst,Q2,460,906,108443432,56197142,2026-09-13 06:14:39.493000+00:00
16640467,Catalyst,Q2,461,906,108443665,56188066,2026-09-13 06:14:39.888000+00:00
16640467,Catalyst,Q2,462,906,108444462,56197142,2026-09-13 06:18:43.983000+00:00
16640467,Catalyst,Q2,463,906,108445462,56197142,2026-09-13 06:22:41.399000+00:00
16640467,Catalyst,Q2,464,906,108445713,56197142,2026-09-13 06:22:41.772000+00:00
16640467,Catalyst,Q2,465,906,108446493,56197142,2026-09-13 06:26:44.007000+00:00
16640467,Catalyst,Q2,466,906,108447592,56197142,2026-09-13 06:30:43.454000+00:00
16640467,Catalyst,Q2,467,906,108448536,56197142,2026-09-13 06:34:42.382000+00:00
16640467,Catalyst,Q2,468,906,108448981,56188066,2026-09-13 06:34:43.236000+00:00
16640467,Catalyst,Q2,469,906,108449538,56197142,2026-09-13 06:38:45.206000+00:00
16640467,Catalyst,Q2,470,906,108450563,56197142,2026-09-13 06:42:39.213000+00:00
16640467,Catalyst,Q2,471,906,108450724,56188066,2026-09-13 06:42:39.528000+00:00
16640467,Catalyst,Q2,472,906,108451562,56197142,2026-09-13 06:46:40.028000+00:00
16640467,Catalyst,Q2,473,906,108452591,56197142,2026-09-13 06:50:39.385000+00:00
16640467,Catalyst,Q2,474,906,108453589,56197142,2026-09-13 06:54:41.705000+00:00
16640467,Catalyst,Q2,475,906,108453988,56188066,2026-09-13 06:54:42.281000+00:00
16640467,Catalyst,Q2,476,906,108454607,56197142,2026-09-13 06:58:44.671000+00:00
16640467,Catalyst,Q2,477,906,108455636,56197142,2026-09-13 07:02:41.987000+00:00
16640467,Catalyst,Q3,655,906,108746330,56197142,2026-09-14 02:02:45.241000+00:00
16640467,Catalyst,Q3,656,906,108746472,56218385,2026-09-14 02:06:45.804000+00:00
16640467,Catalyst,Q3,657,906,108747477,56218385,2026-09-14 02:10:47.783000+00:00
16640467,Catalyst,Q3,658,906,108748341,56197142,2026-09-14 02:10:49.409000+00:00
16640467,Catalyst,Q3,659,906,108748500,56218385,2026-09-14 02:14:44.426000+00:00
16640467,Catalyst,Q3,660,906,108749528,56218385,2026-09-14 02:18:47.001000+00:00
16640467,Catalyst,Q3,661,906,108750550,56218385,2026-09-14 02:22:49.880000+00:00
16640467,Catalyst,Q3,662,906,108751560,56218385,2026-09-14 02:26:46.460000+00:00
16640467,Catalyst,Q3,663,906,108752635,56218385,2026-09-14 02:30:47.501000+00:00
16640467,Catalyst,Q3,664,906,108753253,56218385,2026-09-14 02:30:48.583000+00:00
16640467,Catalyst,Q3,665,906,108753273,56197142,2026-09-14 02:30:48.605000+00:00
16640467,Catalyst,Q3,666,906,108753663,56218385,2026-09-14 02:34:48.722000+00:00
16640467,Catalyst,Q3,667,906,108753750,56218385,2026-09-14 02:34:48.888000+00:00
16640467,Catalyst,Q3,668,906,108754751,56218385,2026-09-14 02:38:50.185000+00:00
16640467,Catalyst,Q3,669,906,108755786,56218385,2026-09-14 02:42:54.432000+00:00
16640467,Catalyst,Q3,670,906,108756819,56218385,2026-09-14 02:46:54.905000+00:00
16640467,Catalyst,Q3,671,906,108757859,56218385,2026-09-14 02:50:53.124000+00:00
16640467,Catalyst,Q3,672,906,108758354,56197142,2026-09-14 02:50:54.025000+00:00
16640467,Catalyst,Q3,673,906,108758895,56218385,2026-09-14 02:54:48.383000+00:00
16640467,Catalyst,Q3,674,906,108759921,56218385,2026-09-14 02:58:55.791000+00:00
16640467,Catalyst,Q3,675,906,108760960,56218385,2026-09-14 03:02:59.283000+00:00
16640467,Catalyst,Q3,676,906,108761993,56218385,2026-09-14 03:06:53.076000+00:00
16640467,Catalyst,Q3,677,906,108763033,56218385,2026-09-14 03:10:46.097000+00:00
16640467,Catalyst,Q3,678,906,108763501,56197142,2026-09-14 03:10:46.799000+00:00
16640467,Catalyst,Q3,679,906,108764068,56218385,2026-09-14 03:14:45.790000+00:00
16640467,Catalyst,Q3,680,906,108765098,56218385,2026-09-14 03:18:50.425000+00:00
16640467,Catalyst,Q3,681,906,108766113,56218385,2026-09-14 03:22:49.922000+00:00
16640467,Catalyst,Q3,682,906,108767154,56218385,2026-09-14 03:26:48.122000+00:00
16640467,Catalyst,Q3,683,906,108768187,56218385,2026-09-14 03:30:45.647000+00:00
16640467,Catalyst,Q3,684,906,108768759,56197142,2026-09-14 03:30:46.822000+00:00
16640467,Catalyst,Q3,685,906,108769212,56218385,2026-09-14 03:34:46.537000+00:00
16640467,Catalyst,Q3,686,906,108770238,56218385,2026-09-14 03:38:53.889000+00:00
16640467,Catalyst,Q3,687,906,108771185,56218385,2026-09-14 03:42:48.420000+00:00
16640467,Catalyst,Q3,688,906,108771279,56218385,2026-09-14 03:42:48.608000+00:00
16640467,Catalyst,Q3,689,906,108772321,56218385,2026-09-14 03:46:46.424000+00:00
16640467,Catalyst,Q3,690,906,108773354,56218385,2026-09-14 03:50:50.906000+00:00
16640467,Catalyst,Q3,691,906,108773932,56197142,2026-09-14 03:50:51.792000+00:00
16640467,Catalyst,Q3,692,906,108774396,56218385,2026-09-14 03:54:45.426000+00:00
16640467,Catalyst,Q3,693,906,108775439,56218385,2026-09-14 03:58:47.233000+00:00
16640467,Catalyst,Q3,694,906,108776458,56218385,2026-09-14 04:02:46.323000+00:00
16640467,Catalyst,Q3,695,906,108777497,56218385,2026-09-14 04:06:47.406000+00:00
16640467,Catalyst,Q3,696,906,108777865,56197142,2026-09-14 04:06:47.941000+00:00
16640467,Catalyst,Q3,697,906,108778532,56218385,2026-09-14 04:10:45.934000+00:00
16640467,Catalyst,Q3,698,906,108779525,56218385,2026-09-14 04:14:45.916000+00:00
16640467,Catalyst,Q3,699,906,108780609,56218385,2026-09-14 04:18:55.112000+00:00
16640467,Catalyst,Q3,700,906,108781635,56218385,2026-09-14 04:22:49.821000+00:00
16640467,Catalyst,Q3,701,906,108782667,56218385,2026-09-14 04:26:46.096000+00:00
16640467,Catalyst,Q3,702,906,108783704,56218385,2026-09-14 04:30:46.109000+00:00
16640467,Catalyst,Q3,703,906,108784052,56197142,2026-09-14 04:30:46.701000+00:00
16640467,Catalyst,Q3,704,906,108784581,56218385,2026-09-14 04:34:45.402000+00:00
16640467,Catalyst,L,856,906,108931869,56218385,2026-09-14 14:06:50.088000+00:00
16640467,Catalyst,L,857,906,108931882,56228208,2026-09-14 14:06:50.102000+00:00
16640467,Catalyst,L,858,906,108932707,56228208,2026-09-14 14:10:50.203000+00:00
16640467,Catalyst,L,859,906,108933689,56228208,2026-09-14 14:14:51.501000+00:00
16640467,Catalyst,L,860,906,108933748,56228208,2026-09-14 14:14:51.604000+00:00
16640467,Catalyst,L,861,906,108934850,56228208,2026-09-14 14:18:52.384000+00:00
16640467,Catalyst,L,862,906,108935992,56228208,2026-09-14 14:22:52.913000+00:00
16640467,Catalyst,L,863,906,108939092,56218385,2026-09-14 14:34:56.198000+00:00
16640467,Catalyst,L,864,906,108939096,56228208,2026-09-14 14:34:56.202000+00:00
16640467,Catalyst,L,865,906,108940837,56228208,2026-09-14 14:42:49.903000+00:00
16640467,Catalyst,L,866,906,108946472,56218385,2026-09-14 15:02:53.179000+00:00
16640467,Catalyst,L,867,906,108946475,56218385,2026-09-14 15:02:53.195000+00:00
16640467,Catalyst,L,868,906,108947518,56228208,2026-09-14 15:06:54.957000+00:00
16640467,Catalyst,L,869,906,108953300,56228208,2026-09-14 15:30:52.617000+00:00
16640467,Catalyst,L,870,906,108953606,56218385,2026-09-14 15:30:52.617000+00:00
16640467,Catalyst,L,871,906,108953644,56218385,2026-09-14 15:30:53.545000+00:00
16640467,Catalyst,L,872,906,108954694,56228208,2026-09-14 15:34:53.548000+00:00
16640467,Catalyst,L,873,906,108955495,56228208,2026-09-14 15:38:55.499000+00:00
16640467,Catalyst,L,874,906,108955644,56228208,2026-09-14 15:38:55.699000+00:00
16640467,Catalyst,L,875,906,108956537,56228208,2026-09-14 15:42:55.116000+00:00
16640467,Catalyst,L,876,906,108957764,56228208,2026-09-14 15:46:55.922000+00:00
16640467,Catalyst,L,877,906,108958847,56218385,2026-09-14 15:50:59.159000+00:00
16640467,Catalyst,L,878,906,108960858,56218385,2026-09-14 15:58:58.880000+00:00
16640467,Catalyst,L,879,906,108965072,56228208,2026-09-14 16:14:50.110000+00:00
16640467,Catalyst,L,880,906,108968228,56218385,2026-09-14 16:26:59.272000+00:00
16640467,Catalyst,L,881,906,108969258,56228208,2026-09-14 16:30:51.138000+00:00
16640467,Catalyst,L,882,906,108975441,56218385,2026-09-14 16:54:51.341000+00:00
16640467,Catalyst,L,883,906,108975457,56218385,2026-09-14 16:54:51.356000+00:00
16640467,Catalyst,L,884,906,108975453,56228208,2026-09-14 16:54:51.359000+00:00
16640467,Catalyst,L,885,906,108976290,56228208,2026-09-14 16:58:53.309000+00:00
16640467,Catalyst,L,886,906,108978213,56218385,2026-09-14 17:08:56.641000+00:00
16640467,Catalyst,L,887,906,108979529,56218385,2026-09-14 17:12:42.894000+00:00
16640467,Catalyst,L,888,906,108983305,56228208,2026-09-14 17:28:45.360000+00:00
16640467,Catalyst,L,889,906,108983503,56228208,2026-09-14 17:28:45.737000+00:00
16640467,Catalyst,L,890,906,108985806,56218385,2026-09-14 17:36:43.346000+00:00
16640467,Catalyst,L,891,906,108989719,56228208,2026-09-14 17:52:41.651000+00:00
16640467,Catalyst,L,892,906,108991988,56218385,2026-09-14 18:00:43.444000+00:00
16640467,Catalyst,L,893,906,108995765,56228208,2026-09-14 18:16:40.752000+00:00
16640467,Catalyst,L,894,906,108995975,56228208,2026-09-14 18:16:41.071000+00:00
16640467,Catalyst,L,895,906,108996040,56218385,2026-09-14 18:16:41.187000+00:00
16640467,Catalyst,L,896,906,108996691,56228208,2026-09-14 18:20:44.346000+00:00
16640467,Catalyst,L,897,906,108998158,56228208,2026-09-14 18:24:41.348000+00:00
16640467,Catalyst,L,898,906,108999144,56228208,2026-09-14 18:28:43.683000+00:00
16640467,Catalyst,L,899,906,109000838,56218385,2026-09-14 18:36:45.453000+00:00
16640467,Catalyst,L,900,906,109004107,56228208,2026-09-14 18:48:41.548000+00:00
16640467,Catalyst,L,901,906,109006365,56218385,2026-09-14 18:56:41.081000+00:00
16640467,Catalyst,L,902,906,109009461,56228208,2026-09-14 19:08:44.038000+00:00
16640467,Catalyst,L,903,906,109011611,56218385,2026-09-14 19:16:41.785000+00:00
16640467,Catalyst,L,904,906,109013358,56218385,2026-09-14 19:24:42.197000+00:00
16640467,Catalyst,L,905,906,109014653,56228208,2026-09-14 19:28:42.698000+00:00
16640467,Catalyst,C0,0,105,108869514,56228208,2026-09-14 10:06:50.033000+00:00
16640467,Catalyst,C0,1,105,108870524,56228208,2026-09-14 10:10:51.534000+00:00
16640467,Catalyst,C0,2,105,108871548,56228208,2026-09-14 10:14:49.917000+00:00
16640467,Catalyst,C0,3,105,108872543,56228208,2026-09-14 10:18:54.516000+00:00
16640467,Catalyst,C0,4,105,108873575,56228208,2026-09-14 10:22:54.134000+00:00
16640467,Catalyst,C0,5,105,108874592,56228208,2026-09-14 10:26:48.953000+00:00
16640467,Catalyst,C0,6,105,108875604,56228208,2026-09-14 10:30:51.697000+00:00
16640467,Catalyst,C0,7,105,108876619,56228208,2026-09-14 10:34:51.584000+00:00
16640467,Catalyst,C0,8,105,108877634,56228208,2026-09-14 10:38:52.233000+00:00
16640467,Catalyst,C0,9,105,108878218,56228208,2026-09-14 10:38:53.205000+00:00
16640467,Catalyst,C0,10,105,108878662,56228208,2026-09-14 10:42:49.072000+00:00
16640467,Catalyst,C0,11,105,108879673,56228208,2026-09-14 10:46:51.043000+00:00
16640467,Catalyst,C0,12,105,108880684,56228208,2026-09-14 10:50:50.597000+00:00
16640467,Catalyst,C0,13,105,108881726,56228208,2026-09-14 10:54:50.609000+00:00
16640467,Catalyst,C0,14,105,108882747,56228208,2026-09-14 10:58:52.616000+00:00
16640467,Catalyst,C0,15,105,108883762,56228208,2026-09-14 11:02:48.612000+00:00
16640467,Catalyst,C0,16,105,108884839,56228208,2026-09-14 11:06:48.680000+00:00
16640467,Catalyst,C0,17,105,108885888,56228208,2026-09-14 11:10:49.015000+00:00
16640467,Catalyst,C0,18,105,108886950,56228208,2026-09-14 11:14:50.001000+00:00
16640467,Catalyst,C0,19,105,108888000,56228208,2026-09-14 11:18:53.990000+00:00
16640467,Catalyst,C0,20,105,108889060,56228208,2026-09-14 11:22:51.516000+00:00
16640467,Catalyst,C0,21,105,108889697,56228208,2026-09-14 11:22:53.642000+00:00
16640467,Catalyst,C0,22,105,108890077,56228208,2026-09-14 11:26:55.157000+00:00
16640467,Catalyst,C0,23,105,108890920,56228208,2026-09-14 11:30:51.744000+00:00
16640467,Catalyst,C0,24,105,108891950,56228208,2026-09-14 11:34:50.505000+00:00
16640467,Catalyst,C0,25,105,108892991,56228208,2026-09-14 11:38:52.003000+00:00
16640467,Catalyst,C0,26,105,108894023,56228208,2026-09-14 11:42:49.498000+00:00
16640467,Catalyst,C0,27,105,108895057,56228208,2026-09-14 11:46:49.186000+00:00
16640467,Catalyst,C0,28,105,108895577,56228208,2026-09-14 11:46:50.232000+00:00
16640467,Catalyst,C0,29,105,108896092,56228208,2026-09-14 11:50:49.106000+00:00
16640467,Catalyst,C0,30,105,108897136,56228208,2026-09-14 11:54:49.117000+00:00
16640467,Catalyst,C0,31,105,108898209,56228208,2026-09-14 11:58:50.006000+00:00
16640467,Catalyst,C0,32,105,108898253,56228208,2026-09-14 11:58:50.079000+00:00
16640467,Catalyst,C0,33,105,108899233,56228208,2026-09-14 12:02:50.489000+00:00
16640467,Catalyst,C0,34,105,108899433,56228208,2026-09-14 12:02:50.923000+00:00
16640467,Catalyst,C0,35,105,108899715,56228208,2026-09-14 12:02:51.502000+00:00
16640467,Catalyst,C0,36,105,108900292,56228208,2026-09-14 12:06:53.180000+00:00
16640467,Catalyst,C0,37,105,108900482,56228208,2026-09-14 12:06:53.580000+00:00
16640467,Catalyst,C0,38,105,108901363,56228208,2026-09-14 12:10:50.384000+00:00
16640467,Catalyst,C0,39,105,108902416,56228208,2026-09-14 12:14:49.931000+00:00
16640467,Catalyst,C0,40,105,108903454,56228208,2026-09-14 12:18:51.194000+00:00
16640467,Catalyst,C0,41,105,108904501,56228208,2026-09-14 12:22:49.283000+00:00
16640467,Catalyst,C0,42,105,108905541,56228208,2026-09-14 12:26:50.018000+00:00
16640467,Catalyst,C0,43,105,108906573,56228208,2026-09-14 12:30:50.015000+00:00
16640467,Catalyst,C0,44,105,108906675,56228208,2026-09-14 12:30:50.214000+00:00
16640467,Catalyst,C0,45,105,108907633,56228208,2026-09-14 12:34:49.808000+00:00
16640467,Catalyst,C0,46,105,108908006,56228208,2026-09-14 12:34:50.517000+00:00
16640467,Catalyst,C0,47,105,108908683,56228208,2026-09-14 12:38:51.204000+00:00
16640467,Catalyst,C0,48,105,108909739,56228208,2026-09-14 12:42:49.815000+00:00
16640467,Catalyst,C0,49,105,108910779,56228208,2026-09-14 12:46:49.985000+00:00
16805699,feel the agi,F,0,3311,105607567,56020483,2026-09-04 22:57:55.019000+00:00
16805699,feel the agi,F,1,3311,105608582,56020483,2026-09-04 23:01:58.209000+00:00
16805699,feel the agi,F,2,3311,105609489,56020483,2026-09-04 23:05:47.400000+00:00
16805699,feel the agi,F,3,3311,105610386,56020483,2026-09-04 23:09:47.907000+00:00
16805699,feel the agi,F,4,3311,105611336,56020483,2026-09-04 23:13:49.829000+00:00
16805699,feel the agi,F,5,3311,105612333,56020483,2026-09-04 23:18:00.641000+00:00
16805699,feel the agi,F,6,3311,105613210,56020483,2026-09-04 23:21:52.374000+00:00
16805699,feel the agi,F,7,3311,105614175,56020483,2026-09-04 23:25:58.329000+00:00
16805699,feel the agi,F,8,3311,105615097,56020483,2026-09-04 23:29:55.344000+00:00
16805699,feel the agi,F,9,3311,105616048,56020483,2026-09-04 23:33:51.439000+00:00
16805699,feel the agi,F,10,3311,105616988,56020483,2026-09-04 23:37:49.425000+00:00
16805699,feel the agi,F,11,3311,105617865,56020483,2026-09-04 23:41:54.805000+00:00
16805699,feel the agi,F,12,3311,105618742,56020483,2026-09-04 23:45:48.011000+00:00
16805699,feel the agi,F,13,3311,105619692,56020483,2026-09-04 23:49:49.267000+00:00
16805699,feel the agi,F,14,3311,105620609,56020483,2026-09-04 23:53:48.325000+00:00
16805699,feel the agi,F,15,3311,105621503,56020483,2026-09-04 23:57:50.169000+00:00
16805699,feel the agi,F,16,3311,105622498,56020483,2026-09-05 00:01:53.018000+00:00
16805699,feel the agi,F,17,3311,105623482,56020483,2026-09-05 00:05:51.902000+00:00
16805699,feel the agi,F,18,3311,105624539,56020483,2026-09-05 00:09:51.227000+00:00
16805699,feel the agi,F,19,3311,105625583,56020483,2026-09-05 00:13:52.024000+00:00
16805699,feel the agi,F,20,3311,105626532,56020483,2026-09-05 00:17:48.441000+00:00
16805699,feel the agi,F,21,3311,105627458,56020483,2026-09-05 00:21:52.478000+00:00
16805699,feel the agi,F,22,3311,105628000,56020483,2026-09-05 00:21:53.617000+00:00
16805699,feel the agi,F,23,3311,105628303,56020483,2026-09-05 00:25:48.827000+00:00
16805699,feel the agi,F,24,3311,105628445,56020483,2026-09-05 00:25:49.019000+00:00
16805699,feel the agi,F,25,3311,105629373,56020483,2026-09-05 00:29:48.930000+00:00
16805699,feel the agi,F,26,3311,105630303,56020483,2026-09-05 00:33:49.917000+00:00
16805699,feel the agi,F,27,3311,105631233,56020483,2026-09-05 00:38:00.760000+00:00
16805699,feel the agi,F,28,3311,105632190,56020483,2026-09-05 00:41:45.978000+00:00
16805699,feel the agi,F,29,3311,105633129,56020483,2026-09-05 00:45:39.389000+00:00
16805699,feel the agi,F,30,3311,105634097,56020483,2026-09-05 00:49:39.075000+00:00
16805699,feel the agi,F,31,3311,105634422,56020483,2026-09-05 00:49:39.656000+00:00
16805699,feel the agi,F,32,3311,105634982,56020483,2026-09-05 00:53:39.138000+00:00
16805699,feel the agi,F,33,3311,105635919,56022153,2026-09-05 00:57:39.357000+00:00
16805699,feel the agi,F,34,3311,105635989,56020483,2026-09-05 00:57:39.422000+00:00
16805699,feel the agi,F,35,3311,105636743,56022153,2026-09-05 01:01:44.974000+00:00
16805699,feel the agi,F,36,3311,105636836,56020483,2026-09-05 01:01:45.161000+00:00
16805699,feel the agi,F,37,3311,105637617,56022153,2026-09-05 01:05:40.571000+00:00
16805699,feel the agi,F,38,3311,105637748,56020483,2026-09-05 01:05:40.916000+00:00
16805699,feel the agi,F,39,3311,105638579,56022153,2026-09-05 01:09:40.294000+00:00
16805699,feel the agi,F,40,3311,105638711,56020483,2026-09-05 01:09:40.509000+00:00
16805699,feel the agi,F,41,3311,105639438,56022153,2026-09-05 01:13:39.698000+00:00
16805699,feel the agi,F,42,3311,105639610,56020483,2026-09-05 01:13:39.966000+00:00
16805699,feel the agi,F,43,3311,105640323,56022153,2026-09-05 01:17:39.097000+00:00
16805699,feel the agi,F,44,3311,105640496,56020483,2026-09-05 01:17:39.386000+00:00
16805699,feel the agi,F,45,3311,105641206,56022153,2026-09-05 01:21:42.402000+00:00
16805699,feel the agi,F,46,3311,105641384,56020483,2026-09-05 01:21:42.867000+00:00
16805699,feel the agi,F,47,3311,105641667,56020483,2026-09-05 01:21:43.602000+00:00
16805699,feel the agi,F,48,3311,105642108,56022153,2026-09-05 01:25:47.763000+00:00
16805699,feel the agi,F,49,3311,105642329,56020483,2026-09-05 01:25:48.192000+00:00
16805699,feel the agi,Q1,803,3311,106170290,56058325,2026-09-06 15:59:49.863000+00:00
16805699,feel the agi,Q1,804,3311,106171187,56058325,2026-09-06 16:03:52.438000+00:00
16805699,feel the agi,Q1,805,3311,106172091,56058325,2026-09-06 16:07:48.471000+00:00
16805699,feel the agi,Q1,806,3311,106173000,56058325,2026-09-06 16:11:49.786000+00:00
16805699,feel the agi,Q1,807,3311,106173893,56058325,2026-09-06 16:15:48.294000+00:00
16805699,feel the agi,Q1,808,3311,106173896,56058325,2026-09-06 16:15:48.298000+00:00
16805699,feel the agi,Q1,809,3311,106174810,56058325,2026-09-06 16:19:48.808000+00:00
16805699,feel the agi,Q1,810,3311,106175749,56058325,2026-09-06 16:23:52.219000+00:00
16805699,feel the agi,Q1,811,3311,106176676,56058325,2026-09-06 16:27:48.600000+00:00
16805699,feel the agi,Q1,812,3311,106177608,56058325,2026-09-06 16:31:48.597000+00:00
16805699,feel the agi,Q1,813,3311,106178528,56058325,2026-09-06 16:35:48.019000+00:00
16805699,feel the agi,Q1,814,3311,106179448,56058325,2026-09-06 16:39:48.710000+00:00
16805699,feel the agi,Q1,815,3311,106179545,56058325,2026-09-06 16:39:48.902000+00:00
16805699,feel the agi,Q1,816,3311,106180363,56058325,2026-09-06 16:43:52.375000+00:00
16805699,feel the agi,Q1,817,3311,106181281,56058325,2026-09-06 16:47:49.573000+00:00
16805699,feel the agi,Q1,818,3311,106182190,56058325,2026-09-06 16:51:49.125000+00:00
16805699,feel the agi,Q1,819,3311,106183097,56058325,2026-09-06 16:55:49.011000+00:00
16805699,feel the agi,Q1,820,3311,106184017,56058325,2026-09-06 16:59:49.021000+00:00
16805699,feel the agi,Q1,821,3311,106184617,56058325,2026-09-06 16:59:50.277000+00:00
16805699,feel the agi,Q1,822,3311,106184921,56058325,2026-09-06 17:03:54.116000+00:00
16805699,feel the agi,Q1,823,3311,106185835,56058325,2026-09-06 17:07:49.702000+00:00
16805699,feel the agi,Q1,824,3311,106186758,56058325,2026-09-06 17:11:49.176000+00:00
16805699,feel the agi,Q1,825,3311,106187658,56058325,2026-09-06 17:15:48.799000+00:00
16805699,feel the agi,Q1,826,3311,106188577,56058325,2026-09-06 17:19:48.798000+00:00
16805699,feel the agi,Q1,827,3311,106189507,56058325,2026-09-06 17:23:57.208000+00:00
16805699,feel the agi,Q1,828,3311,106190419,56058325,2026-09-06 17:27:49.605000+00:00
16805699,feel the agi,Q1,829,3311,106191339,56058325,2026-09-06 17:31:49.276000+00:00
16805699,feel the agi,Q1,830,3311,106192256,56058325,2026-09-06 17:35:50.685000+00:00
16805699,feel the agi,Q1,831,3311,106193176,56058325,2026-09-06 17:39:50.670000+00:00
16805699,feel the agi,Q1,832,3311,106194077,56058325,2026-09-06 17:43:53.516000+00:00
16805699,feel the agi,Q1,833,3311,106195006,56058325,2026-09-06 17:47:49.608000+00:00
16805699,feel the agi,Q1,834,3311,106195908,56058325,2026-09-06 17:51:49.513000+00:00
16805699,feel the agi,Q1,835,3311,106196827,56058325,2026-09-06 17:55:49.407000+00:00
16805699,feel the agi,Q1,836,3311,106197227,56058325,2026-09-06 17:55:50.041000+00:00
16805699,feel the agi,Q1,837,3311,106197748,56058325,2026-09-06 17:59:49.885000+00:00
16805699,feel the agi,Q1,838,3311,106198655,56058325,2026-09-06 18:03:52.715000+00:00
16805699,feel the agi,Q1,839,3311,106199564,56058325,2026-09-06 18:07:49.664000+00:00
16805699,feel the agi,Q1,840,3311,106200466,56058325,2026-09-06 18:11:49.469000+00:00
16805699,feel the agi,Q1,841,3311,106201373,56058325,2026-09-06 18:15:49.828000+00:00
16805699,feel the agi,Q1,842,3311,106201436,56058325,2026-09-06 18:15:49.901000+00:00
16805699,feel the agi,Q1,843,3311,106202284,56058325,2026-09-06 18:19:49.999000+00:00
16805699,feel the agi,Q1,844,3311,106203196,56058325,2026-09-06 18:23:52.676000+00:00
16805699,feel the agi,Q1,845,3311,106204102,56058325,2026-09-06 18:27:49.586000+00:00
16805699,feel the agi,Q1,846,3311,106204978,56058325,2026-09-06 18:31:49.503000+00:00
16805699,feel the agi,Q1,847,3311,106205950,56058325,2026-09-06 18:35:49.462000+00:00
16805699,feel the agi,Q1,848,3311,106206836,56058325,2026-09-06 18:39:49.772000+00:00
16805699,feel the agi,Q1,849,3311,106207745,56058325,2026-09-06 18:43:52.979000+00:00
16805699,feel the agi,Q1,850,3311,106208651,56058325,2026-09-06 18:47:49.414000+00:00
16805699,feel the agi,Q1,851,3311,106209569,56058325,2026-09-06 18:51:50.058000+00:00
16805699,feel the agi,Q1,852,3311,106210466,56058325,2026-09-06 18:55:52.826000+00:00
16805699,feel the agi,Q2,1631,3311,106950180,56107807,2026-09-09 00:20:11.967000+00:00
16805699,feel the agi,Q2,1632,3311,106951055,56107807,2026-09-09 00:24:14.123000+00:00
16805699,feel the agi,Q2,1633,3311,106952110,56107807,2026-09-09 00:28:12.331000+00:00
16805699,feel the agi,Q2,1634,3311,106952709,56097847,2026-09-09 00:28:13.295000+00:00
16805699,feel the agi,Q2,1635,3311,106953067,56107807,2026-09-09 00:32:14.296000+00:00
16805699,feel the agi,Q2,1636,3311,106954016,56107807,2026-09-09 00:36:16.886000+00:00
16805699,feel the agi,Q2,1637,3311,106954976,56107807,2026-09-09 00:40:12.425000+00:00
16805699,feel the agi,Q2,1638,3311,106955931,56107807,2026-09-09 00:44:13.867000+00:00
16805699,feel the agi,Q2,1639,3311,106956329,56107807,2026-09-09 00:44:14.495000+00:00
16805699,feel the agi,Q2,1640,3311,106956892,56107807,2026-09-09 00:48:12.104000+00:00
16805699,feel the agi,Q2,1641,3311,106957137,56097847,2026-09-09 00:48:12.493000+00:00
16805699,feel the agi,Q2,1642,3311,106957845,56107807,2026-09-09 00:52:16.606000+00:00
16805699,feel the agi,Q2,1643,3311,106958775,56107807,2026-09-09 00:56:16.114000+00:00
16805699,feel the agi,Q2,1644,3311,106959771,56107807,2026-09-09 01:00:14.768000+00:00
16805699,feel the agi,Q2,1645,3311,106960007,56107807,2026-09-09 01:00:15.169000+00:00
16805699,feel the agi,Q2,1646,3311,106960707,56107807,2026-09-09 01:04:13.867000+00:00
16805699,feel the agi,Q2,1647,3311,106960991,56097847,2026-09-09 01:04:14.294000+00:00
16805699,feel the agi,Q2,1648,3311,106961131,56097847,2026-09-09 01:04:14.535000+00:00
16805699,feel the agi,Q2,1649,3311,106961671,56107807,2026-09-09 01:08:11.787000+00:00
16805699,feel the agi,Q2,1650,3311,106961706,56097847,2026-09-09 01:08:11.824000+00:00
16805699,feel the agi,Q2,1651,3311,106962621,56107807,2026-09-09 01:12:12.474000+00:00
16805699,feel the agi,Q2,1652,3311,106963561,56107807,2026-09-09 01:16:12.321000+00:00
16805699,feel the agi,Q2,1653,3311,106964468,56107807,2026-09-09 01:20:11.922000+00:00
16805699,feel the agi,Q2,1654,3311,106964893,56107807,2026-09-09 01:20:12.617000+00:00
16805699,feel the agi,Q2,1655,3311,106964904,56097847,2026-09-09 01:20:12.663000+00:00
16805699,feel the agi,Q2,1656,3311,106965449,56107807,2026-09-09 01:24:14.994000+00:00
16805699,feel the agi,Q2,1657,3311,106966412,56107807,2026-09-09 01:28:12.872000+00:00
16805699,feel the agi,Q2,1658,3311,106967364,56107807,2026-09-09 01:32:12.493000+00:00
16805699,feel the agi,Q2,1659,3311,106968066,56097847,2026-09-09 01:36:12.115000+00:00
16805699,feel the agi,Q2,1660,3311,106968320,56107807,2026-09-09 01:36:12.571000+00:00
16805699,feel the agi,Q2,1661,3311,106968754,56107807,2026-09-09 01:36:13.364000+00:00
16805699,feel the agi,Q2,1662,3311,106968773,56097847,2026-09-09 01:36:13.389000+00:00
16805699,feel the agi,Q2,1663,3311,106969222,56107807,2026-09-09 01:40:12.630000+00:00
16805699,feel the agi,Q2,1664,3311,106969277,56107807,2026-09-09 01:40:12.724000+00:00
16805699,feel the agi,Q2,1665,3311,106969508,56107807,2026-09-09 01:40:13.175000+00:00
16805699,feel the agi,Q2,1666,3311,106970241,56107807,2026-09-09 01:44:14.421000+00:00
16805699,feel the agi,Q2,1667,3311,106970275,56107807,2026-09-09 01:44:14.495000+00:00
16805699,feel the agi,Q2,1668,3311,106970710,56097847,2026-09-09 01:44:15.307000+00:00
16805699,feel the agi,Q2,1669,3311,106971200,56107807,2026-09-09 01:48:13.800000+00:00
16805699,feel the agi,Q2,1670,3311,106971848,56097847,2026-09-09 01:52:11.922000+00:00
16805699,feel the agi,Q2,1671,3311,106972161,56107807,2026-09-09 01:52:12.431000+00:00
16805699,feel the agi,Q2,1672,3311,106972962,56097847,2026-09-09 01:56:12.777000+00:00
16805699,feel the agi,Q2,1673,3311,106973116,56107807,2026-09-09 01:56:13.122000+00:00
16805699,feel the agi,Q2,1674,3311,106974067,56107807,2026-09-09 02:00:12.895000+00:00
16805699,feel the agi,Q2,1675,3311,106975015,56107807,2026-09-09 02:04:15.980000+00:00
16805699,feel the agi,Q2,1676,3311,106975469,56107807,2026-09-09 02:04:16.972000+00:00
16805699,feel the agi,Q2,1677,3311,106975974,56107807,2026-09-09 02:08:12.394000+00:00
16805699,feel the agi,Q2,1678,3311,106976935,56107807,2026-09-09 02:12:12.168000+00:00
16805699,feel the agi,Q2,1679,3311,106977135,56097847,2026-09-09 02:12:12.473000+00:00
16805699,feel the agi,Q2,1680,3311,106977889,56107807,2026-09-09 02:16:12.806000+00:00
16805699,feel the agi,Q3,2458,3311,107673950,56132899,2026-09-11 02:24:55.799000+00:00
16805699,feel the agi,Q3,2459,3311,107674019,56132899,2026-09-11 02:24:55.898000+00:00
16805699,feel the agi,Q3,2460,3311,107674835,56119872,2026-09-11 02:28:56.582000+00:00
16805699,feel the agi,Q3,2461,3311,107678936,56132899,2026-09-11 02:44:53.780000+00:00
16805699,feel the agi,Q3,2462,3311,107679779,56119872,2026-09-11 02:48:59.829000+00:00
16805699,feel the agi,Q3,2463,3311,107683845,56132899,2026-09-11 03:05:02.989000+00:00
16805699,feel the agi,Q3,2464,3311,107684744,56119872,2026-09-11 03:08:53.605000+00:00
16805699,feel the agi,Q3,2465,3311,107684762,56119872,2026-09-11 03:08:53.630000+00:00
16805699,feel the agi,Q3,2466,3311,107688887,56132899,2026-09-11 03:24:53.310000+00:00
16805699,feel the agi,Q3,2467,3311,107689804,56119872,2026-09-11 03:28:54.071000+00:00
16805699,feel the agi,Q3,2468,3311,107694537,56132899,2026-09-11 03:48:53.075000+00:00
16805699,feel the agi,Q3,2469,3311,107694571,56132899,2026-09-11 03:48:53.112000+00:00
16805699,feel the agi,Q3,2470,3311,107694572,56119872,2026-09-11 03:48:53.113000+00:00
16805699,feel the agi,Q3,2471,3311,107699670,56132899,2026-09-11 04:08:53.390000+00:00
16805699,feel the agi,Q3,2472,3311,107699696,56132899,2026-09-11 04:08:53.418000+00:00
16805699,feel the agi,Q3,2473,3311,107699697,56119872,2026-09-11 04:08:53.419000+00:00
16805699,feel the agi,Q3,2474,3311,107699698,56132899,2026-09-11 04:08:53.419000+00:00
16805699,feel the agi,Q3,2475,3311,107705416,56119872,2026-09-11 04:32:53.344000+00:00
16805699,feel the agi,Q3,2476,3311,107705417,56132899,2026-09-11 04:32:53.347000+00:00
16805699,feel the agi,Q3,2477,3311,107706400,56119872,2026-09-11 04:36:52.830000+00:00
16805699,feel the agi,Q3,2478,3311,107710538,56132899,2026-09-11 04:52:54.776000+00:00
16805699,feel the agi,Q3,2479,3311,107710545,56119872,2026-09-11 04:52:54.780000+00:00
16805699,feel the agi,Q3,2480,3311,107716302,56132899,2026-09-11 05:17:23.009000+00:00
16805699,feel the agi,Q3,2481,3311,107716310,56132899,2026-09-11 05:17:23.017000+00:00
16805699,feel the agi,Q3,2482,3311,107716312,56119872,2026-09-11 05:17:23.020000+00:00
16805699,feel the agi,Q3,2483,3311,107721073,56119872,2026-09-11 05:37:32.978000+00:00
16805699,feel the agi,Q3,2484,3311,107722201,56132899,2026-09-11 05:41:23.976000+00:00
16805699,feel the agi,Q3,2485,3311,107722222,56132899,2026-09-11 05:41:23.985000+00:00
16805699,feel the agi,Q3,2486,3311,107726337,56119872,2026-09-11 05:57:23.431000+00:00
16805699,feel the agi,Q3,2487,3311,107727337,56132899,2026-09-11 06:01:23.444000+00:00
16805699,feel the agi,Q3,2488,3311,107727340,56132899,2026-09-11 06:01:23.471000+00:00
16805699,feel the agi,Q3,2489,3311,107732054,56119872,2026-09-11 06:21:23.872000+00:00
16805699,feel the agi,Q3,2490,3311,107732949,56119872,2026-09-11 06:25:23.425000+00:00
16805699,feel the agi,Q3,2491,3311,107733110,56119872,2026-09-11 06:25:23.621000+00:00
16805699,feel the agi,Q3,2492,3311,107733118,56132899,2026-09-11 06:25:23.634000+00:00
16805699,feel the agi,Q3,2493,3311,107733130,56119872,2026-09-11 06:25:23.641000+00:00
16805699,feel the agi,Q3,2494,3311,107734831,56119872,2026-09-11 06:33:22.586000+00:00
16805699,feel the agi,Q3,2495,3311,107738963,56132899,2026-09-11 06:49:22.992000+00:00
16805699,feel the agi,Q3,2496,3311,107740128,56119872,2026-09-11 06:53:23.206000+00:00
16805699,feel the agi,Q3,2497,3311,107744870,56132899,2026-09-11 07:13:24.590000+00:00
16805699,feel the agi,Q3,2498,3311,107745958,56119872,2026-09-11 07:17:23.419000+00:00
16805699,feel the agi,Q3,2499,3311,107746131,56119872,2026-09-11 07:17:23.737000+00:00
16805699,feel the agi,Q3,2500,3311,107750793,56132899,2026-09-11 07:37:28.303000+00:00
16805699,feel the agi,Q3,2501,3311,107750797,56132899,2026-09-11 07:37:28.305000+00:00
16805699,feel the agi,Q3,2502,3311,107751959,56119872,2026-09-11 07:41:23.325000+00:00
16805699,feel the agi,Q3,2503,3311,107756419,56132899,2026-09-11 08:01:29.014000+00:00
16805699,feel the agi,Q3,2504,3311,107756780,56132899,2026-09-11 08:01:29.610000+00:00
16805699,feel the agi,Q3,2505,3311,107757708,56119872,2026-09-11 08:05:23.628000+00:00
16805699,feel the agi,Q3,2506,3311,107757844,56119872,2026-09-11 08:05:23.663000+00:00
16805699,feel the agi,Q3,2507,3311,107762643,56132899,2026-09-11 08:25:24.132000+00:00
16805699,feel the agi,L,3261,3311,108944867,56208558,2026-09-14 14:58:50.208000+00:00
16805699,feel the agi,L,3262,3311,108945264,56208558,2026-09-14 14:58:51.006000+00:00
16805699,feel the agi,L,3263,3311,108946205,56208558,2026-09-14 15:02:53.004000+00:00
16805699,feel the agi,L,3264,3311,108946993,56208558,2026-09-14 15:06:54.034000+00:00
16805699,feel the agi,L,3265,3311,108947010,56208558,2026-09-14 15:06:54.088000+00:00
16805699,feel the agi,L,3266,3311,108949570,56132899,2026-09-14 15:14:52.717000+00:00
16805699,feel the agi,L,3267,3311,108949866,56208558,2026-09-14 15:18:53.480000+00:00
16805699,feel the agi,L,3268,3311,108955483,56208558,2026-09-14 15:38:55.500000+00:00
16805699,feel the agi,L,3269,3311,108956796,56132899,2026-09-14 15:42:55.786000+00:00
16805699,feel the agi,L,3270,3311,108960862,56132899,2026-09-14 15:58:57.815000+00:00
16805699,feel the agi,L,3271,3311,108960849,56132899,2026-09-14 15:58:58.860000+00:00
16805699,feel the agi,L,3272,3311,108960982,56132899,2026-09-14 15:58:59.049000+00:00
16805699,feel the agi,L,3273,3311,108961946,56132899,2026-09-14 16:02:58.084000+00:00
16805699,feel the agi,L,3274,3311,108962578,56208558,2026-09-14 16:06:52.674000+00:00
16805699,feel the agi,L,3275,3311,108962982,56208558,2026-09-14 16:06:53.860000+00:00
16805699,feel the agi,L,3276,3311,108969258,56132899,2026-09-14 16:30:51.138000+00:00
16805699,feel the agi,L,3277,3311,108970150,56208558,2026-09-14 16:34:51.540000+00:00
16805699,feel the agi,L,3278,3311,108971286,56208558,2026-09-14 16:38:56.529000+00:00
16805699,feel the agi,L,3279,3311,108972269,56208558,2026-09-14 16:42:54.299000+00:00
16805699,feel the agi,L,3280,3311,108972330,56208558,2026-09-14 16:42:54.411000+00:00
16805699,feel the agi,L,3281,3311,108973983,56208558,2026-09-14 16:50:51.116000+00:00
16805699,feel the agi,L,3282,3311,108976351,56132899,2026-09-14 16:58:53.384000+00:00
16805699,feel the agi,L,3283,3311,108977549,56208558,2026-09-14 17:02:51.719000+00:00
16805699,feel the agi,L,3284,3311,108980966,56208558,2026-09-14 17:20:42.643000+00:00
16805699,feel the agi,L,3285,3311,108982188,56208558,2026-09-14 17:24:42.066000+00:00
16805699,feel the agi,L,3286,3311,108983499,56132899,2026-09-14 17:28:45.740000+00:00
16805699,feel the agi,L,3287,3311,108983518,56132899,2026-09-14 17:28:45.755000+00:00
16805699,feel the agi,L,3288,3311,108984405,56208558,2026-09-14 17:32:41.557000+00:00
16805699,feel the agi,L,3289,3311,108987500,56208558,2026-09-14 17:44:41.556000+00:00
16805699,feel the agi,L,3290,3311,108988409,56208558,2026-09-14 17:48:42.255000+00:00
16805699,feel the agi,L,3291,3311,108989464,56208558,2026-09-14 17:52:41.234000+00:00
16805699,feel the agi,L,3292,3311,108989820,56132899,2026-09-14 17:52:41.833000+00:00
16805699,feel the agi,L,3293,3311,108990276,56208558,2026-09-14 17:56:40.383000+00:00
16805699,feel the agi,L,3294,3311,108995482,56208558,2026-09-14 18:16:40.215000+00:00
16805699,feel the agi,L,3295,3311,108996025,56132899,2026-09-14 18:16:41.170000+00:00
16805699,feel the agi,L,3296,3311,109000700,56208558,2026-09-14 18:36:45.254000+00:00
16805699,feel the agi,L,3297,3311,109001112,56208558,2026-09-14 18:36:45.932000+00:00
16805699,feel the agi,L,3298,3311,109001330,56208558,2026-09-14 18:36:46.234000+00:00
16805699,feel the agi,L,3299,3311,109002099,56132899,2026-09-14 18:40:41.483000+00:00
16805699,feel the agi,L,3300,3311,109003056,56132899,2026-09-14 18:44:41.010000+00:00
16805699,feel the agi,L,3301,3311,109003648,56208558,2026-09-14 18:48:40.660000+00:00
16805699,feel the agi,L,3302,3311,109005291,56132899,2026-09-14 18:52:41.556000+00:00
16805699,feel the agi,L,3303,3311,109006365,56132899,2026-09-14 18:56:41.081000+00:00
16805699,feel the agi,L,3304,3311,109007768,56208558,2026-09-14 19:04:40.194000+00:00
16805699,feel the agi,L,3305,3311,109009139,56132899,2026-09-14 19:08:43.271000+00:00
16805699,feel the agi,L,3306,3311,109011145,56208558,2026-09-14 19:16:41.103000+00:00
16805699,feel the agi,L,3307,3311,109013056,56132899,2026-09-14 19:24:41.663000+00:00
16805699,feel the agi,L,3308,3311,109016256,56208558,2026-09-14 19:36:40.588000+00:00
16805699,feel the agi,L,3309,3311,109016544,56208558,2026-09-14 19:36:41.060000+00:00
16805699,feel the agi,L,3310,3311,109016558,56132899,2026-09-14 19:36:41.076000+00:00
16805699,feel the agi,C0,0,562,107290497,56132899,2026-09-10 00:08:50.734000+00:00
16805699,feel the agi,C0,1,562,107291433,56132899,2026-09-10 00:12:49.468000+00:00
16805699,feel the agi,C0,2,562,107292385,56132899,2026-09-10 00:16:49.709000+00:00
16805699,feel the agi,C0,3,562,107293352,56132899,2026-09-10 00:20:49.322000+00:00
16805699,feel the agi,C0,4,562,107294323,56132899,2026-09-10 00:24:49.157000+00:00
16805699,feel the agi,C0,5,562,107295271,56132899,2026-09-10 00:28:49.803000+00:00
16805699,feel the agi,C0,6,562,107296236,56132899,2026-09-10 00:32:49.150000+00:00
16805699,feel the agi,C0,7,562,107297199,56132899,2026-09-10 00:36:49.620000+00:00
16805699,feel the agi,C0,8,562,107297625,56132899,2026-09-10 00:36:50.327000+00:00
16805699,feel the agi,C0,9,562,107298148,56132899,2026-09-10 00:40:49.776000+00:00
16805699,feel the agi,C0,10,562,107299115,56132899,2026-09-10 00:44:53.880000+00:00
16805699,feel the agi,C0,11,562,107300080,56132899,2026-09-10 00:48:49.459000+00:00
16805699,feel the agi,C0,12,562,107301031,56132899,2026-09-10 00:52:49.254000+00:00
16805699,feel the agi,C0,13,562,107301819,56132899,2026-09-10 00:52:50.542000+00:00
16805699,feel the agi,C0,14,562,107302032,56132899,2026-09-10 00:56:53.542000+00:00
16805699,feel the agi,C0,15,562,107302995,56132899,2026-09-10 01:00:49.119000+00:00
16805699,feel the agi,C0,16,562,107304002,56132899,2026-09-10 01:04:48.865000+00:00
16805699,feel the agi,C0,17,562,107305008,56132899,2026-09-10 01:08:52.820000+00:00
16805699,feel the agi,C0,18,562,107305955,56132899,2026-09-10 01:12:49.151000+00:00
16805699,feel the agi,C0,19,562,107306713,56132899,2026-09-10 01:12:50.423000+00:00
16805699,feel the agi,C0,20,562,107307266,56132899,2026-09-10 01:17:00.162000+00:00
16805699,feel the agi,C0,21,562,107307958,56132899,2026-09-10 01:20:51.968000+00:00
16805699,feel the agi,C0,22,562,107308085,56132899,2026-09-10 01:20:52.191000+00:00
16805699,feel the agi,C0,23,562,107308936,56132899,2026-09-10 01:24:50.491000+00:00
16805699,feel the agi,C0,24,562,107309922,56132899,2026-09-10 01:28:57.430000+00:00
16805699,feel the agi,C0,25,562,107310560,56132899,2026-09-10 01:28:58.425000+00:00
16805699,feel the agi,C0,26,562,107310896,56132899,2026-09-10 01:32:50.088000+00:00
16805699,feel the agi,C0,27,562,107311867,56132899,2026-09-10 01:36:51.353000+00:00
16805699,feel the agi,C0,28,562,107312779,56132899,2026-09-10 01:40:51.629000+00:00
16805699,feel the agi,C0,29,562,107312794,56132899,2026-09-10 01:40:51.641000+00:00
16805699,feel the agi,C0,30,562,107313818,56132899,2026-09-10 01:44:49.285000+00:00
16805699,feel the agi,C0,31,562,107314803,56132899,2026-09-10 01:48:54.535000+00:00
16805699,feel the agi,C0,32,562,107315773,56132899,2026-09-10 01:52:49.352000+00:00
16805699,feel the agi,C0,33,562,107316757,56132899,2026-09-10 01:56:49.567000+00:00
16805699,feel the agi,C0,34,562,107317826,56132899,2026-09-10 02:00:50.241000+00:00
16805699,feel the agi,C0,35,562,107318148,56132899,2026-09-10 02:00:50.248000+00:00
16805699,feel the agi,C0,36,562,107318722,56132899,2026-09-10 02:04:50.055000+00:00
16805699,feel the agi,C0,37,562,107319682,56132899,2026-09-10 02:08:50.022000+00:00
16805699,feel the agi,C0,38,562,107320653,56132899,2026-09-10 02:12:49.679000+00:00
16805699,feel the agi,C0,39,562,107321631,56132899,2026-09-10 02:16:49.719000+00:00
16805699,feel the agi,C0,40,562,107322546,56132899,2026-09-10 02:20:57.094000+00:00
16805699,feel the agi,C0,41,562,107322612,56132899,2026-09-10 02:20:57.166000+00:00
16805699,feel the agi,C0,42,562,107323564,56132899,2026-09-10 02:24:56.119000+00:00
16805699,feel the agi,C0,43,562,107324566,56132899,2026-09-10 02:28:56.317000+00:00
16805699,feel the agi,C0,44,562,107325534,56132899,2026-09-10 02:32:56.337000+00:00
16805699,feel the agi,C0,45,562,107326510,56132899,2026-09-10 02:36:56.377000+00:00
16805699,feel the agi,C0,46,562,107326786,56132899,2026-09-10 02:36:56.825000+00:00
16805699,feel the agi,C0,47,562,107327484,56132899,2026-09-10 02:40:56.175000+00:00
16805699,feel the agi,C0,48,562,107328426,56132899,2026-09-10 02:44:56.573000+00:00
16805699,feel the agi,C0,49,562,107328477,56132899,2026-09-10 02:44:56.655000+00:00
16719123,Thomas Tschinkel,F,0,7633,92804662,55493169,2026-08-13 23:56:46.542449400+00:00
16719123,Thomas Tschinkel,F,1,7633,92805621,55493169,2026-08-14 00:00:45.611194400+00:00
16719123,Thomas Tschinkel,F,2,7633,92806600,55493169,2026-08-14 00:04:44.968649400+00:00
16719123,Thomas Tschinkel,F,3,7633,92807541,55493169,2026-08-14 00:08:45.478484700+00:00
16719123,Thomas Tschinkel,F,4,7633,92808476,55493169,2026-08-14 00:12:44.502536100+00:00
16719123,Thomas Tschinkel,F,5,7633,92809410,55493169,2026-08-14 00:16:45.945573600+00:00
16719123,Thomas Tschinkel,F,6,7633,92810335,55493169,2026-08-14 00:20:45.112082800+00:00
16719123,Thomas Tschinkel,F,7,7633,92811253,55493169,2026-08-14 00:24:44.264532800+00:00
16719123,Thomas Tschinkel,F,8,7633,92812177,55493169,2026-08-14 00:28:44.996569400+00:00
16719123,Thomas Tschinkel,F,9,7633,92813107,55493169,2026-08-14 00:32:45.782112500+00:00
16719123,Thomas Tschinkel,F,10,7633,92814040,55493169,2026-08-14 00:41:02.620517700+00:00
16719123,Thomas Tschinkel,F,11,7633,92814993,55493169,2026-08-14 00:44:49.988190800+00:00
16719123,Thomas Tschinkel,F,12,7633,92815906,55493169,2026-08-14 00:48:49.314027200+00:00
16719123,Thomas Tschinkel,F,13,7633,92815936,55493169,2026-08-14 00:48:49.346570700+00:00
16719123,Thomas Tschinkel,F,14,7633,92816880,55493169,2026-08-14 00:52:49.433000500+00:00
16719123,Thomas Tschinkel,F,15,7633,92817784,55493169,2026-08-14 00:56:49.645191900+00:00
16719123,Thomas Tschinkel,F,16,7633,92817827,55493169,2026-08-14 00:56:49.708768600+00:00
16719123,Thomas Tschinkel,F,17,7633,92818767,55493169,2026-08-14 01:00:52.824796200+00:00
16719123,Thomas Tschinkel,F,18,7633,92819699,55493169,2026-08-14 01:04:49.553727800+00:00
16719123,Thomas Tschinkel,F,19,7633,92820645,55493169,2026-08-14 01:08:48.696688200+00:00
16719123,Thomas Tschinkel,F,20,7633,92821571,55493169,2026-08-14 01:12:51.001992600+00:00
16719123,Thomas Tschinkel,F,21,7633,92822501,55493169,2026-08-14 01:16:49.035697800+00:00
16719123,Thomas Tschinkel,F,22,7633,92823343,55493169,2026-08-14 01:20:52.663474300+00:00
16719123,Thomas Tschinkel,F,23,7633,92823435,55493169,2026-08-14 01:20:52.797703200+00:00
16719123,Thomas Tschinkel,F,24,7633,92824381,55493169,2026-08-14 01:24:51.684445700+00:00
16719123,Thomas Tschinkel,F,25,7633,92825313,55493169,2026-08-14 01:28:51.336801600+00:00
16719123,Thomas Tschinkel,F,26,7633,92825380,55493169,2026-08-14 01:28:51.428998900+00:00
16719123,Thomas Tschinkel,F,27,7633,92826252,55493169,2026-08-14 01:32:48.929013900+00:00
16719123,Thomas Tschinkel,F,28,7633,92826485,55493169,2026-08-14 01:32:49.326155900+00:00
16719123,Thomas Tschinkel,F,29,7633,92827188,55493169,2026-08-14 01:36:48.942738600+00:00
16719123,Thomas Tschinkel,F,30,7633,92828121,55493169,2026-08-14 01:40:52.622805800+00:00
16719123,Thomas Tschinkel,F,31,7633,92828365,55493169,2026-08-14 01:40:52.953164100+00:00
16719123,Thomas Tschinkel,F,32,7633,92829059,55493169,2026-08-14 01:44:49.086419400+00:00
16719123,Thomas Tschinkel,F,33,7633,92829266,55493169,2026-08-14 01:44:49.391893300+00:00
16719123,Thomas Tschinkel,F,34,7633,92829989,55493169,2026-08-14 01:48:48.783786900+00:00
16719123,Thomas Tschinkel,F,35,7633,92830925,55493169,2026-08-14 01:52:50.181557300+00:00
16719123,Thomas Tschinkel,F,36,7633,92831829,55493169,2026-08-14 01:56:54.625848200+00:00
16719123,Thomas Tschinkel,F,37,7633,92832786,55493169,2026-08-14 02:00:57.814743300+00:00
16719123,Thomas Tschinkel,F,38,7633,92833703,55493169,2026-08-14 02:04:54.311033600+00:00
16719123,Thomas Tschinkel,F,39,7633,92834629,55493169,2026-08-14 02:08:54.285349+00:00
16719123,Thomas Tschinkel,F,40,7633,92835563,55493169,2026-08-14 02:12:53.919368800+00:00
16719123,Thomas Tschinkel,F,41,7633,92836489,55493169,2026-08-14 02:16:53.898846+00:00
16719123,Thomas Tschinkel,F,42,7633,92837426,55493169,2026-08-14 02:20:55.617409900+00:00
16719123,Thomas Tschinkel,F,43,7633,92838410,55493169,2026-08-14 02:24:56.478783800+00:00
16719123,Thomas Tschinkel,F,44,7633,92839303,55493169,2026-08-14 02:28:54.512396900+00:00
16719123,Thomas Tschinkel,F,45,7633,92840186,55493169,2026-08-14 02:32:53.917340900+00:00
16719123,Thomas Tschinkel,F,46,7633,92840242,55493169,2026-08-14 02:32:54.007903400+00:00
16719123,Thomas Tschinkel,F,47,7633,92841172,55493169,2026-08-14 02:36:54.487769700+00:00
16719123,Thomas Tschinkel,F,48,7633,92842105,55493169,2026-08-14 02:40:55.483138100+00:00
16719123,Thomas Tschinkel,F,49,7633,92842918,55493169,2026-08-14 02:44:53.653554900+00:00
16719123,Thomas Tschinkel,Q1,1883,7633,98132437,55727932,2026-08-24 03:37:01.735000+00:00
16719123,Thomas Tschinkel,Q1,1884,7633,98134730,55727932,2026-08-24 03:41:05.292000+00:00
16719123,Thomas Tschinkel,Q1,1885,7633,98137012,55727932,2026-08-24 03:45:02.105000+00:00
16719123,Thomas Tschinkel,Q1,1886,7633,98139307,55727932,2026-08-24 03:49:01.966000+00:00
16719123,Thomas Tschinkel,Q1,1887,7633,98141588,55727932,2026-08-24 03:53:01.551000+00:00
16719123,Thomas Tschinkel,Q1,1888,7633,98143882,55727932,2026-08-24 03:57:02.232000+00:00
16719123,Thomas Tschinkel,Q1,1889,7633,98146152,55727932,2026-08-24 04:01:04.569000+00:00
16719123,Thomas Tschinkel,Q1,1890,7633,98146225,55727932,2026-08-24 04:01:04.757000+00:00
16719123,Thomas Tschinkel,Q1,1891,7633,98148456,55727932,2026-08-24 04:05:02.085000+00:00
16719123,Thomas Tschinkel,Q1,1892,7633,98150751,55727932,2026-08-24 04:09:02.082000+00:00
16719123,Thomas Tschinkel,Q1,1893,7633,98150810,55727932,2026-08-24 04:09:02.177000+00:00
16719123,Thomas Tschinkel,Q1,1894,7633,98173578,55727932,2026-08-24 04:49:04.899000+00:00
16719123,Thomas Tschinkel,Q1,1895,7633,98182407,55727932,2026-08-24 05:05:04.746000+00:00
16719123,Thomas Tschinkel,Q1,1896,7633,98212374,55727932,2026-08-24 05:57:04.968000+00:00
16719123,Thomas Tschinkel,Q1,1897,7633,98246605,55727932,2026-08-24 06:57:02.794000+00:00
16719123,Thomas Tschinkel,Q1,1898,7633,98296742,55727932,2026-08-24 08:25:03.468000+00:00
16719123,Thomas Tschinkel,Q1,1899,7633,98319584,55727932,2026-08-24 09:05:02.629000+00:00
16719123,Thomas Tschinkel,Q1,1900,7633,98333135,55727932,2026-08-24 09:29:02.470000+00:00
16719123,Thomas Tschinkel,Q1,1901,7633,98344399,55739086,2026-08-24 09:49:01.606000+00:00
16719123,Thomas Tschinkel,Q1,1902,7633,98346658,55739086,2026-08-24 09:53:01.722000+00:00
16719123,Thomas Tschinkel,Q1,1903,7633,98348934,55739086,2026-08-24 09:57:01.079000+00:00
16719123,Thomas Tschinkel,Q1,1904,7633,98351203,55739086,2026-08-24 10:01:03.480000+00:00
16719123,Thomas Tschinkel,Q1,1905,7633,98353475,55739086,2026-08-24 10:05:01.530000+00:00
16719123,Thomas Tschinkel,Q1,1906,7633,98355749,55739086,2026-08-24 10:09:02.704000+00:00
16719123,Thomas Tschinkel,Q1,1907,7633,98358014,55739086,2026-08-24 10:13:06.475000+00:00
16719123,Thomas Tschinkel,Q1,1908,7633,98360294,55739086,2026-08-24 10:17:03.693000+00:00
16719123,Thomas Tschinkel,Q1,1909,7633,98362572,55739086,2026-08-24 10:21:08.666000+00:00
16719123,Thomas Tschinkel,Q1,1910,7633,98364852,55739086,2026-08-24 10:25:07.030000+00:00
16719123,Thomas Tschinkel,Q1,1911,7633,98367125,55739086,2026-08-24 10:29:02.597000+00:00
16719123,Thomas Tschinkel,Q1,1912,7633,98369425,55739086,2026-08-24 10:33:04.556000+00:00
16719123,Thomas Tschinkel,Q1,1913,7633,98371714,55739086,2026-08-24 10:37:03.360000+00:00
16719123,Thomas Tschinkel,Q1,1914,7633,98374004,55739086,2026-08-24 10:41:07.516000+00:00
16719123,Thomas Tschinkel,Q1,1915,7633,98376383,55739086,2026-08-24 10:45:11.390000+00:00
16719123,Thomas Tschinkel,Q1,1916,7633,98376649,55727932,2026-08-24 10:45:11.891000+00:00
16719123,Thomas Tschinkel,Q1,1917,7633,98378587,55739086,2026-08-24 10:49:02.192000+00:00
16719123,Thomas Tschinkel,Q1,1918,7633,98380894,55739086,2026-08-24 10:53:09.198000+00:00
16719123,Thomas Tschinkel,Q1,1919,7633,98383183,55739086,2026-08-24 10:57:04.457000+00:00
16719123,Thomas Tschinkel,Q1,1920,7633,98385491,55739086,2026-08-24 11:01:09.556000+00:00
16719123,Thomas Tschinkel,Q1,1921,7633,98387782,55739086,2026-08-24 11:05:02.652000+00:00
16719123,Thomas Tschinkel,Q1,1922,7633,98390079,55739086,2026-08-24 11:09:03.679000+00:00
16719123,Thomas Tschinkel,Q1,1923,7633,98390213,55739086,2026-08-24 11:09:03.883000+00:00
16719123,Thomas Tschinkel,Q1,1924,7633,98392371,55739086,2026-08-24 11:13:03.994000+00:00
16719123,Thomas Tschinkel,Q1,1925,7633,98394535,55739086,2026-08-24 11:17:05.449000+00:00
16719123,Thomas Tschinkel,Q1,1926,7633,98394656,55739086,2026-08-24 11:17:05.640000+00:00
16719123,Thomas Tschinkel,Q1,1927,7633,98396939,55739086,2026-08-24 11:21:10.637000+00:00
16719123,Thomas Tschinkel,Q1,1928,7633,98399217,55739086,2026-08-24 11:25:03.566000+00:00
16719123,Thomas Tschinkel,Q1,1929,7633,98401501,55739086,2026-08-24 11:29:03.348000+00:00
16719123,Thomas Tschinkel,Q1,1930,7633,98403783,55739086,2026-08-24 11:33:03.372000+00:00
16719123,Thomas Tschinkel,Q1,1931,7633,98406071,55739086,2026-08-24 11:37:03.259000+00:00
16719123,Thomas Tschinkel,Q1,1932,7633,98408365,55739086,2026-08-24 11:41:08.340000+00:00
16719123,Thomas Tschinkel,Q2,3791,7633,104991512,55969344,2026-09-03 01:58:20.030000+00:00
16719123,Thomas Tschinkel,Q2,3792,7633,104992474,55969344,2026-09-03 02:02:19.651000+00:00
16719123,Thomas Tschinkel,Q2,3793,7633,104993237,55969344,2026-09-03 02:06:19.266000+00:00
16719123,Thomas Tschinkel,Q2,3794,7633,104993566,55964535,2026-09-03 02:06:19.791000+00:00
16719123,Thomas Tschinkel,Q2,3795,7633,104994089,55969344,2026-09-03 02:10:19.390000+00:00
16719123,Thomas Tschinkel,Q2,3796,7633,104994948,55969344,2026-09-03 02:14:23.256000+00:00
16719123,Thomas Tschinkel,Q2,3797,7633,104995125,55964535,2026-09-03 02:14:23.743000+00:00
16719123,Thomas Tschinkel,Q2,3798,7633,104995608,55969344,2026-09-03 02:18:23.665000+00:00
16719123,Thomas Tschinkel,Q2,3799,7633,104995808,55969344,2026-09-03 02:18:23.988000+00:00
16719123,Thomas Tschinkel,Q2,3800,7633,104996342,55972597,2026-09-03 02:22:23.740000+00:00
16719123,Thomas Tschinkel,Q2,3801,7633,104996678,55969344,2026-09-03 02:22:24.336000+00:00
16719123,Thomas Tschinkel,Q2,3802,7633,104997156,55972597,2026-09-03 02:26:23.966000+00:00
16719123,Thomas Tschinkel,Q2,3803,7633,104997539,55969344,2026-09-03 02:26:24.838000+00:00
16719123,Thomas Tschinkel,Q2,3804,7633,104997998,55972597,2026-09-03 02:30:23.581000+00:00
16719123,Thomas Tschinkel,Q2,3805,7633,104998403,55969344,2026-09-03 02:30:24.354000+00:00
16719123,Thomas Tschinkel,Q2,3806,7633,104998569,55969344,2026-09-03 02:30:24.636000+00:00
16719123,Thomas Tschinkel,Q2,3807,7633,104998828,55972597,2026-09-03 02:34:24.362000+00:00
16719123,Thomas Tschinkel,Q2,3808,7633,104999254,55969344,2026-09-03 02:34:25.080000+00:00
16719123,Thomas Tschinkel,Q2,3809,7633,104999280,55969344,2026-09-03 02:34:25.142000+00:00
16719123,Thomas Tschinkel,Q2,3810,7633,104999669,55972597,2026-09-03 02:38:23.562000+00:00
16719123,Thomas Tschinkel,Q2,3811,7633,105000115,55969344,2026-09-03 02:38:24.356000+00:00
16719123,Thomas Tschinkel,Q2,3812,7633,105000735,55972597,2026-09-03 02:42:23.996000+00:00
16719123,Thomas Tschinkel,Q2,3813,7633,105001009,55969344,2026-09-03 02:42:25.684000+00:00
16719123,Thomas Tschinkel,Q2,3814,7633,105001365,55972597,2026-09-03 02:46:23.540000+00:00
16719123,Thomas Tschinkel,Q2,3815,7633,105001840,55969344,2026-09-03 02:46:24.435000+00:00
16719123,Thomas Tschinkel,Q2,3816,7633,105002198,55972597,2026-09-03 02:50:24.341000+00:00
16719123,Thomas Tschinkel,Q2,3817,7633,105002701,55969344,2026-09-03 02:50:25.248000+00:00
16719123,Thomas Tschinkel,Q2,3818,7633,105003045,55972597,2026-09-03 02:54:25.504000+00:00
16719123,Thomas Tschinkel,Q2,3819,7633,105003564,55969344,2026-09-03 02:54:26.374000+00:00
16719123,Thomas Tschinkel,Q2,3820,7633,105003884,55972597,2026-09-03 02:58:32.952000+00:00
16719123,Thomas Tschinkel,Q2,3821,7633,105004116,55969344,2026-09-03 02:58:33.365000+00:00
16719123,Thomas Tschinkel,Q2,3822,7633,105004741,55972597,2026-09-03 03:02:30.697000+00:00
16719123,Thomas Tschinkel,Q2,3823,7633,105005597,55972597,2026-09-03 03:06:23.347000+00:00
16719123,Thomas Tschinkel,Q2,3824,7633,105006463,55972597,2026-09-03 03:10:23.576000+00:00
16719123,Thomas Tschinkel,Q2,3825,7633,105006585,55969344,2026-09-03 03:10:23.762000+00:00
16719123,Thomas Tschinkel,Q2,3826,7633,105006951,55969344,2026-09-03 03:10:24.435000+00:00
16719123,Thomas Tschinkel,Q2,3827,7633,105007320,55972597,2026-09-03 03:14:24.432000+00:00
16719123,Thomas Tschinkel,Q2,3828,7633,105008195,55972597,2026-09-03 03:18:23.433000+00:00
16719123,Thomas Tschinkel,Q2,3829,7633,105009071,55972597,2026-09-03 03:22:25.759000+00:00
16719123,Thomas Tschinkel,Q2,3830,7633,105009960,55972597,2026-09-03 03:26:24.447000+00:00
16719123,Thomas Tschinkel,Q2,3831,7633,105010826,55972597,2026-09-03 03:30:24.037000+00:00
16719123,Thomas Tschinkel,Q2,3832,7633,105011310,55969344,2026-09-03 03:30:24.787000+00:00
16719123,Thomas Tschinkel,Q2,3833,7633,105011675,55972597,2026-09-03 03:34:24.965000+00:00
16719123,Thomas Tschinkel,Q2,3834,7633,105012537,55972597,2026-09-03 03:38:23.653000+00:00
16719123,Thomas Tschinkel,Q2,3835,7633,105013399,55972597,2026-09-03 03:42:24.272000+00:00
16719123,Thomas Tschinkel,Q2,3836,7633,105014244,55972597,2026-09-03 03:46:24.066000+00:00
16719123,Thomas Tschinkel,Q2,3837,7633,105014718,55972597,2026-09-03 03:46:24.876000+00:00
16719123,Thomas Tschinkel,Q2,3838,7633,105014887,55969344,2026-09-03 03:46:25.167000+00:00
16719123,Thomas Tschinkel,Q2,3839,7633,105015113,55972597,2026-09-03 03:50:23.662000+00:00
16719123,Thomas Tschinkel,Q2,3840,7633,105015952,55972597,2026-09-03 03:54:25.882000+00:00
16719123,Thomas Tschinkel,Q3,5700,7633,106460524,56074678,2026-09-07 13:12:26.768000+00:00
16719123,Thomas Tschinkel,Q3,5701,7633,106461440,56074733,2026-09-07 13:16:27.177000+00:00
16719123,Thomas Tschinkel,Q3,5702,7633,106461472,56074678,2026-09-07 13:16:27.261000+00:00
16719123,Thomas Tschinkel,Q3,5703,7633,106462370,56074733,2026-09-07 13:20:25.529000+00:00
16719123,Thomas Tschinkel,Q3,5704,7633,106462386,56074678,2026-09-07 13:20:25.583000+00:00
16719123,Thomas Tschinkel,Q3,5705,7633,106463062,56074733,2026-09-07 13:24:28.759000+00:00
16719123,Thomas Tschinkel,Q3,5706,7633,106463221,56074733,2026-09-07 13:24:29.164000+00:00
16719123,Thomas Tschinkel,Q3,5707,7633,106463293,56074733,2026-09-07 13:24:29.309000+00:00
16719123,Thomas Tschinkel,Q3,5708,7633,106463325,56074678,2026-09-07 13:24:29.403000+00:00
16719123,Thomas Tschinkel,Q3,5709,7633,106464247,56074733,2026-09-07 13:28:26.692000+00:00
16719123,Thomas Tschinkel,Q3,5710,7633,106464258,56074678,2026-09-07 13:28:26.705000+00:00
16719123,Thomas Tschinkel,Q3,5711,7633,106465141,56074733,2026-09-07 13:32:25.459000+00:00
16719123,Thomas Tschinkel,Q3,5712,7633,106465230,56074678,2026-09-07 13:32:25.578000+00:00
16719123,Thomas Tschinkel,Q3,5713,7633,106465516,56074733,2026-09-07 13:32:26.113000+00:00
16719123,Thomas Tschinkel,Q3,5714,7633,106466125,56074733,2026-09-07 13:36:26.966000+00:00
16719123,Thomas Tschinkel,Q3,5715,7633,106466126,56074678,2026-09-07 13:36:26.967000+00:00
16719123,Thomas Tschinkel,Q3,5716,7633,106467062,56074733,2026-09-07 13:40:27.762000+00:00
16719123,Thomas Tschinkel,Q3,5717,7633,106467063,56074678,2026-09-07 13:40:27.764000+00:00
16719123,Thomas Tschinkel,Q3,5718,7633,106467550,56074733,2026-09-07 13:44:29.083000+00:00
16719123,Thomas Tschinkel,Q3,5719,7633,106467739,56074733,2026-09-07 13:44:29.472000+00:00
16719123,Thomas Tschinkel,Q3,5720,7633,106467989,56074678,2026-09-07 13:44:30.072000+00:00
16719123,Thomas Tschinkel,Q3,5721,7633,106468001,56074733,2026-09-07 13:44:30.086000+00:00
16719123,Thomas Tschinkel,Q3,5722,7633,106468917,56074678,2026-09-07 13:48:26.299000+00:00
16719123,Thomas Tschinkel,Q3,5723,7633,106468919,56074733,2026-09-07 13:48:26.300000+00:00
16719123,Thomas Tschinkel,Q3,5724,7633,106469658,56074678,2026-09-07 13:52:26.427000+00:00
16719123,Thomas Tschinkel,Q3,5725,7633,106469855,56074678,2026-09-07 13:52:26.973000+00:00
16719123,Thomas Tschinkel,Q3,5726,7633,106469859,56074733,2026-09-07 13:52:26.976000+00:00
16719123,Thomas Tschinkel,Q3,5727,7633,106470143,56074678,2026-09-07 13:52:27.588000+00:00
16719123,Thomas Tschinkel,Q3,5728,7633,106470624,56074733,2026-09-07 13:56:25.314000+00:00
16719123,Thomas Tschinkel,Q3,5729,7633,106470789,56074678,2026-09-07 13:56:25.661000+00:00
16719123,Thomas Tschinkel,Q3,5730,7633,106470794,56074733,2026-09-07 13:56:25.662000+00:00
16719123,Thomas Tschinkel,Q3,5731,7633,106471735,56074733,2026-09-07 14:00:26.965000+00:00
16719123,Thomas Tschinkel,Q3,5732,7633,106471747,56074678,2026-09-07 14:00:26.983000+00:00
16719123,Thomas Tschinkel,Q3,5733,7633,106472677,56074678,2026-09-07 14:04:28.303000+00:00
16719123,Thomas Tschinkel,Q3,5734,7633,106472681,56074733,2026-09-07 14:04:28.307000+00:00
16719123,Thomas Tschinkel,Q3,5735,7633,106473270,56074733,2026-09-07 14:08:26.158000+00:00
16719123,Thomas Tschinkel,Q3,5736,7633,106473606,56074678,2026-09-07 14:08:27.064000+00:00
16719123,Thomas Tschinkel,Q3,5737,7633,106473619,56074733,2026-09-07 14:08:27.096000+00:00
16719123,Thomas Tschinkel,Q3,5738,7633,106474324,56074733,2026-09-07 14:12:25.687000+00:00
16719123,Thomas Tschinkel,Q3,5739,7633,106474364,56074678,2026-09-07 14:12:25.804000+00:00
16719123,Thomas Tschinkel,Q3,5740,7633,106474549,56074678,2026-09-07 14:12:26.368000+00:00
16719123,Thomas Tschinkel,Q3,5741,7633,106474553,56074733,2026-09-07 14:12:26.373000+00:00
16719123,Thomas Tschinkel,Q3,5742,7633,106475495,56074678,2026-09-07 14:16:28.488000+00:00
16719123,Thomas Tschinkel,Q3,5743,7633,106475497,56074733,2026-09-07 14:16:28.490000+00:00
16719123,Thomas Tschinkel,Q3,5744,7633,106476428,56074678,2026-09-07 14:20:26.094000+00:00
16719123,Thomas Tschinkel,Q3,5745,7633,106476429,56074733,2026-09-07 14:20:26.095000+00:00
16719123,Thomas Tschinkel,Q3,5746,7633,106477360,56074678,2026-09-07 14:24:27.816000+00:00
16719123,Thomas Tschinkel,Q3,5747,7633,106477362,56074733,2026-09-07 14:24:27.820000+00:00
16719123,Thomas Tschinkel,Q3,5748,7633,106478275,56074678,2026-09-07 14:28:26.774000+00:00
16719123,Thomas Tschinkel,Q3,5749,7633,106478356,56074733,2026-09-07 14:28:26.959000+00:00
16719123,Thomas Tschinkel,L,7583,7633,108922213,56222223,2026-09-14 13:30:50.584000+00:00
16719123,Thomas Tschinkel,L,7584,7633,108922490,56222223,2026-09-14 13:30:51.173000+00:00
16719123,Thomas Tschinkel,L,7585,7633,108924602,56222223,2026-09-14 13:39:01.629000+00:00
16719123,Thomas Tschinkel,L,7586,7633,108926507,56210470,2026-09-14 13:46:50.879000+00:00
16719123,Thomas Tschinkel,L,7587,7633,108927254,56210470,2026-09-14 13:50:49.926000+00:00
16719123,Thomas Tschinkel,L,7588,7633,108931888,56222223,2026-09-14 14:06:50.104000+00:00
16719123,Thomas Tschinkel,L,7589,7633,108934566,56210470,2026-09-14 14:18:51.882000+00:00
16719123,Thomas Tschinkel,L,7590,7633,108934879,56210470,2026-09-14 14:18:52.410000+00:00
16719123,Thomas Tschinkel,L,7591,7633,108937021,56210470,2026-09-14 14:26:52.109000+00:00
16719123,Thomas Tschinkel,L,7592,7633,108937831,56210470,2026-09-14 14:30:50.326000+00:00
16719123,Thomas Tschinkel,L,7593,7633,108938595,56210470,2026-09-14 14:34:55.316000+00:00
16719123,Thomas Tschinkel,L,7594,7633,108939099,56222223,2026-09-14 14:34:56.206000+00:00
16719123,Thomas Tschinkel,L,7595,7633,108944655,56210470,2026-09-14 14:58:49.815000+00:00
16719123,Thomas Tschinkel,L,7596,7633,108944891,56210470,2026-09-14 14:58:50.286000+00:00
16719123,Thomas Tschinkel,L,7597,7633,108945257,56210470,2026-09-14 14:58:50.997000+00:00
16719123,Thomas Tschinkel,L,7598,7633,108945455,56210470,2026-09-14 14:58:51.519000+00:00
16719123,Thomas Tschinkel,L,7599,7633,108945618,56210470,2026-09-14 15:02:51.365000+00:00
16719123,Thomas Tschinkel,L,7600,7633,108946473,56222223,2026-09-14 15:02:53.189000+00:00
16719123,Thomas Tschinkel,L,7601,7633,108948030,56210470,2026-09-14 15:10:49.977000+00:00
16719123,Thomas Tschinkel,L,7602,7633,108953742,56222223,2026-09-14 15:30:53.816000+00:00
16719123,Thomas Tschinkel,L,7603,7633,108955763,56210470,2026-09-14 15:38:56.126000+00:00
16719123,Thomas Tschinkel,L,7604,7633,108956380,56210470,2026-09-14 15:42:54.785000+00:00
16719123,Thomas Tschinkel,L,7605,7633,108957598,56210470,2026-09-14 15:46:56.673000+00:00
16719123,Thomas Tschinkel,L,7606,7633,108960964,56222223,2026-09-14 15:58:59.035000+00:00
16719123,Thomas Tschinkel,L,7607,7633,108965071,56210470,2026-09-14 16:14:51.405000+00:00
16719123,Thomas Tschinkel,L,7608,7633,108966602,56210470,2026-09-14 16:22:54.501000+00:00
16719123,Thomas Tschinkel,L,7609,7633,108969062,56222223,2026-09-14 16:30:50.742000+00:00
16719123,Thomas Tschinkel,L,7610,7633,108974233,56210470,2026-09-14 16:50:51.678000+00:00
16719123,Thomas Tschinkel,L,7611,7633,108975171,56222223,2026-09-14 16:54:50.735000+00:00
16719123,Thomas Tschinkel,L,7612,7633,108976171,56210470,2026-09-14 16:58:53.094000+00:00
16719123,Thomas Tschinkel,L,7613,7633,108976325,56222223,2026-09-14 16:58:53.326000+00:00
16719123,Thomas Tschinkel,L,7614,7633,108976340,56210470,2026-09-14 16:58:53.391000+00:00
16719123,Thomas Tschinkel,L,7615,7633,108981679,56210470,2026-09-14 17:20:43.855000+00:00
16719123,Thomas Tschinkel,L,7616,7633,108983499,56222223,2026-09-14 17:28:45.740000+00:00
16719123,Thomas Tschinkel,L,7617,7633,108984068,56210470,2026-09-14 17:32:41.042000+00:00
16719123,Thomas Tschinkel,L,7618,7633,108989276,56210470,2026-09-14 17:52:40.845000+00:00
16719123,Thomas Tschinkel,L,7619,7633,108989838,56222223,2026-09-14 17:52:41.846000+00:00
16719123,Thomas Tschinkel,L,7620,7633,108991414,56210470,2026-09-14 18:00:42.197000+00:00
16719123,Thomas Tschinkel,L,7621,7633,108991601,56222223,2026-09-14 18:00:42.621000+00:00
16719123,Thomas Tschinkel,L,7622,7633,108991632,56210470,2026-09-14 18:00:42.681000+00:00
16719123,Thomas Tschinkel,L,7623,7633,108996623,56210470,2026-09-14 18:20:44.249000+00:00
16719123,Thomas Tschinkel,L,7624,7633,108997988,56222223,2026-09-14 18:24:41.051000+00:00
16719123,Thomas Tschinkel,L,7625,7633,108998856,56210470,2026-09-14 18:28:42.964000+00:00
16719123,Thomas Tschinkel,L,7626,7633,108999971,56210470,2026-09-14 18:32:40.897000+00:00
16719123,Thomas Tschinkel,L,7627,7633,109001136,56222223,2026-09-14 18:36:45.957000+00:00
16719123,Thomas Tschinkel,L,7628,7633,109003886,56210470,2026-09-14 18:48:41.153000+00:00
16719123,Thomas Tschinkel,L,7629,7633,109006488,56222223,2026-09-14 18:56:41.263000+00:00
16719123,Thomas Tschinkel,L,7630,7633,109007185,56222223,2026-09-14 19:00:41.553000+00:00
16719123,Thomas Tschinkel,L,7631,7633,109009420,56210470,2026-09-14 19:08:43.941000+00:00
16719123,Thomas Tschinkel,L,7632,7633,109012504,56222223,2026-09-14 19:20:42.155000+00:00
16719123,Thomas Tschinkel,C0,0,110,108795739,56222223,2026-09-14 05:18:47.383000+00:00
16719123,Thomas Tschinkel,C0,1,110,108796804,56222223,2026-09-14 05:22:47.099000+00:00
16719123,Thomas Tschinkel,C0,2,110,108797782,56222223,2026-09-14 05:26:50.922000+00:00
16719123,Thomas Tschinkel,C0,3,110,108798798,56222223,2026-09-14 05:30:51.892000+00:00
16719123,Thomas Tschinkel,C0,4,110,108799816,56222223,2026-09-14 05:34:51.485000+00:00
16719123,Thomas Tschinkel,C0,5,110,108800814,56222223,2026-09-14 05:38:53.506000+00:00
16719123,Thomas Tschinkel,C0,6,110,108801820,56222223,2026-09-14 05:42:50.023000+00:00
16719123,Thomas Tschinkel,C0,7,110,108802855,56222223,2026-09-14 05:46:51.375000+00:00
16719123,Thomas Tschinkel,C0,8,110,108803851,56222223,2026-09-14 05:50:52.715000+00:00
16719123,Thomas Tschinkel,C0,9,110,108804898,56222223,2026-09-14 05:54:49.372000+00:00
16719123,Thomas Tschinkel,C0,10,110,108805908,56222223,2026-09-14 05:58:55.975000+00:00
16719123,Thomas Tschinkel,C0,11,110,108806938,56222223,2026-09-14 06:02:55.646000+00:00
16719123,Thomas Tschinkel,C0,12,110,108807943,56222223,2026-09-14 06:06:51.047000+00:00
16719123,Thomas Tschinkel,C0,13,110,108808975,56222223,2026-09-14 06:10:50.913000+00:00
16719123,Thomas Tschinkel,C0,14,110,108809992,56222223,2026-09-14 06:14:53.929000+00:00
16719123,Thomas Tschinkel,C0,15,110,108811021,56222223,2026-09-14 06:18:55.087000+00:00
16719123,Thomas Tschinkel,C0,16,110,108812042,56222223,2026-09-14 06:22:50.504000+00:00
16719123,Thomas Tschinkel,C0,17,110,108812767,56222223,2026-09-14 06:22:51.686000+00:00
16719123,Thomas Tschinkel,C0,18,110,108813118,56222223,2026-09-14 06:26:50.398000+00:00
16719123,Thomas Tschinkel,C0,19,110,108814162,56222223,2026-09-14 06:30:54.623000+00:00
16719123,Thomas Tschinkel,C0,20,110,108815721,56222223,2026-09-14 06:34:55.025000+00:00
16719123,Thomas Tschinkel,C0,21,110,108815857,56222223,2026-09-14 06:34:56.013000+00:00
16719123,Thomas Tschinkel,C0,22,110,108816266,56222223,2026-09-14 06:38:54.001000+00:00
16719123,Thomas Tschinkel,C0,23,110,108816880,56222223,2026-09-14 06:38:55.215000+00:00
16719123,Thomas Tschinkel,C0,24,110,108817318,56222223,2026-09-14 06:42:52.087000+00:00
16719123,Thomas Tschinkel,C0,25,110,108818363,56222223,2026-09-14 06:46:48.809000+00:00
16719123,Thomas Tschinkel,C0,26,110,108818968,56222223,2026-09-14 06:46:49.983000+00:00
16719123,Thomas Tschinkel,C0,27,110,108819398,56222223,2026-09-14 06:50:49.178000+00:00
16719123,Thomas Tschinkel,C0,28,110,108820413,56222223,2026-09-14 06:54:48.872000+00:00
16719123,Thomas Tschinkel,C0,29,110,108820920,56222223,2026-09-14 06:54:49.736000+00:00
16719123,Thomas Tschinkel,C0,30,110,108821470,56222223,2026-09-14 06:58:51.793000+00:00
16719123,Thomas Tschinkel,C0,31,110,108822493,56222223,2026-09-14 07:02:53.430000+00:00
16719123,Thomas Tschinkel,C0,32,110,108823528,56222223,2026-09-14 07:06:50.507000+00:00
16719123,Thomas Tschinkel,C0,33,110,108824511,56222223,2026-09-14 07:10:50.043000+00:00
16719123,Thomas Tschinkel,C0,34,110,108825598,56222223,2026-09-14 07:14:48.915000+00:00
16719123,Thomas Tschinkel,C0,35,110,108826636,56222223,2026-09-14 07:18:52.384000+00:00
16719123,Thomas Tschinkel,C0,36,110,108827666,56222223,2026-09-14 07:22:48.901000+00:00
16719123,Thomas Tschinkel,C0,37,110,108828693,56222223,2026-09-14 07:26:49.300000+00:00
16719123,Thomas Tschinkel,C0,38,110,108829220,56222223,2026-09-14 07:26:50.097000+00:00
16719123,Thomas Tschinkel,C0,39,110,108829742,56222223,2026-09-14 07:30:49.610000+00:00
16719123,Thomas Tschinkel,C0,40,110,108830784,56222223,2026-09-14 07:34:49.003000+00:00
16719123,Thomas Tschinkel,C0,41,110,108831812,56222223,2026-09-14 07:38:53.099000+00:00
16719123,Thomas Tschinkel,C0,42,110,108832854,56222223,2026-09-14 07:42:49.735000+00:00
16719123,Thomas Tschinkel,C0,43,110,108833262,56222223,2026-09-14 07:42:50.635000+00:00
16719123,Thomas Tschinkel,C0,44,110,108833892,56222223,2026-09-14 07:46:49.613000+00:00
16719123,Thomas Tschinkel,C0,45,110,108834922,56222223,2026-09-14 07:50:49.013000+00:00
16719123,Thomas Tschinkel,C0,46,110,108835036,56222223,2026-09-14 07:50:49.198000+00:00
16719123,Thomas Tschinkel,C0,47,110,108835966,56222223,2026-09-14 07:54:49.201000+00:00
16719123,Thomas Tschinkel,C0,48,110,108836197,56222223,2026-09-14 07:54:49.576000+00:00
16719123,Thomas Tschinkel,C0,49,110,108837010,56222223,2026-09-14 07:58:52.938000+00:00
